season,week,player_id,name,position,team,predicted,actual,is_active,prediction_timestamp,variant
2017,1,00-0023500,F.Gore,RB,IND,12.218467723267386,6.2,1,2026-08-19T14:08:17.085216,A
2017,1,00-0023564,D.Sproles,RB,PHI,8.984284561645792,9.5,1,2026-08-19T14:08:17.085216,A
2017,1,00-0025394,A.Peterson,RB,NO,5.085011610730339,1.8,1,2026-08-19T14:08:17.085216,A
2017,1,00-0025399,M.Lynch,RB,LV,7.141781937926163,10.2,1,2026-08-19T14:08:17.085216,A
2017,1,00-0026019,D.Woodhead,RB,BAL,9.598082358352155,6.7,1,2026-08-19T14:08:17.085216,A
2017,1,00-0026153,J.Stewart,RB,CAR,13.757195267576106,16.2,1,2026-08-19T14:08:17.085216,A
2017,1,00-0026184,M.Forte,RB,NYJ,7.24682549065163,6.6,1,2026-08-19T14:08:17.085216,A
2017,1,00-0026213,J.Charles,RB,DEN,2.846091301858938,2.0,1,2026-08-19T14:08:17.085216,A
2017,1,00-0027029,L.McCoy,RB,BUF,14.56404690999014,20.9,1,2026-08-19T14:08:17.085216,A
2017,1,00-0027325,L.Blount,RB,PHI,7.857249506711247,11.7,1,2026-08-19T14:08:17.085216,A
2017,1,00-0027531,C.Ivory,RB,JAX,10.723844437147518,6.3,1,2026-08-19T14:08:17.085216,A
2017,1,00-0027966,M.Ingram,RB,NO,15.796102145834432,12.1,1,2026-08-19T14:08:17.085216,A
2017,1,00-0027994,S.Vereen,RB,NYG,7.203300797777526,14.1,1,2026-08-19T14:08:17.085216,A
2017,1,00-0028009,D.Murray,RB,TEN,16.552986622738576,8.0,1,2026-08-19T14:08:17.085216,A
2017,1,00-0028064,B.Powell,RB,NYJ,13.871423011711933,8.9,1,2026-08-19T14:08:17.085216,A
2017,1,00-0028087,D.Lewis,RB,NE,9.809066977284159,0.9,1,2026-08-19T14:08:17.085216,A
2017,1,00-0029141,A.Morris,RB,DAL,5.363202428844519,0.1,1,2026-08-19T14:08:17.085216,A
2017,1,00-0029273,R.Turbin,RB,IND,7.16261576189825,1.3,1,2026-08-19T14:08:17.085216,A
2017,1,00-0029615,L.Miller,RB,HOU,14.270985779697506,11.6,1,2026-08-19T14:08:17.085216,A
2017,1,00-0029731,F.Whittaker,RB,CAR,5.653267499757968,0.1,1,2026-08-19T14:08:17.085216,A
2017,1,00-0029795,B.Cunningham,RB,CHI,1.2952614062040133,0.0,1,2026-08-19T14:08:17.085216,A
2017,1,00-0029854,C.Anderson,RB,DEN,11.168727170552335,9.8,1,2026-08-19T14:08:17.085216,A
2017,1,00-0030107,T.Riddick,RB,DET,12.002359781027465,14.6,1,2026-08-19T14:08:17.085216,A
2017,1,00-0030117,K.Williams,RB,ARI,6.58131226063117,8.2,1,2026-08-19T14:08:17.085216,A
2017,1,00-0030287,A.Ellington,RB,ARI,4.821044833663471,5.5,1,2026-08-19T14:08:17.085216,A
2017,1,00-0030288,R.Burkhead,RB,NE,10.390017095989839,3.3,1,2026-08-19T14:08:17.085216,A
2017,1,00-0030404,C.Thompson,RB,WAS,7.504371768410421,15.6,1,2026-08-19T14:08:17.085216,A
2017,1,00-0030433,M.Gillislee,RB,NE,8.59093702962819,22.5,1,2026-08-19T14:08:17.085216,A
2017,1,00-0030456,G.Bernard,RB,CIN,11.663753925865844,8.9,1,2026-08-19T14:08:17.085216,A
2017,1,00-0030485,E.Lacy,RB,SEA,8.678714649783181,0.3,1,2026-08-19T14:08:17.085216,A
2017,1,00-0030496,L.Bell,RB,PIT,16.29258030651678,7.7,1,2026-08-19T14:08:17.085216,A
2017,1,00-0030513,L.Murray,RB,MIN,8.240614850439602,0.6,1,2026-08-19T14:08:17.085216,A
2017,1,00-0030578,C.Patterson,RB,LV,3.98829171412059,1.7,1,2026-08-19T14:08:17.085216,A
2017,1,00-0030656,I.Crowell,RB,CLE,12.64921525152672,8.6,1,2026-08-19T14:08:17.085216,A
2017,1,00-0030668,C.West,RB,KC,6.784410107890024,9.5,1,2026-08-19T14:08:17.085216,A
2017,1,00-0030860,O.Darkwa,RB,NYG,5.702386274656495,2.3,1,2026-08-19T14:08:17.085216,A
2017,1,00-0031045,C.Hyde,RB,SF,12.574526485880773,13.7,1,2026-08-19T14:08:17.085216,A
2017,1,00-0031062,J.White,RB,NE,10.909725898415152,9.8,1,2026-08-19T14:08:17.085216,A
2017,1,00-0031277,B.Oliver,RB,LAC,6.481614451465183,1.0,1,2026-08-19T14:08:17.085216,A
2017,1,00-0031285,D.Freeman,RB,ATL,12.818198008890523,11.9,1,2026-08-19T14:08:17.085216,A
2017,1,00-0031301,J.Hill,RB,CIN,10.04900073091961,3.4,1,2026-08-19T14:08:17.085216,A
2017,1,00-0031375,T.West,RB,BAL,9.6306586527699,14.0,1,2026-08-19T14:08:17.085216,A
2017,1,00-0031376,J.McKinnon,RB,MIN,12.10458952697508,6.7,1,2026-08-19T14:08:17.085216,A
2017,1,00-0031577,J.Allen,RB,BAL,2.1272402148176974,7.1,1,2026-08-19T14:08:17.085216,A
2017,1,00-0031687,R.Mostert,RB,SF,2.037063732451842,0.0,1,2026-08-19T14:08:17.085216,A
2017,1,00-0031806,M.Brown,RB,LA,3.097363198126051,7.6,1,2026-08-19T14:08:17.085216,A
2017,1,00-0032058,T.Coleman,RB,ATL,10.232138079646852,9.8,1,2026-08-19T14:08:17.085216,A
2017,1,00-0032104,A.Abdullah,RB,DET,11.223935958139695,7.1,1,2026-08-19T14:08:17.085216,A
2017,1,00-0032144,M.Gordon,RB,LAC,11.542128748930564,18.9,1,2026-08-19T14:08:17.085216,A
2017,1,00-0032187,D.Johnson,RB,ARI,15.635979454578488,13.0,1,2026-08-19T14:08:17.085216,A
2017,1,00-0032241,T.Gurley,RB,LA,15.967637617464534,20.6,1,2026-08-19T14:08:17.085216,A
2017,1,00-0032257,D.Johnson,RB,CLE,6.379644923767547,4.0,1,2026-08-19T14:08:17.085216,A
2017,1,00-0032371,R.Kelley,RB,WAS,8.299943693994079,3.0,1,2026-08-19T14:08:17.085216,A
2017,1,00-0032393,C.Prosise,RB,SEA,8.993091577075795,1.1,1,2026-08-19T14:08:17.085216,A
2017,1,00-0032404,T.Ervin,RB,HOU,2.779646787909215,6.6,1,2026-08-19T14:08:17.085216,A
2017,1,00-0032417,P.Perkins,RB,NYG,7.57959599266879,4.5,1,2026-08-19T14:08:17.085216,A
2017,1,00-0032450,D.Washington,RB,DET,7.804370398439034,2.2,1,2026-08-19T14:08:17.085216,A
2017,1,00-0032780,J.Howard,RB,CHI,10.984431046251215,15.6,1,2026-08-19T14:08:17.085216,A
2017,1,00-0032782,W.Smallwood,RB,PHI,5.062139309474981,1.9,1,2026-08-19T14:08:17.085216,A
2017,1,00-0032813,E.Penny,RB,ARI,4.74713487261007,0.0,1,2026-08-19T14:08:17.085216,A
2017,1,00-0032940,D.Washington,RB,LV,6.574761540020161,4.2,1,2026-08-19T14:08:17.085216,A
2017,1,00-0033025,J.Richard,RB,LV,5.705033909874217,3.8,1,2026-08-19T14:08:17.085216,A
2017,1,00-0033045,E.Elliott,RB,DAL,14.497657662042885,19.0,1,2026-08-19T14:08:17.085216,A
2017,1,00-0033308,M.Breida,RB,SF,3.7566719117502125,1.1,1,2026-08-19T14:08:17.085216,A
2017,1,00-0033553,J.Conner,RB,PIT,5.181459868769343,1.1,1,2026-08-19T14:08:17.085216,A
2017,1,00-0033556,T.Cohen,RB,CHI,3.181642748184811,25.3,1,2026-08-19T14:08:17.085216,A
2017,1,00-0033594,C.Carson,RB,SEA,4.648461888211169,5.9,1,2026-08-19T14:08:17.085216,A
2017,1,00-0033596,M.Dayes,RB,CLE,2.827588893005657,3.6,1,2026-08-19T14:08:17.085216,A
2017,1,00-0033699,A.Ekeler,RB,LAC,4.1625808259205686,3.8,1,2026-08-19T14:08:17.085216,A
2017,1,00-0033760,J.Davis,RB,LA,2.8139837438989455,0.1,1,2026-08-19T14:08:17.085216,A
2017,1,00-0033856,L.Fournette,RB,JAX,4.14931454349473,21.4,1,2026-08-19T14:08:17.085216,A
2017,1,00-0033893,D.Cook,RB,MIN,3.7928446829389713,16.7,1,2026-08-19T14:08:17.085216,A
2017,1,00-0033897,J.Mixon,RB,CIN,4.940262862962965,5.4,1,2026-08-19T14:08:17.085216,A
2017,1,00-0033906,A.Kamara,RB,NO,5.656038064899745,7.8,1,2026-08-19T14:08:17.085216,A
2017,1,00-0033923,K.Hunt,RB,KC,4.354491768824844,45.6,1,2026-08-19T14:08:17.085216,A
2017,1,00-0033925,D.Foreman,RB,HOU,5.157945794336539,0.4,1,2026-08-19T14:08:17.085216,A
2017,1,00-0033948,J.Williams,RB,GB,5.150571075658465,0.9,1,2026-08-19T14:08:17.085216,A
2017,1,00-0033951,M.Mack,RB,IND,4.258640431908844,11.5,1,2026-08-19T14:08:17.085216,A
2017,1,00-0022921,L.Fitzgerald,WR,ARI,13.563085521297587,13.4,1,2026-08-19T14:08:17.085216,A
2017,1,00-0024334,B.Marshall,WR,NYG,8.963869736957104,2.0,1,2026-08-19T14:08:17.085216,A
2017,1,00-0025396,T.Ginn,WR,NO,10.337808531543924,9.8,1,2026-08-19T14:08:17.085216,A
2017,1,00-0026035,D.Amendola,WR,NE,7.999911130444465,16.0,1,2026-08-19T14:08:17.085216,A
2017,1,00-0026176,J.Nelson,WR,GB,12.533454182156978,20.9,1,2026-08-19T14:08:17.085216,A
2017,1,00-0026345,P.Garcon,WR,SF,10.837951869889999,14.1,1,2026-08-19T14:08:17.085216,A
2017,1,00-0026901,M.Wallace,WR,BAL,10.445041471407631,1.8,1,2026-08-19T14:08:17.085216,A
2017,1,00-0026983,D.Heyward-Bey,WR,PIT,5.534622059167651,0.0,1,2026-08-19T14:08:17.085216,A
2017,1,00-0026986,M.Crabtree,WR,LV,12.067080801799381,14.3,1,2026-08-19T14:08:17.085216,A
2017,1,00-0026995,J.Maclin,WR,BAL,7.54716171195567,13.6,1,2026-08-19T14:08:17.085216,A
2017,1,00-0027006,K.Britt,WR,CLE,10.191389890281995,2.3,1,2026-08-19T14:08:17.085216,A
2017,1,00-0027057,B.Tate,WR,BUF,2.524860178003924,0.0,1,2026-08-19T14:08:17.085216,A
2017,1,00-0027654,A.Benn,WR,JAX,0.1689277963674199,2.2,1,2026-08-19T14:08:17.085216,A
2017,1,00-0027681,B.LaFell,WR,CIN,14.788160195528407,5.4,1,2026-08-19T14:08:17.085216,A
2017,1,00-0027685,E.Sanders,WR,DEN,8.758465684251512,5.6,1,2026-08-19T14:08:17.085216,A
2017,1,00-0027690,E.Decker,WR,TEN,10.770871134506695,4.0,1,2026-08-19T14:08:17.085216,A
2017,1,00-0027691,A.Roberts,WR,ATL,2.497498933706389,0.0,1,2026-08-19T14:08:17.085216,A
2017,1,00-0027793,A.Brown,WR,PIT,16.92661344897811,29.2,1,2026-08-19T14:08:17.085216,A
2017,1,00-0027874,D.Thomas,WR,DEN,13.476452289670789,11.7,1,2026-08-19T14:08:17.085216,A
2017,1,00-0027891,G.Tate,WR,DET,6.86622312219223,21.4,1,2026-08-19T14:08:17.085216,A
2017,1,00-0027902,D.Bryant,WR,DAL,12.822619542043427,6.3,1,2026-08-19T14:08:17.085216,A
2017,1,00-0027942,A.Green,WR,CIN,14.849323061833074,12.4,1,2026-08-19T14:08:17.085216,A
2017,1,00-0027944,J.Jones,WR,ATL,16.18646855221133,10.6,1,2026-08-19T14:08:17.085216,A
2017,1,00-0027996,T.Smith,WR,PHI,5.328303634892536,4.0,1,2026-08-19T14:08:17.085216,A
2017,1,00-0028002,R.Cobb,WR,GB,13.373055840624506,17.5,1,2026-08-19T14:08:17.085216,A
2017,1,00-0028116,A.Robinson,WR,SF,3.0998259713679692,1.7,1,2026-08-19T14:08:17.085216,A
2017,1,00-0028237,C.Hogan,WR,NE,10.997178651902516,3.5,1,2026-08-19T14:08:17.085216,A
2017,1,00-0028263,A.Holmes,WR,BUF,4.308645266546954,7.1,1,2026-08-19T14:08:17.085216,A
2017,1,00-0028434,D.Baldwin,WR,SEA,14.10628436350692,10.0,1,2026-08-19T14:08:17.085216,A
2017,1,00-0028497,K.Aiken,WR,IND,3.27562333912657,1.3,1,2026-08-19T14:08:17.085216,A
2017,1,00-0028825,T.Pryor,WR,WAS,10.729417702976106,12.6,1,2026-08-19T14:08:17.085216,A
2017,1,00-0029000,C.Beasley,WR,DAL,8.145204148364641,6.2,1,2026-08-19T14:08:17.085216,A
2017,1,00-0029137,A.Jeffery,WR,PHI,10.167803989125213,6.8,1,2026-08-19T14:08:17.085216,A
2017,1,00-0029159,J.Kearse,WR,NYJ,5.763384973045231,12.9,1,2026-08-19T14:08:17.085216,A
2017,1,00-0029269,T.Benjamin,WR,LAC,8.58361563493429,13.3,1,2026-08-19T14:08:17.085216,A
2017,1,00-0029293,M.Jones,WR,DET,10.693942395062601,11.7,1,2026-08-19T14:08:17.085216,A
2017,1,00-0029319,J.Bellamy,WR,CHI,2.9192465747337843,5.7,1,2026-08-19T14:08:17.085216,A
2017,1,00-0029388,D.Thompson,WR,CHI,4.968174492199932,2.5,1,2026-08-19T14:08:17.085216,A
2017,1,00-0029572,J.Wright,WR,MIN,7.432427157017869,3.1,1,2026-08-19T14:08:17.085216,A
2017,1,00-0029580,R.Matthews,WR,TEN,13.688168015877771,12.1,1,2026-08-19T14:08:17.085216,A
2017,1,00-0029608,T.Hilton,WR,IND,16.170059200474576,6.7,1,2026-08-19T14:08:17.085216,A
2017,1,00-0029632,M.Sanu,WR,ATL,9.3504946035128,10.7,1,2026-08-19T14:08:17.085216,A
2017,1,00-0029640,B.Quick,WR,WAS,6.408539982079535,2.1,1,2026-08-19T14:08:17.085216,A
2017,1,00-0029708,K.Wright,WR,CHI,5.155455508698131,6.4,1,2026-08-19T14:08:17.085216,A
2017,1,00-0030035,A.Thielen,WR,MIN,11.96244114287687,24.7,1,2026-08-19T14:08:17.085216,A
2017,1,00-0030068,M.Goodwin,WR,SF,6.01601147307196,5.1,1,2026-08-19T14:08:17.085216,A
2017,1,00-0030147,R.Shepard,WR,CAR,5.503031410745518,13.3,1,2026-08-19T14:08:17.085216,A
2017,1,00-0030279,K.Allen,WR,LAC,10.812743137243746,14.5,1,2026-08-19T14:08:17.085216,A
2017,1,00-0030300,J.Brown,WR,ARI,4.291797847029709,0.0,1,2026-08-19T14:08:17.085216,A
2017,1,00-0030431,R.Woods,WR,LA,8.689012244470884,8.3,1,2026-08-19T14:08:17.085216,A
2017,1,00-0030516,B.Butler,WR,DAL,4.9308865663023775,4.0,1,2026-08-19T14:08:17.085216,A
2017,1,00-0030525,T.Austin,WR,LA,9.520100373871966,2.8,1,2026-08-19T14:08:17.085216,A
2017,1,00-0030542,T.Williams,WR,DAL,9.869076189066366,12.8,1,2026-08-19T14:08:17.085216,A
2017,1,00-0030564,D.Hopkins,WR,HOU,13.113065079695021,18.5,1,2026-08-19T14:08:17.085216,A
2017,1,00-0030669,A.Wilson,WR,KC,5.856436711627734,8.7,1,2026-08-19T14:08:17.085216,A
2017,1,00-0030670,B.Fowler,WR,DEN,4.0253088456918675,17.1,1,2026-08-19T14:08:17.085216,A
2017,1,00-0030801,B.Coleman,WR,NO,4.530621175700283,3.3,1,2026-08-19T14:08:17.085216,A
2017,1,00-0030821,A.Hurns,WR,JAX,9.751579776828645,7.2,1,2026-08-19T14:08:17.085216,A
2017,1,00-0031001,J.Janis,WR,GB,2.922419750837722,0.0,1,2026-08-19T14:08:17.085216,A
2017,1,00-0031025,M.Campanaro,WR,BAL,2.1299777607565926,0.2,1,2026-08-19T14:08:17.085216,A
2017,1,00-0031051,J.Brown,WR,ARI,6.84672772786742,8.2,1,2026-08-19T14:08:17.085216,A
2017,1,00-0031060,D.Thomas,WR,KC,2.598637807990831,1.2,1,2026-08-19T14:08:17.085216,A
2017,1,00-0031068,R.Grant,WR,WAS,2.9807789631635404,10.1,1,2026-08-19T14:08:17.085216,A
2017,1,00-0031166,S.Roberts,WR,LV,6.1228108320860315,8.9,1,2026-08-19T14:08:17.085216,A
2017,1,00-0031189,T.Jones,WR,DET,2.509130953844575,5.2,1,2026-08-19T14:08:17.085216,A
2017,1,00-0031228,T.Gabriel,WR,ATL,9.327014087020336,6.6,1,2026-08-19T14:08:17.085216,A
2017,1,00-0031236,B.Cooks,WR,NE,13.13692545171665,11.8,1,2026-08-19T14:08:17.085216,A
2017,1,00-0031257,P.Richardson,WR,SEA,6.491568573119109,9.9,1,2026-08-19T14:08:17.085216,A
2017,1,00-0031315,M.Hazel,WR,IND,0.238231520563492,1.1,1,2026-08-19T14:08:17.085216,A
2017,1,00-0031325,S.Watkins,WR,LA,12.38327550565799,10.8,1,2026-08-19T14:08:17.085216,A
2017,1,00-0031326,B.Ellington,WR,HOU,3.599242820045985,0.0,1,2026-08-19T14:08:17.085216,A
2017,1,00-0031339,D.Moncrief,WR,IND,9.379544407052503,6.0,1,2026-08-19T14:08:17.085216,A
2017,1,00-0031344,C.Latimer,WR,DEN,4.892474494744643,0.0,1,2026-08-19T14:08:17.085216,A
2017,1,00-0031359,K.Benjamin,WR,CAR,11.654936041574295,3.5,1,2026-08-19T14:08:17.085216,A
2017,1,00-0031373,M.Bryant,WR,PIT,13.383448067920108,3.4,1,2026-08-19T14:08:17.085216,A
2017,1,00-0031381,D.Adams,WR,GB,12.617773175488214,7.7,1,2026-08-19T14:08:17.085216,A
2017,1,00-0031428,A.Robinson,WR,JAX,13.873758856525633,2.7,1,2026-08-19T14:08:17.085216,A
2017,1,00-0031431,M.Lee,WR,JAX,8.765364501525495,0.0,1,2026-08-19T14:08:17.085216,A
2017,1,00-0031514,Q.Bray,WR,IND,1.9023314609437603,0.0,1,2026-08-19T14:08:17.085216,A
2017,1,00-0031544,A.Cooper,WR,LV,11.439459904910867,17.2,1,2026-08-19T14:08:17.085216,A
2017,1,00-0031545,K.White,WR,CHI,8.856923328140887,2.6,1,2026-08-19T14:08:17.085216,A
2017,1,00-0031549,N.Agholor,WR,PHI,6.86350559996928,20.6,1,2026-08-19T14:08:17.085216,A
2017,1,00-0031570,J.Hardy,WR,ATL,5.35973299755689,0.0,1,2026-08-19T14:08:17.085216,A
2017,1,00-0031588,S.Diggs,WR,MIN,11.877774509783503,27.7,1,2026-08-19T14:08:17.085216,A
2017,1,00-0031782,E.Rogers,WR,PIT,10.278626108454349,3.1,1,2026-08-19T14:08:17.085216,A
2017,1,00-0031868,D.Byrd,WR,CAR,4.26960451155595,0.0,1,2026-08-19T14:08:17.085216,A
2017,1,00-0031941,J.Crowder,WR,WAS,7.502594459731427,4.4,1,2026-08-19T14:08:17.085216,A
2017,1,00-0031953,G.Davis,WR,LAC,2.746115330933041,0.0,1,2026-08-19T14:08:17.085216,A
2017,1,00-0032054,B.Perriman,WR,BAL,7.616117007149582,1.5,1,2026-08-19T14:08:17.085216,A
2017,1,00-0032112,J.Nelson,WR,ARI,11.475532712567933,15.3,1,2026-08-19T14:08:17.085216,A
2017,1,00-0032128,C.Conley,WR,KC,7.188102687425031,6.3,1,2026-08-19T14:08:17.085216,A
2017,1,00-0032160,T.Williams,WR,LAC,12.560607117948354,10.4,1,2026-08-19T14:08:17.085216,A
2017,1,00-0032200,T.Montgomery,WR,GB,6.144908702149594,19.3,1,2026-08-19T14:08:17.085216,A
2017,1,00-0032208,P.Dorsett,WR,NE,6.414696375002579,0.0,1,2026-08-19T14:08:17.085216,A
2017,1,00-0032211,T.Lockett,WR,SEA,8.567368430891847,1.8,1,2026-08-19T14:08:17.085216,A
2017,1,00-0032250,K.Williams,WR,CLE,1.0710565696007914,0.0,1,2026-08-19T14:08:17.085216,A
2017,1,00-0032385,S.Shepard,WR,NYG,9.730992004010242,12.0,1,2026-08-19T14:08:17.085216,A
2017,1,00-0032423,T.Davis,WR,GB,3.1424576235837716,0.0,1,2026-08-19T14:08:17.085216,A
2017,1,00-0032475,T.McEvoy,WR,SEA,2.4906846583954056,0.0,1,2026-08-19T14:08:17.085216,A
2017,1,00-0032543,A.Erickson,WR,CIN,0.35661933179821803,0.0,1,2026-08-19T14:08:17.085216,A
2017,1,00-0032659,Ro.Lewis,WR,NYG,1.5322359372210608,9.4,1,2026-08-19T14:08:17.085216,A
2017,1,00-0032688,R.Chosen,WR,NYJ,7.8341515043025645,6.2,1,2026-08-19T14:08:17.085216,A
2017,1,00-0032707,A.Jones,WR,HOU,4.6261234981521735,0.0,1,2026-08-19T14:08:17.085216,A
2017,1,00-0032760,J.Doctson,WR,WAS,2.652912777577586,0.0,1,2026-08-19T14:08:17.085216,A
2017,1,00-0032765,M.Thomas,WR,NO,16.331322008587982,9.5,1,2026-08-19T14:08:17.085216,A
2017,1,00-0032775,D.Robinson,WR,KC,2.265986589211813,0.0,1,2026-08-19T14:08:17.085216,A
2017,1,00-0032795,C.Core,WR,CIN,7.914766251320078,0.0,1,2026-08-19T14:08:17.085216,A
2017,1,00-0032881,T.Lewis,WR,NO,2.6564441475849563,7.2,1,2026-08-19T14:08:17.085216,A
2017,1,00-0032935,J.Holton,WR,LV,1.493429098750294,0.0,1,2026-08-19T14:08:17.085216,A
2017,1,00-0032951,L.Treadwell,WR,MIN,3.9956813899234045,1.7,1,2026-08-19T14:08:17.085216,A
2017,1,00-0032959,C.Peake,WR,NYJ,5.441884259423184,0.0,1,2026-08-19T14:08:17.085216,A
2017,1,00-0032966,C.Coleman,WR,CLE,8.638362047843321,16.3,1,2026-08-19T14:08:17.085216,A
2017,1,00-0032980,M.Johnson,WR,PHI,5.019430572520102,0.0,1,2026-08-19T14:08:17.085216,A
2017,1,00-0033009,T.Boyd,WR,CIN,7.613024860870263,2.1,1,2026-08-19T14:08:17.085216,A
2017,1,00-0033040,T.Hill,WR,KC,9.041971174442299,26.8,1,2026-08-19T14:08:17.085216,A
2017,1,00-0033069,B.Miller,WR,HOU,4.359589186861978,0.0,1,2026-08-19T14:08:17.085216,A
2017,1,00-0033079,R.Louis,WR,CLE,3.1363206850362295,5.2,1,2026-08-19T14:08:17.085216,A
2017,1,00-0033111,P.Cooper,WR,LA,6.658180616552202,0.0,1,2026-08-19T14:08:17.085216,A
2017,1,00-0033282,C.Samuel,WR,CAR,5.5191000406135,0.0,1,2026-08-19T14:08:17.085216,A
2017,1,00-0033292,T.Taylor,WR,SF,5.755591577801731,1.8,1,2026-08-19T14:08:17.085216,A
2017,1,00-0033307,K.Bourne,WR,SF,5.34931012122796,0.0,1,2026-08-19T14:08:17.085216,A
2017,1,00-0033555,M.Hollins,WR,PHI,6.189730536101226,0.0,1,2026-08-19T14:08:17.085216,A
2017,1,00-0033562,R.Switzer,WR,DAL,5.473482149214564,0.0,1,2026-08-19T14:08:17.085216,A
2017,1,00-0033681,K.Cole,WR,JAX,5.369478462253728,0.0,1,2026-08-19T14:08:17.085216,A
2017,1,00-0033840,C.Hansen,WR,NYJ,4.715548910111137,0.0,1,2026-08-19T14:08:17.085216,A
2017,1,00-0033857,J.Smith-Schuster,WR,PIT,6.789590875616436,0.0,1,2026-08-19T14:08:17.085216,A
2017,1,00-0033871,C.Davis,WR,TEN,7.133904762409061,12.9,1,2026-08-19T14:08:17.085216,A
2017,1,00-0033891,Z.Jones,WR,BUF,6.954909155129694,3.1,1,2026-08-19T14:08:17.085216,A
2017,1,00-0033911,T.Taylor,WR,TEN,5.77378272740547,3.4,1,2026-08-19T14:08:17.085216,A
2017,1,00-0033916,A.Stewart,WR,NYJ,3.558688265104345,3.0,1,2026-08-19T14:08:17.085216,A
2017,1,00-0033932,K.Golladay,WR,DET,5.675213138196674,22.9,1,2026-08-19T14:08:17.085216,A
2017,1,00-0033937,A.Darboh,WR,SEA,4.395329199802904,0.0,1,2026-08-19T14:08:17.085216,A
2017,1,00-0033943,J.Reynolds,WR,LA,6.499502803549644,0.0,1,2026-08-19T14:08:17.085216,A
2017,1,00-0033968,S.Coley,WR,MIN,4.510843501730958,0.0,1,2026-08-19T14:08:17.085216,A
2017,1,00-0021547,A.Gates,TE,LAC,11.156646955139246,3.7,1,2026-08-19T14:08:17.085216,A
2017,1,00-0022127,J.Witten,TE,DAL,9.911063418917582,18.9,1,2026-08-19T14:08:17.085216,A
2017,1,00-0022943,B.Watson,TE,BAL,9.641851713171722,0.0,1,2026-08-19T14:08:17.085216,A
2017,1,00-0024221,V.Davis,TE,WAS,6.952557934763837,0.0,1,2026-08-19T14:08:17.085216,A
2017,1,00-0024243,M.Lewis,TE,JAX,4.333347914983265,0.0,1,2026-08-19T14:08:17.085216,A
2017,1,00-0024389,De.Walker,TE,TEN,12.133509805109671,14.6,1,2026-08-19T14:08:17.085216,A
2017,1,00-0025418,G.Olsen,TE,CAR,12.009211737988352,3.8,1,2026-08-19T14:08:17.085216,A
2017,1,00-0025549,B.Celek,TE,PHI,3.416840715022658,2.1,1,2026-08-19T14:08:17.085216,A
2017,1,00-0026201,M.Bennett,TE,GB,8.06528106960004,7.3,1,2026-08-19T14:08:17.085216,A
2017,1,00-0027061,J.Cook,TE,LV,12.907462288447098,10.6,1,2026-08-19T14:08:17.085216,A
2017,1,00-0027125,Z.Miller,TE,CHI,7.57351295794315,7.9,1,2026-08-19T14:08:17.085216,A
2017,1,00-0027215,L.Paulsen,TE,SF,0.05784583271602006,0.0,1,2026-08-19T14:08:17.085216,A
2017,1,00-0027656,R.Gronkowski,TE,NE,11.881896374269006,5.3,1,2026-08-19T14:08:17.085216,A
2017,1,00-0027675,E.Dickson,TE,CAR,2.954724697788179,0.0,1,2026-08-19T14:08:17.085216,A
2017,1,00-0027696,J.Graham,TE,SEA,9.100875749895774,3.8,1,2026-08-19T14:08:17.085216,A
2017,1,00-0027732,M.Hoomanawanui,TE,NO,1.9059361687690823,0.0,1,2026-08-19T14:08:17.085216,A
2017,1,00-0027873,J.Gresham,TE,ARI,7.566670043947488,4.5,1,2026-08-19T14:08:17.085216,A
2017,1,00-0027981,K.Rudolph,TE,MIN,13.454672214253524,11.6,1,2026-08-19T14:08:17.085216,A
2017,1,00-0027985,L.Kendricks,TE,GB,5.881408583927714,3.8,1,2026-08-19T14:08:17.085216,A
2017,1,00-0028093,N.Paul,TE,WAS,0.5507018957455803,0.0,1,2026-08-19T14:08:17.085216,A
2017,1,00-0028097,L.Smith,TE,LV,2.4558467787864906,0.0,1,2026-08-19T14:08:17.085216,A
2017,1,00-0028112,C.Clay,TE,BUF,11.082106474134822,15.3,1,2026-08-19T14:08:17.085216,A
2017,1,00-0028142,V.Green,TE,DEN,4.850010225871417,5.4,1,2026-08-19T14:08:17.085216,A
2017,1,00-0028903,G.Celek,TE,SF,5.6155142532985245,0.0,1,2026-08-19T14:08:17.085216,A
2017,1,00-0028987,P.Supernaw,TE,TEN,0.8194315112462972,0.0,1,2026-08-19T14:08:17.085216,A
2017,1,00-0029119,D.Carrier,TE,LA,0.06680704253642383,2.2,1,2026-08-19T14:08:17.085216,A
2017,1,00-0029587,R.Ellison,TE,NYG,1.3755587807143215,1.9,1,2026-08-19T14:08:17.085216,A
2017,1,00-0029634,J.Hanna,TE,DAL,4.3601444408123005,0.0,1,2026-08-19T14:08:17.085216,A
2017,1,00-0029689,D.Allen,TE,NE,6.519909816263346,0.0,1,2026-08-19T14:08:17.085216,A
2017,1,00-0029697,C.Fleener,TE,NO,8.606681296411812,16.4,1,2026-08-19T14:08:17.085216,A
2017,1,00-0029738,D.Fells,TE,DET,2.594522836807725,0.0,1,2026-08-19T14:08:17.085216,A
2017,1,00-0029740,I.Momah,TE,ARI,2.3628801003631645,0.0,1,2026-08-19T14:08:17.085216,A
2017,1,00-0029793,B.Williams,TE,IND,0.021306271827408407,0.0,1,2026-08-19T14:08:17.085216,A
2017,1,00-0030061,Z.Ertz,TE,PHI,12.215687627601158,17.3,1,2026-08-19T14:08:17.085216,A
2017,1,00-0030089,L.Willson,TE,SEA,3.0849092526302813,0.0,1,2026-08-19T14:08:17.085216,A
2017,1,00-0030108,R.Griffin,TE,HOU,5.5869237379777825,0.0,1,2026-08-19T14:08:17.085216,A
2017,1,00-0030155,D.Harris,TE,KC,3.695842013318023,9.5,1,2026-08-19T14:08:17.085216,A
2017,1,00-0030181,J.Doyle,TE,IND,7.54302814030886,6.1,1,2026-08-19T14:08:17.085216,A
2017,1,00-0030216,J.Hill,TE,NO,4.597233095471324,0.0,1,2026-08-19T14:08:17.085216,A
2017,1,00-0030422,D.Sims,TE,CHI,4.202742298533016,5.1,1,2026-08-19T14:08:17.085216,A
2017,1,00-0030443,L.Toilolo,TE,ATL,5.000752396412022,0.0,1,2026-08-19T14:08:17.085216,A
2017,1,00-0030470,V.McDonald,TE,PIT,6.515969103647905,0.0,1,2026-08-19T14:08:17.085216,A
2017,1,00-0030472,J.Reed,TE,WAS,9.669462201743482,8.6,1,2026-08-19T14:08:17.085216,A
2017,1,00-0030506,T.Kelce,TE,KC,13.366947236043028,9.4,1,2026-08-19T14:08:17.085216,A
2017,1,00-0030549,T.Eifert,TE,CIN,9.55600224716022,1.4,1,2026-08-19T14:08:17.085216,A
2017,1,00-0030710,T.Burton,TE,PHI,4.561185717977919,0.0,1,2026-08-19T14:08:17.085216,A
2017,1,00-0030780,R.Hewitt,TE,CIN,1.3471211298001844,0.0,1,2026-08-19T14:08:17.085216,A
2017,1,00-0031035,X.Grimble,TE,PIT,1.6215418933326307,0.0,1,2026-08-19T14:08:17.085216,A
2017,1,00-0031044,T.Niklas,TE,ARI,1.4876269067566827,0.0,1,2026-08-19T14:08:17.085216,A
2017,1,00-0031260,L.Thomas,TE,BUF,1.623546051503106,0.0,1,2026-08-19T14:08:17.085216,A
2017,1,00-0031299,J.Matthews,TE,BUF,11.520957990179802,8.1,1,2026-08-19T14:08:17.085216,A
2017,1,00-0031302,C.Fiedorowicz,TE,HOU,7.499337921429146,8.6,1,2026-08-19T14:08:17.085216,A
2017,1,00-0031384,R.Rodgers,TE,GB,3.609812758392526,0.0,1,2026-08-19T14:08:17.085216,A
2017,1,00-0031387,E.Ebron,TE,DET,10.632844005851883,2.9,1,2026-08-19T14:08:17.085216,A
2017,1,00-0031484,C.Manhertz,TE,CAR,1.556968248938845,0.0,1,2026-08-19T14:08:17.085216,A
2017,1,00-0031533,R.Telfer,TE,CLE,0.8433915164375994,0.0,1,2026-08-19T14:08:17.085216,A
2017,1,00-0031558,M.Williams,TE,BAL,1.312388196333511,1.5,1,2026-08-19T14:08:17.085216,A
2017,1,00-0031598,N.Boyle,TE,BAL,2.408783967755377,2.4,1,2026-08-19T14:08:17.085216,A
2017,1,00-0031609,A.Derby,TE,DEN,3.342779316252669,6.4,1,2026-08-19T14:08:17.085216,A
2017,1,00-0031690,E.Tomlinson,TE,NYJ,1.421165341452896,4.5,1,2026-08-19T14:08:17.085216,A
2017,1,00-0031951,J.O'Shaughnessy,TE,JAX,0.02960857523447835,2.8,1,2026-08-19T14:08:17.085216,A
2017,1,00-0032004,W.Tye,TE,NYJ,7.144899979442341,6.4,1,2026-08-19T14:08:17.085216,A
2017,1,00-0032055,D.Funchess,TE,CAR,7.806524739630914,4.0,1,2026-08-19T14:08:17.085216,A
2017,1,00-0032062,B.Bell,TE,MIN,2.7800339000509466,0.0,1,2026-08-19T14:08:17.085216,A
2017,1,00-0032117,N.O'Leary,TE,BUF,1.4282996831079373,3.2,1,2026-08-19T14:08:17.085216,A
2017,1,00-0032135,J.James,TE,PIT,8.328816364952697,22.1,1,2026-08-19T14:08:17.085216,A
2017,1,00-0032139,B.Koyack,TE,JAX,3.134522275016713,0.0,1,2026-08-19T14:08:17.085216,A
2017,1,00-0032141,G.Swaim,TE,DAL,1.7517034320736233,0.0,1,2026-08-19T14:08:17.085216,A
2017,1,00-0032214,T.Kroft,TE,CIN,1.5679405328876106,1.5,1,2026-08-19T14:08:17.085216,A
2017,1,00-0032227,J.Heuerman,TE,DEN,6.781083004466401,3.0,1,2026-08-19T14:08:17.085216,A
2017,1,00-0032256,C.Walford,TE,LV,3.0150559300038497,0.0,1,2026-08-19T14:08:17.085216,A
2017,1,00-0032319,R.Travis,TE,KC,1.4991912805603784,0.0,1,2026-08-19T14:08:17.085216,A
2017,1,00-0032392,A.Hooper,TE,ATL,8.084511065649586,20.8,1,2026-08-19T14:08:17.085216,A
2017,1,00-0032394,N.Vannett,TE,SEA,2.396058003315443,2.0,1,2026-08-19T14:08:17.085216,A
2017,1,00-0032429,J.Adams,TE,NYG,3.326124534157099,0.0,1,2026-08-19T14:08:17.085216,A
2017,1,00-0032725,S.Anderson,TE,HOU,0.5903893787055137,3.4,1,2026-08-19T14:08:17.085216,A
2017,1,00-0033080,S.DeValve,TE,CLE,2.4526883602305887,8.2,1,2026-08-19T14:08:17.085216,A
2017,1,00-0033090,H.Henry,TE,LAC,6.645242492703269,0.0,1,2026-08-19T14:08:17.085216,A
2017,1,00-0033110,T.Higbee,TE,LA,2.9537913637595357,3.7,1,2026-08-19T14:08:17.085216,A
2017,1,00-0033258,D.Daniels,TE,IND,4.174509398957208,0.0,1,2026-08-19T14:08:17.085216,A
2017,1,00-0033288,G.Kittle,TE,SF,4.668796543252847,7.7,1,2026-08-19T14:08:17.085216,A
2017,1,00-0033559,M.Roberts,TE,DET,3.2504808094074913,0.0,1,2026-08-19T14:08:17.085216,A
2017,1,00-0033576,E.Saubert,TE,ATL,4.1972503889842345,0.0,1,2026-08-19T14:08:17.085216,A
2017,1,00-0033696,S.Culkin,TE,LAC,3.440222536595689,0.0,1,2026-08-19T14:08:17.085216,A
2017,1,00-0033858,J.Smith,TE,TEN,5.262570653764416,0.0,1,2026-08-19T14:08:17.085216,A
2017,1,00-0033881,E.Engram,TE,NYG,5.703340740198497,8.4,1,2026-08-19T14:08:17.085216,A
2017,1,00-0033885,D.Njoku,TE,CLE,4.9753226181290335,4.0,1,2026-08-19T14:08:17.085216,A
2017,1,00-0033895,G.Everett,TE,LA,5.577789700529763,4.9,1,2026-08-19T14:08:17.085216,A
2017,1,00-0033896,A.Shaheen,TE,CHI,4.648551507297017,0.0,1,2026-08-19T14:08:17.085216,A
2017,2,00-0023500,F.Gore,RB,IND,8.809006940420636,10.6,1,2026-08-19T14:08:17.085216,A
2017,2,00-0023564,D.Sproles,RB,PHI,9.688254919559396,9.8,1,2026-08-19T14:08:17.085216,A
2017,2,00-0025394,A.Peterson,RB,NO,6.842725909318577,2.6,1,2026-08-19T14:08:17.085216,A
2017,2,00-0025399,M.Lynch,RB,LV,11.120375657430333,11.9,1,2026-08-19T14:08:17.085216,A
2017,2,00-0026153,J.Stewart,RB,CAR,13.127819832837057,4.0,1,2026-08-19T14:08:17.085216,A
2017,2,00-0026164,C.Johnson,RB,ARI,6.036066217242834,4.4,1,2026-08-19T14:08:17.085216,A
2017,2,00-0026184,M.Forte,RB,NYJ,7.251100547287504,12.1,1,2026-08-19T14:08:17.085216,A
2017,2,00-0026213,J.Charles,RB,DEN,6.437017855541738,6.2,1,2026-08-19T14:08:17.085216,A
2017,2,00-0027029,L.McCoy,RB,BUF,14.814133048419583,10.3,1,2026-08-19T14:08:17.085216,A
2017,2,00-0027325,L.Blount,RB,PHI,9.285466426102511,1.0,1,2026-08-19T14:08:17.085216,A
2017,2,00-0027531,C.Ivory,RB,JAX,10.477486369019987,7.8,1,2026-08-19T14:08:17.085216,A
2017,2,00-0027966,M.Ingram,RB,NO,14.129987992049537,11.6,1,2026-08-19T14:08:17.085216,A
2017,2,00-0027994,S.Vereen,RB,NYG,9.162508282176072,8.5,1,2026-08-19T14:08:17.085216,A
2017,2,00-0028009,D.Murray,RB,TEN,13.254205710129195,3.8,1,2026-08-19T14:08:17.085216,A
2017,2,00-0028064,B.Powell,RB,NYJ,10.907633961552875,1.3,1,2026-08-19T14:08:17.085216,A
2017,2,00-0028083,J.Rodgers,RB,TB,11.012609078186815,12.7,1,2026-08-19T14:08:17.085216,A
2017,2,00-0028087,D.Lewis,RB,NE,7.478817045617597,3.5,1,2026-08-19T14:08:17.085216,A
2017,2,00-0029141,A.Morris,RB,DAL,4.6632932618612255,0.0,1,2026-08-19T14:08:17.085216,A
2017,2,00-0029273,R.Turbin,RB,IND,6.475613533338592,2.9,1,2026-08-19T14:08:17.085216,A
2017,2,00-0029615,L.Miller,RB,HOU,14.981812756743965,11.7,1,2026-08-19T14:08:17.085216,A
2017,2,00-0029731,F.Whittaker,RB,CAR,5.338041792692875,0.0,1,2026-08-19T14:08:17.085216,A
2017,2,00-0029854,C.Anderson,RB,DEN,11.7607005549874,30.4,1,2026-08-19T14:08:17.085216,A
2017,2,00-0030107,T.Riddick,RB,DET,8.186073370113778,6.7,1,2026-08-19T14:08:17.085216,A
2017,2,00-0030117,K.Williams,RB,ARI,6.136665392395114,2.2,1,2026-08-19T14:08:17.085216,A
2017,2,00-0030287,A.Ellington,RB,ARI,6.25605341787999,5.3,1,2026-08-19T14:08:17.085216,A
2017,2,00-0030288,R.Burkhead,RB,NE,10.435735232766923,13.4,1,2026-08-19T14:08:17.085216,A
2017,2,00-0030404,C.Thompson,RB,WAS,6.665926941940048,25.6,1,2026-08-19T14:08:17.085216,A
2017,2,00-0030433,M.Gillislee,RB,NE,9.713762244374857,12.9,1,2026-08-19T14:08:17.085216,A
2017,2,00-0030456,G.Bernard,RB,CIN,10.393538635602317,3.8,1,2026-08-19T14:08:17.085216,A
2017,2,00-0030496,L.Bell,RB,PIT,15.934782565733872,13.1,1,2026-08-19T14:08:17.085216,A
2017,2,00-0030513,L.Murray,RB,MIN,5.992268874373946,0.6,1,2026-08-19T14:08:17.085216,A
2017,2,00-0030578,C.Patterson,RB,LV,6.2177399201444405,13.3,1,2026-08-19T14:08:17.085216,A
2017,2,00-0030656,I.Crowell,RB,CLE,13.772654980862079,3.7,1,2026-08-19T14:08:17.085216,A
2017,2,00-0030668,C.West,RB,KC,8.948768588979915,0.0,1,2026-08-19T14:08:17.085216,A
2017,2,00-0030711,D.Fluellen,RB,TEN,3.7170750833585684,1.8,1,2026-08-19T14:08:17.085216,A
2017,2,00-0030860,O.Darkwa,RB,NYG,5.598250310195597,3.0,1,2026-08-19T14:08:17.085216,A
2017,2,00-0030874,D.Williams,RB,MIA,5.0186829932728,0.0,1,2026-08-19T14:08:17.085216,A
2017,2,00-0031045,C.Hyde,RB,SF,12.8317503108078,17.3,1,2026-08-19T14:08:17.085216,A
2017,2,00-0031062,J.White,RB,NE,14.83782912481623,17.6,1,2026-08-19T14:08:17.085216,A
2017,2,00-0031277,B.Oliver,RB,LAC,6.900103761539263,3.1,1,2026-08-19T14:08:17.085216,A
2017,2,00-0031285,D.Freeman,RB,ATL,14.134495780731417,24.0,1,2026-08-19T14:08:17.085216,A
2017,2,00-0031301,J.Hill,RB,CIN,7.793890557385014,2.9,1,2026-08-19T14:08:17.085216,A
2017,2,00-0031375,T.West,RB,BAL,9.438428651450216,12.5,1,2026-08-19T14:08:17.085216,A
2017,2,00-0031376,J.McKinnon,RB,MIN,8.544928231187468,5.5,1,2026-08-19T14:08:17.085216,A
2017,2,00-0031390,C.Sims,RB,TB,10.379194340259195,0.9,1,2026-08-19T14:08:17.085216,A
2017,2,00-0031577,J.Allen,RB,BAL,7.093422174778533,21.1,1,2026-08-19T14:08:17.085216,A
2017,2,00-0031590,J.Ajayi,RB,MIA,10.182638081197368,14.6,1,2026-08-19T14:08:17.085216,A
2017,2,00-0031731,C.Grant,RB,JAX,8.572359237977562,1.3,1,2026-08-19T14:08:17.085216,A
2017,2,00-0031793,T.Watson,RB,PIT,5.006499193323235,0.1,1,2026-08-19T14:08:17.085216,A
2017,2,00-0031806,M.Brown,RB,LA,5.810217124337147,0.6,1,2026-08-19T14:08:17.085216,A
2017,2,00-0031897,T.Rawls,RB,SEA,9.846844844283348,0.4,1,2026-08-19T14:08:17.085216,A
2017,2,00-0031900,R.Smith,RB,DAL,3.372015343460167,0.8,1,2026-08-19T14:08:17.085216,A
2017,2,00-0032058,T.Coleman,RB,ATL,12.723964130022509,12.5,1,2026-08-19T14:08:17.085216,A
2017,2,00-0032104,A.Abdullah,RB,DET,10.305290608398842,8.6,1,2026-08-19T14:08:17.085216,A
2017,2,00-0032144,M.Gordon,RB,LAC,13.302529256033797,20.8,1,2026-08-19T14:08:17.085216,A
2017,2,00-0032241,T.Gurley,RB,LA,15.799206391057385,26.6,1,2026-08-19T14:08:17.085216,A
2017,2,00-0032257,D.Johnson,RB,CLE,9.2930748721413,11.0,1,2026-08-19T14:08:17.085216,A
2017,2,00-0032371,R.Kelley,RB,WAS,9.52579373795247,7.8,1,2026-08-19T14:08:17.085216,A
2017,2,00-0032393,C.Prosise,RB,SEA,10.39438502575112,5.2,1,2026-08-19T14:08:17.085216,A
2017,2,00-0032404,T.Ervin,RB,HOU,8.02665935355619,4.6,1,2026-08-19T14:08:17.085216,A
2017,2,00-0032417,P.Perkins,RB,NYG,9.99485557196039,4.2,1,2026-08-19T14:08:17.085216,A
2017,2,00-0032426,A.Collins,RB,BAL,5.15636145375943,2.2,1,2026-08-19T14:08:17.085216,A
2017,2,00-0032450,D.Washington,RB,DET,6.323503974098213,0.9,1,2026-08-19T14:08:17.085216,A
2017,2,00-0032741,P.Barber,RB,TB,5.115723460906624,4.7,1,2026-08-19T14:08:17.085216,A
2017,2,00-0032780,J.Howard,RB,CHI,7.233431826646018,0.7,1,2026-08-19T14:08:17.085216,A
2017,2,00-0032782,W.Smallwood,RB,PHI,6.166093187785554,1.1,1,2026-08-19T14:08:17.085216,A
2017,2,00-0032813,E.Penny,RB,ARI,2.729116209116488,0.0,1,2026-08-19T14:08:17.085216,A
2017,2,00-0032940,D.Washington,RB,LV,9.250274537274276,6.5,1,2026-08-19T14:08:17.085216,A
2017,2,00-0033025,J.Richard,RB,LV,8.34995802804036,18.9,1,2026-08-19T14:08:17.085216,A
2017,2,00-0033045,E.Elliott,RB,DAL,15.221572623613524,6.2,1,2026-08-19T14:08:17.085216,A
2017,2,00-0033118,K.Drake,RB,MIA,3.7076854784975706,-0.3,1,2026-08-19T14:08:17.085216,A
2017,2,00-0033295,E.McGuire,RB,NYJ,3.405698750547498,4.6,1,2026-08-19T14:08:17.085216,A
2017,2,00-0033308,M.Breida,RB,SF,4.619179646160914,4.8,1,2026-08-19T14:08:17.085216,A
2017,2,00-0033526,S.Perine,RB,WAS,5.316443907639274,7.7,1,2026-08-19T14:08:17.085216,A
2017,2,00-0033553,J.Conner,RB,PIT,5.429376455222223,0.9,1,2026-08-19T14:08:17.085216,A
2017,2,00-0033556,T.Cohen,RB,CHI,12.3345450295137,14.8,1,2026-08-19T14:08:17.085216,A
2017,2,00-0033594,C.Carson,RB,SEA,9.015614368552116,11.0,1,2026-08-19T14:08:17.085216,A
2017,2,00-0033596,M.Dayes,RB,CLE,6.342001652922696,0.0,1,2026-08-19T14:08:17.085216,A
2017,2,00-0033725,C.Clement,RB,PHI,4.698262485164527,0.0,1,2026-08-19T14:08:17.085216,A
2017,2,00-0033856,L.Fournette,RB,JAX,14.097793295037983,14.1,1,2026-08-19T14:08:17.085216,A
2017,2,00-0033893,D.Cook,RB,MIN,11.86991314436979,8.4,1,2026-08-19T14:08:17.085216,A
2017,2,00-0033897,J.Mixon,RB,CIN,8.973092753129299,5.1,1,2026-08-19T14:08:17.085216,A
2017,2,00-0033906,A.Kamara,RB,NO,11.74108136964526,8.4,1,2026-08-19T14:08:17.085216,A
2017,2,00-0033923,K.Hunt,RB,KC,14.393469593868426,25.9,1,2026-08-19T14:08:17.085216,A
2017,2,00-0033925,D.Foreman,RB,HOU,4.5198984488554474,4.0,1,2026-08-19T14:08:17.085216,A
2017,2,00-0033948,J.Williams,RB,GB,4.7938302075582495,2.1,1,2026-08-19T14:08:17.085216,A
2017,2,00-0033951,M.Mack,RB,IND,8.198325860870684,1.8,1,2026-08-19T14:08:17.085216,A
2017,2,00-0022921,L.Fitzgerald,WR,ARI,12.418192834573368,5.1,1,2026-08-19T14:08:17.085216,A
2017,2,00-0024334,B.Marshall,WR,NYG,8.391006367139454,2.7,1,2026-08-19T14:08:17.085216,A
2017,2,00-0024535,E.Weems,WR,TEN,0.13937313383969574,0.0,1,2026-08-19T14:08:17.085216,A
2017,2,00-0025396,T.Ginn,WR,NO,10.099159360091413,5.4,1,2026-08-19T14:08:17.085216,A
2017,2,00-0026176,J.Nelson,WR,GB,12.382824157053786,0.0,1,2026-08-19T14:08:17.085216,A
2017,2,00-0026189,D.Jackson,WR,TB,9.84318348999447,6.9,1,2026-08-19T14:08:17.085216,A
2017,2,00-0026345,P.Garcon,WR,SF,11.058377595214274,5.6,1,2026-08-19T14:08:17.085216,A
2017,2,00-0026901,M.Wallace,WR,BAL,8.891875378988964,1.7,1,2026-08-19T14:08:17.085216,A
2017,2,00-0026983,D.Heyward-Bey,WR,PIT,5.662125685869246,0.0,1,2026-08-19T14:08:17.085216,A
2017,2,00-0026986,M.Crabtree,WR,LV,11.489001410751278,32.0,1,2026-08-19T14:08:17.085216,A
2017,2,00-0026995,J.Maclin,WR,BAL,10.775593376660748,13.1,1,2026-08-19T14:08:17.085216,A
2017,2,00-0027006,K.Britt,WR,CLE,9.628796122166426,1.2,1,2026-08-19T14:08:17.085216,A
2017,2,00-0027654,A.Benn,WR,JAX,2.284410858183601,0.0,1,2026-08-19T14:08:17.085216,A
2017,2,00-0027681,B.LaFell,WR,CIN,11.198322749363188,7.0,1,2026-08-19T14:08:17.085216,A
2017,2,00-0027685,E.Sanders,WR,DEN,9.225781870292241,24.2,1,2026-08-19T14:08:17.085216,A
2017,2,00-0027690,E.Decker,WR,TEN,9.311685330916323,6.2,1,2026-08-19T14:08:17.085216,A
2017,2,00-0027691,A.Roberts,WR,ATL,5.569933721672697,0.0,1,2026-08-19T14:08:17.085216,A
2017,2,00-0027793,A.Brown,WR,PIT,14.975801969720637,11.2,1,2026-08-19T14:08:17.085216,A
2017,2,00-0027874,D.Thomas,WR,DEN,11.934141686091456,13.1,1,2026-08-19T14:08:17.085216,A
2017,2,00-0027891,G.Tate,WR,DET,8.674669725619045,6.5,1,2026-08-19T14:08:17.085216,A
2017,2,00-0027902,D.Bryant,WR,DAL,11.79932408289589,18.9,1,2026-08-19T14:08:17.085216,A
2017,2,00-0027942,A.Green,WR,CIN,12.143963239061488,11.7,1,2026-08-19T14:08:17.085216,A
2017,2,00-0027944,J.Jones,WR,ATL,14.02615776097138,15.8,1,2026-08-19T14:08:17.085216,A
2017,2,00-0027996,T.Smith,WR,PHI,7.47820939312847,10.6,1,2026-08-19T14:08:17.085216,A
2017,2,00-0028002,R.Cobb,WR,GB,14.661518455915209,13.0,1,2026-08-19T14:08:17.085216,A
2017,2,00-0028091,J.Kerley,WR,NYJ,10.277244064428078,4.4,1,2026-08-19T14:08:17.085216,A
2017,2,00-0028116,A.Robinson,WR,SF,4.829010879064278,0.0,1,2026-08-19T14:08:17.085216,A
2017,2,00-0028237,C.Hogan,WR,NE,12.582427065382884,18.8,1,2026-08-19T14:08:17.085216,A
2017,2,00-0028263,A.Holmes,WR,BUF,7.057665364047165,3.8,1,2026-08-19T14:08:17.085216,A
2017,2,00-0028411,D.Inman,WR,LAC,7.6235909568843345,0.0,1,2026-08-19T14:08:17.085216,A
2017,2,00-0028434,D.Baldwin,WR,SEA,13.834976676591817,10.4,1,2026-08-19T14:08:17.085216,A
2017,2,00-0028497,K.Aiken,WR,IND,5.476279451271117,6.1,1,2026-08-19T14:08:17.085216,A
2017,2,00-0028702,C.Matthews,WR,BAL,3.555329505742264,0.0,1,2026-08-19T14:08:17.085216,A
2017,2,00-0028825,T.Pryor,WR,WAS,10.421600759824802,5.1,1,2026-08-19T14:08:17.085216,A
2017,2,00-0029000,C.Beasley,WR,DAL,8.213970257149104,7.3,1,2026-08-19T14:08:17.085216,A
2017,2,00-0029137,A.Jeffery,WR,PHI,10.129904926598922,22.2,1,2026-08-19T14:08:17.085216,A
2017,2,00-0029159,J.Kearse,WR,NYJ,10.455489109175474,22.4,1,2026-08-19T14:08:17.085216,A
2017,2,00-0029269,T.Benjamin,WR,LAC,8.941222719881058,2.1,1,2026-08-19T14:08:17.085216,A
2017,2,00-0029293,M.Jones,WR,DET,10.009871801529862,9.7,1,2026-08-19T14:08:17.085216,A
2017,2,00-0029319,J.Bellamy,WR,CHI,4.265224473575197,9.1,1,2026-08-19T14:08:17.085216,A
2017,2,00-0029336,B.Golden,WR,ARI,4.501411752714641,3.9,1,2026-08-19T14:08:17.085216,A
2017,2,00-0029388,D.Thompson,WR,CHI,5.51453391634581,15.7,1,2026-08-19T14:08:17.085216,A
2017,2,00-0029572,J.Wright,WR,MIN,7.441354876500136,1.9,1,2026-08-19T14:08:17.085216,A
2017,2,00-0029580,R.Matthews,WR,TEN,10.933036935510092,7.3,1,2026-08-19T14:08:17.085216,A
2017,2,00-0029608,T.Hilton,WR,IND,13.017539794217518,8.9,1,2026-08-19T14:08:17.085216,A
2017,2,00-0029632,M.Sanu,WR,ATL,12.197377413969484,13.5,1,2026-08-19T14:08:17.085216,A
2017,2,00-0029708,K.Wright,WR,CHI,7.36546632964269,13.9,1,2026-08-19T14:08:17.085216,A
2017,2,00-0030035,A.Thielen,WR,MIN,13.696852266482455,7.4,1,2026-08-19T14:08:17.085216,A
2017,2,00-0030068,M.Goodwin,WR,SF,8.499631400297432,5.6,1,2026-08-19T14:08:17.085216,A
2017,2,00-0030085,K.Stills,WR,MIA,8.477866139335331,11.7,1,2026-08-19T14:08:17.085216,A
2017,2,00-0030147,R.Shepard,WR,CAR,8.043843721709468,1.6,1,2026-08-19T14:08:17.085216,A
2017,2,00-0030279,K.Allen,WR,LAC,12.03035911966703,19.0,1,2026-08-19T14:08:17.085216,A
2017,2,00-0030300,J.Brown,WR,ARI,6.472510494051294,11.3,1,2026-08-19T14:08:17.085216,A
2017,2,00-0030431,R.Woods,WR,LA,9.872610779348866,1.8,1,2026-08-19T14:08:17.085216,A
2017,2,00-0030516,B.Butler,WR,DAL,6.599155760549685,2.8,1,2026-08-19T14:08:17.085216,A
2017,2,00-0030525,T.Austin,WR,LA,7.342337500542083,0.8,1,2026-08-19T14:08:17.085216,A
2017,2,00-0030542,T.Williams,WR,DAL,9.175188483488972,5.7,1,2026-08-19T14:08:17.085216,A
2017,2,00-0030564,D.Hopkins,WR,HOU,14.444044295413967,14.3,1,2026-08-19T14:08:17.085216,A
2017,2,00-0030669,A.Wilson,WR,KC,8.819144377526772,4.6,1,2026-08-19T14:08:17.085216,A
2017,2,00-0030670,B.Fowler,WR,DEN,7.127744382105538,1.8,1,2026-08-19T14:08:17.085216,A
2017,2,00-0030743,B.Reedy,WR,TB,3.521984010133816,0.0,1,2026-08-19T14:08:17.085216,A
2017,2,00-0030801,B.Coleman,WR,NO,7.060179789243659,18.2,1,2026-08-19T14:08:17.085216,A
2017,2,00-0030821,A.Hurns,WR,JAX,8.279517407907774,20.2,1,2026-08-19T14:08:17.085216,A
2017,2,00-0031001,J.Janis,WR,GB,4.57862055547012,0.0,1,2026-08-19T14:08:17.085216,A
2017,2,00-0031025,M.Campanaro,WR,BAL,2.3137806843023774,0.5,1,2026-08-19T14:08:17.085216,A
2017,2,00-0031060,D.Thomas,WR,KC,4.969440754888707,0.0,1,2026-08-19T14:08:17.085216,A
2017,2,00-0031068,R.Grant,WR,WAS,8.000194690720889,8.1,1,2026-08-19T14:08:17.085216,A
2017,2,00-0031166,S.Roberts,WR,LV,8.61121348894234,0.0,1,2026-08-19T14:08:17.085216,A
2017,2,00-0031189,T.Jones,WR,DET,3.95705863864124,0.0,1,2026-08-19T14:08:17.085216,A
2017,2,00-0031228,T.Gabriel,WR,ATL,10.077952416321098,4.1,1,2026-08-19T14:08:17.085216,A
2017,2,00-0031235,O.Beckham,WR,NYG,13.450666732790445,7.6,1,2026-08-19T14:08:17.085216,A
2017,2,00-0031236,B.Cooks,WR,NE,12.299275204279454,6.3,1,2026-08-19T14:08:17.085216,A
2017,2,00-0031257,P.Richardson,WR,SEA,9.592612509733074,9.9,1,2026-08-19T14:08:17.085216,A
2017,2,00-0031325,S.Watkins,WR,LA,12.663862111290303,5.0,1,2026-08-19T14:08:17.085216,A
2017,2,00-0031339,D.Moncrief,WR,IND,8.520337291542827,3.8,1,2026-08-19T14:08:17.085216,A
2017,2,00-0031344,C.Latimer,WR,DEN,5.3182524629685615,4.2,1,2026-08-19T14:08:17.085216,A
2017,2,00-0031359,K.Benjamin,WR,CAR,10.773276426962937,13.7,1,2026-08-19T14:08:17.085216,A
2017,2,00-0031373,M.Bryant,WR,PIT,13.192918731739113,18.8,1,2026-08-19T14:08:17.085216,A
2017,2,00-0031381,D.Adams,WR,GB,11.834790153776467,23.9,1,2026-08-19T14:08:17.085216,A
2017,2,00-0031382,J.Landry,WR,MIA,12.829853369248953,20.1,1,2026-08-19T14:08:17.085216,A
2017,2,00-0031408,M.Evans,WR,TB,16.196709474825226,22.3,1,2026-08-19T14:08:17.085216,A
2017,2,00-0031431,M.Lee,WR,JAX,9.173913354494033,14.6,1,2026-08-19T14:08:17.085216,A
2017,2,00-0031514,Q.Bray,WR,IND,3.180710492025388,0.0,1,2026-08-19T14:08:17.085216,A
2017,2,00-0031544,A.Cooper,WR,LV,13.504480006818167,7.3,1,2026-08-19T14:08:17.085216,A
2017,2,00-0031547,D.Parker,WR,MIA,8.669970510778427,12.5,1,2026-08-19T14:08:17.085216,A
2017,2,00-0031549,N.Agholor,WR,PHI,10.433285474696055,7.9,1,2026-08-19T14:08:17.085216,A
2017,2,00-0031560,J.Strong,WR,HOU,2.091315957761897,0.0,1,2026-08-19T14:08:17.085216,A
2017,2,00-0031570,J.Hardy,WR,ATL,7.388518997982295,2.9,1,2026-08-19T14:08:17.085216,A
2017,2,00-0031588,S.Diggs,WR,MIN,11.086918700572042,5.1,1,2026-08-19T14:08:17.085216,A
2017,2,00-0031782,E.Rogers,WR,PIT,11.78012042455309,8.3,1,2026-08-19T14:08:17.085216,A
2017,2,00-0031868,D.Byrd,WR,CAR,4.876013402658886,0.0,1,2026-08-19T14:08:17.085216,A
2017,2,00-0031941,J.Crowder,WR,WAS,7.873939232637095,8.7,1,2026-08-19T14:08:17.085216,A
2017,2,00-0032009,A.Humphries,WR,TB,10.617554213988095,3.8,1,2026-08-19T14:08:17.085216,A
2017,2,00-0032054,B.Perriman,WR,BAL,9.814102662384602,0.0,1,2026-08-19T14:08:17.085216,A
2017,2,00-0032112,J.Nelson,WR,ARI,9.620383522683852,23.0,1,2026-08-19T14:08:17.085216,A
2017,2,00-0032115,K.Clay,WR,BUF,0.0,0.0,1,2026-08-19T14:08:17.085216,A
2017,2,00-0032123,T.McBride,WR,CHI,1.671922018988213,0.0,1,2026-08-19T14:08:17.085216,A
2017,2,00-0032128,C.Conley,WR,KC,9.95499668658228,9.5,1,2026-08-19T14:08:17.085216,A
2017,2,00-0032160,T.Williams,WR,LAC,11.03641921964813,9.4,1,2026-08-19T14:08:17.085216,A
2017,2,00-0032166,S.Coates,WR,CLE,3.2898136535375917,0.0,1,2026-08-19T14:08:17.085216,A
2017,2,00-0032200,T.Montgomery,WR,GB,7.58350339275066,29.0,1,2026-08-19T14:08:17.085216,A
2017,2,00-0032208,P.Dorsett,WR,NE,6.395936423257218,10.5,1,2026-08-19T14:08:17.085216,A
2017,2,00-0032211,T.Lockett,WR,SEA,10.00111900892494,12.4,1,2026-08-19T14:08:17.085216,A
2017,2,00-0032385,S.Shepard,WR,NYG,10.547671940083386,5.0,1,2026-08-19T14:08:17.085216,A
2017,2,00-0032423,T.Davis,WR,GB,4.866030209282185,1.9,1,2026-08-19T14:08:17.085216,A
2017,2,00-0032475,T.McEvoy,WR,SEA,3.3153757124324024,0.0,1,2026-08-19T14:08:17.085216,A
2017,2,00-0032543,A.Erickson,WR,CIN,1.2850936816138803,10.4,1,2026-08-19T14:08:17.085216,A
2017,2,00-0032626,G.Allison,WR,GB,5.508270818017775,5.4,1,2026-08-19T14:08:17.085216,A
2017,2,00-0032659,Ro.Lewis,WR,NYG,5.124056768757455,3.3,1,2026-08-19T14:08:17.085216,A
2017,2,00-0032688,R.Chosen,WR,NYJ,9.690176378809728,4.8,1,2026-08-19T14:08:17.085216,A
2017,2,00-0032760,J.Doctson,WR,WAS,1.3086877889036772,0.0,1,2026-08-19T14:08:17.085216,A
2017,2,00-0032765,M.Thomas,WR,NO,13.844437389057035,13.9,1,2026-08-19T14:08:17.085216,A
2017,2,00-0032775,D.Robinson,WR,KC,4.022582116076193,0.0,1,2026-08-19T14:08:17.085216,A
2017,2,00-0032791,J.Grant,WR,MIA,2.0820237752005797,0.0,1,2026-08-19T14:08:17.085216,A
2017,2,00-0032795,C.Core,WR,CIN,7.244945923741498,0.0,1,2026-08-19T14:08:17.085216,A
2017,2,00-0032881,T.Lewis,WR,NO,5.529468511581867,2.6,1,2026-08-19T14:08:17.085216,A
2017,2,00-0032935,J.Holton,WR,LV,3.425395815625431,0.0,1,2026-08-19T14:08:17.085216,A
2017,2,00-0032937,M.McCaffrey,WR,JAX,3.3150057246616607,0.0,1,2026-08-19T14:08:17.085216,A
2017,2,00-0032951,L.Treadwell,WR,MIN,5.694876769175648,6.3,1,2026-08-19T14:08:17.085216,A
2017,2,00-0032959,C.Peake,WR,NYJ,4.6122905260455385,1.3,1,2026-08-19T14:08:17.085216,A
2017,2,00-0032966,C.Coleman,WR,CLE,9.502145157529805,1.9,1,2026-08-19T14:08:17.085216,A
2017,2,00-0032977,R.Higgins,WR,CLE,3.904776771456409,16.9,1,2026-08-19T14:08:17.085216,A
2017,2,00-0033040,T.Hill,WR,KC,12.182653902017341,8.9,1,2026-08-19T14:08:17.085216,A
2017,2,00-0033060,L.Carroo,WR,MIA,2.112748712764847,0.0,1,2026-08-19T14:08:17.085216,A
2017,2,00-0033069,B.Miller,WR,HOU,3.728747944546938,3.0,1,2026-08-19T14:08:17.085216,A
2017,2,00-0033079,R.Louis,WR,CLE,6.163658758731282,4.7,1,2026-08-19T14:08:17.085216,A
2017,2,00-0033111,P.Cooper,WR,LA,5.6859863500161865,0.0,1,2026-08-19T14:08:17.085216,A
2017,2,00-0033282,C.Samuel,WR,CAR,4.910150082118622,2.7,1,2026-08-19T14:08:17.085216,A
2017,2,00-0033292,T.Taylor,WR,SF,4.503223294457799,2.6,1,2026-08-19T14:08:17.085216,A
2017,2,00-0033306,V.Bolden,WR,SF,4.193797015170834,0.0,1,2026-08-19T14:08:17.085216,A
2017,2,00-0033460,J.Ross,WR,CIN,5.689000335585441,-0.8,1,2026-08-19T14:08:17.085216,A
2017,2,00-0033466,I.McKenzie,WR,DEN,5.803687466342117,0.0,1,2026-08-19T14:08:17.085216,A
2017,2,00-0033555,M.Hollins,WR,PHI,3.9350998053407062,6.2,1,2026-08-19T14:08:17.085216,A
2017,2,00-0033562,R.Switzer,WR,DAL,2.344250031153511,0.0,1,2026-08-19T14:08:17.085216,A
2017,2,00-0033572,J.Agnew,WR,DET,5.4877638403312545,0.0,1,2026-08-19T14:08:17.085216,A
2017,2,00-0033591,N.Brown,WR,DAL,5.511828159009345,0.0,1,2026-08-19T14:08:17.085216,A
2017,2,00-0033633,T.Gentry,WR,CHI,3.9075160026426095,4.7,1,2026-08-19T14:08:17.085216,A
2017,2,00-0033681,K.Cole,WR,JAX,4.213860943469039,3.3,1,2026-08-19T14:08:17.085216,A
2017,2,00-0033840,C.Hansen,WR,NYJ,2.3499048270848295,0.0,1,2026-08-19T14:08:17.085216,A
2017,2,00-0033857,J.Smith-Schuster,WR,PIT,4.3747166232652805,10.6,1,2026-08-19T14:08:17.085216,A
2017,2,00-0033871,C.Davis,WR,TEN,10.285813190861202,1.4,1,2026-08-19T14:08:17.085216,A
2017,2,00-0033891,Z.Jones,WR,BUF,8.147642360133997,3.8,1,2026-08-19T14:08:17.085216,A
2017,2,00-0033911,T.Taylor,WR,TEN,4.587774840349034,6.8,1,2026-08-19T14:08:17.085216,A
2017,2,00-0033916,A.Stewart,WR,NYJ,4.175786004038396,0.0,1,2026-08-19T14:08:17.085216,A
2017,2,00-0033921,C.Godwin,WR,TB,7.1028879853813,0.0,1,2026-08-19T14:08:17.085216,A
2017,2,00-0033932,K.Golladay,WR,DET,8.241064659513178,1.8,1,2026-08-19T14:08:17.085216,A
2017,2,00-0033933,C.Williams,WR,ARI,5.852962846627528,2.5,1,2026-08-19T14:08:17.085216,A
2017,2,00-0033937,A.Darboh,WR,SEA,2.222060374250962,2.6,1,2026-08-19T14:08:17.085216,A
2017,2,00-0033943,J.Reynolds,WR,LA,4.022558208074065,3.8,1,2026-08-19T14:08:17.085216,A
2017,2,00-0021547,A.Gates,TE,LAC,10.448999569028192,9.1,1,2026-08-19T14:08:17.085216,A
2017,2,00-0022127,J.Witten,TE,DAL,10.943566586085748,25.7,1,2026-08-19T14:08:17.085216,A
2017,2,00-0022943,B.Watson,TE,BAL,7.693191578454621,17.1,1,2026-08-19T14:08:17.085216,A
2017,2,00-0024221,V.Davis,TE,WAS,5.301551472167551,2.3,1,2026-08-19T14:08:17.085216,A
2017,2,00-0024243,M.Lewis,TE,JAX,5.847719722042542,0.0,1,2026-08-19T14:08:17.085216,A
2017,2,00-0024268,A.Fasano,TE,MIA,1.4330888884767705,0.0,1,2026-08-19T14:08:17.085216,A
2017,2,00-0024389,De.Walker,TE,TEN,10.756231876970935,16.2,1,2026-08-19T14:08:17.085216,A
2017,2,00-0025418,G.Olsen,TE,CAR,10.638932831028127,2.0,1,2026-08-19T14:08:17.085216,A
2017,2,00-0025549,B.Celek,TE,PHI,5.3438671861573495,0.0,1,2026-08-19T14:08:17.085216,A
2017,2,00-0026201,M.Bennett,TE,GB,9.563108044924507,9.7,1,2026-08-19T14:08:17.085216,A
2017,2,00-0027061,J.Cook,TE,LV,12.138694564573601,6.5,1,2026-08-19T14:08:17.085216,A
2017,2,00-0027125,Z.Miller,TE,CHI,5.870206978752621,10.2,1,2026-08-19T14:08:17.085216,A
2017,2,00-0027215,L.Paulsen,TE,SF,1.8621906108106283,0.0,1,2026-08-19T14:08:17.085216,A
2017,2,00-0027656,R.Gronkowski,TE,NE,10.01484819488972,23.6,1,2026-08-19T14:08:17.085216,A
2017,2,00-0027675,E.Dickson,TE,CAR,4.6520592473615805,4.6,1,2026-08-19T14:08:17.085216,A
2017,2,00-0027696,J.Graham,TE,SEA,9.881172101735077,1.1,1,2026-08-19T14:08:17.085216,A
2017,2,00-0027732,M.Hoomanawanui,TE,NO,3.8026800088040336,1.8,1,2026-08-19T14:08:17.085216,A
2017,2,00-0027981,K.Rudolph,TE,MIN,9.507422006113492,8.5,1,2026-08-19T14:08:17.085216,A
2017,2,00-0027985,L.Kendricks,TE,GB,5.375935922440504,0.0,1,2026-08-19T14:08:17.085216,A
2017,2,00-0028042,L.Stocker,TE,TB,2.189846372666247,0.0,1,2026-08-19T14:08:17.085216,A
2017,2,00-0028067,J.Thomas,TE,MIA,7.525005423866021,5.6,1,2026-08-19T14:08:17.085216,A
2017,2,00-0028093,N.Paul,TE,WAS,2.168609150334171,0.0,1,2026-08-19T14:08:17.085216,A
2017,2,00-0028097,L.Smith,TE,LV,4.261756686433557,1.9,1,2026-08-19T14:08:17.085216,A
2017,2,00-0028112,C.Clay,TE,BUF,10.554145815173138,5.3,1,2026-08-19T14:08:17.085216,A
2017,2,00-0028142,V.Green,TE,DEN,6.5518087986467535,9.1,1,2026-08-19T14:08:17.085216,A
2017,2,00-0028903,G.Celek,TE,SF,4.347834122515145,1.6,1,2026-08-19T14:08:17.085216,A
2017,2,00-0028987,P.Supernaw,TE,TEN,2.250250932531286,0.0,1,2026-08-19T14:08:17.085216,A
2017,2,00-0029119,D.Carrier,TE,LA,3.3141192087238807,1.9,1,2026-08-19T14:08:17.085216,A
2017,2,00-0029391,S.McGrath,TE,LAC,0.10826486939519386,2.0,1,2026-08-19T14:08:17.085216,A
2017,2,00-0029587,R.Ellison,TE,NYG,4.409672260393171,4.1,1,2026-08-19T14:08:17.085216,A
2017,2,00-0029634,J.Hanna,TE,DAL,5.630202732347541,0.0,1,2026-08-19T14:08:17.085216,A
2017,2,00-0029689,D.Allen,TE,NE,5.941066081456379,0.0,1,2026-08-19T14:08:17.085216,A
2017,2,00-0029697,C.Fleener,TE,NO,8.662902907536866,12.3,1,2026-08-19T14:08:17.085216,A
2017,2,00-0029738,D.Fells,TE,DET,3.9234619092142684,1.3,1,2026-08-19T14:08:17.085216,A
2017,2,00-0029740,I.Momah,TE,ARI,2.9124622763576573,5.6,1,2026-08-19T14:08:17.085216,A
2017,2,00-0029793,B.Williams,TE,IND,2.4483373460336426,3.0,1,2026-08-19T14:08:17.085216,A
2017,2,00-0029878,M.Gray,TE,MIA,1.6921761245854252,0.0,1,2026-08-19T14:08:17.085216,A
2017,2,00-0030061,Z.Ertz,TE,PHI,11.301046002954628,14.7,1,2026-08-19T14:08:17.085216,A
2017,2,00-0030089,L.Willson,TE,SEA,4.593288168015432,5.5,1,2026-08-19T14:08:17.085216,A
2017,2,00-0030155,D.Harris,TE,KC,4.97383942289305,0.0,1,2026-08-19T14:08:17.085216,A
2017,2,00-0030181,J.Doyle,TE,IND,7.385744492626968,15.9,1,2026-08-19T14:08:17.085216,A
2017,2,00-0030216,J.Hill,TE,NO,5.652959297283912,5.9,1,2026-08-19T14:08:17.085216,A
2017,2,00-0030422,D.Sims,TE,CHI,6.690445342892499,0.0,1,2026-08-19T14:08:17.085216,A
2017,2,00-0030443,L.Toilolo,TE,ATL,6.267158708965287,0.0,1,2026-08-19T14:08:17.085216,A
2017,2,00-0030472,J.Reed,TE,WAS,9.079489872246318,10.8,1,2026-08-19T14:08:17.085216,A
2017,2,00-0030506,T.Kelce,TE,KC,11.58231327990028,24.3,1,2026-08-19T14:08:17.085216,A
2017,2,00-0030549,T.Eifert,TE,CIN,7.108924650052051,7.2,1,2026-08-19T14:08:17.085216,A
2017,2,00-0030710,T.Burton,TE,PHI,3.3624390596788225,2.0,1,2026-08-19T14:08:17.085216,A
2017,2,00-0030780,R.Hewitt,TE,CIN,2.97411194982703,0.0,1,2026-08-19T14:08:17.085216,A
2017,2,00-0031035,X.Grimble,TE,PIT,1.9538158674156527,0.0,1,2026-08-19T14:08:17.085216,A
2017,2,00-0031044,T.Niklas,TE,ARI,3.724806847180344,2.6,1,2026-08-19T14:08:17.085216,A
2017,2,00-0031260,L.Thomas,TE,BUF,1.803863859962584,0.0,1,2026-08-19T14:08:17.085216,A
2017,2,00-0031273,C.Brate,TE,TB,8.603752747200435,4.4,1,2026-08-19T14:08:17.085216,A
2017,2,00-0031299,J.Matthews,TE,BUF,8.604173235097088,6.0,1,2026-08-19T14:08:17.085216,A
2017,2,00-0031384,R.Rodgers,TE,GB,4.087488848396601,4.2,1,2026-08-19T14:08:17.085216,A
2017,2,00-0031387,E.Ebron,TE,DET,7.965775242517324,15.2,1,2026-08-19T14:08:17.085216,A
2017,2,00-0031484,C.Manhertz,TE,CAR,2.8147798026346305,0.0,1,2026-08-19T14:08:17.085216,A
2017,2,00-0031533,R.Telfer,TE,CLE,2.514201248490071,3.0,1,2026-08-19T14:08:17.085216,A
2017,2,00-0031558,M.Williams,TE,BAL,3.2687491963884616,6.3,1,2026-08-19T14:08:17.085216,A
2017,2,00-0031598,N.Boyle,TE,BAL,4.961587844176372,1.9,1,2026-08-19T14:08:17.085216,A
2017,2,00-0031609,A.Derby,TE,DEN,5.150101213151399,0.0,1,2026-08-19T14:08:17.085216,A
2017,2,00-0031951,J.O'Shaughnessy,TE,JAX,2.547585148018196,0.0,1,2026-08-19T14:08:17.085216,A
2017,2,00-0032004,W.Tye,TE,NYJ,7.620765321351648,1.4,1,2026-08-19T14:08:17.085216,A
2017,2,00-0032055,D.Funchess,TE,CAR,7.78812352898004,10.8,1,2026-08-19T14:08:17.085216,A
2017,2,00-0032062,B.Bell,TE,MIN,4.6779855587634795,0.0,1,2026-08-19T14:08:17.085216,A
2017,2,00-0032117,N.O'Leary,TE,BUF,3.0731812876685805,0.0,1,2026-08-19T14:08:17.085216,A
2017,2,00-0032120,N.Sterling,TE,NYJ,3.300548831515941,1.8,1,2026-08-19T14:08:17.085216,A
2017,2,00-0032135,J.James,TE,PIT,11.16860511962405,6.7,1,2026-08-19T14:08:17.085216,A
2017,2,00-0032139,B.Koyack,TE,JAX,3.51985720702521,0.0,1,2026-08-19T14:08:17.085216,A
2017,2,00-0032214,T.Kroft,TE,CIN,3.8445729218367917,0.0,1,2026-08-19T14:08:17.085216,A
2017,2,00-0032227,J.Heuerman,TE,DEN,6.482554325596373,2.5,1,2026-08-19T14:08:17.085216,A
2017,2,00-0032256,C.Walford,TE,LV,3.8708526850778444,1.7,1,2026-08-19T14:08:17.085216,A
2017,2,00-0032319,R.Travis,TE,KC,3.0259348367567247,0.0,1,2026-08-19T14:08:17.085216,A
2017,2,00-0032392,A.Hooper,TE,ATL,10.255725516281625,2.7,1,2026-08-19T14:08:17.085216,A
2017,2,00-0032394,N.Vannett,TE,SEA,3.890572876471441,0.0,1,2026-08-19T14:08:17.085216,A
2017,2,00-0032429,J.Adams,TE,NYG,3.7876997059675794,4.8,1,2026-08-19T14:08:17.085216,A
2017,2,00-0032430,D.Morgan,TE,MIN,1.9896576609650232,0.0,1,2026-08-19T14:08:17.085216,A
2017,2,00-0032745,A.Cross,TE,TB,1.3765935354106835,1.6,1,2026-08-19T14:08:17.085216,A
2017,2,00-0033080,S.DeValve,TE,CLE,5.867190191282178,8.1,1,2026-08-19T14:08:17.085216,A
2017,2,00-0033090,H.Henry,TE,LAC,5.072263007174262,15.0,1,2026-08-19T14:08:17.085216,A
2017,2,00-0033110,T.Higbee,TE,LA,6.018099483104164,0.0,1,2026-08-19T14:08:17.085216,A
2017,2,00-0033258,D.Daniels,TE,IND,0.9846487959771654,0.0,1,2026-08-19T14:08:17.085216,A
2017,2,00-0033288,G.Kittle,TE,SF,6.5956092687726064,3.3,1,2026-08-19T14:08:17.085216,A
2017,2,00-0033387,J.Hollister,TE,NE,4.42088259226226,1.5,1,2026-08-19T14:08:17.085216,A
2017,2,00-0033559,M.Roberts,TE,DET,0.7007191412193217,0.0,1,2026-08-19T14:08:17.085216,A
2017,2,00-0033576,E.Saubert,TE,ATL,1.8386530793747309,0.0,1,2026-08-19T14:08:17.085216,A
2017,2,00-0033763,Evan Baylis,TE,HOU,3.0107593548627545,0.0,1,2026-08-19T14:08:17.085216,A
2017,2,00-0033858,J.Smith,TE,TEN,2.6666318663295527,11.0,1,2026-08-19T14:08:17.085216,A
2017,2,00-0033879,O.Howard,TE,TB,6.248020390674816,2.7,1,2026-08-19T14:08:17.085216,A
2017,2,00-0033881,E.Engram,TE,NYG,6.65098620211772,14.9,1,2026-08-19T14:08:17.085216,A
2017,2,00-0033885,D.Njoku,TE,CLE,4.625106124252124,11.7,1,2026-08-19T14:08:17.085216,A
2017,2,00-0033895,G.Everett,TE,LA,5.059033423462887,12.5,1,2026-08-19T14:08:17.085216,A
2017,2,00-0033896,A.Shaheen,TE,CHI,1.696446370373521,0.0,1,2026-08-19T14:08:17.085216,A
2017,3,00-0023500,F.Gore,RB,IND,9.857568044813297,12.7,1,2026-08-19T14:08:17.085216,A
2017,3,00-0023564,D.Sproles,RB,PHI,11.127463520232421,1.1,1,2026-08-19T14:08:17.085216,A
2017,3,00-0025394,A.Peterson,RB,NO,3.604710303837186,5.7,1,2026-08-19T14:08:17.085216,A
2017,3,00-0025399,M.Lynch,RB,LV,10.274540044730886,3.6,1,2026-08-19T14:08:17.085216,A
2017,3,00-0026153,J.Stewart,RB,CAR,15.757268603608173,7.1,1,2026-08-19T14:08:17.085216,A
2017,3,00-0026164,C.Johnson,RB,ARI,6.481135982354831,3.1,1,2026-08-19T14:08:17.085216,A
2017,3,00-0026184,M.Forte,RB,NYJ,8.548874085801291,2.5,1,2026-08-19T14:08:17.085216,A
2017,3,00-0026213,J.Charles,RB,DEN,3.9648074479623463,12.7,1,2026-08-19T14:08:17.085216,A
2017,3,00-0027029,L.McCoy,RB,BUF,18.010122259349664,13.9,1,2026-08-19T14:08:17.085216,A
2017,3,00-0027325,L.Blount,RB,PHI,7.557407670137981,12.7,1,2026-08-19T14:08:17.085216,A
2017,3,00-0027531,C.Ivory,RB,JAX,9.567679794076838,6.2,1,2026-08-19T14:08:17.085216,A
2017,3,00-0027966,M.Ingram,RB,NO,13.05606208259803,10.6,1,2026-08-19T14:08:17.085216,A
2017,3,00-0027994,S.Vereen,RB,NYG,8.589072388378098,4.3,1,2026-08-19T14:08:17.085216,A
2017,3,00-0028009,D.Murray,RB,TEN,10.534309177027923,19.0,1,2026-08-19T14:08:17.085216,A
2017,3,00-0028064,B.Powell,RB,NYJ,9.546917425404972,9.7,1,2026-08-19T14:08:17.085216,A
2017,3,00-0028074,A.Sherman,RB,KC,2.004011186187231,2.1,1,2026-08-19T14:08:17.085216,A
2017,3,00-0028083,J.Rodgers,RB,TB,11.137974074401638,1.5,1,2026-08-19T14:08:17.085216,A
2017,3,00-0028087,D.Lewis,RB,NE,6.356688913052065,4.7,1,2026-08-19T14:08:17.085216,A
2017,3,00-0029273,R.Turbin,RB,IND,5.796183691926218,3.0,1,2026-08-19T14:08:17.085216,A
2017,3,00-0029615,L.Miller,RB,HOU,15.40091971543768,7.3,1,2026-08-19T14:08:17.085216,A
2017,3,00-0029731,F.Whittaker,RB,CAR,3.583840535445248,1.2,1,2026-08-19T14:08:17.085216,A
2017,3,00-0029795,B.Cunningham,RB,CHI,1.3247879498452806,5.3,1,2026-08-19T14:08:17.085216,A
2017,3,00-0029854,C.Anderson,RB,DEN,13.30334324288231,6.3,1,2026-08-19T14:08:17.085216,A
2017,3,00-0030107,T.Riddick,RB,DET,9.958684687278998,7.8,1,2026-08-19T14:08:17.085216,A
2017,3,00-0030117,K.Williams,RB,ARI,7.471357970393751,0.3,1,2026-08-19T14:08:17.085216,A
2017,3,00-0030287,A.Ellington,RB,ARI,8.304418618535859,13.1,1,2026-08-19T14:08:17.085216,A
2017,3,00-0030404,C.Thompson,RB,WAS,11.113843058078576,30.8,1,2026-08-19T14:08:17.085216,A
2017,3,00-0030433,M.Gillislee,RB,NE,13.402726075523983,3.1,1,2026-08-19T14:08:17.085216,A
2017,3,00-0030456,G.Bernard,RB,CIN,10.288775655429829,11.9,1,2026-08-19T14:08:17.085216,A
2017,3,00-0030496,L.Bell,RB,PIT,14.638462011639726,21.8,1,2026-08-19T14:08:17.085216,A
2017,3,00-0030513,L.Murray,RB,MIN,3.921598496769582,0.5,1,2026-08-19T14:08:17.085216,A
2017,3,00-0030578,C.Patterson,RB,LV,5.484651492801042,2.2,1,2026-08-19T14:08:17.085216,A
2017,3,00-0030656,I.Crowell,RB,CLE,11.136771076160237,7.4,1,2026-08-19T14:08:17.085216,A
2017,3,00-0030668,C.West,RB,KC,4.98811473498339,3.3,1,2026-08-19T14:08:17.085216,A
2017,3,00-0030860,O.Darkwa,RB,NYG,2.446634184614628,4.3,1,2026-08-19T14:08:17.085216,A
2017,3,00-0030874,D.Williams,RB,MIA,5.044102982332058,2.1,1,2026-08-19T14:08:17.085216,A
2017,3,00-0031045,C.Hyde,RB,SF,17.70796102619413,24.4,1,2026-08-19T14:08:17.085216,A
2017,3,00-0031062,J.White,RB,NE,15.282857034970757,3.8,1,2026-08-19T14:08:17.085216,A
2017,3,00-0031277,B.Oliver,RB,LAC,2.670751506952004,7.4,1,2026-08-19T14:08:17.085216,A
2017,3,00-0031285,D.Freeman,RB,ATL,15.082267044414573,22.8,1,2026-08-19T14:08:17.085216,A
2017,3,00-0031301,J.Hill,RB,CIN,5.9534282050085485,3.9,1,2026-08-19T14:08:17.085216,A
2017,3,00-0031375,T.West,RB,BAL,7.168081208910036,0.6,1,2026-08-19T14:08:17.085216,A
2017,3,00-0031376,J.McKinnon,RB,MIN,8.056806897611406,2.4,1,2026-08-19T14:08:17.085216,A
2017,3,00-0031390,C.Sims,RB,TB,7.775593100837239,2.3,1,2026-08-19T14:08:17.085216,A
2017,3,00-0031577,J.Allen,RB,BAL,9.822199995105517,7.8,1,2026-08-19T14:08:17.085216,A
2017,3,00-0031590,J.Ajayi,RB,MIA,13.341475351966126,4.5,1,2026-08-19T14:08:17.085216,A
2017,3,00-0031665,Z.Zenner,RB,DET,10.370693586448082,0.5,1,2026-08-19T14:08:17.085216,A
2017,3,00-0031687,R.Mostert,RB,SF,3.9498526674999956,-0.9,1,2026-08-19T14:08:17.085216,A
2017,3,00-0031731,C.Grant,RB,JAX,5.466177847004182,10.3,1,2026-08-19T14:08:17.085216,A
2017,3,00-0031743,A.Hunt,RB,KC,1.4312800656976794,0.0,1,2026-08-19T14:08:17.085216,A
2017,3,00-0031793,T.Watson,RB,PIT,3.900314641791736,0.3,1,2026-08-19T14:08:17.085216,A
2017,3,00-0031897,T.Rawls,RB,SEA,8.363009643226395,0.0,1,2026-08-19T14:08:17.085216,A
2017,3,00-0031939,M.Jones,RB,IND,6.704578224667237,0.3,1,2026-08-19T14:08:17.085216,A
2017,3,00-0032048,M.Brown,RB,WAS,3.2217362430614473,2.7,1,2026-08-19T14:08:17.085216,A
2017,3,00-0032058,T.Coleman,RB,ATL,11.717748395544064,11.9,1,2026-08-19T14:08:17.085216,A
2017,3,00-0032104,A.Abdullah,RB,DET,9.343870089281618,11.6,1,2026-08-19T14:08:17.085216,A
2017,3,00-0032144,M.Gordon,RB,LAC,13.265402612709423,13.9,1,2026-08-19T14:08:17.085216,A
2017,3,00-0032241,T.Gurley,RB,LA,18.511058374764207,37.9,1,2026-08-19T14:08:17.085216,A
2017,3,00-0032257,D.Johnson,RB,CLE,8.214279761020435,22.4,1,2026-08-19T14:08:17.085216,A
2017,3,00-0032393,C.Prosise,RB,SEA,5.649982733829214,10.4,1,2026-08-19T14:08:17.085216,A
2017,3,00-0032404,T.Ervin,RB,HOU,6.787891185235255,1.8,1,2026-08-19T14:08:17.085216,A
2017,3,00-0032417,P.Perkins,RB,NYG,7.806585441712876,5.0,1,2026-08-19T14:08:17.085216,A
2017,3,00-0032426,A.Collins,RB,BAL,6.309827377667066,8.2,1,2026-08-19T14:08:17.085216,A
2017,3,00-0032780,J.Howard,RB,CHI,9.512942185183709,31.6,1,2026-08-19T14:08:17.085216,A
2017,3,00-0032782,W.Smallwood,RB,PHI,3.3227412013331734,9.0,1,2026-08-19T14:08:17.085216,A
2017,3,00-0032813,E.Penny,RB,ARI,2.2737763521867684,0.0,1,2026-08-19T14:08:17.085216,A
2017,3,00-0032940,D.Washington,RB,LV,7.008549779913752,7.4,1,2026-08-19T14:08:17.085216,A
2017,3,00-0033025,J.Richard,RB,LV,7.603731805633348,1.8,1,2026-08-19T14:08:17.085216,A
2017,3,00-0033045,E.Elliott,RB,DAL,18.964960151733063,18.4,1,2026-08-19T14:08:17.085216,A
2017,3,00-0033118,K.Drake,RB,MIA,5.776106869796989,1.2,1,2026-08-19T14:08:17.085216,A
2017,3,00-0033295,E.McGuire,RB,NYJ,4.923250898985625,1.4,1,2026-08-19T14:08:17.085216,A
2017,3,00-0033308,M.Breida,RB,SF,6.463360922333095,5.9,1,2026-08-19T14:08:17.085216,A
2017,3,00-0033526,S.Perine,RB,WAS,10.518381982254109,4.5,1,2026-08-19T14:08:17.085216,A
2017,3,00-0033556,T.Cohen,RB,CHI,14.874993543727712,14.2,1,2026-08-19T14:08:17.085216,A
2017,3,00-0033581,D.Henderson,RB,DEN,2.9266260770081787,0.1,1,2026-08-19T14:08:17.085216,A
2017,3,00-0033594,C.Carson,RB,SEA,9.853251652617546,13.2,1,2026-08-19T14:08:17.085216,A
2017,3,00-0033699,A.Ekeler,RB,LAC,3.8180942385404153,1.6,1,2026-08-19T14:08:17.085216,A
2017,3,00-0033725,C.Clement,RB,PHI,2.2295121927965815,8.2,1,2026-08-19T14:08:17.085216,A
2017,3,00-0033856,L.Fournette,RB,JAX,15.24151730443603,17.0,1,2026-08-19T14:08:17.085216,A
2017,3,00-0033893,D.Cook,RB,MIN,11.233098334154986,27.9,1,2026-08-19T14:08:17.085216,A
2017,3,00-0033897,J.Mixon,RB,CIN,7.742362743986467,13.1,1,2026-08-19T14:08:17.085216,A
2017,3,00-0033906,A.Kamara,RB,NO,8.380032964716603,13.2,1,2026-08-19T14:08:17.085216,A
2017,3,00-0033923,K.Hunt,RB,KC,22.840794588175147,25.3,1,2026-08-19T14:08:17.085216,A
2017,3,00-0033925,D.Foreman,RB,HOU,4.856551524583393,11.0,1,2026-08-19T14:08:17.085216,A
2017,3,00-0033948,J.Williams,RB,GB,4.670932713906309,0.6,1,2026-08-19T14:08:17.085216,A
2017,3,00-0022921,L.Fitzgerald,WR,ARI,13.503540137819765,33.9,1,2026-08-19T14:08:17.085216,A
2017,3,00-0024334,B.Marshall,WR,NYG,5.819013344456755,14.6,1,2026-08-19T14:08:17.085216,A
2017,3,00-0024535,E.Weems,WR,TEN,3.8516555949741442,0.0,1,2026-08-19T14:08:17.085216,A
2017,3,00-0025396,T.Ginn,WR,NO,8.716691601707236,13.9,1,2026-08-19T14:08:17.085216,A
2017,3,00-0026035,D.Amendola,WR,NE,10.121126864603902,7.8,1,2026-08-19T14:08:17.085216,A
2017,3,00-0026176,J.Nelson,WR,GB,11.139602037230189,23.2,1,2026-08-19T14:08:17.085216,A
2017,3,00-0026189,D.Jackson,WR,TB,9.647214967880108,18.4,1,2026-08-19T14:08:17.085216,A
2017,3,00-0026345,P.Garcon,WR,SF,12.691207931574567,21.2,1,2026-08-19T14:08:17.085216,A
2017,3,00-0026901,M.Wallace,WR,BAL,5.309503580071428,2.0,1,2026-08-19T14:08:17.085216,A
2017,3,00-0026983,D.Heyward-Bey,WR,PIT,2.766593694067555,0.0,1,2026-08-19T14:08:17.085216,A
2017,3,00-0026986,M.Crabtree,WR,LV,13.275665531903392,1.7,1,2026-08-19T14:08:17.085216,A
2017,3,00-0026995,J.Maclin,WR,BAL,11.05350626227135,1.8,1,2026-08-19T14:08:17.085216,A
2017,3,00-0027006,K.Britt,WR,CLE,7.039130358131258,14.4,1,2026-08-19T14:08:17.085216,A
2017,3,00-0027057,B.Tate,WR,BUF,3.800248094067368,0.0,1,2026-08-19T14:08:17.085216,A
2017,3,00-0027654,A.Benn,WR,JAX,0.24181633875371303,0.0,1,2026-08-19T14:08:17.085216,A
2017,3,00-0027681,B.LaFell,WR,CIN,10.122507517584554,1.5,1,2026-08-19T14:08:17.085216,A
2017,3,00-0027685,E.Sanders,WR,DEN,9.82051861045537,14.5,1,2026-08-19T14:08:17.085216,A
2017,3,00-0027690,E.Decker,WR,TEN,7.6170726824532995,8.9,1,2026-08-19T14:08:17.085216,A
2017,3,00-0027691,A.Roberts,WR,ATL,2.9982731526899298,2.2,1,2026-08-19T14:08:17.085216,A
2017,3,00-0027793,A.Brown,WR,PIT,20.390167871951203,27.0,1,2026-08-19T14:08:17.085216,A
2017,3,00-0027874,D.Thomas,WR,DEN,13.200889545862998,15.8,1,2026-08-19T14:08:17.085216,A
2017,3,00-0027891,G.Tate,WR,DET,12.116310005272258,18.8,1,2026-08-19T14:08:17.085216,A
2017,3,00-0027902,D.Bryant,WR,DAL,14.37512994380572,9.2,1,2026-08-19T14:08:17.085216,A
2017,3,00-0027942,A.Green,WR,CIN,12.166326639932285,27.1,1,2026-08-19T14:08:17.085216,A
2017,3,00-0027944,J.Jones,WR,ATL,14.516119504464783,16.1,1,2026-08-19T14:08:17.085216,A
2017,3,00-0027996,T.Smith,WR,PHI,5.558609329640294,6.9,1,2026-08-19T14:08:17.085216,A
2017,3,00-0028091,J.Kerley,WR,NYJ,8.809472021576912,9.2,1,2026-08-19T14:08:17.085216,A
2017,3,00-0028116,A.Robinson,WR,SF,2.7599301213147456,4.3,1,2026-08-19T14:08:17.085216,A
2017,3,00-0028237,C.Hogan,WR,NE,8.444942852886793,22.8,1,2026-08-19T14:08:17.085216,A
2017,3,00-0028263,A.Holmes,WR,BUF,8.261446199519446,8.6,1,2026-08-19T14:08:17.085216,A
2017,3,00-0028411,D.Inman,WR,LAC,6.886638593498429,1.2,1,2026-08-19T14:08:17.085216,A
2017,3,00-0028434,D.Baldwin,WR,SEA,13.660347191953575,26.5,1,2026-08-19T14:08:17.085216,A
2017,3,00-0028497,K.Aiken,WR,IND,4.436274872534117,1.9,1,2026-08-19T14:08:17.085216,A
2017,3,00-0028702,C.Matthews,WR,BAL,0.8766321875031016,1.8,1,2026-08-19T14:08:17.085216,A
2017,3,00-0028825,T.Pryor,WR,WAS,11.19608797759259,3.9,1,2026-08-19T14:08:17.085216,A
2017,3,00-0029000,C.Beasley,WR,DAL,7.782158805658419,1.4,1,2026-08-19T14:08:17.085216,A
2017,3,00-0029137,A.Jeffery,WR,PHI,10.09949176428452,9.6,1,2026-08-19T14:08:17.085216,A
2017,3,00-0029159,J.Kearse,WR,NYJ,11.853965128848179,7.2,1,2026-08-19T14:08:17.085216,A
2017,3,00-0029269,T.Benjamin,WR,LAC,10.064548350536231,16.4,1,2026-08-19T14:08:17.085216,A
2017,3,00-0029293,M.Jones,WR,DET,12.017694772671451,5.4,1,2026-08-19T14:08:17.085216,A
2017,3,00-0029319,J.Bellamy,WR,CHI,5.480766654416611,0.0,1,2026-08-19T14:08:17.085216,A
2017,3,00-0029336,B.Golden,WR,ARI,5.180434768910724,3.1,1,2026-08-19T14:08:17.085216,A
2017,3,00-0029388,D.Thompson,WR,CHI,3.736938664755045,1.9,1,2026-08-19T14:08:17.085216,A
2017,3,00-0029572,J.Wright,WR,MIN,7.349883016022649,8.9,1,2026-08-19T14:08:17.085216,A
2017,3,00-0029580,R.Matthews,WR,TEN,11.589486746955915,20.7,1,2026-08-19T14:08:17.085216,A
2017,3,00-0029608,T.Hilton,WR,IND,10.882958723643176,28.3,1,2026-08-19T14:08:17.085216,A
2017,3,00-0029632,M.Sanu,WR,ATL,12.467911113511969,12.8,1,2026-08-19T14:08:17.085216,A
2017,3,00-0029640,B.Quick,WR,WAS,5.924615919372313,0.0,1,2026-08-19T14:08:17.085216,A
2017,3,00-0029708,K.Wright,WR,CHI,8.215262108618049,0.0,1,2026-08-19T14:08:17.085216,A
2017,3,00-0030035,A.Thielen,WR,MIN,16.853288441364302,14.8,1,2026-08-19T14:08:17.085216,A
2017,3,00-0030068,M.Goodwin,WR,SF,7.9720092803914175,8.2,1,2026-08-19T14:08:17.085216,A
2017,3,00-0030085,K.Stills,WR,MIA,7.9656226742791745,9.1,1,2026-08-19T14:08:17.085216,A
2017,3,00-0030147,R.Shepard,WR,CAR,8.785689479860842,0.0,1,2026-08-19T14:08:17.085216,A
2017,3,00-0030279,K.Allen,WR,LAC,14.701929810419237,11.1,1,2026-08-19T14:08:17.085216,A
2017,3,00-0030300,J.Brown,WR,ARI,6.2620759010747635,10.7,1,2026-08-19T14:08:17.085216,A
2017,3,00-0030431,R.Woods,WR,LA,9.597701403588278,16.8,1,2026-08-19T14:08:17.085216,A
2017,3,00-0030460,M.Wheaton,WR,CHI,3.4214123072031115,0.0,1,2026-08-19T14:08:17.085216,A
2017,3,00-0030516,B.Butler,WR,DAL,3.5554337152409428,17.0,1,2026-08-19T14:08:17.085216,A
2017,3,00-0030525,T.Austin,WR,LA,4.537140845327364,1.4,1,2026-08-19T14:08:17.085216,A
2017,3,00-0030542,T.Williams,WR,DAL,9.73635501102332,7.7,1,2026-08-19T14:08:17.085216,A
2017,3,00-0030564,D.Hopkins,WR,HOU,19.384662136372036,14.6,1,2026-08-19T14:08:17.085216,A
2017,3,00-0030669,A.Wilson,WR,KC,8.293940239052457,10.4,1,2026-08-19T14:08:17.085216,A
2017,3,00-0030670,B.Fowler,WR,DEN,7.1017172373631805,9.5,1,2026-08-19T14:08:17.085216,A
2017,3,00-0030743,B.Reedy,WR,TB,1.2681205098997181,1.9,1,2026-08-19T14:08:17.085216,A
2017,3,00-0030801,B.Coleman,WR,NO,7.019715143319518,8.1,1,2026-08-19T14:08:17.085216,A
2017,3,00-0030821,A.Hurns,WR,JAX,9.640714922205373,11.0,1,2026-08-19T14:08:17.085216,A
2017,3,00-0031021,J.Abbrederis,WR,DET,0.0,0.0,1,2026-08-19T14:08:17.085216,A
2017,3,00-0031025,M.Campanaro,WR,BAL,0.0,2.0,1,2026-08-19T14:08:17.085216,A
2017,3,00-0031060,D.Thomas,WR,KC,2.4181416220098764,2.4,1,2026-08-19T14:08:17.085216,A
2017,3,00-0031068,R.Grant,WR,WAS,7.1034634474108405,6.1,1,2026-08-19T14:08:17.085216,A
2017,3,00-0031166,S.Roberts,WR,LV,7.295763041369328,4.0,1,2026-08-19T14:08:17.085216,A
2017,3,00-0031189,T.Jones,WR,DET,2.7723031396909383,9.3,1,2026-08-19T14:08:17.085216,A
2017,3,00-0031228,T.Gabriel,WR,ATL,9.29914705107247,18.9,1,2026-08-19T14:08:17.085216,A
2017,3,00-0031235,O.Beckham,WR,NYG,10.210918059311163,28.9,1,2026-08-19T14:08:17.085216,A
2017,3,00-0031236,B.Cooks,WR,NE,12.811121797740253,30.1,1,2026-08-19T14:08:17.085216,A
2017,3,00-0031257,P.Richardson,WR,SEA,9.160726775898095,11.0,1,2026-08-19T14:08:17.085216,A
2017,3,00-0031315,M.Hazel,WR,IND,2.7244066133843514,0.0,1,2026-08-19T14:08:17.085216,A
2017,3,00-0031325,S.Watkins,WR,LA,11.938841349851248,28.6,1,2026-08-19T14:08:17.085216,A
2017,3,00-0031326,B.Ellington,WR,HOU,7.1244282692632765,15.8,1,2026-08-19T14:08:17.085216,A
2017,3,00-0031339,D.Moncrief,WR,IND,8.749974140821637,6.4,1,2026-08-19T14:08:17.085216,A
2017,3,00-0031344,C.Latimer,WR,DEN,3.259377339051838,0.0,1,2026-08-19T14:08:17.085216,A
2017,3,00-0031359,K.Benjamin,WR,CAR,10.011256599247774,2.8,1,2026-08-19T14:08:17.085216,A
2017,3,00-0031373,M.Bryant,WR,PIT,10.479668398641106,5.0,1,2026-08-19T14:08:17.085216,A
2017,3,00-0031381,D.Adams,WR,GB,11.5724163185798,9.0,1,2026-08-19T14:08:17.085216,A
2017,3,00-0031382,J.Landry,WR,MIA,13.919825290562382,10.8,1,2026-08-19T14:08:17.085216,A
2017,3,00-0031408,M.Evans,WR,TB,13.36413584650293,13.7,1,2026-08-19T14:08:17.085216,A
2017,3,00-0031431,M.Lee,WR,JAX,7.874107977656687,10.5,1,2026-08-19T14:08:17.085216,A
2017,3,00-0031514,Q.Bray,WR,IND,1.0302515549530773,3.2,1,2026-08-19T14:08:17.085216,A
2017,3,00-0031544,A.Cooper,WR,LV,14.591360308465639,1.6,1,2026-08-19T14:08:17.085216,A
2017,3,00-0031547,D.Parker,WR,MIA,8.53221310898124,21.6,1,2026-08-19T14:08:17.085216,A
2017,3,00-0031549,N.Agholor,WR,PHI,11.815636139373908,4.0,1,2026-08-19T14:08:17.085216,A
2017,3,00-0031570,J.Hardy,WR,ATL,4.364965532054047,0.0,1,2026-08-19T14:08:17.085216,A
2017,3,00-0031588,S.Diggs,WR,MIN,17.0701863047852,37.3,1,2026-08-19T14:08:17.085216,A
2017,3,00-0031782,E.Rogers,WR,PIT,9.742403718655959,0.0,1,2026-08-19T14:08:17.085216,A
2017,3,00-0031801,J.Leslie,WR,CLE,3.3121451592467346,3.6,1,2026-08-19T14:08:17.085216,A
2017,3,00-0031868,D.Byrd,WR,CAR,3.3464008887040353,0.0,1,2026-08-19T14:08:17.085216,A
2017,3,00-0031941,J.Crowder,WR,WAS,7.9413849794425815,11.2,1,2026-08-19T14:08:17.085216,A
2017,3,00-0032009,A.Humphries,WR,TB,9.66620155707135,12.8,1,2026-08-19T14:08:17.085216,A
2017,3,00-0032054,B.Perriman,WR,BAL,6.400263534032096,0.0,1,2026-08-19T14:08:17.085216,A
2017,3,00-0032112,J.Nelson,WR,ARI,10.795402543557444,0.0,1,2026-08-19T14:08:17.085216,A
2017,3,00-0032115,K.Clay,WR,BUF,1.974425513284292,3.8,1,2026-08-19T14:08:17.085216,A
2017,3,00-0032128,C.Conley,WR,KC,8.860358001677119,0.0,1,2026-08-19T14:08:17.085216,A
2017,3,00-0032160,T.Williams,WR,LAC,11.217973543975337,3.5,1,2026-08-19T14:08:17.085216,A
2017,3,00-0032200,T.Montgomery,WR,GB,10.101160255083537,13.0,1,2026-08-19T14:08:17.085216,A
2017,3,00-0032208,P.Dorsett,WR,NE,4.345091856862846,0.0,1,2026-08-19T14:08:17.085216,A
2017,3,00-0032211,T.Lockett,WR,SEA,8.759004713655463,5.0,1,2026-08-19T14:08:17.085216,A
2017,3,00-0032250,K.Williams,WR,CLE,3.534992394686212,2.0,1,2026-08-19T14:08:17.085216,A
2017,3,00-0032385,S.Shepard,WR,NYG,11.062607750136586,26.3,1,2026-08-19T14:08:17.085216,A
2017,3,00-0032398,C.Moore,WR,BAL,3.2902156948883916,0.0,1,2026-08-19T14:08:17.085216,A
2017,3,00-0032475,T.McEvoy,WR,SEA,2.607282551731099,0.0,1,2026-08-19T14:08:17.085216,A
2017,3,00-0032543,A.Erickson,WR,CIN,2.3394903733421906,0.0,1,2026-08-19T14:08:17.085216,A
2017,3,00-0032626,G.Allison,WR,GB,7.5687637283160605,18.2,1,2026-08-19T14:08:17.085216,A
2017,3,00-0032659,Ro.Lewis,WR,NYG,4.182852945481106,1.6,1,2026-08-19T14:08:17.085216,A
2017,3,00-0032688,R.Chosen,WR,NYJ,8.236410676777322,18.5,1,2026-08-19T14:08:17.085216,A
2017,3,00-0032760,J.Doctson,WR,WAS,1.867536504960403,12.2,1,2026-08-19T14:08:17.085216,A
2017,3,00-0032765,M.Thomas,WR,NO,13.674574677104165,21.7,1,2026-08-19T14:08:17.085216,A
2017,3,00-0032775,D.Robinson,WR,KC,2.9808413406782215,2.9,1,2026-08-19T14:08:17.085216,A
2017,3,00-0032791,J.Grant,WR,MIA,2.778132517398724,2.2,1,2026-08-19T14:08:17.085216,A
2017,3,00-0032795,C.Core,WR,CIN,3.0457171727042693,0.0,1,2026-08-19T14:08:17.085216,A
2017,3,00-0032881,T.Lewis,WR,NO,4.696776692832592,5.3,1,2026-08-19T14:08:17.085216,A
2017,3,00-0032935,J.Holton,WR,LV,1.315666055071776,0.0,1,2026-08-19T14:08:17.085216,A
2017,3,00-0032937,M.McCaffrey,WR,JAX,0.1616349577675739,0.0,1,2026-08-19T14:08:17.085216,A
2017,3,00-0032951,L.Treadwell,WR,MIN,7.341562623044211,1.2,1,2026-08-19T14:08:17.085216,A
2017,3,00-0032959,C.Peake,WR,NYJ,2.7093624636846623,0.0,1,2026-08-19T14:08:17.085216,A
2017,3,00-0032977,R.Higgins,WR,CLE,9.724838537070056,3.0,1,2026-08-19T14:08:17.085216,A
2017,3,00-0032980,M.Johnson,WR,PHI,1.856465373873493,0.0,1,2026-08-19T14:08:17.085216,A
2017,3,00-0033009,T.Boyd,WR,CIN,7.348275139100681,2.1,1,2026-08-19T14:08:17.085216,A
2017,3,00-0033040,T.Hill,WR,KC,16.056379725125762,20.0,1,2026-08-19T14:08:17.085216,A
2017,3,00-0033060,L.Carroo,WR,MIA,2.467023137035809,0.0,1,2026-08-19T14:08:17.085216,A
2017,3,00-0033069,B.Miller,WR,HOU,3.9704041739341447,2.5,1,2026-08-19T14:08:17.085216,A
2017,3,00-0033079,R.Louis,WR,CLE,6.192102480365314,2.0,1,2026-08-19T14:08:17.085216,A
2017,3,00-0033111,P.Cooper,WR,LA,3.275500502706242,1.4,1,2026-08-19T14:08:17.085216,A
2017,3,00-0033282,C.Samuel,WR,CAR,5.464807391662907,5.6,1,2026-08-19T14:08:17.085216,A
2017,3,00-0033292,T.Taylor,WR,SF,4.898418142005037,12.2,1,2026-08-19T14:08:17.085216,A
2017,3,00-0033306,V.Bolden,WR,SF,1.5938416025526814,0.0,1,2026-08-19T14:08:17.085216,A
2017,3,00-0033466,I.McKenzie,WR,DEN,2.744815119845671,0.4,1,2026-08-19T14:08:17.085216,A
2017,3,00-0033555,M.Hollins,WR,PHI,4.047693278922069,0.0,1,2026-08-19T14:08:17.085216,A
2017,3,00-0033562,R.Switzer,WR,DAL,1.5362950799843034,0.3,1,2026-08-19T14:08:17.085216,A
2017,3,00-0033591,N.Brown,WR,DAL,2.656451713831152,2.3,1,2026-08-19T14:08:17.085216,A
2017,3,00-0033681,K.Cole,WR,JAX,3.547490292764796,2.3,1,2026-08-19T14:08:17.085216,A
2017,3,00-0033857,J.Smith-Schuster,WR,PIT,5.946805117714717,5.9,1,2026-08-19T14:08:17.085216,A
2017,3,00-0033891,Z.Jones,WR,BUF,8.409841846760909,0.0,1,2026-08-19T14:08:17.085216,A
2017,3,00-0033911,T.Taylor,WR,TEN,5.010793919754365,3.5,1,2026-08-19T14:08:17.085216,A
2017,3,00-0033916,A.Stewart,WR,NYJ,1.4178465036427148,3.4,1,2026-08-19T14:08:17.085216,A
2017,3,00-0033921,C.Godwin,WR,TB,5.794574414006352,7.4,1,2026-08-19T14:08:17.085216,A
2017,3,00-0033932,K.Golladay,WR,DET,12.514938975712324,4.5,1,2026-08-19T14:08:17.085216,A
2017,3,00-0033933,C.Williams,WR,ARI,4.8494416795106625,1.8,1,2026-08-19T14:08:17.085216,A
2017,3,00-0033937,A.Darboh,WR,SEA,3.073168645815015,0.0,1,2026-08-19T14:08:17.085216,A
2017,3,00-0033943,J.Reynolds,WR,LA,4.234545631493783,0.0,1,2026-08-19T14:08:17.085216,A
2017,3,00-0021547,A.Gates,TE,LAC,7.5885250637043935,5.0,1,2026-08-19T14:08:17.085216,A
2017,3,00-0022127,J.Witten,TE,DAL,16.907801916268337,1.3,1,2026-08-19T14:08:17.085216,A
2017,3,00-0022943,B.Watson,TE,BAL,7.952975886180201,10.2,1,2026-08-19T14:08:17.085216,A
2017,3,00-0024221,V.Davis,TE,WAS,3.5353361943273667,16.8,1,2026-08-19T14:08:17.085216,A
2017,3,00-0024243,M.Lewis,TE,JAX,3.180369525990684,28.2,1,2026-08-19T14:08:17.085216,A
2017,3,00-0024268,A.Fasano,TE,MIA,3.1135660416217195,0.0,1,2026-08-19T14:08:17.085216,A
2017,3,00-0024389,De.Walker,TE,TEN,12.373341325017531,7.1,1,2026-08-19T14:08:17.085216,A
2017,3,00-0025549,B.Celek,TE,PHI,3.160085125959885,0.0,1,2026-08-19T14:08:17.085216,A
2017,3,00-0026201,M.Bennett,TE,GB,10.9623912834974,4.2,1,2026-08-19T14:08:17.085216,A
2017,3,00-0027061,J.Cook,TE,LV,12.0711306363727,14.3,1,2026-08-19T14:08:17.085216,A
2017,3,00-0027125,Z.Miller,TE,CHI,6.563696947977474,2.7,1,2026-08-19T14:08:17.085216,A
2017,3,00-0027215,L.Paulsen,TE,SF,0.46460754735878174,0.0,1,2026-08-19T14:08:17.085216,A
2017,3,00-0027656,R.Gronkowski,TE,NE,11.454638658085976,22.9,1,2026-08-19T14:08:17.085216,A
2017,3,00-0027675,E.Dickson,TE,CAR,4.2971917417106615,1.8,1,2026-08-19T14:08:17.085216,A
2017,3,00-0027696,J.Graham,TE,SEA,6.8470980126663665,14.2,1,2026-08-19T14:08:17.085216,A
2017,3,00-0027732,M.Hoomanawanui,TE,NO,1.6680015230792862,0.0,1,2026-08-19T14:08:17.085216,A
2017,3,00-0027873,J.Gresham,TE,ARI,6.630883360940411,9.7,1,2026-08-19T14:08:17.085216,A
2017,3,00-0027981,K.Rudolph,TE,MIN,11.413246160460332,1.4,1,2026-08-19T14:08:17.085216,A
2017,3,00-0027985,L.Kendricks,TE,GB,3.399471970548269,13.2,1,2026-08-19T14:08:17.085216,A
2017,3,00-0028042,L.Stocker,TE,TB,2.541342303650138,0.0,1,2026-08-19T14:08:17.085216,A
2017,3,00-0028067,J.Thomas,TE,MIA,7.163034581135015,4.6,1,2026-08-19T14:08:17.085216,A
2017,3,00-0028093,N.Paul,TE,WAS,0.49059697081349535,0.7,1,2026-08-19T14:08:17.085216,A
2017,3,00-0028097,L.Smith,TE,LV,2.388504940034371,0.0,1,2026-08-19T14:08:17.085216,A
2017,3,00-0028112,C.Clay,TE,BUF,11.218959707504537,15.9,1,2026-08-19T14:08:17.085216,A
2017,3,00-0028142,V.Green,TE,DEN,6.210317666320545,4.8,1,2026-08-19T14:08:17.085216,A
2017,3,00-0028903,G.Celek,TE,SF,1.7232619196518177,7.1,1,2026-08-19T14:08:17.085216,A
2017,3,00-0028987,P.Supernaw,TE,TEN,0.5493465385565075,1.3,1,2026-08-19T14:08:17.085216,A
2017,3,00-0029119,D.Carrier,TE,LA,2.251759649673455,2.7,1,2026-08-19T14:08:17.085216,A
2017,3,00-0029391,S.McGrath,TE,LAC,1.7049292156117541,0.0,1,2026-08-19T14:08:17.085216,A
2017,3,00-0029587,R.Ellison,TE,NYG,3.3995416579461737,0.0,1,2026-08-19T14:08:17.085216,A
2017,3,00-0029634,J.Hanna,TE,DAL,2.4559433939003354,0.0,1,2026-08-19T14:08:17.085216,A
2017,3,00-0029689,D.Allen,TE,NE,4.053599220637978,0.0,1,2026-08-19T14:08:17.085216,A
2017,3,00-0029697,C.Fleener,TE,NO,10.49681298091296,3.1,1,2026-08-19T14:08:17.085216,A
2017,3,00-0029738,D.Fells,TE,DET,2.8671104303118016,1.8,1,2026-08-19T14:08:17.085216,A
2017,3,00-0029740,I.Momah,TE,ARI,2.079346554813567,0.0,1,2026-08-19T14:08:17.085216,A
2017,3,00-0029793,B.Williams,TE,IND,1.405578367618296,1.7,1,2026-08-19T14:08:17.085216,A
2017,3,00-0029878,M.Gray,TE,MIA,2.5620142487045197,0.0,1,2026-08-19T14:08:17.085216,A
2017,3,00-0030061,Z.Ertz,TE,PHI,16.87403740064621,17.5,1,2026-08-19T14:08:17.085216,A
2017,3,00-0030089,L.Willson,TE,SEA,2.9351823164219186,14.3,1,2026-08-19T14:08:17.085216,A
2017,3,00-0030108,R.Griffin,TE,HOU,4.751656471887071,17.1,1,2026-08-19T14:08:17.085216,A
2017,3,00-0030155,D.Harris,TE,KC,5.020359487378999,0.0,1,2026-08-19T14:08:17.085216,A
2017,3,00-0030181,J.Doyle,TE,IND,7.937305220152294,1.6,1,2026-08-19T14:08:17.085216,A
2017,3,00-0030216,J.Hill,TE,NO,2.6519799214086373,1.3,1,2026-08-19T14:08:17.085216,A
2017,3,00-0030422,D.Sims,TE,CHI,4.9798687586897294,0.0,1,2026-08-19T14:08:17.085216,A
2017,3,00-0030443,L.Toilolo,TE,ATL,3.071538910056953,0.0,1,2026-08-19T14:08:17.085216,A
2017,3,00-0030470,V.McDonald,TE,PIT,5.724740574712342,0.0,1,2026-08-19T14:08:17.085216,A
2017,3,00-0030506,T.Kelce,TE,KC,15.295641714710202,1.1,1,2026-08-19T14:08:17.085216,A
2017,3,00-0030710,T.Burton,TE,PHI,1.9671714075684146,2.7,1,2026-08-19T14:08:17.085216,A
2017,3,00-0030780,R.Hewitt,TE,CIN,0.26685248943235396,0.0,1,2026-08-19T14:08:17.085216,A
2017,3,00-0031035,X.Grimble,TE,PIT,1.1562957788570531,0.0,1,2026-08-19T14:08:17.085216,A
2017,3,00-0031044,T.Niklas,TE,ARI,2.352060442900305,2.0,1,2026-08-19T14:08:17.085216,A
2017,3,00-0031260,L.Thomas,TE,BUF,0.9027962448208847,0.0,1,2026-08-19T14:08:17.085216,A
2017,3,00-0031273,C.Brate,TE,TB,6.752130248844956,13.3,1,2026-08-19T14:08:17.085216,A
2017,3,00-0031299,J.Matthews,TE,BUF,8.523294140271481,9.1,1,2026-08-19T14:08:17.085216,A
2017,3,00-0031384,R.Rodgers,TE,GB,3.09191087076913,0.0,1,2026-08-19T14:08:17.085216,A
2017,3,00-0031387,E.Ebron,TE,DET,8.174812456863945,2.9,1,2026-08-19T14:08:17.085216,A
2017,3,00-0031418,A.Seferian-Jenkins,TE,NYJ,4.025960089781864,8.1,1,2026-08-19T14:08:17.085216,A
2017,3,00-0031484,C.Manhertz,TE,CAR,1.6049452165615679,0.0,1,2026-08-19T14:08:17.085216,A
2017,3,00-0031533,R.Telfer,TE,CLE,2.27400574282321,1.4,1,2026-08-19T14:08:17.085216,A
2017,3,00-0031598,N.Boyle,TE,BAL,3.152506365430314,3.4,1,2026-08-19T14:08:17.085216,A
2017,3,00-0031609,A.Derby,TE,DEN,3.930492818309034,1.5,1,2026-08-19T14:08:17.085216,A
2017,3,00-0031951,J.O'Shaughnessy,TE,JAX,1.5434377853088046,2.2,1,2026-08-19T14:08:17.085216,A
2017,3,00-0032004,W.Tye,TE,NYJ,6.948146711236693,0.0,1,2026-08-19T14:08:17.085216,A
2017,3,00-0032055,D.Funchess,TE,CAR,9.886695649340682,9.8,1,2026-08-19T14:08:17.085216,A
2017,3,00-0032062,B.Bell,TE,MIN,2.8100657764081465,0.0,1,2026-08-19T14:08:17.085216,A
2017,3,00-0032117,N.O'Leary,TE,BUF,1.317920635962479,4.1,1,2026-08-19T14:08:17.085216,A
2017,3,00-0032120,N.Sterling,TE,NYJ,3.7080603271366934,0.0,1,2026-08-19T14:08:17.085216,A
2017,3,00-0032134,C.Uzomah,TE,CIN,4.216347745787362,0.0,1,2026-08-19T14:08:17.085216,A
2017,3,00-0032135,J.James,TE,PIT,13.688669279136597,3.9,1,2026-08-19T14:08:17.085216,A
2017,3,00-0032139,B.Koyack,TE,JAX,1.9631930523348766,0.0,1,2026-08-19T14:08:17.085216,A
2017,3,00-0032141,G.Swaim,TE,DAL,2.468660307358691,0.0,1,2026-08-19T14:08:17.085216,A
2017,3,00-0032214,T.Kroft,TE,CIN,1.9905472359542196,5.8,1,2026-08-19T14:08:17.085216,A
2017,3,00-0032227,J.Heuerman,TE,DEN,4.344208118705923,0.0,1,2026-08-19T14:08:17.085216,A
2017,3,00-0032256,C.Walford,TE,LV,1.9095560711377426,0.9,1,2026-08-19T14:08:17.085216,A
2017,3,00-0032319,R.Travis,TE,KC,1.4158617375733542,0.0,1,2026-08-19T14:08:17.085216,A
2017,3,00-0032392,A.Hooper,TE,ATL,12.316775264497801,1.9,1,2026-08-19T14:08:17.085216,A
2017,3,00-0032394,N.Vannett,TE,SEA,2.0288318216810115,0.0,1,2026-08-19T14:08:17.085216,A
2017,3,00-0032725,S.Anderson,TE,HOU,3.057676233787922,2.4,1,2026-08-19T14:08:17.085216,A
2017,3,00-0032745,A.Cross,TE,TB,1.563405240472916,1.5,1,2026-08-19T14:08:17.085216,A
2017,3,00-0033080,S.DeValve,TE,CLE,6.028967910497281,4.9,1,2026-08-19T14:08:17.085216,A
2017,3,00-0033090,H.Henry,TE,LAC,6.309777641024578,0.0,1,2026-08-19T14:08:17.085216,A
2017,3,00-0033110,T.Higbee,TE,LA,4.4783369585275405,1.4,1,2026-08-19T14:08:17.085216,A
2017,3,00-0033258,D.Daniels,TE,IND,1.098445236491544,1.6,1,2026-08-19T14:08:17.085216,A
2017,3,00-0033288,G.Kittle,TE,SF,5.559478828682597,1.8,1,2026-08-19T14:08:17.085216,A
2017,3,00-0033338,C.Carter,TE,CIN,4.416703523153907,0.0,1,2026-08-19T14:08:17.085216,A
2017,3,00-0033387,J.Hollister,TE,NE,3.7006221404469115,2.9,1,2026-08-19T14:08:17.085216,A
2017,3,00-0033528,J.Sprinkle,TE,WAS,4.5157942320207916,0.0,1,2026-08-19T14:08:17.085216,A
2017,3,00-0033559,M.Roberts,TE,DET,0.354284871170911,0.0,1,2026-08-19T14:08:17.085216,A
2017,3,00-0033576,E.Saubert,TE,ATL,1.2978420083931703,0.0,1,2026-08-19T14:08:17.085216,A
2017,3,00-0033858,J.Smith,TE,TEN,4.90040750037502,9.4,1,2026-08-19T14:08:17.085216,A
2017,3,00-0033879,O.Howard,TE,TB,5.167974260506136,2.2,1,2026-08-19T14:08:17.085216,A
2017,3,00-0033881,E.Engram,TE,NYG,8.16624639057144,9.5,1,2026-08-19T14:08:17.085216,A
2017,3,00-0033885,D.Njoku,TE,CLE,5.891099289724971,9.2,1,2026-08-19T14:08:17.085216,A
2017,3,00-0033895,G.Everett,TE,LA,6.7141350090135274,0.0,1,2026-08-19T14:08:17.085216,A
2017,3,00-0033896,A.Shaheen,TE,CHI,1.3510842454654786,7.2,1,2026-08-19T14:08:17.085216,A
2017,4,00-0023500,F.Gore,RB,IND,9.833511614885456,11.0,1,2026-08-19T14:08:17.085216,A
2017,4,00-0025394,A.Peterson,RB,NO,5.853834509322577,0.4,1,2026-08-19T14:08:17.085216,A
2017,4,00-0025399,M.Lynch,RB,LV,8.683925607437432,1.2,1,2026-08-19T14:08:17.085216,A
2017,4,00-0026153,J.Stewart,RB,CAR,13.695564486116979,4.8,1,2026-08-19T14:08:17.085216,A
2017,4,00-0026164,C.Johnson,RB,ARI,8.37649093220712,9.3,1,2026-08-19T14:08:17.085216,A
2017,4,00-0026213,J.Charles,RB,DEN,7.398067593368372,5.7,1,2026-08-19T14:08:17.085216,A
2017,4,00-0027029,L.McCoy,RB,BUF,19.935117404828233,13.8,1,2026-08-19T14:08:17.085216,A
2017,4,00-0027325,L.Blount,RB,PHI,7.027603410442377,16.6,1,2026-08-19T14:08:17.085216,A
2017,4,00-0027531,C.Ivory,RB,JAX,9.064163804821561,5.4,1,2026-08-19T14:08:17.085216,A
2017,4,00-0027966,M.Ingram,RB,NO,12.982088200969015,10.2,1,2026-08-19T14:08:17.085216,A
2017,4,00-0027994,S.Vereen,RB,NYG,8.033344073028905,3.5,1,2026-08-19T14:08:17.085216,A
2017,4,00-0028009,D.Murray,RB,TEN,12.674546502743363,5.5,1,2026-08-19T14:08:17.085216,A
2017,4,00-0028064,B.Powell,RB,NYJ,6.6863233505546,29.0,1,2026-08-19T14:08:17.085216,A
2017,4,00-0028083,J.Rodgers,RB,TB,10.310601204707147,12.8,1,2026-08-19T14:08:17.085216,A
2017,4,00-0028087,D.Lewis,RB,NE,5.770331577998334,9.7,1,2026-08-19T14:08:17.085216,A
2017,4,00-0029141,A.Morris,RB,DAL,4.087164883992504,7.6,1,2026-08-19T14:08:17.085216,A
2017,4,00-0029205,T.Cadet,RB,NYJ,4.199734459792744,0.0,1,2026-08-19T14:08:17.085216,A
2017,4,00-0029273,R.Turbin,RB,IND,4.242575165443438,6.8,1,2026-08-19T14:08:17.085216,A
2017,4,00-0029615,L.Miller,RB,HOU,12.881336426877978,29.1,1,2026-08-19T14:08:17.085216,A
2017,4,00-0029731,F.Whittaker,RB,CAR,2.524901326922005,12.4,1,2026-08-19T14:08:17.085216,A
2017,4,00-0029795,B.Cunningham,RB,CHI,2.3268604039938556,2.6,1,2026-08-19T14:08:17.085216,A
2017,4,00-0029854,C.Anderson,RB,DEN,15.795382004399922,15.2,1,2026-08-19T14:08:17.085216,A
2017,4,00-0030107,T.Riddick,RB,DET,9.889130659719179,2.2,1,2026-08-19T14:08:17.085216,A
2017,4,00-0030117,K.Williams,RB,ARI,4.785592654784605,1.9,1,2026-08-19T14:08:17.085216,A
2017,4,00-0030287,A.Ellington,RB,ARI,9.7002295067701,19.4,1,2026-08-19T14:08:17.085216,A
2017,4,00-0030404,C.Thompson,RB,WAS,12.300331451931346,3.7,1,2026-08-19T14:08:17.085216,A
2017,4,00-0030433,M.Gillislee,RB,NE,10.853581940798716,4.9,1,2026-08-19T14:08:17.085216,A
2017,4,00-0030456,G.Bernard,RB,CIN,7.30713802319536,16.9,1,2026-08-19T14:08:17.085216,A
2017,4,00-0030485,E.Lacy,RB,SEA,7.823402362741611,5.2,1,2026-08-19T14:08:17.085216,A
2017,4,00-0030496,L.Bell,RB,PIT,17.676096589266674,34.6,1,2026-08-19T14:08:17.085216,A
2017,4,00-0030513,L.Murray,RB,MIN,3.839256505803608,4.9,1,2026-08-19T14:08:17.085216,A
2017,4,00-0030578,C.Patterson,RB,LV,6.557718135236868,9.5,1,2026-08-19T14:08:17.085216,A
2017,4,00-0030656,I.Crowell,RB,CLE,10.552694243267087,3.7,1,2026-08-19T14:08:17.085216,A
2017,4,00-0030668,C.West,RB,KC,5.932630804539924,8.5,1,2026-08-19T14:08:17.085216,A
2017,4,00-0030711,D.Fluellen,RB,TEN,4.19149831135553,0.3,1,2026-08-19T14:08:17.085216,A
2017,4,00-0030874,D.Williams,RB,MIA,3.202929908316487,0.1,1,2026-08-19T14:08:17.085216,A
2017,4,00-0031045,C.Hyde,RB,SF,16.078001580880414,14.5,1,2026-08-19T14:08:17.085216,A
2017,4,00-0031062,J.White,RB,NE,12.688232995157453,15.4,1,2026-08-19T14:08:17.085216,A
2017,4,00-0031075,A.Blue,RB,HOU,4.44986997399709,1.2,1,2026-08-19T14:08:17.085216,A
2017,4,00-0031277,B.Oliver,RB,LAC,6.705209756196632,1.3,1,2026-08-19T14:08:17.085216,A
2017,4,00-0031285,D.Freeman,RB,ATL,16.899388362989114,15.8,1,2026-08-19T14:08:17.085216,A
2017,4,00-0031301,J.Hill,RB,CIN,6.204474722136461,3.6,1,2026-08-19T14:08:17.085216,A
2017,4,00-0031375,T.West,RB,BAL,8.619324742345562,-0.7,1,2026-08-19T14:08:17.085216,A
2017,4,00-0031376,J.McKinnon,RB,MIN,6.874653722888144,-2.0,1,2026-08-19T14:08:17.085216,A
2017,4,00-0031390,C.Sims,RB,TB,6.206025675248637,3.1,1,2026-08-19T14:08:17.085216,A
2017,4,00-0031577,J.Allen,RB,BAL,13.524390977057546,10.4,1,2026-08-19T14:08:17.085216,A
2017,4,00-0031590,J.Ajayi,RB,MIA,10.813563103394355,6.4,1,2026-08-19T14:08:17.085216,A
2017,4,00-0031665,Z.Zenner,RB,DET,8.112952679820424,0.0,1,2026-08-19T14:08:17.085216,A
2017,4,00-0031731,C.Grant,RB,JAX,6.1428066136675685,1.4,1,2026-08-19T14:08:17.085216,A
2017,4,00-0031743,A.Hunt,RB,KC,3.0527073796427766,0.0,1,2026-08-19T14:08:17.085216,A
2017,4,00-0031793,T.Watson,RB,PIT,1.912575908364686,0.1,1,2026-08-19T14:08:17.085216,A
2017,4,00-0031806,M.Brown,RB,LA,4.964496188773506,2.4,1,2026-08-19T14:08:17.085216,A
2017,4,00-0031939,M.Jones,RB,IND,4.857254711060796,1.1,1,2026-08-19T14:08:17.085216,A
2017,4,00-0032058,T.Coleman,RB,ATL,12.943582468082923,18.2,1,2026-08-19T14:08:17.085216,A
2017,4,00-0032104,A.Abdullah,RB,DET,11.118359089733513,19.9,1,2026-08-19T14:08:17.085216,A
2017,4,00-0032144,M.Gordon,RB,LAC,14.028372667821824,3.9,1,2026-08-19T14:08:17.085216,A
2017,4,00-0032241,T.Gurley,RB,LA,21.959647243277804,34.5,1,2026-08-19T14:08:17.085216,A
2017,4,00-0032257,D.Johnson,RB,CLE,10.93353123071898,21.0,1,2026-08-19T14:08:17.085216,A
2017,4,00-0032371,R.Kelley,RB,WAS,4.50065991321091,2.3,1,2026-08-19T14:08:17.085216,A
2017,4,00-0032404,T.Ervin,RB,HOU,5.195168127399367,0.0,1,2026-08-19T14:08:17.085216,A
2017,4,00-0032417,P.Perkins,RB,NYG,8.0226315339562,2.9,1,2026-08-19T14:08:17.085216,A
2017,4,00-0032426,A.Collins,RB,BAL,6.9144207246511185,6.2,1,2026-08-19T14:08:17.085216,A
2017,4,00-0032602,J.McKissic,RB,SEA,5.484230538507244,19.5,1,2026-08-19T14:08:17.085216,A
2017,4,00-0032741,P.Barber,RB,TB,5.959380640431254,0.2,1,2026-08-19T14:08:17.085216,A
2017,4,00-0032780,J.Howard,RB,CHI,12.72699000191564,14.3,1,2026-08-19T14:08:17.085216,A
2017,4,00-0032782,W.Smallwood,RB,PHI,6.085804028256527,17.9,1,2026-08-19T14:08:17.085216,A
2017,4,00-0032813,E.Penny,RB,ARI,2.222415153161573,0.1,1,2026-08-19T14:08:17.085216,A
2017,4,00-0032940,D.Washington,RB,LV,7.211153750205914,0.4,1,2026-08-19T14:08:17.085216,A
2017,4,00-0032972,D.Booker,RB,DEN,11.13062568232249,1.4,1,2026-08-19T14:08:17.085216,A
2017,4,00-0033025,J.Richard,RB,LV,6.395768120728298,3.7,1,2026-08-19T14:08:17.085216,A
2017,4,00-0033045,E.Elliott,RB,DAL,19.88795666596042,29.9,1,2026-08-19T14:08:17.085216,A
2017,4,00-0033118,K.Drake,RB,MIA,3.7261318542002684,3.1,1,2026-08-19T14:08:17.085216,A
2017,4,00-0033293,A.Jones,RB,GB,6.2883538456911765,10.9,1,2026-08-19T14:08:17.085216,A
2017,4,00-0033295,E.McGuire,RB,NYJ,3.9876637234292276,21.1,1,2026-08-19T14:08:17.085216,A
2017,4,00-0033308,M.Breida,RB,SF,6.549004809605313,3.0,1,2026-08-19T14:08:17.085216,A
2017,4,00-0033526,S.Perine,RB,WAS,9.711327627152757,2.7,1,2026-08-19T14:08:17.085216,A
2017,4,00-0033553,J.Conner,RB,PIT,3.2736569277748786,2.6,1,2026-08-19T14:08:17.085216,A
2017,4,00-0033556,T.Cohen,RB,CHI,13.641297098668439,8.8,1,2026-08-19T14:08:17.085216,A
2017,4,00-0033594,C.Carson,RB,SEA,11.166324987522154,9.6,1,2026-08-19T14:08:17.085216,A
2017,4,00-0033596,M.Dayes,RB,CLE,2.8328950570527214,0.2,1,2026-08-19T14:08:17.085216,A
2017,4,00-0033699,A.Ekeler,RB,LAC,3.773267506876377,13.8,1,2026-08-19T14:08:17.085216,A
2017,4,00-0033725,C.Clement,RB,PHI,3.312961951104334,3.0,1,2026-08-19T14:08:17.085216,A
2017,4,00-0033856,L.Fournette,RB,JAX,15.191729154655208,24.5,1,2026-08-19T14:08:17.085216,A
2017,4,00-0033893,D.Cook,RB,MIN,14.396862404912817,12.4,1,2026-08-19T14:08:17.085216,A
2017,4,00-0033897,J.Mixon,RB,CIN,10.776001866838351,8.8,1,2026-08-19T14:08:17.085216,A
2017,4,00-0033906,A.Kamara,RB,NO,10.475817727322257,25.6,1,2026-08-19T14:08:17.085216,A
2017,4,00-0033923,K.Hunt,RB,KC,19.82509473881642,16.1,1,2026-08-19T14:08:17.085216,A
2017,4,00-0033925,D.Foreman,RB,HOU,7.174861691435636,4.5,1,2026-08-19T14:08:17.085216,A
2017,4,00-0033948,J.Williams,RB,GB,4.505250438087191,2.3,1,2026-08-19T14:08:17.085216,A
2017,4,00-0033950,W.Gallman,RB,NYG,2.63277087898988,13.0,1,2026-08-19T14:08:17.085216,A
2017,4,00-0022921,L.Fitzgerald,WR,ARI,16.03866430276128,13.2,1,2026-08-19T14:08:17.085216,A
2017,4,00-0024334,B.Marshall,WR,NYG,8.76504107830239,10.6,1,2026-08-19T14:08:17.085216,A
2017,4,00-0025396,T.Ginn,WR,NO,8.256211665634002,5.4,1,2026-08-19T14:08:17.085216,A
2017,4,00-0026035,D.Amendola,WR,NE,13.878227337567058,16.2,1,2026-08-19T14:08:17.085216,A
2017,4,00-0026176,J.Nelson,WR,GB,11.751935660175949,23.5,1,2026-08-19T14:08:17.085216,A
2017,4,00-0026189,D.Jackson,WR,TB,7.90184900949558,4.0,1,2026-08-19T14:08:17.085216,A
2017,4,00-0026345,P.Garcon,WR,SF,13.739512447833132,7.6,1,2026-08-19T14:08:17.085216,A
2017,4,00-0026901,M.Wallace,WR,BAL,5.640562799805092,17.5,1,2026-08-19T14:08:17.085216,A
2017,4,00-0026983,D.Heyward-Bey,WR,PIT,2.559818940823547,0.3,1,2026-08-19T14:08:17.085216,A
2017,4,00-0026995,J.Maclin,WR,BAL,11.056353082106853,5.1,1,2026-08-19T14:08:17.085216,A
2017,4,00-0027006,K.Britt,WR,CLE,7.744492893815443,8.2,1,2026-08-19T14:08:17.085216,A
2017,4,00-0027654,A.Benn,WR,JAX,1.1017628280055594,0.0,1,2026-08-19T14:08:17.085216,A
2017,4,00-0027681,B.LaFell,WR,CIN,8.709194821557006,3.7,1,2026-08-19T14:08:17.085216,A
2017,4,00-0027685,E.Sanders,WR,DEN,15.96718621710145,6.7,1,2026-08-19T14:08:17.085216,A
2017,4,00-0027690,E.Decker,WR,TEN,9.617313688822962,3.3,1,2026-08-19T14:08:17.085216,A
2017,4,00-0027691,A.Roberts,WR,ATL,3.8148392554092005,0.0,1,2026-08-19T14:08:17.085216,A
2017,4,00-0027793,A.Brown,WR,PIT,19.47865223166506,7.4,1,2026-08-19T14:08:17.085216,A
2017,4,00-0027874,D.Thomas,WR,DEN,13.689346217872455,2.1,1,2026-08-19T14:08:17.085216,A
2017,4,00-0027891,G.Tate,WR,DET,12.01438832585444,6.1,1,2026-08-19T14:08:17.085216,A
2017,4,00-0027902,D.Bryant,WR,DAL,14.017716930634307,14.8,1,2026-08-19T14:08:17.085216,A
2017,4,00-0027942,A.Green,WR,CIN,16.86940795371717,17.3,1,2026-08-19T14:08:17.085216,A
2017,4,00-0027944,J.Jones,WR,ATL,16.41943281961958,6.0,1,2026-08-19T14:08:17.085216,A
2017,4,00-0027996,T.Smith,WR,PHI,10.093215736519937,1.9,1,2026-08-19T14:08:17.085216,A
2017,4,00-0028002,R.Cobb,WR,GB,15.979549934164918,14.4,1,2026-08-19T14:08:17.085216,A
2017,4,00-0028091,J.Kerley,WR,NYJ,7.784580081991965,8.7,1,2026-08-19T14:08:17.085216,A
2017,4,00-0028116,A.Robinson,WR,SF,4.344210488887528,8.2,1,2026-08-19T14:08:17.085216,A
2017,4,00-0028237,C.Hogan,WR,NE,11.55189470514474,17.0,1,2026-08-19T14:08:17.085216,A
2017,4,00-0028263,A.Holmes,WR,BUF,7.820525229921106,2.0,1,2026-08-19T14:08:17.085216,A
2017,4,00-0028411,D.Inman,WR,LAC,3.436145104268039,1.7,1,2026-08-19T14:08:17.085216,A
2017,4,00-0028434,D.Baldwin,WR,SEA,12.280564247878011,6.5,1,2026-08-19T14:08:17.085216,A
2017,4,00-0028497,K.Aiken,WR,IND,3.602540096414715,1.4,1,2026-08-19T14:08:17.085216,A
2017,4,00-0028702,C.Matthews,WR,BAL,0.41042971007952467,2.2,1,2026-08-19T14:08:17.085216,A
2017,4,00-0028825,T.Pryor,WR,WAS,8.252884658186433,16.0,1,2026-08-19T14:08:17.085216,A
2017,4,00-0029000,C.Beasley,WR,DAL,7.602411276466328,4.7,1,2026-08-19T14:08:17.085216,A
2017,4,00-0029137,A.Jeffery,WR,PHI,14.778066734822072,11.9,1,2026-08-19T14:08:17.085216,A
2017,4,00-0029159,J.Kearse,WR,NYJ,12.959254520294438,5.7,1,2026-08-19T14:08:17.085216,A
2017,4,00-0029269,T.Benjamin,WR,LAC,9.817142733745968,4.1,1,2026-08-19T14:08:17.085216,A
2017,4,00-0029293,M.Jones,WR,DET,11.418702807770424,6.2,1,2026-08-19T14:08:17.085216,A
2017,4,00-0029319,J.Bellamy,WR,CHI,5.6748471650789964,6.6,1,2026-08-19T14:08:17.085216,A
2017,4,00-0029336,B.Golden,WR,ARI,3.8982505234745015,0.0,1,2026-08-19T14:08:17.085216,A
2017,4,00-0029388,D.Thompson,WR,CHI,6.644021360145782,9.4,1,2026-08-19T14:08:17.085216,A
2017,4,00-0029572,J.Wright,WR,MIN,5.944573109286231,0.0,1,2026-08-19T14:08:17.085216,A
2017,4,00-0029580,R.Matthews,WR,TEN,11.19154862502904,7.9,1,2026-08-19T14:08:17.085216,A
2017,4,00-0029608,T.Hilton,WR,IND,12.249632801085669,6.0,1,2026-08-19T14:08:17.085216,A
2017,4,00-0029632,M.Sanu,WR,ATL,12.506568206702834,1.7,1,2026-08-19T14:08:17.085216,A
2017,4,00-0029708,K.Wright,WR,CHI,8.58129639865913,15.1,1,2026-08-19T14:08:17.085216,A
2017,4,00-0029848,N.Williams,WR,ATL,5.8335097930530715,6.0,1,2026-08-19T14:08:17.085216,A
2017,4,00-0030035,A.Thielen,WR,MIN,15.249405757809996,8.9,1,2026-08-19T14:08:17.085216,A
2017,4,00-0030068,M.Goodwin,WR,SF,8.771720184137525,2.8,1,2026-08-19T14:08:17.085216,A
2017,4,00-0030085,K.Stills,WR,MIA,7.815922036538869,4.3,1,2026-08-19T14:08:17.085216,A
2017,4,00-0030147,R.Shepard,WR,CAR,6.800218913243061,2.3,1,2026-08-19T14:08:17.085216,A
2017,4,00-0030279,K.Allen,WR,LAC,15.670200732842247,18.8,1,2026-08-19T14:08:17.085216,A
2017,4,00-0030300,J.Brown,WR,ARI,8.688626798756566,18.5,1,2026-08-19T14:08:17.085216,A
2017,4,00-0030431,R.Woods,WR,LA,10.576976437795063,3.7,1,2026-08-19T14:08:17.085216,A
2017,4,00-0030460,M.Wheaton,WR,CHI,6.354706239133821,0.0,1,2026-08-19T14:08:17.085216,A
2017,4,00-0030516,B.Butler,WR,DAL,6.6343047376214095,9.2,1,2026-08-19T14:08:17.085216,A
2017,4,00-0030521,J.Hunter,WR,PIT,3.0936336717423245,1.5,1,2026-08-19T14:08:17.085216,A
2017,4,00-0030525,T.Austin,WR,LA,4.187370623948132,5.6,1,2026-08-19T14:08:17.085216,A
2017,4,00-0030542,T.Williams,WR,DAL,12.024298607578865,7.4,1,2026-08-19T14:08:17.085216,A
2017,4,00-0030564,D.Hopkins,WR,HOU,18.098962795728234,26.7,1,2026-08-19T14:08:17.085216,A
2017,4,00-0030669,A.Wilson,WR,KC,6.420703028025925,10.9,1,2026-08-19T14:08:17.085216,A
2017,4,00-0030670,B.Fowler,WR,DEN,8.41736369716881,5.5,1,2026-08-19T14:08:17.085216,A
2017,4,00-0030743,B.Reedy,WR,TB,0.12197823151110798,0.0,1,2026-08-19T14:08:17.085216,A
2017,4,00-0030801,B.Coleman,WR,NO,8.027072203257854,4.1,1,2026-08-19T14:08:17.085216,A
2017,4,00-0030821,A.Hurns,WR,JAX,11.523588023503214,8.2,1,2026-08-19T14:08:17.085216,A
2017,4,00-0031001,J.Janis,WR,GB,1.7211982790783822,0.0,1,2026-08-19T14:08:17.085216,A
2017,4,00-0031021,J.Abbrederis,WR,DET,1.9059624550811551,0.0,1,2026-08-19T14:08:17.085216,A
2017,4,00-0031025,M.Campanaro,WR,BAL,1.21830553706518,6.5,1,2026-08-19T14:08:17.085216,A
2017,4,00-0031051,J.Brown,WR,ARI,6.861438169193761,7.7,1,2026-08-19T14:08:17.085216,A
2017,4,00-0031060,D.Thomas,WR,KC,1.673603054357893,0.0,1,2026-08-19T14:08:17.085216,A
2017,4,00-0031068,R.Grant,WR,WAS,7.373055704341063,9.6,1,2026-08-19T14:08:17.085216,A
2017,4,00-0031166,S.Roberts,WR,LV,7.014345278856531,8.9,1,2026-08-19T14:08:17.085216,A
2017,4,00-0031189,T.Jones,WR,DET,4.229308135843969,6.3,1,2026-08-19T14:08:17.085216,A
2017,4,00-0031228,T.Gabriel,WR,ATL,9.395035593261184,0.0,1,2026-08-19T14:08:17.085216,A
2017,4,00-0031235,O.Beckham,WR,NYG,13.156857085138485,16.0,1,2026-08-19T14:08:17.085216,A
2017,4,00-0031236,B.Cooks,WR,NE,12.594271382209966,7.2,1,2026-08-19T14:08:17.085216,A
2017,4,00-0031257,P.Richardson,WR,SEA,9.02541648725488,9.5,1,2026-08-19T14:08:17.085216,A
2017,4,00-0031325,S.Watkins,WR,LA,12.174172268971965,2.7,1,2026-08-19T14:08:17.085216,A
2017,4,00-0031326,B.Ellington,WR,HOU,6.83632560663031,8.7,1,2026-08-19T14:08:17.085216,A
2017,4,00-0031339,D.Moncrief,WR,IND,7.866326841279718,12.0,1,2026-08-19T14:08:17.085216,A
2017,4,00-0031359,K.Benjamin,WR,CAR,9.695494520920489,14.4,1,2026-08-19T14:08:17.085216,A
2017,4,00-0031373,M.Bryant,WR,PIT,10.896293611547643,7.8,1,2026-08-19T14:08:17.085216,A
2017,4,00-0031381,D.Adams,WR,GB,12.979064704803893,9.3,1,2026-08-19T14:08:17.085216,A
2017,4,00-0031382,J.Landry,WR,MIA,17.16628660548789,10.0,1,2026-08-19T14:08:17.085216,A
2017,4,00-0031408,M.Evans,WR,TB,15.991979084128161,17.7,1,2026-08-19T14:08:17.085216,A
2017,4,00-0031431,M.Lee,WR,JAX,10.641805101593985,3.8,1,2026-08-19T14:08:17.085216,A
2017,4,00-0031514,Q.Bray,WR,IND,2.144362178356129,0.0,1,2026-08-19T14:08:17.085216,A
2017,4,00-0031544,A.Cooper,WR,LV,13.229501876279176,2.9,1,2026-08-19T14:08:17.085216,A
2017,4,00-0031547,D.Parker,WR,MIA,10.92363670137776,12.9,1,2026-08-19T14:08:17.085216,A
2017,4,00-0031549,N.Agholor,WR,PHI,11.762311128954085,8.8,1,2026-08-19T14:08:17.085216,A
2017,4,00-0031570,J.Hardy,WR,ATL,4.079394733084003,9.2,1,2026-08-19T14:08:17.085216,A
2017,4,00-0031588,S.Diggs,WR,MIN,16.55184786046109,14.8,1,2026-08-19T14:08:17.085216,A
2017,4,00-0031697,J.Taylor,WR,DEN,4.6073010517616675,0.0,1,2026-08-19T14:08:17.085216,A
2017,4,00-0031801,J.Leslie,WR,CLE,2.156999581626808,0.0,1,2026-08-19T14:08:17.085216,A
2017,4,00-0031868,D.Byrd,WR,CAR,3.162953189261748,1.2,1,2026-08-19T14:08:17.085216,A
2017,4,00-0031941,J.Crowder,WR,WAS,7.860067681996689,0.3,1,2026-08-19T14:08:17.085216,A
2017,4,00-0032009,A.Humphries,WR,TB,9.028943863431408,13.0,1,2026-08-19T14:08:17.085216,A
2017,4,00-0032054,B.Perriman,WR,BAL,4.325982160191953,1.6,1,2026-08-19T14:08:17.085216,A
2017,4,00-0032112,J.Nelson,WR,ARI,11.117536632542015,6.4,1,2026-08-19T14:08:17.085216,A
2017,4,00-0032115,K.Clay,WR,BUF,2.690326094415522,0.0,1,2026-08-19T14:08:17.085216,A
2017,4,00-0032128,C.Conley,WR,KC,6.978134416654456,5.1,1,2026-08-19T14:08:17.085216,A
2017,4,00-0032160,T.Williams,WR,LAC,11.339717071694032,22.5,1,2026-08-19T14:08:17.085216,A
2017,4,00-0032200,T.Montgomery,WR,GB,12.801151577278757,2.8,1,2026-08-19T14:08:17.085216,A
2017,4,00-0032208,P.Dorsett,WR,NE,5.4279897732231674,2.7,1,2026-08-19T14:08:17.085216,A
2017,4,00-0032211,T.Lockett,WR,SEA,10.344540675180426,13.1,1,2026-08-19T14:08:17.085216,A
2017,4,00-0032250,K.Williams,WR,CLE,1.4089288991010709,0.0,1,2026-08-19T14:08:17.085216,A
2017,4,00-0032385,S.Shepard,WR,NYG,12.181138529629061,10.4,1,2026-08-19T14:08:17.085216,A
2017,4,00-0032423,T.Davis,WR,GB,2.8440115767904723,0.0,1,2026-08-19T14:08:17.085216,A
2017,4,00-0032475,T.McEvoy,WR,SEA,1.9962394222623563,0.0,1,2026-08-19T14:08:17.085216,A
2017,4,00-0032543,A.Erickson,WR,CIN,2.0317415792640583,0.0,1,2026-08-19T14:08:17.085216,A
2017,4,00-0032626,G.Allison,WR,GB,6.963180503471844,0.0,1,2026-08-19T14:08:17.085216,A
2017,4,00-0032659,Ro.Lewis,WR,NYG,5.243419797712765,0.0,1,2026-08-19T14:08:17.085216,A
2017,4,00-0032688,R.Chosen,WR,NYJ,9.07801626798378,8.9,1,2026-08-19T14:08:17.085216,A
2017,4,00-0032760,J.Doctson,WR,WAS,1.234512890932797,4.7,1,2026-08-19T14:08:17.085216,A
2017,4,00-0032765,M.Thomas,WR,NO,13.866688890528625,22.9,1,2026-08-19T14:08:17.085216,A
2017,4,00-0032775,D.Robinson,WR,KC,2.903310210380157,0.0,1,2026-08-19T14:08:17.085216,A
2017,4,00-0032791,J.Grant,WR,MIA,0.38054502074713614,0.0,1,2026-08-19T14:08:17.085216,A
2017,4,00-0032795,C.Core,WR,CIN,2.6764379770892384,0.0,1,2026-08-19T14:08:17.085216,A
2017,4,00-0032881,T.Lewis,WR,NO,5.423380072504823,1.1,1,2026-08-19T14:08:17.085216,A
2017,4,00-0032935,J.Holton,WR,LV,1.4563485385290567,13.4,1,2026-08-19T14:08:17.085216,A
2017,4,00-0032937,M.McCaffrey,WR,JAX,0.31832968568801895,0.0,1,2026-08-19T14:08:17.085216,A
2017,4,00-0032951,L.Treadwell,WR,MIN,5.787804111370521,0.0,1,2026-08-19T14:08:17.085216,A
2017,4,00-0032977,R.Higgins,WR,CLE,10.856101131199273,0.0,1,2026-08-19T14:08:17.085216,A
2017,4,00-0032980,M.Johnson,WR,PHI,1.9241321203499104,0.0,1,2026-08-19T14:08:17.085216,A
2017,4,00-0033009,T.Boyd,WR,CIN,5.57388733271771,3.5,1,2026-08-19T14:08:17.085216,A
2017,4,00-0033040,T.Hill,WR,KC,13.904115077306203,8.5,1,2026-08-19T14:08:17.085216,A
2017,4,00-0033060,L.Carroo,WR,MIA,0.45187022192585574,0.0,1,2026-08-19T14:08:17.085216,A
2017,4,00-0033079,R.Louis,WR,CLE,6.235332044451394,11.4,1,2026-08-19T14:08:17.085216,A
2017,4,00-0033111,P.Cooper,WR,LA,3.0809896918378494,0.0,1,2026-08-19T14:08:17.085216,A
2017,4,00-0033127,W.Fuller,WR,HOU,8.979143561622847,19.9,1,2026-08-19T14:08:17.085216,A
2017,4,00-0033292,T.Taylor,WR,SF,6.840887610738343,9.7,1,2026-08-19T14:08:17.085216,A
2017,4,00-0033306,V.Bolden,WR,SF,1.563782060226374,0.0,1,2026-08-19T14:08:17.085216,A
2017,4,00-0033382,A.Carr,WR,NO,4.006352961354203,0.0,1,2026-08-19T14:08:17.085216,A
2017,4,00-0033466,I.McKenzie,WR,DEN,1.702313991827595,0.0,1,2026-08-19T14:08:17.085216,A
2017,4,00-0033555,M.Hollins,WR,PHI,4.791918788280682,0.0,1,2026-08-19T14:08:17.085216,A
2017,4,00-0033562,R.Switzer,WR,DAL,1.873279839065587,0.3,1,2026-08-19T14:08:17.085216,A
2017,4,00-0033591,N.Brown,WR,DAL,3.6446237541826734,0.0,1,2026-08-19T14:08:17.085216,A
2017,4,00-0033604,K.Hogan,WR,IND,3.793686704015565,0.0,1,2026-08-19T14:08:17.085216,A
2017,4,00-0033681,K.Cole,WR,JAX,4.829121135361263,2.0,1,2026-08-19T14:08:17.085216,A
2017,4,00-0033840,C.Hansen,WR,NYJ,0.7931663502129593,0.0,1,2026-08-19T14:08:17.085216,A
2017,4,00-0033855,C.Thompson,WR,HOU,4.478507108444837,0.0,1,2026-08-19T14:08:17.085216,A
2017,4,00-0033857,J.Smith-Schuster,WR,PIT,6.925004470227343,13.7,1,2026-08-19T14:08:17.085216,A
2017,4,00-0033891,Z.Jones,WR,BUF,7.897194429900363,2.8,1,2026-08-19T14:08:17.085216,A
2017,4,00-0033911,T.Taylor,WR,TEN,6.4462674548630305,0.6,1,2026-08-19T14:08:17.085216,A
2017,4,00-0033916,A.Stewart,WR,NYJ,1.492156993014665,0.0,1,2026-08-19T14:08:17.085216,A
2017,4,00-0033921,C.Godwin,WR,TB,4.498805782719117,0.0,1,2026-08-19T14:08:17.085216,A
2017,4,00-0033937,A.Darboh,WR,SEA,2.525226691871996,3.0,1,2026-08-19T14:08:17.085216,A
2017,4,00-0033943,J.Reynolds,WR,LA,4.551776382955471,0.0,1,2026-08-19T14:08:17.085216,A
2017,4,00-0021547,A.Gates,TE,LAC,8.33272667717289,4.8,1,2026-08-19T14:08:17.085216,A
2017,4,00-0022127,J.Witten,TE,DAL,16.851678713877014,1.9,1,2026-08-19T14:08:17.085216,A
2017,4,00-0022943,B.Watson,TE,BAL,8.566297310722,9.3,1,2026-08-19T14:08:17.085216,A
2017,4,00-0024221,V.Davis,TE,WAS,5.4221642029502695,10.9,1,2026-08-19T14:08:17.085216,A
2017,4,00-0024243,M.Lewis,TE,JAX,6.296425671506233,0.0,1,2026-08-19T14:08:17.085216,A
2017,4,00-0024268,A.Fasano,TE,MIA,0.9645984269191052,0.0,1,2026-08-19T14:08:17.085216,A
2017,4,00-0024389,De.Walker,TE,TEN,11.522445043624572,8.1,1,2026-08-19T14:08:17.085216,A
2017,4,00-0025549,B.Celek,TE,PHI,2.06846821221425,0.0,1,2026-08-19T14:08:17.085216,A
2017,4,00-0026201,M.Bennett,TE,GB,9.920675501338714,9.9,1,2026-08-19T14:08:17.085216,A
2017,4,00-0027061,J.Cook,TE,LV,9.86306020827614,7.6,1,2026-08-19T14:08:17.085216,A
2017,4,00-0027125,Z.Miller,TE,CHI,6.924399377466818,6.5,1,2026-08-19T14:08:17.085216,A
2017,4,00-0027215,L.Paulsen,TE,SF,0.6398022249918773,0.0,1,2026-08-19T14:08:17.085216,A
2017,4,00-0027656,R.Gronkowski,TE,NE,15.813651066090381,12.0,1,2026-08-19T14:08:17.085216,A
2017,4,00-0027675,E.Dickson,TE,CAR,4.168360708648594,9.2,1,2026-08-19T14:08:17.085216,A
2017,4,00-0027696,J.Graham,TE,SEA,8.896851637593567,10.1,1,2026-08-19T14:08:17.085216,A
2017,4,00-0027732,M.Hoomanawanui,TE,NO,2.9680651865331167,2.3,1,2026-08-19T14:08:17.085216,A
2017,4,00-0027873,J.Gresham,TE,ARI,7.3293725649809325,3.2,1,2026-08-19T14:08:17.085216,A
2017,4,00-0027981,K.Rudolph,TE,MIN,8.690506692008771,5.4,1,2026-08-19T14:08:17.085216,A
2017,4,00-0027985,L.Kendricks,TE,GB,3.8513248690945954,1.0,1,2026-08-19T14:08:17.085216,A
2017,4,00-0028042,L.Stocker,TE,TB,1.053910806542751,0.0,1,2026-08-19T14:08:17.085216,A
2017,4,00-0028067,J.Thomas,TE,MIA,5.944816082167045,4.9,1,2026-08-19T14:08:17.085216,A
2017,4,00-0028093,N.Paul,TE,WAS,0.4791044398508092,0.0,1,2026-08-19T14:08:17.085216,A
2017,4,00-0028097,L.Smith,TE,LV,1.4028416088086195,3.5,1,2026-08-19T14:08:17.085216,A
2017,4,00-0028112,C.Clay,TE,BUF,9.34957231475861,16.2,1,2026-08-19T14:08:17.085216,A
2017,4,00-0028142,V.Green,TE,DEN,5.961950576858952,0.0,1,2026-08-19T14:08:17.085216,A
2017,4,00-0028903,G.Celek,TE,SF,2.3487619291981954,0.0,1,2026-08-19T14:08:17.085216,A
2017,4,00-0028987,P.Supernaw,TE,TEN,0.99326322637265,0.0,1,2026-08-19T14:08:17.085216,A
2017,4,00-0029119,D.Carrier,TE,LA,2.9404024382688547,0.0,1,2026-08-19T14:08:17.085216,A
2017,4,00-0029391,S.McGrath,TE,LAC,0.8981375600598378,0.0,1,2026-08-19T14:08:17.085216,A
2017,4,00-0029587,R.Ellison,TE,NYG,3.0243576588749796,9.1,1,2026-08-19T14:08:17.085216,A
2017,4,00-0029634,J.Hanna,TE,DAL,2.2141590982946533,9.8,1,2026-08-19T14:08:17.085216,A
2017,4,00-0029689,D.Allen,TE,NE,3.62001544373885,0.0,1,2026-08-19T14:08:17.085216,A
2017,4,00-0029697,C.Fleener,TE,NO,9.323512474445584,4.1,1,2026-08-19T14:08:17.085216,A
2017,4,00-0029738,D.Fells,TE,DET,2.2930593576768366,8.0,1,2026-08-19T14:08:17.085216,A
2017,4,00-0029740,I.Momah,TE,ARI,1.5685743514878268,0.0,1,2026-08-19T14:08:17.085216,A
2017,4,00-0029793,B.Williams,TE,IND,0.7258942947600471,4.2,1,2026-08-19T14:08:17.085216,A
2017,4,00-0029878,M.Gray,TE,MIA,0.4598039568791239,0.0,1,2026-08-19T14:08:17.085216,A
2017,4,00-0030061,Z.Ertz,TE,PHI,15.118127366291278,13.1,1,2026-08-19T14:08:17.085216,A
2017,4,00-0030089,L.Willson,TE,SEA,4.380419069776174,7.6,1,2026-08-19T14:08:17.085216,A
2017,4,00-0030108,R.Griffin,TE,HOU,5.565844418870299,3.3,1,2026-08-19T14:08:17.085216,A
2017,4,00-0030155,D.Harris,TE,KC,2.6570460743110926,0.0,1,2026-08-19T14:08:17.085216,A
2017,4,00-0030181,J.Doyle,TE,IND,8.513680274327166,7.7,1,2026-08-19T14:08:17.085216,A
2017,4,00-0030216,J.Hill,TE,NO,4.306974669196611,0.0,1,2026-08-19T14:08:17.085216,A
2017,4,00-0030422,D.Sims,TE,CHI,3.650675314521778,1.8,1,2026-08-19T14:08:17.085216,A
2017,4,00-0030443,L.Toilolo,TE,ATL,2.5203946611056987,5.1,1,2026-08-19T14:08:17.085216,A
2017,4,00-0030470,V.McDonald,TE,PIT,2.0971919706550315,0.0,1,2026-08-19T14:08:17.085216,A
2017,4,00-0030472,J.Reed,TE,WAS,8.55191805398659,5.1,1,2026-08-19T14:08:17.085216,A
2017,4,00-0030506,T.Kelce,TE,KC,13.158395093072588,24.4,1,2026-08-19T14:08:17.085216,A
2017,4,00-0030710,T.Burton,TE,PHI,1.531240401503098,0.0,1,2026-08-19T14:08:17.085216,A
2017,4,00-0030780,R.Hewitt,TE,CIN,1.2117016612573417,2.6,1,2026-08-19T14:08:17.085216,A
2017,4,00-0031035,X.Grimble,TE,PIT,0.6348024148268159,0.0,1,2026-08-19T14:08:17.085216,A
2017,4,00-0031044,T.Niklas,TE,ARI,2.327940719809152,0.0,1,2026-08-19T14:08:17.085216,A
2017,4,00-0031260,L.Thomas,TE,BUF,0.8557265679179634,0.0,1,2026-08-19T14:08:17.085216,A
2017,4,00-0031273,C.Brate,TE,TB,5.240358251140491,18.0,1,2026-08-19T14:08:17.085216,A
2017,4,00-0031299,J.Matthews,TE,BUF,7.192295323177689,9.0,1,2026-08-19T14:08:17.085216,A
2017,4,00-0031384,R.Rodgers,TE,GB,3.259259472713811,0.0,1,2026-08-19T14:08:17.085216,A
2017,4,00-0031387,E.Ebron,TE,DET,9.956133506618016,4.7,1,2026-08-19T14:08:17.085216,A
2017,4,00-0031418,A.Seferian-Jenkins,TE,NYJ,7.027691167240979,8.6,1,2026-08-19T14:08:17.085216,A
2017,4,00-0031484,C.Manhertz,TE,CAR,0.8402525705853263,0.0,1,2026-08-19T14:08:17.085216,A
2017,4,00-0031533,R.Telfer,TE,CLE,1.374765772090699,0.0,1,2026-08-19T14:08:17.085216,A
2017,4,00-0031598,N.Boyle,TE,BAL,3.8445343332447113,8.6,1,2026-08-19T14:08:17.085216,A
2017,4,00-0031609,A.Derby,TE,DEN,2.5051096358848555,17.5,1,2026-08-19T14:08:17.085216,A
2017,4,00-0031690,E.Tomlinson,TE,NYJ,3.034735979615863,0.0,1,2026-08-19T14:08:17.085216,A
2017,4,00-0031951,J.O'Shaughnessy,TE,JAX,2.7263529502719317,0.0,1,2026-08-19T14:08:17.085216,A
2017,4,00-0032055,D.Funchess,TE,CAR,11.91809854276532,26.0,1,2026-08-19T14:08:17.085216,A
2017,4,00-0032062,B.Bell,TE,MIN,2.046800969052537,2.2,1,2026-08-19T14:08:17.085216,A
2017,4,00-0032117,N.O'Leary,TE,BUF,2.506249017788239,0.0,1,2026-08-19T14:08:17.085216,A
2017,4,00-0032120,N.Sterling,TE,NYJ,2.1917068312032737,0.0,1,2026-08-19T14:08:17.085216,A
2017,4,00-0032134,C.Uzomah,TE,CIN,4.220056760126298,2.1,1,2026-08-19T14:08:17.085216,A
2017,4,00-0032135,J.James,TE,PIT,9.885645765998389,7.0,1,2026-08-19T14:08:17.085216,A
2017,4,00-0032139,B.Koyack,TE,JAX,1.8883754114922133,0.0,1,2026-08-19T14:08:17.085216,A
2017,4,00-0032141,G.Swaim,TE,DAL,1.268758070019155,0.0,1,2026-08-19T14:08:17.085216,A
2017,4,00-0032214,T.Kroft,TE,CIN,4.772076046721337,24.8,1,2026-08-19T14:08:17.085216,A
2017,4,00-0032227,J.Heuerman,TE,DEN,3.702828608962829,0.0,1,2026-08-19T14:08:17.085216,A
2017,4,00-0032256,C.Walford,TE,LV,1.0984468459263717,0.0,1,2026-08-19T14:08:17.085216,A
2017,4,00-0032319,R.Travis,TE,KC,1.380580131668785,0.0,1,2026-08-19T14:08:17.085216,A
2017,4,00-0032392,A.Hooper,TE,ATL,8.614962988171445,10.0,1,2026-08-19T14:08:17.085216,A
2017,4,00-0032394,N.Vannett,TE,SEA,2.1656842404845564,0.0,1,2026-08-19T14:08:17.085216,A
2017,4,00-0032429,J.Adams,TE,NYG,2.1039586098850265,0.0,1,2026-08-19T14:08:17.085216,A
2017,4,00-0032430,D.Morgan,TE,MIN,2.498285103773249,0.0,1,2026-08-19T14:08:17.085216,A
2017,4,00-0032725,S.Anderson,TE,HOU,2.6411149568670904,4.8,1,2026-08-19T14:08:17.085216,A
2017,4,00-0032745,A.Cross,TE,TB,1.0347281149654248,0.0,1,2026-08-19T14:08:17.085216,A
2017,4,00-0033080,S.DeValve,TE,CLE,6.46283068927024,1.2,1,2026-08-19T14:08:17.085216,A
2017,4,00-0033090,H.Henry,TE,LAC,6.488473326915582,9.6,1,2026-08-19T14:08:17.085216,A
2017,4,00-0033110,T.Higbee,TE,LA,4.95471824798861,7.7,1,2026-08-19T14:08:17.085216,A
2017,4,00-0033258,D.Daniels,TE,IND,0.8851414958878869,0.0,1,2026-08-19T14:08:17.085216,A
2017,4,00-0033288,G.Kittle,TE,SF,5.324804391293348,5.5,1,2026-08-19T14:08:17.085216,A
2017,4,00-0033338,C.Carter,TE,CIN,2.3062594382354753,0.0,1,2026-08-19T14:08:17.085216,A
2017,4,00-0033387,J.Hollister,TE,NE,2.8787689646712034,0.0,1,2026-08-19T14:08:17.085216,A
2017,4,00-0033528,J.Sprinkle,TE,WAS,1.848290628441338,0.0,1,2026-08-19T14:08:17.085216,A
2017,4,00-0033559,M.Roberts,TE,DET,0.04847975421440953,2.5,1,2026-08-19T14:08:17.085216,A
2017,4,00-0033858,J.Smith,TE,TEN,4.497818624160061,0.0,1,2026-08-19T14:08:17.085216,A
2017,4,00-0033879,O.Howard,TE,TB,4.620936050960167,14.3,1,2026-08-19T14:08:17.085216,A
2017,4,00-0033881,E.Engram,TE,NYG,7.798462759184183,12.2,1,2026-08-19T14:08:17.085216,A
2017,4,00-0033885,D.Njoku,TE,CLE,4.924113828487343,3.1,1,2026-08-19T14:08:17.085216,A
2017,4,00-0033895,G.Everett,TE,LA,5.77205255172375,1.8,1,2026-08-19T14:08:17.085216,A
2017,4,00-0033896,A.Shaheen,TE,CHI,2.4904596865029633,0.0,1,2026-08-19T14:08:17.085216,A
2017,5,00-0023500,F.Gore,RB,IND,11.71744573334651,11.6,1,2026-08-19T14:08:17.085216,A
2017,5,00-0025399,M.Lynch,RB,LV,9.165599924782075,12.3,1,2026-08-19T14:08:17.085216,A
2017,5,00-0026153,J.Stewart,RB,CAR,13.143184713985258,7.4,1,2026-08-19T14:08:17.085216,A
2017,5,00-0026164,C.Johnson,RB,ARI,6.652285065033011,3.9,1,2026-08-19T14:08:17.085216,A
2017,5,00-0027029,L.McCoy,RB,BUF,17.368123220630093,14.9,1,2026-08-19T14:08:17.085216,A
2017,5,00-0027325,L.Blount,RB,PHI,8.042596029966315,7.4,1,2026-08-19T14:08:17.085216,A
2017,5,00-0027531,C.Ivory,RB,JAX,8.498753681395833,4.1,1,2026-08-19T14:08:17.085216,A
2017,5,00-0027994,S.Vereen,RB,NYG,7.257630692497761,8.5,1,2026-08-19T14:08:17.085216,A
2017,5,00-0028009,D.Murray,RB,TEN,13.348411100089095,8.9,1,2026-08-19T14:08:17.085216,A
2017,5,00-0028064,B.Powell,RB,NYJ,11.624179697243614,7.3,1,2026-08-19T14:08:17.085216,A
2017,5,00-0028074,A.Sherman,RB,KC,3.644110644272618,0.0,1,2026-08-19T14:08:17.085216,A
2017,5,00-0028083,J.Rodgers,RB,TB,10.05048626852924,2.5,1,2026-08-19T14:08:17.085216,A
2017,5,00-0028087,D.Lewis,RB,NE,5.54309126748036,8.3,1,2026-08-19T14:08:17.085216,A
2017,5,00-0029141,A.Morris,RB,DAL,3.7552492777123385,1.0,1,2026-08-19T14:08:17.085216,A
2017,5,00-0029273,R.Turbin,RB,IND,5.220993588295396,3.9,1,2026-08-19T14:08:17.085216,A
2017,5,00-0029613,D.Martin,RB,TB,11.652829824783709,15.2,1,2026-08-19T14:08:17.085216,A
2017,5,00-0029615,L.Miller,RB,HOU,12.157520640601966,10.9,1,2026-08-19T14:08:17.085216,A
2017,5,00-0029731,F.Whittaker,RB,CAR,4.531923708596871,0.0,1,2026-08-19T14:08:17.085216,A
2017,5,00-0029795,B.Cunningham,RB,CHI,3.240016262912163,12.7,1,2026-08-19T14:08:17.085216,A
2017,5,00-0030107,T.Riddick,RB,DET,8.575786473388398,9.3,1,2026-08-19T14:08:17.085216,A
2017,5,00-0030117,K.Williams,RB,ARI,2.085152806237812,-0.2,1,2026-08-19T14:08:17.085216,A
2017,5,00-0030287,A.Ellington,RB,ARI,10.993642231938555,15.3,1,2026-08-19T14:08:17.085216,A
2017,5,00-0030433,M.Gillislee,RB,NE,8.926814643232786,5.2,1,2026-08-19T14:08:17.085216,A
2017,5,00-0030456,G.Bernard,RB,CIN,8.836092699582563,5.2,1,2026-08-19T14:08:17.085216,A
2017,5,00-0030465,K.Barner,RB,PHI,5.873957986979882,2.3,1,2026-08-19T14:08:17.085216,A
2017,5,00-0030485,E.Lacy,RB,SEA,6.866648834722099,3.8,1,2026-08-19T14:08:17.085216,A
2017,5,00-0030496,L.Bell,RB,PIT,20.0850647532882,19.3,1,2026-08-19T14:08:17.085216,A
2017,5,00-0030513,L.Murray,RB,MIN,5.942761165654176,6.3,1,2026-08-19T14:08:17.085216,A
2017,5,00-0030578,C.Patterson,RB,LV,9.56505873533957,0.0,1,2026-08-19T14:08:17.085216,A
2017,5,00-0030656,I.Crowell,RB,CLE,8.958734060899497,8.7,1,2026-08-19T14:08:17.085216,A
2017,5,00-0030668,C.West,RB,KC,4.5771388101839365,15.3,1,2026-08-19T14:08:17.085216,A
2017,5,00-0030711,D.Fluellen,RB,TEN,2.9897738692465143,0.0,1,2026-08-19T14:08:17.085216,A
2017,5,00-0030860,O.Darkwa,RB,NYG,4.3990163218124,14.2,1,2026-08-19T14:08:17.085216,A
2017,5,00-0030874,D.Williams,RB,MIA,4.262341329328059,3.8,1,2026-08-19T14:08:17.085216,A
2017,5,00-0031045,C.Hyde,RB,SF,18.003065740056027,2.8,1,2026-08-19T14:08:17.085216,A
2017,5,00-0031062,J.White,RB,NE,12.621766538061461,13.0,1,2026-08-19T14:08:17.085216,A
2017,5,00-0031301,J.Hill,RB,CIN,5.511388653780014,1.6,1,2026-08-19T14:08:17.085216,A
2017,5,00-0031375,T.West,RB,BAL,6.804323746284819,1.7,1,2026-08-19T14:08:17.085216,A
2017,5,00-0031376,J.McKinnon,RB,MIN,7.388545067282546,26.6,1,2026-08-19T14:08:17.085216,A
2017,5,00-0031390,C.Sims,RB,TB,4.352233490091887,8.4,1,2026-08-19T14:08:17.085216,A
2017,5,00-0031577,J.Allen,RB,BAL,11.173144172249081,18.5,1,2026-08-19T14:08:17.085216,A
2017,5,00-0031590,J.Ajayi,RB,MIA,12.060503799916543,7.9,1,2026-08-19T14:08:17.085216,A
2017,5,00-0031665,Z.Zenner,RB,DET,5.738754591292458,7.1,1,2026-08-19T14:08:17.085216,A
2017,5,00-0031687,R.Mostert,RB,SF,3.7577423278716022,0.3,1,2026-08-19T14:08:17.085216,A
2017,5,00-0031731,C.Grant,RB,JAX,3.398921436533194,0.0,1,2026-08-19T14:08:17.085216,A
2017,5,00-0031806,M.Brown,RB,LA,3.9466416033115865,4.9,1,2026-08-19T14:08:17.085216,A
2017,5,00-0031897,T.Rawls,RB,SEA,4.399294300361119,5.5,1,2026-08-19T14:08:17.085216,A
2017,5,00-0031900,R.Smith,RB,DAL,4.260907093946281,2.8,1,2026-08-19T14:08:17.085216,A
2017,5,00-0032104,A.Abdullah,RB,DET,12.801278655398463,4.4,1,2026-08-19T14:08:17.085216,A
2017,5,00-0032144,M.Gordon,RB,LAC,15.052629851074041,34.3,1,2026-08-19T14:08:17.085216,A
2017,5,00-0032241,T.Gurley,RB,LA,23.194183988007413,7.0,1,2026-08-19T14:08:17.085216,A
2017,5,00-0032257,D.Johnson,RB,CLE,13.146730865367271,17.3,1,2026-08-19T14:08:17.085216,A
2017,5,00-0032426,A.Collins,RB,BAL,7.75668534069671,5.5,1,2026-08-19T14:08:17.085216,A
2017,5,00-0032602,J.McKissic,RB,SEA,7.3694425457796795,6.6,1,2026-08-19T14:08:17.085216,A
2017,5,00-0032780,J.Howard,RB,CHI,12.072295954905785,7.6,1,2026-08-19T14:08:17.085216,A
2017,5,00-0032813,E.Penny,RB,ARI,0.6810708254561529,1.6,1,2026-08-19T14:08:17.085216,A
2017,5,00-0033025,J.Richard,RB,LV,7.51714510342939,3.7,1,2026-08-19T14:08:17.085216,A
2017,5,00-0033045,E.Elliott,RB,DAL,18.601478069281725,14.2,1,2026-08-19T14:08:17.085216,A
2017,5,00-0033118,K.Drake,RB,MIA,4.421784127013902,0.0,1,2026-08-19T14:08:17.085216,A
2017,5,00-0033293,A.Jones,RB,GB,9.460201161772181,20.4,1,2026-08-19T14:08:17.085216,A
2017,5,00-0033295,E.McGuire,RB,NYJ,6.972599962094378,5.0,1,2026-08-19T14:08:17.085216,A
2017,5,00-0033296,A.Armah,RB,CAR,3.8498659664064805,0.0,1,2026-08-19T14:08:17.085216,A
2017,5,00-0033308,M.Breida,RB,SF,8.470099598342498,10.1,1,2026-08-19T14:08:17.085216,A
2017,5,00-0033553,J.Conner,RB,PIT,4.384892926874701,0.9,1,2026-08-19T14:08:17.085216,A
2017,5,00-0033556,T.Cohen,RB,CHI,10.813132416760022,1.7,1,2026-08-19T14:08:17.085216,A
2017,5,00-0033699,A.Ekeler,RB,LAC,5.41154956490411,5.8,1,2026-08-19T14:08:17.085216,A
2017,5,00-0033725,C.Clement,RB,PHI,5.345136627010652,4.9,1,2026-08-19T14:08:17.085216,A
2017,5,00-0033856,L.Fournette,RB,JAX,13.946572515367325,31.4,1,2026-08-19T14:08:17.085216,A
2017,5,00-0033897,J.Mixon,RB,CIN,11.103234242386902,11.1,1,2026-08-19T14:08:17.085216,A
2017,5,00-0033923,K.Hunt,RB,KC,18.736232317826637,14.6,1,2026-08-19T14:08:17.085216,A
2017,5,00-0033925,D.Foreman,RB,HOU,6.875844150889851,2.7,1,2026-08-19T14:08:17.085216,A
2017,5,00-0033948,J.Williams,RB,GB,5.677433111111616,0.1,1,2026-08-19T14:08:17.085216,A
2017,5,00-0033950,W.Gallman,RB,NYG,6.809498916122839,13.2,1,2026-08-19T14:08:17.085216,A
2017,5,00-0033951,M.Mack,RB,IND,8.214435606677874,16.3,1,2026-08-19T14:08:17.085216,A
2017,5,00-0022921,L.Fitzgerald,WR,ARI,15.402012393497534,11.1,1,2026-08-19T14:08:17.085216,A
2017,5,00-0024334,B.Marshall,WR,NYG,9.410151233588415,3.5,1,2026-08-19T14:08:17.085216,A
2017,5,00-0026035,D.Amendola,WR,NE,11.202841709254512,15.7,1,2026-08-19T14:08:17.085216,A
2017,5,00-0026176,J.Nelson,WR,GB,13.162109216162543,10.4,1,2026-08-19T14:08:17.085216,A
2017,5,00-0026189,D.Jackson,WR,TB,9.898284383011045,15.6,1,2026-08-19T14:08:17.085216,A
2017,5,00-0026345,P.Garcon,WR,SF,13.567976011096807,17.4,1,2026-08-19T14:08:17.085216,A
2017,5,00-0026901,M.Wallace,WR,BAL,8.297836296868272,16.3,1,2026-08-19T14:08:17.085216,A
2017,5,00-0026983,D.Heyward-Bey,WR,PIT,2.3478648101658277,0.0,1,2026-08-19T14:08:17.085216,A
2017,5,00-0026986,M.Crabtree,WR,LV,15.38351794456138,20.2,1,2026-08-19T14:08:17.085216,A
2017,5,00-0026995,J.Maclin,WR,BAL,8.709772390108757,10.3,1,2026-08-19T14:08:17.085216,A
2017,5,00-0027057,B.Tate,WR,BUF,1.4131484311271478,10.5,1,2026-08-19T14:08:17.085216,A
2017,5,00-0027654,A.Benn,WR,JAX,0.0,0.0,1,2026-08-19T14:08:17.085216,A
2017,5,00-0027681,B.LaFell,WR,CIN,6.83709368897572,8.2,1,2026-08-19T14:08:17.085216,A
2017,5,00-0027690,E.Decker,WR,TEN,7.718634647371696,7.4,1,2026-08-19T14:08:17.085216,A
2017,5,00-0027793,A.Brown,WR,PIT,17.86025699124834,25.7,1,2026-08-19T14:08:17.085216,A
2017,5,00-0027891,G.Tate,WR,DET,9.870409738000554,9.8,1,2026-08-19T14:08:17.085216,A
2017,5,00-0027902,D.Bryant,WR,DAL,14.15043552037676,16.2,1,2026-08-19T14:08:17.085216,A
2017,5,00-0027942,A.Green,WR,CIN,15.756756344427558,29.9,1,2026-08-19T14:08:17.085216,A
2017,5,00-0027996,T.Smith,WR,PHI,8.866829698085994,15.7,1,2026-08-19T14:08:17.085216,A
2017,5,00-0028002,R.Cobb,WR,GB,13.646386430161627,6.9,1,2026-08-19T14:08:17.085216,A
2017,5,00-0028091,J.Kerley,WR,NYJ,7.948293997787951,7.9,1,2026-08-19T14:08:17.085216,A
2017,5,00-0028114,D.Harris,WR,NYG,1.691097127675576,0.0,1,2026-08-19T14:08:17.085216,A
2017,5,00-0028116,A.Robinson,WR,SF,7.275303205636836,1.5,1,2026-08-19T14:08:17.085216,A
2017,5,00-0028237,C.Hogan,WR,NE,11.707516912717267,21.4,1,2026-08-19T14:08:17.085216,A
2017,5,00-0028263,A.Holmes,WR,BUF,6.675012363847487,0.0,1,2026-08-19T14:08:17.085216,A
2017,5,00-0028411,D.Inman,WR,LAC,1.0058448464338676,0.0,1,2026-08-19T14:08:17.085216,A
2017,5,00-0028434,D.Baldwin,WR,SEA,13.636942560187546,7.7,1,2026-08-19T14:08:17.085216,A
2017,5,00-0028497,K.Aiken,WR,IND,6.253378745042908,4.2,1,2026-08-19T14:08:17.085216,A
2017,5,00-0028702,C.Matthews,WR,BAL,0.9656412649629474,0.0,1,2026-08-19T14:08:17.085216,A
2017,5,00-0029000,C.Beasley,WR,DAL,6.709644553729947,18.3,1,2026-08-19T14:08:17.085216,A
2017,5,00-0029137,A.Jeffery,WR,PHI,13.192142538864317,6.1,1,2026-08-19T14:08:17.085216,A
2017,5,00-0029159,J.Kearse,WR,NYJ,11.70058862554283,13.8,1,2026-08-19T14:08:17.085216,A
2017,5,00-0029269,T.Benjamin,WR,LAC,8.502239135358058,5.2,1,2026-08-19T14:08:17.085216,A
2017,5,00-0029293,M.Jones,WR,DET,10.544516645679888,11.4,1,2026-08-19T14:08:17.085216,A
2017,5,00-0029319,J.Bellamy,WR,CHI,5.984933095809629,0.0,1,2026-08-19T14:08:17.085216,A
2017,5,00-0029336,B.Golden,WR,ARI,1.6134389858326972,0.0,1,2026-08-19T14:08:17.085216,A
2017,5,00-0029388,D.Thompson,WR,CHI,7.68712956209222,0.0,1,2026-08-19T14:08:17.085216,A
2017,5,00-0029572,J.Wright,WR,MIN,5.16391506265412,0.0,1,2026-08-19T14:08:17.085216,A
2017,5,00-0029580,R.Matthews,WR,TEN,12.293387548028427,6.1,1,2026-08-19T14:08:17.085216,A
2017,5,00-0029608,T.Hilton,WR,IND,14.328845354112095,24.7,1,2026-08-19T14:08:17.085216,A
2017,5,00-0029638,M.Floyd,WR,MIN,4.852561301495847,2.9,1,2026-08-19T14:08:17.085216,A
2017,5,00-0029708,K.Wright,WR,CHI,8.286122265755472,8.6,1,2026-08-19T14:08:17.085216,A
2017,5,00-0030035,A.Thielen,WR,MIN,12.589119085044974,9.5,1,2026-08-19T14:08:17.085216,A
2017,5,00-0030068,M.Goodwin,WR,SF,4.6045653595971325,16.6,1,2026-08-19T14:08:17.085216,A
2017,5,00-0030085,K.Stills,WR,MIA,9.144557826540678,2.3,1,2026-08-19T14:08:17.085216,A
2017,5,00-0030147,R.Shepard,WR,CAR,5.38274378335183,3.5,1,2026-08-19T14:08:17.085216,A
2017,5,00-0030279,K.Allen,WR,LAC,13.043579053222501,10.7,1,2026-08-19T14:08:17.085216,A
2017,5,00-0030300,J.Brown,WR,ARI,10.37616122244563,6.9,1,2026-08-19T14:08:17.085216,A
2017,5,00-0030431,R.Woods,WR,LA,11.244637991510515,12.4,1,2026-08-19T14:08:17.085216,A
2017,5,00-0030460,M.Wheaton,WR,CHI,3.7193584694852704,1.9,1,2026-08-19T14:08:17.085216,A
2017,5,00-0030516,B.Butler,WR,DAL,7.310749086783609,7.7,1,2026-08-19T14:08:17.085216,A
2017,5,00-0030521,J.Hunter,WR,PIT,4.89403783601912,1.6,1,2026-08-19T14:08:17.085216,A
2017,5,00-0030525,T.Austin,WR,LA,3.9116889088101203,13.1,1,2026-08-19T14:08:17.085216,A
2017,5,00-0030542,T.Williams,WR,DAL,10.719843642657953,3.4,1,2026-08-19T14:08:17.085216,A
2017,5,00-0030564,D.Hopkins,WR,HOU,16.99423618462712,27.2,1,2026-08-19T14:08:17.085216,A
2017,5,00-0030669,A.Wilson,WR,KC,7.853371876205784,3.8,1,2026-08-19T14:08:17.085216,A
2017,5,00-0030743,B.Reedy,WR,TB,0.21666363977978786,0.0,1,2026-08-19T14:08:17.085216,A
2017,5,00-0030821,A.Hurns,WR,JAX,11.7742835332418,4.1,1,2026-08-19T14:08:17.085216,A
2017,5,00-0031021,J.Abbrederis,WR,DET,0.046410347760291695,5.7,1,2026-08-19T14:08:17.085216,A
2017,5,00-0031025,M.Campanaro,WR,BAL,3.765287650805728,1.8,1,2026-08-19T14:08:17.085216,A
2017,5,00-0031051,J.Brown,WR,ARI,5.67039447748337,10.6,1,2026-08-19T14:08:17.085216,A
2017,5,00-0031060,D.Thomas,WR,KC,2.85491007445766,8.0,1,2026-08-19T14:08:17.085216,A
2017,5,00-0031166,S.Roberts,WR,LV,7.659077184484905,5.4,1,2026-08-19T14:08:17.085216,A
2017,5,00-0031189,T.Jones,WR,DET,4.951108744586241,3.2,1,2026-08-19T14:08:17.085216,A
2017,5,00-0031235,O.Beckham,WR,NYG,15.945988707581408,21.5,1,2026-08-19T14:08:17.085216,A
2017,5,00-0031236,B.Cooks,WR,NE,13.365483912009935,13.5,1,2026-08-19T14:08:17.085216,A
2017,5,00-0031257,P.Richardson,WR,SEA,7.649718167095593,6.5,1,2026-08-19T14:08:17.085216,A
2017,5,00-0031325,S.Watkins,WR,LA,12.199253410733753,0.0,1,2026-08-19T14:08:17.085216,A
2017,5,00-0031326,B.Ellington,WR,HOU,7.079167709444386,5.0,1,2026-08-19T14:08:17.085216,A
2017,5,00-0031339,D.Moncrief,WR,IND,8.302385733259136,6.2,1,2026-08-19T14:08:17.085216,A
2017,5,00-0031359,K.Benjamin,WR,CAR,10.640427201868537,15.8,1,2026-08-19T14:08:17.085216,A
2017,5,00-0031373,M.Bryant,WR,PIT,9.914026601618023,8.4,1,2026-08-19T14:08:17.085216,A
2017,5,00-0031381,D.Adams,WR,GB,10.601390746644004,25.6,1,2026-08-19T14:08:17.085216,A
2017,5,00-0031382,J.Landry,WR,MIA,15.666058806236261,15.4,1,2026-08-19T14:08:17.085216,A
2017,5,00-0031408,M.Evans,WR,TB,15.580303455709565,9.9,1,2026-08-19T14:08:17.085216,A
2017,5,00-0031431,M.Lee,WR,JAX,8.315868141137141,6.9,1,2026-08-19T14:08:17.085216,A
2017,5,00-0031514,Q.Bray,WR,IND,1.6664047002788134,0.0,1,2026-08-19T14:08:17.085216,A
2017,5,00-0031544,A.Cooper,WR,LV,11.054698470021545,1.8,1,2026-08-19T14:08:17.085216,A
2017,5,00-0031547,D.Parker,WR,MIA,14.074688247352196,1.6,1,2026-08-19T14:08:17.085216,A
2017,5,00-0031549,N.Agholor,WR,PHI,9.379844694695107,19.3,1,2026-08-19T14:08:17.085216,A
2017,5,00-0031588,S.Diggs,WR,MIN,16.351008749583286,1.4,1,2026-08-19T14:08:17.085216,A
2017,5,00-0032009,A.Humphries,WR,TB,8.44332505447586,8.1,1,2026-08-19T14:08:17.085216,A
2017,5,00-0032054,B.Perriman,WR,BAL,4.922468311234793,3.5,1,2026-08-19T14:08:17.085216,A
2017,5,00-0032112,J.Nelson,WR,ARI,7.168769794476603,13.4,1,2026-08-19T14:08:17.085216,A
2017,5,00-0032115,K.Clay,WR,BUF,2.910517633791326,0.0,1,2026-08-19T14:08:17.085216,A
2017,5,00-0032123,T.McBride,WR,CHI,3.5778253380935885,2.8,1,2026-08-19T14:08:17.085216,A
2017,5,00-0032128,C.Conley,WR,KC,8.195852291531473,7.6,1,2026-08-19T14:08:17.085216,A
2017,5,00-0032160,T.Williams,WR,LAC,7.141438605061451,3.2,1,2026-08-19T14:08:17.085216,A
2017,5,00-0032166,S.Coates,WR,CLE,5.743393325478171,0.0,1,2026-08-19T14:08:17.085216,A
2017,5,00-0032188,V.Mayle,WR,BAL,0.0,6.2,1,2026-08-19T14:08:17.085216,A
2017,5,00-0032208,P.Dorsett,WR,NE,5.152474428381136,0.0,1,2026-08-19T14:08:17.085216,A
2017,5,00-0032211,T.Lockett,WR,SEA,9.746397437565324,6.3,1,2026-08-19T14:08:17.085216,A
2017,5,00-0032250,K.Williams,WR,CLE,1.4536829388218018,7.3,1,2026-08-19T14:08:17.085216,A
2017,5,00-0032385,S.Shepard,WR,NYG,10.723595910522635,1.9,1,2026-08-19T14:08:17.085216,A
2017,5,00-0032475,T.McEvoy,WR,SEA,1.4475151728611764,-2.0,1,2026-08-19T14:08:17.085216,A
2017,5,00-0032543,A.Erickson,WR,CIN,1.1368601813842967,1.6,1,2026-08-19T14:08:17.085216,A
2017,5,00-0032626,G.Allison,WR,GB,7.170736977898925,0.0,1,2026-08-19T14:08:17.085216,A
2017,5,00-0032659,Ro.Lewis,WR,NYG,2.2923926607278466,9.9,1,2026-08-19T14:08:17.085216,A
2017,5,00-0032688,R.Chosen,WR,NYJ,9.244435073200744,3.6,1,2026-08-19T14:08:17.085216,A
2017,5,00-0032724,B.Treggs,WR,CLE,1.5987377580384585,4.8,1,2026-08-19T14:08:17.085216,A
2017,5,00-0032775,D.Robinson,WR,KC,4.096147695730308,2.6,1,2026-08-19T14:08:17.085216,A
2017,5,00-0032791,J.Grant,WR,MIA,2.7438939805619658,0.9,1,2026-08-19T14:08:17.085216,A
2017,5,00-0032795,C.Core,WR,CIN,2.218029474231084,0.0,1,2026-08-19T14:08:17.085216,A
2017,5,00-0032935,J.Holton,WR,LV,3.589349191435887,0.0,1,2026-08-19T14:08:17.085216,A
2017,5,00-0032937,M.McCaffrey,WR,JAX,0.0,1.4,1,2026-08-19T14:08:17.085216,A
2017,5,00-0032951,L.Treadwell,WR,MIN,4.665325896317309,0.0,1,2026-08-19T14:08:17.085216,A
2017,5,00-0032977,R.Higgins,WR,CLE,9.511459549445053,2.7,1,2026-08-19T14:08:17.085216,A
2017,5,00-0032980,M.Johnson,WR,PHI,1.4784419112614067,1.6,1,2026-08-19T14:08:17.085216,A
2017,5,00-0033009,T.Boyd,WR,CIN,5.291883205916049,2.6,1,2026-08-19T14:08:17.085216,A
2017,5,00-0033040,T.Hill,WR,KC,14.199078906215274,10.8,1,2026-08-19T14:08:17.085216,A
2017,5,00-0033060,L.Carroo,WR,MIA,1.0141481379446442,0.0,1,2026-08-19T14:08:17.085216,A
2017,5,00-0033079,R.Louis,WR,CLE,7.140137800789806,12.1,1,2026-08-19T14:08:17.085216,A
2017,5,00-0033111,P.Cooper,WR,LA,3.248878186525452,4.2,1,2026-08-19T14:08:17.085216,A
2017,5,00-0033127,W.Fuller,WR,HOU,10.68374959783539,20.2,1,2026-08-19T14:08:17.085216,A
2017,5,00-0033282,C.Samuel,WR,CAR,7.22161875941833,0.0,1,2026-08-19T14:08:17.085216,A
2017,5,00-0033292,T.Taylor,WR,SF,8.201122149815403,1.6,1,2026-08-19T14:08:17.085216,A
2017,5,00-0033306,V.Bolden,WR,SF,1.485361956883333,0.0,1,2026-08-19T14:08:17.085216,A
2017,5,00-0033555,M.Hollins,WR,PHI,3.8451243593160043,0.0,1,2026-08-19T14:08:17.085216,A
2017,5,00-0033562,R.Switzer,WR,DAL,1.7435674404230443,0.0,1,2026-08-19T14:08:17.085216,A
2017,5,00-0033604,K.Hogan,WR,IND,2.082195526056999,0.0,1,2026-08-19T14:08:17.085216,A
2017,5,00-0033681,K.Cole,WR,JAX,5.001040474763402,1.4,1,2026-08-19T14:08:17.085216,A
2017,5,00-0033840,C.Hansen,WR,NYJ,0.9858437207433912,0.0,1,2026-08-19T14:08:17.085216,A
2017,5,00-0033855,C.Thompson,WR,HOU,1.1406094849354693,2.9,1,2026-08-19T14:08:17.085216,A
2017,5,00-0033857,J.Smith-Schuster,WR,PIT,7.715142368813556,9.8,1,2026-08-19T14:08:17.085216,A
2017,5,00-0033891,Z.Jones,WR,BUF,7.277597615469702,1.9,1,2026-08-19T14:08:17.085216,A
2017,5,00-0033911,T.Taylor,WR,TEN,5.2156635678294325,0.5,1,2026-08-19T14:08:17.085216,A
2017,5,00-0033916,A.Stewart,WR,NYJ,0.8819354217096744,1.2,1,2026-08-19T14:08:17.085216,A
2017,5,00-0033921,C.Godwin,WR,TB,4.794494468821785,1.8,1,2026-08-19T14:08:17.085216,A
2017,5,00-0033937,A.Darboh,WR,SEA,3.7926484000569025,0.0,1,2026-08-19T14:08:17.085216,A
2017,5,00-0033943,J.Reynolds,WR,LA,4.198008463381044,0.0,1,2026-08-19T14:08:17.085216,A
2017,5,00-0021547,A.Gates,TE,LAC,7.711682157949973,4.3,1,2026-08-19T14:08:17.085216,A
2017,5,00-0022127,J.Witten,TE,DAL,12.721185105570033,12.1,1,2026-08-19T14:08:17.085216,A
2017,5,00-0022943,B.Watson,TE,BAL,9.750179186814266,2.2,1,2026-08-19T14:08:17.085216,A
2017,5,00-0024243,M.Lewis,TE,JAX,8.582734996490746,2.4,1,2026-08-19T14:08:17.085216,A
2017,5,00-0024268,A.Fasano,TE,MIA,1.2667572736966646,0.0,1,2026-08-19T14:08:17.085216,A
2017,5,00-0024389,De.Walker,TE,TEN,12.490872051242745,5.5,1,2026-08-19T14:08:17.085216,A
2017,5,00-0025549,B.Celek,TE,PHI,1.9449147174159829,1.5,1,2026-08-19T14:08:17.085216,A
2017,5,00-0026201,M.Bennett,TE,GB,9.816148975439523,8.3,1,2026-08-19T14:08:17.085216,A
2017,5,00-0027061,J.Cook,TE,LV,11.34935963652696,3.5,1,2026-08-19T14:08:17.085216,A
2017,5,00-0027125,Z.Miller,TE,CHI,5.943443430102849,12.9,1,2026-08-19T14:08:17.085216,A
2017,5,00-0027215,L.Paulsen,TE,SF,0.761354996315235,0.0,1,2026-08-19T14:08:17.085216,A
2017,5,00-0027675,E.Dickson,TE,CAR,5.444564960792718,22.5,1,2026-08-19T14:08:17.085216,A
2017,5,00-0027696,J.Graham,TE,SEA,9.837526763627272,15.7,1,2026-08-19T14:08:17.085216,A
2017,5,00-0027873,J.Gresham,TE,ARI,7.660045578986979,3.6,1,2026-08-19T14:08:17.085216,A
2017,5,00-0027981,K.Rudolph,TE,MIN,8.488622999592371,16.5,1,2026-08-19T14:08:17.085216,A
2017,5,00-0027985,L.Kendricks,TE,GB,4.368283775731344,3.4,1,2026-08-19T14:08:17.085216,A
2017,5,00-0028042,L.Stocker,TE,TB,0.7925936639262128,0.0,1,2026-08-19T14:08:17.085216,A
2017,5,00-0028067,J.Thomas,TE,MIA,6.664634497688279,2.5,1,2026-08-19T14:08:17.085216,A
2017,5,00-0028097,L.Smith,TE,LV,2.6928597638057967,0.0,1,2026-08-19T14:08:17.085216,A
2017,5,00-0028112,C.Clay,TE,BUF,10.149040813044373,5.1,1,2026-08-19T14:08:17.085216,A
2017,5,00-0028903,G.Celek,TE,SF,2.9315982891003234,1.6,1,2026-08-19T14:08:17.085216,A
2017,5,00-0028987,P.Supernaw,TE,TEN,1.0609804826812734,9.6,1,2026-08-19T14:08:17.085216,A
2017,5,00-0029119,D.Carrier,TE,LA,1.9583746194359064,0.0,1,2026-08-19T14:08:17.085216,A
2017,5,00-0029391,S.McGrath,TE,LAC,0.47577182240483046,0.0,1,2026-08-19T14:08:17.085216,A
2017,5,00-0029587,R.Ellison,TE,NYG,3.3817502531246832,1.9,1,2026-08-19T14:08:17.085216,A
2017,5,00-0029634,J.Hanna,TE,DAL,2.836316985272086,0.0,1,2026-08-19T14:08:17.085216,A
2017,5,00-0029689,D.Allen,TE,NE,2.7906990867416486,0.0,1,2026-08-19T14:08:17.085216,A
2017,5,00-0029738,D.Fells,TE,DET,4.110961335991334,16.4,1,2026-08-19T14:08:17.085216,A
2017,5,00-0029740,I.Momah,TE,ARI,1.2720817095881627,0.0,1,2026-08-19T14:08:17.085216,A
2017,5,00-0029793,B.Williams,TE,IND,1.921568438091986,4.7,1,2026-08-19T14:08:17.085216,A
2017,5,00-0029878,M.Gray,TE,MIA,0.2730562971948815,0.0,1,2026-08-19T14:08:17.085216,A
2017,5,00-0030061,Z.Ertz,TE,PHI,15.189403997607037,18.1,1,2026-08-19T14:08:17.085216,A
2017,5,00-0030089,L.Willson,TE,SEA,4.4289371345679935,0.0,1,2026-08-19T14:08:17.085216,A
2017,5,00-0030108,R.Griffin,TE,HOU,7.833632723969551,4.2,1,2026-08-19T14:08:17.085216,A
2017,5,00-0030155,D.Harris,TE,KC,2.6710228421331967,5.1,1,2026-08-19T14:08:17.085216,A
2017,5,00-0030422,D.Sims,TE,CHI,2.8038673836777748,2.7,1,2026-08-19T14:08:17.085216,A
2017,5,00-0030470,V.McDonald,TE,PIT,2.64364400713246,0.0,1,2026-08-19T14:08:17.085216,A
2017,5,00-0030506,T.Kelce,TE,KC,12.494827607441334,17.8,1,2026-08-19T14:08:17.085216,A
2017,5,00-0030710,T.Burton,TE,PHI,1.7360304079930666,9.6,1,2026-08-19T14:08:17.085216,A
2017,5,00-0031044,T.Niklas,TE,ARI,1.4041774795488684,0.0,1,2026-08-19T14:08:17.085216,A
2017,5,00-0031260,L.Thomas,TE,BUF,0.12418179939492902,1.3,1,2026-08-19T14:08:17.085216,A
2017,5,00-0031273,C.Brate,TE,TB,7.692751957945328,17.8,1,2026-08-19T14:08:17.085216,A
2017,5,00-0031384,R.Rodgers,TE,GB,2.949606342276904,2.6,1,2026-08-19T14:08:17.085216,A
2017,5,00-0031387,E.Ebron,TE,DET,9.197395526618756,1.6,1,2026-08-19T14:08:17.085216,A
2017,5,00-0031418,A.Seferian-Jenkins,TE,NYJ,7.91005866327569,14.9,1,2026-08-19T14:08:17.085216,A
2017,5,00-0031484,C.Manhertz,TE,CAR,0.33917124180677616,0.0,1,2026-08-19T14:08:17.085216,A
2017,5,00-0031533,R.Telfer,TE,CLE,1.5928365173772543,0.0,1,2026-08-19T14:08:17.085216,A
2017,5,00-0031598,N.Boyle,TE,BAL,4.0507984494907125,1.9,1,2026-08-19T14:08:17.085216,A
2017,5,00-0031690,E.Tomlinson,TE,NYJ,2.814721206553752,4.4,1,2026-08-19T14:08:17.085216,A
2017,5,00-0031951,J.O'Shaughnessy,TE,JAX,1.3987406254246508,0.0,1,2026-08-19T14:08:17.085216,A
2017,5,00-0032055,D.Funchess,TE,CAR,13.955722779272016,18.3,1,2026-08-19T14:08:17.085216,A
2017,5,00-0032062,B.Bell,TE,MIN,2.1610226739942764,0.0,1,2026-08-19T14:08:17.085216,A
2017,5,00-0032117,N.O'Leary,TE,BUF,0.9497404017105682,10.4,1,2026-08-19T14:08:17.085216,A
2017,5,00-0032134,C.Uzomah,TE,CIN,2.107593067160922,3.1,1,2026-08-19T14:08:17.085216,A
2017,5,00-0032135,J.James,TE,PIT,8.695350148941209,5.4,1,2026-08-19T14:08:17.085216,A
2017,5,00-0032139,B.Koyack,TE,JAX,1.652655630215292,0.0,1,2026-08-19T14:08:17.085216,A
2017,5,00-0032141,G.Swaim,TE,DAL,1.1105757248433796,0.0,1,2026-08-19T14:08:17.085216,A
2017,5,00-0032214,T.Kroft,TE,CIN,6.651116029031887,7.8,1,2026-08-19T14:08:17.085216,A
2017,5,00-0032256,C.Walford,TE,LV,1.5234871234428673,0.0,1,2026-08-19T14:08:17.085216,A
2017,5,00-0032319,R.Travis,TE,KC,0.847434284452992,4.6,1,2026-08-19T14:08:17.085216,A
2017,5,00-0032394,N.Vannett,TE,SEA,1.5060721338742358,2.3,1,2026-08-19T14:08:17.085216,A
2017,5,00-0032429,J.Adams,TE,NYG,2.2299136405540274,2.1,1,2026-08-19T14:08:17.085216,A
2017,5,00-0032523,H.Krieger-Coble,TE,IND,0.0,0.0,1,2026-08-19T14:08:17.085216,A
2017,5,00-0032725,S.Anderson,TE,HOU,2.5666320624570806,8.3,1,2026-08-19T14:08:17.085216,A
2017,5,00-0033080,S.DeValve,TE,CLE,6.099912962503398,5.4,1,2026-08-19T14:08:17.085216,A
2017,5,00-0033090,H.Henry,TE,LAC,6.195366536239943,13.2,1,2026-08-19T14:08:17.085216,A
2017,5,00-0033110,T.Higbee,TE,LA,6.413686654248444,13.8,1,2026-08-19T14:08:17.085216,A
2017,5,00-0033258,D.Daniels,TE,IND,2.0457804982988095,2.3,1,2026-08-19T14:08:17.085216,A
2017,5,00-0033288,G.Kittle,TE,SF,4.817975043100918,21.3,1,2026-08-19T14:08:17.085216,A
2017,5,00-0033338,C.Carter,TE,CIN,1.435221826887406,0.0,1,2026-08-19T14:08:17.085216,A
2017,5,00-0033387,J.Hollister,TE,NE,2.1234345402924655,0.0,1,2026-08-19T14:08:17.085216,A
2017,5,00-0033421,A.Auclair,TE,TB,4.2004433555837055,0.0,1,2026-08-19T14:08:17.085216,A
2017,5,00-0033559,M.Roberts,TE,DET,0.6201365499711045,0.0,1,2026-08-19T14:08:17.085216,A
2017,5,00-0033611,R.Seals-Jones,TE,ARI,4.623142013376898,0.0,1,2026-08-19T14:08:17.085216,A
2017,5,00-0033858,J.Smith,TE,TEN,4.1572568081496595,7.1,1,2026-08-19T14:08:17.085216,A
2017,5,00-0033879,O.Howard,TE,TB,5.9612400306653015,0.0,1,2026-08-19T14:08:17.085216,A
2017,5,00-0033881,E.Engram,TE,NYG,8.757120899349236,0.0,1,2026-08-19T14:08:17.085216,A
2017,5,00-0033885,D.Njoku,TE,CLE,5.127302130671963,13.9,1,2026-08-19T14:08:17.085216,A
2017,5,00-0033895,G.Everett,TE,LA,6.36089940391637,1.8,1,2026-08-19T14:08:17.085216,A
2017,5,00-0033896,A.Shaheen,TE,CHI,2.5906470361952465,0.0,1,2026-08-19T14:08:17.085216,A
2017,6,00-0023500,F.Gore,RB,IND,10.623612815930354,8.7,1,2026-08-19T14:08:17.085216,A
2017,6,00-0025394,A.Peterson,RB,ARI,2.827409082406764,25.4,1,2026-08-19T14:08:17.085216,A
2017,6,00-0025399,M.Lynch,RB,LV,9.431419303334692,6.3,1,2026-08-19T14:08:17.085216,A
2017,6,00-0026153,J.Stewart,RB,CAR,14.342385423426853,-0.4,1,2026-08-19T14:08:17.085216,A
2017,6,00-0026184,M.Forte,RB,NYJ,8.022237095924904,16.1,1,2026-08-19T14:08:17.085216,A
2017,6,00-0026213,J.Charles,RB,DEN,8.099618032889262,3.1,1,2026-08-19T14:08:17.085216,A
2017,6,00-0027325,L.Blount,RB,PHI,9.158879720038247,6.7,1,2026-08-19T14:08:17.085216,A
2017,6,00-0027531,C.Ivory,RB,JAX,7.335342941376339,22.7,1,2026-08-19T14:08:17.085216,A
2017,6,00-0027966,M.Ingram,RB,NO,15.703288390727032,30.0,1,2026-08-19T14:08:17.085216,A
2017,6,00-0027994,S.Vereen,RB,NYG,6.467343173923369,0.4,1,2026-08-19T14:08:17.085216,A
2017,6,00-0028009,D.Murray,RB,TEN,16.244612200234194,18.7,1,2026-08-19T14:08:17.085216,A
2017,6,00-0028083,J.Rodgers,RB,TB,7.201152301748257,1.7,1,2026-08-19T14:08:17.085216,A
2017,6,00-0028087,D.Lewis,RB,NE,7.513656366142557,11.2,1,2026-08-19T14:08:17.085216,A
2017,6,00-0029205,T.Cadet,RB,NYJ,3.0010348347442326,5.9,1,2026-08-19T14:08:17.085216,A
2017,6,00-0029273,R.Turbin,RB,IND,4.700009836877842,8.0,1,2026-08-19T14:08:17.085216,A
2017,6,00-0029384,B.Rainey,RB,BAL,0.865231317314695,3.1,1,2026-08-19T14:08:17.085216,A
2017,6,00-0029613,D.Martin,RB,TB,10.499910859561258,13.4,1,2026-08-19T14:08:17.085216,A
2017,6,00-0029615,L.Miller,RB,HOU,14.966444790164465,11.1,1,2026-08-19T14:08:17.085216,A
2017,6,00-0029731,F.Whittaker,RB,CAR,4.378154012987173,-0.3,1,2026-08-19T14:08:17.085216,A
2017,6,00-0029795,B.Cunningham,RB,CHI,5.981499232058823,0.0,1,2026-08-19T14:08:17.085216,A
2017,6,00-0029854,C.Anderson,RB,DEN,16.173664068337136,1.7,1,2026-08-19T14:08:17.085216,A
2017,6,00-0030107,T.Riddick,RB,DET,8.620428966835181,10.3,1,2026-08-19T14:08:17.085216,A
2017,6,00-0030117,K.Williams,RB,ARI,2.2540332304585378,1.4,1,2026-08-19T14:08:17.085216,A
2017,6,00-0030287,A.Ellington,RB,ARI,11.815308863512726,0.0,1,2026-08-19T14:08:17.085216,A
2017,6,00-0030404,C.Thompson,RB,WAS,15.57601065654773,17.8,1,2026-08-19T14:08:17.085216,A
2017,6,00-0030433,M.Gillislee,RB,NE,9.074105798068647,2.4,1,2026-08-19T14:08:17.085216,A
2017,6,00-0030465,K.Barner,RB,PHI,6.494345960379091,2.6,1,2026-08-19T14:08:17.085216,A
2017,6,00-0030496,L.Bell,RB,PIT,19.576642085806327,28.1,1,2026-08-19T14:08:17.085216,A
2017,6,00-0030513,L.Murray,RB,MIN,6.6436331293646615,4.8,1,2026-08-19T14:08:17.085216,A
2017,6,00-0030578,C.Patterson,RB,LV,6.800623978181105,13.0,1,2026-08-19T14:08:17.085216,A
2017,6,00-0030656,I.Crowell,RB,CLE,10.021115810664798,9.3,1,2026-08-19T14:08:17.085216,A
2017,6,00-0030668,C.West,RB,KC,6.138014752264239,1.9,1,2026-08-19T14:08:17.085216,A
2017,6,00-0030860,O.Darkwa,RB,NYG,4.8462533445282,14.0,1,2026-08-19T14:08:17.085216,A
2017,6,00-0030874,D.Williams,RB,MIA,4.056575906731947,5.3,1,2026-08-19T14:08:17.085216,A
2017,6,00-0031045,C.Hyde,RB,SF,12.959786731072588,24.5,1,2026-08-19T14:08:17.085216,A
2017,6,00-0031062,J.White,RB,NE,11.792095186402321,8.5,1,2026-08-19T14:08:17.085216,A
2017,6,00-0031085,J.Prosch,RB,HOU,1.6556053718867179,2.8,1,2026-08-19T14:08:17.085216,A
2017,6,00-0031285,D.Freeman,RB,ATL,17.178482039778327,9.9,1,2026-08-19T14:08:17.085216,A
2017,6,00-0031376,J.McKinnon,RB,MIN,10.756495904618317,24.9,1,2026-08-19T14:08:17.085216,A
2017,6,00-0031390,C.Sims,RB,TB,6.637275673455342,8.5,1,2026-08-19T14:08:17.085216,A
2017,6,00-0031577,J.Allen,RB,BAL,12.895162417918314,9.6,1,2026-08-19T14:08:17.085216,A
2017,6,00-0031590,J.Ajayi,RB,MIA,11.094519544383376,13.0,1,2026-08-19T14:08:17.085216,A
2017,6,00-0031599,C.Artis-Payne,RB,CAR,10.104509961372491,0.0,1,2026-08-19T14:08:17.085216,A
2017,6,00-0031665,Z.Zenner,RB,DET,3.1546010054323697,0.0,1,2026-08-19T14:08:17.085216,A
2017,6,00-0031687,R.Mostert,RB,SF,2.125442792168408,1.6,1,2026-08-19T14:08:17.085216,A
2017,6,00-0031731,C.Grant,RB,JAX,4.879939156348624,0.0,1,2026-08-19T14:08:17.085216,A
2017,6,00-0031743,A.Hunt,RB,KC,2.0064613737346484,0.3,1,2026-08-19T14:08:17.085216,A
2017,6,00-0031793,T.Watson,RB,PIT,0.10454240968573458,0.3,1,2026-08-19T14:08:17.085216,A
2017,6,00-0031806,M.Brown,RB,LA,2.5620537845203057,1.7,1,2026-08-19T14:08:17.085216,A
2017,6,00-0032048,M.Brown,RB,WAS,5.872784629090692,2.3,1,2026-08-19T14:08:17.085216,A
2017,6,00-0032058,T.Coleman,RB,ATL,13.16655542503956,10.6,1,2026-08-19T14:08:17.085216,A
2017,6,00-0032104,A.Abdullah,RB,DET,11.507359356084443,5.4,1,2026-08-19T14:08:17.085216,A
2017,6,00-0032144,M.Gordon,RB,LAC,17.044784855626432,36.0,1,2026-08-19T14:08:17.085216,A
2017,6,00-0032241,T.Gurley,RB,LA,21.058582479202432,13.0,1,2026-08-19T14:08:17.085216,A
2017,6,00-0032257,D.Johnson,RB,CLE,12.075494427528128,6.9,1,2026-08-19T14:08:17.085216,A
2017,6,00-0032426,A.Collins,RB,BAL,8.248068007054506,7.4,1,2026-08-19T14:08:17.085216,A
2017,6,00-0032780,J.Howard,RB,CHI,13.612408687626726,18.6,1,2026-08-19T14:08:17.085216,A
2017,6,00-0032813,E.Penny,RB,ARI,1.5023940652801677,0.0,1,2026-08-19T14:08:17.085216,A
2017,6,00-0032940,D.Washington,RB,LV,4.982301345580739,1.2,1,2026-08-19T14:08:17.085216,A
2017,6,00-0032972,D.Booker,RB,DEN,10.559669933363157,12.0,1,2026-08-19T14:08:17.085216,A
2017,6,00-0033025,J.Richard,RB,LV,8.949903697410928,5.6,1,2026-08-19T14:08:17.085216,A
2017,6,00-0033118,K.Drake,RB,MIA,2.9376100354645915,0.0,1,2026-08-19T14:08:17.085216,A
2017,6,00-0033293,A.Jones,RB,GB,12.748545107608962,5.2,1,2026-08-19T14:08:17.085216,A
2017,6,00-0033295,E.McGuire,RB,NYJ,9.368007691938159,2.2,1,2026-08-19T14:08:17.085216,A
2017,6,00-0033296,A.Armah,RB,CAR,2.299064356161669,0.0,1,2026-08-19T14:08:17.085216,A
2017,6,00-0033308,M.Breida,RB,SF,8.90033519796524,5.6,1,2026-08-19T14:08:17.085216,A
2017,6,00-0033526,S.Perine,RB,WAS,10.409121642904203,13.7,1,2026-08-19T14:08:17.085216,A
2017,6,00-0033553,J.Conner,RB,PIT,2.871545346971614,1.4,1,2026-08-19T14:08:17.085216,A
2017,6,00-0033556,T.Cohen,RB,CHI,9.179986149115337,8.4,1,2026-08-19T14:08:17.085216,A
2017,6,00-0033596,M.Dayes,RB,CLE,2.4415868804711978,0.0,1,2026-08-19T14:08:17.085216,A
2017,6,00-0033699,A.Ekeler,RB,LAC,7.728384001748097,1.9,1,2026-08-19T14:08:17.085216,A
2017,6,00-0033725,C.Clement,RB,PHI,6.250388081477934,0.2,1,2026-08-19T14:08:17.085216,A
2017,6,00-0033856,L.Fournette,RB,JAX,16.677882782475294,21.8,1,2026-08-19T14:08:17.085216,A
2017,6,00-0033906,A.Kamara,RB,NO,12.94508836410422,11.7,1,2026-08-19T14:08:17.085216,A
2017,6,00-0033923,K.Hunt,RB,KC,20.13038416770606,16.0,1,2026-08-19T14:08:17.085216,A
2017,6,00-0033925,D.Foreman,RB,HOU,7.315444211409649,5.9,1,2026-08-19T14:08:17.085216,A
2017,6,00-0033950,W.Gallman,RB,NYG,7.31716673390995,5.2,1,2026-08-19T14:08:17.085216,A
2017,6,00-0033951,M.Mack,RB,IND,7.635326406067083,1.8,1,2026-08-19T14:08:17.085216,A
2017,6,00-0022921,L.Fitzgerald,WR,ARI,17.005095381194863,27.8,1,2026-08-19T14:08:17.085216,A
2017,6,00-0024535,E.Weems,WR,TEN,1.9848965974074724,0.0,1,2026-08-19T14:08:17.085216,A
2017,6,00-0025396,T.Ginn,WR,NO,8.550953213326887,16.9,1,2026-08-19T14:08:17.085216,A
2017,6,00-0026035,D.Amendola,WR,NE,11.456538051164419,7.0,1,2026-08-19T14:08:17.085216,A
2017,6,00-0026176,J.Nelson,WR,GB,14.401022361175677,12.0,1,2026-08-19T14:08:17.085216,A
2017,6,00-0026189,D.Jackson,WR,TB,10.012680646404164,12.8,1,2026-08-19T14:08:17.085216,A
2017,6,00-0026293,M.Slater,WR,NE,1.5496201771465021,0.0,1,2026-08-19T14:08:17.085216,A
2017,6,00-0026345,P.Garcon,WR,SF,13.325114852875664,10.5,1,2026-08-19T14:08:17.085216,A
2017,6,00-0026901,M.Wallace,WR,BAL,9.018236851785657,6.0,1,2026-08-19T14:08:17.085216,A
2017,6,00-0026983,D.Heyward-Bey,WR,PIT,2.336436003538059,0.0,1,2026-08-19T14:08:17.085216,A
2017,6,00-0026986,M.Crabtree,WR,LV,14.18774274661695,17.2,1,2026-08-19T14:08:17.085216,A
2017,6,00-0027654,A.Benn,WR,JAX,0.0,0.0,1,2026-08-19T14:08:17.085216,A
2017,6,00-0027685,E.Sanders,WR,DEN,14.121247876898536,12.6,1,2026-08-19T14:08:17.085216,A
2017,6,00-0027690,E.Decker,WR,TEN,8.210660637217645,15.8,1,2026-08-19T14:08:17.085216,A
2017,6,00-0027691,A.Roberts,WR,ATL,4.228455577957556,0.0,1,2026-08-19T14:08:17.085216,A
2017,6,00-0027793,A.Brown,WR,PIT,18.527806757923077,29.5,1,2026-08-19T14:08:17.085216,A
2017,6,00-0027874,D.Thomas,WR,DEN,12.485595928728719,21.3,1,2026-08-19T14:08:17.085216,A
2017,6,00-0027891,G.Tate,WR,DET,10.176231017395683,22.6,1,2026-08-19T14:08:17.085216,A
2017,6,00-0027944,J.Jones,WR,ATL,13.19614361028086,13.2,1,2026-08-19T14:08:17.085216,A
2017,6,00-0027996,T.Smith,WR,PHI,8.379993388199686,1.6,1,2026-08-19T14:08:17.085216,A
2017,6,00-0028002,R.Cobb,WR,GB,12.494803133200941,5.8,1,2026-08-19T14:08:17.085216,A
2017,6,00-0028091,J.Kerley,WR,NYJ,8.159903501660544,14.1,1,2026-08-19T14:08:17.085216,A
2017,6,00-0028116,A.Robinson,WR,SF,5.11389572896954,14.6,1,2026-08-19T14:08:17.085216,A
2017,6,00-0028237,C.Hogan,WR,NE,12.508509354397134,2.9,1,2026-08-19T14:08:17.085216,A
2017,6,00-0028497,K.Aiken,WR,IND,5.250138952717767,4.1,1,2026-08-19T14:08:17.085216,A
2017,6,00-0028702,C.Matthews,WR,BAL,0.1759113804649628,1.5,1,2026-08-19T14:08:17.085216,A
2017,6,00-0028825,T.Pryor,WR,WAS,8.472550428294362,5.3,1,2026-08-19T14:08:17.085216,A
2017,6,00-0029137,A.Jeffery,WR,PHI,11.563931401890565,11.1,1,2026-08-19T14:08:17.085216,A
2017,6,00-0029159,J.Kearse,WR,NYJ,9.69616723471168,11.9,1,2026-08-19T14:08:17.085216,A
2017,6,00-0029269,T.Benjamin,WR,LAC,9.603133354796126,0.0,1,2026-08-19T14:08:17.085216,A
2017,6,00-0029293,M.Jones,WR,DET,10.565576315048725,21.6,1,2026-08-19T14:08:17.085216,A
2017,6,00-0029319,J.Bellamy,WR,CHI,3.456667653461737,0.0,1,2026-08-19T14:08:17.085216,A
2017,6,00-0029336,B.Golden,WR,ARI,2.4816350801748355,0.0,1,2026-08-19T14:08:17.085216,A
2017,6,00-0029572,J.Wright,WR,MIN,4.791250549449999,0.0,1,2026-08-19T14:08:17.085216,A
2017,6,00-0029580,R.Matthews,WR,TEN,11.24906990534278,10.9,1,2026-08-19T14:08:17.085216,A
2017,6,00-0029608,T.Hilton,WR,IND,14.702918368596311,2.9,1,2026-08-19T14:08:17.085216,A
2017,6,00-0029638,M.Floyd,WR,MIN,7.804839822161866,1.5,1,2026-08-19T14:08:17.085216,A
2017,6,00-0029640,B.Quick,WR,WAS,3.8789778984512426,0.0,1,2026-08-19T14:08:17.085216,A
2017,6,00-0029708,K.Wright,WR,CHI,8.146269609437534,5.6,1,2026-08-19T14:08:17.085216,A
2017,6,00-0030035,A.Thielen,WR,MIN,13.039129160837916,18.6,1,2026-08-19T14:08:17.085216,A
2017,6,00-0030068,M.Goodwin,WR,SF,8.155217171972623,5.2,1,2026-08-19T14:08:17.085216,A
2017,6,00-0030085,K.Stills,WR,MIA,8.281844109807997,14.9,1,2026-08-19T14:08:17.085216,A
2017,6,00-0030091,T.King,WR,NYG,3.884990630596139,1.7,1,2026-08-19T14:08:17.085216,A
2017,6,00-0030147,R.Shepard,WR,CAR,5.643596099627907,3.2,1,2026-08-19T14:08:17.085216,A
2017,6,00-0030279,K.Allen,WR,LAC,14.984350722068223,9.5,1,2026-08-19T14:08:17.085216,A
2017,6,00-0030300,J.Brown,WR,ARI,9.604343107081029,4.0,1,2026-08-19T14:08:17.085216,A
2017,6,00-0030431,R.Woods,WR,LA,10.218646742053602,10.0,1,2026-08-19T14:08:17.085216,A
2017,6,00-0030525,T.Austin,WR,LA,3.979067636071178,0.0,1,2026-08-19T14:08:17.085216,A
2017,6,00-0030564,D.Hopkins,WR,HOU,17.18864323103736,9.9,1,2026-08-19T14:08:17.085216,A
2017,6,00-0030663,W.Snead,WR,NO,9.674041300191403,2.1,1,2026-08-19T14:08:17.085216,A
2017,6,00-0030670,B.Fowler,WR,DEN,7.081063056884541,5.1,1,2026-08-19T14:08:17.085216,A
2017,6,00-0030743,B.Reedy,WR,TB,0.6205959133467609,0.4,1,2026-08-19T14:08:17.085216,A
2017,6,00-0030801,B.Coleman,WR,NO,7.875059568932778,4.3,1,2026-08-19T14:08:17.085216,A
2017,6,00-0030821,A.Hurns,WR,JAX,11.04897867110336,6.7,1,2026-08-19T14:08:17.085216,A
2017,6,00-0031001,J.Janis,WR,GB,2.18187282729315,0.0,1,2026-08-19T14:08:17.085216,A
2017,6,00-0031021,J.Abbrederis,WR,DET,0.861208825673679,1.7,1,2026-08-19T14:08:17.085216,A
2017,6,00-0031025,M.Campanaro,WR,BAL,3.3705885574068293,5.4,1,2026-08-19T14:08:17.085216,A
2017,6,00-0031051,J.Brown,WR,ARI,7.705485006457278,15.3,1,2026-08-19T14:08:17.085216,A
2017,6,00-0031060,D.Thomas,WR,KC,3.223757590704892,15.1,1,2026-08-19T14:08:17.085216,A
2017,6,00-0031068,R.Grant,WR,WAS,7.505320052656286,6.9,1,2026-08-19T14:08:17.085216,A
2017,6,00-0031166,S.Roberts,WR,LV,8.949588563491577,6.5,1,2026-08-19T14:08:17.085216,A
2017,6,00-0031189,T.Jones,WR,DET,5.306125713415455,6.3,1,2026-08-19T14:08:17.085216,A
2017,6,00-0031228,T.Gabriel,WR,ATL,9.802534224840455,7.9,1,2026-08-19T14:08:17.085216,A
2017,6,00-0031236,B.Cooks,WR,NE,13.011206448413157,15.3,1,2026-08-19T14:08:17.085216,A
2017,6,00-0031325,S.Watkins,WR,LA,10.62974618565545,2.1,1,2026-08-19T14:08:17.085216,A
2017,6,00-0031326,B.Ellington,WR,HOU,7.4171928513662335,4.2,1,2026-08-19T14:08:17.085216,A
2017,6,00-0031339,D.Moncrief,WR,IND,7.918759312406806,11.7,1,2026-08-19T14:08:17.085216,A
2017,6,00-0031359,K.Benjamin,WR,CAR,10.53567948270302,18.9,1,2026-08-19T14:08:17.085216,A
2017,6,00-0031373,M.Bryant,WR,PIT,9.635548900388033,4.7,1,2026-08-19T14:08:17.085216,A
2017,6,00-0031381,D.Adams,WR,GB,13.95458753854475,16.4,1,2026-08-19T14:08:17.085216,A
2017,6,00-0031382,J.Landry,WR,MIA,14.013644671257893,20.2,1,2026-08-19T14:08:17.085216,A
2017,6,00-0031408,M.Evans,WR,TB,15.62726868010474,18.5,1,2026-08-19T14:08:17.085216,A
2017,6,00-0031431,M.Lee,WR,JAX,8.78771216791258,15.0,1,2026-08-19T14:08:17.085216,A
2017,6,00-0031544,A.Cooper,WR,LV,9.592792787872487,7.8,1,2026-08-19T14:08:17.085216,A
2017,6,00-0031549,N.Agholor,WR,PHI,10.024802629198625,15.5,1,2026-08-19T14:08:17.085216,A
2017,6,00-0031570,J.Hardy,WR,ATL,5.822922879451767,6.4,1,2026-08-19T14:08:17.085216,A
2017,6,00-0031697,J.Taylor,WR,DEN,4.306090855997658,5.6,1,2026-08-19T14:08:17.085216,A
2017,6,00-0031782,E.Rogers,WR,PIT,7.606023899972547,0.0,1,2026-08-19T14:08:17.085216,A
2017,6,00-0031941,J.Crowder,WR,WAS,9.184576873486327,5.6,1,2026-08-19T14:08:17.085216,A
2017,6,00-0032009,A.Humphries,WR,TB,9.796769565439782,11.1,1,2026-08-19T14:08:17.085216,A
2017,6,00-0032054,B.Perriman,WR,BAL,2.563960094941555,0.0,1,2026-08-19T14:08:17.085216,A
2017,6,00-0032112,J.Nelson,WR,ARI,8.839058531545401,1.6,1,2026-08-19T14:08:17.085216,A
2017,6,00-0032123,T.McBride,WR,CHI,2.792890187804944,0.0,1,2026-08-19T14:08:17.085216,A
2017,6,00-0032160,T.Williams,WR,LAC,10.461167938181415,3.7,1,2026-08-19T14:08:17.085216,A
2017,6,00-0032166,S.Coates,WR,CLE,3.0508232615972717,2.1,1,2026-08-19T14:08:17.085216,A
2017,6,00-0032188,V.Mayle,WR,BAL,1.819749036741713,0.0,1,2026-08-19T14:08:17.085216,A
2017,6,00-0032200,T.Montgomery,WR,GB,7.9530781061166875,4.1,1,2026-08-19T14:08:17.085216,A
2017,6,00-0032208,P.Dorsett,WR,NE,3.6965297358590896,0.0,1,2026-08-19T14:08:17.085216,A
2017,6,00-0032250,K.Williams,WR,CLE,3.5010052887883916,8.1,1,2026-08-19T14:08:17.085216,A
2017,6,00-0032355,C.Rogers,WR,IND,6.795370264542811,0.0,1,2026-08-19T14:08:17.085216,A
2017,6,00-0032398,C.Moore,WR,BAL,4.581121892522913,7.4,1,2026-08-19T14:08:17.085216,A
2017,6,00-0032626,G.Allison,WR,GB,5.582693195067801,1.7,1,2026-08-19T14:08:17.085216,A
2017,6,00-0032659,Ro.Lewis,WR,NYG,3.765478979656515,2.5,1,2026-08-19T14:08:17.085216,A
2017,6,00-0032688,R.Chosen,WR,NYJ,8.497926687333168,11.6,1,2026-08-19T14:08:17.085216,A
2017,6,00-0032724,B.Treggs,WR,CLE,6.041968817787822,3.0,1,2026-08-19T14:08:17.085216,A
2017,6,00-0032760,J.Doctson,WR,WAS,3.167239728130455,8.1,1,2026-08-19T14:08:17.085216,A
2017,6,00-0032765,M.Thomas,WR,NO,16.10735305240634,4.1,1,2026-08-19T14:08:17.085216,A
2017,6,00-0032775,D.Robinson,WR,KC,4.164689081038438,2.6,1,2026-08-19T14:08:17.085216,A
2017,6,00-0032791,J.Grant,WR,MIA,4.112237285157405,1.4,1,2026-08-19T14:08:17.085216,A
2017,6,00-0032935,J.Holton,WR,LV,3.30709626309754,0.0,1,2026-08-19T14:08:17.085216,A
2017,6,00-0032937,M.McCaffrey,WR,JAX,0.6725070836534571,0.0,1,2026-08-19T14:08:17.085216,A
2017,6,00-0032951,L.Treadwell,WR,MIN,4.7135728546631075,8.1,1,2026-08-19T14:08:17.085216,A
2017,6,00-0032977,R.Higgins,WR,CLE,7.422890456383665,2.3,1,2026-08-19T14:08:17.085216,A
2017,6,00-0032980,M.Johnson,WR,PHI,2.2380916324400673,2.6,1,2026-08-19T14:08:17.085216,A
2017,6,00-0033040,T.Hill,WR,KC,12.399779769670277,7.5,1,2026-08-19T14:08:17.085216,A
2017,6,00-0033060,L.Carroo,WR,MIA,1.1886526413636782,0.0,1,2026-08-19T14:08:17.085216,A
2017,6,00-0033069,B.Miller,WR,HOU,3.8108593888249587,7.5,1,2026-08-19T14:08:17.085216,A
2017,6,00-0033079,R.Louis,WR,CLE,8.313323906774652,5.5,1,2026-08-19T14:08:17.085216,A
2017,6,00-0033094,M.Hall,WR,ATL,5.716747776409132,11.0,1,2026-08-19T14:08:17.085216,A
2017,6,00-0033111,P.Cooper,WR,LA,3.36742654765356,0.0,1,2026-08-19T14:08:17.085216,A
2017,6,00-0033114,M.Thomas,WR,LA,3.3743027127594045,0.0,1,2026-08-19T14:08:17.085216,A
2017,6,00-0033127,W.Fuller,WR,HOU,13.004047307082697,14.2,1,2026-08-19T14:08:17.085216,A
2017,6,00-0033282,C.Samuel,WR,CAR,7.043827118205476,0.8,1,2026-08-19T14:08:17.085216,A
2017,6,00-0033292,T.Taylor,WR,SF,5.974068303708849,3.1,1,2026-08-19T14:08:17.085216,A
2017,6,00-0033306,V.Bolden,WR,SF,0.29723473495507563,0.0,1,2026-08-19T14:08:17.085216,A
2017,6,00-0033466,I.McKenzie,WR,DEN,2.033342593835666,1.0,1,2026-08-19T14:08:17.085216,A
2017,6,00-0033481,M.Kemp,WR,KC,4.550961815508648,0.0,1,2026-08-19T14:08:17.085216,A
2017,6,00-0033536,M.Williams,WR,LAC,6.1740372211882075,2.5,1,2026-08-19T14:08:17.085216,A
2017,6,00-0033555,M.Hollins,WR,PHI,3.0589178643092345,5.8,1,2026-08-19T14:08:17.085216,A
2017,6,00-0033572,J.Agnew,WR,DET,3.2688359165955423,0.0,1,2026-08-19T14:08:17.085216,A
2017,6,00-0033633,T.Gentry,WR,CHI,3.552503125294304,0.0,1,2026-08-19T14:08:17.085216,A
2017,6,00-0033681,K.Cole,WR,JAX,4.4794218141726425,1.7,1,2026-08-19T14:08:17.085216,A
2017,6,00-0033717,T.Rudolph,WR,NYG,2.532301770454982,0.0,1,2026-08-19T14:08:17.085216,A
2017,6,00-0033840,C.Hansen,WR,NYJ,0.5591056576520469,0.0,1,2026-08-19T14:08:17.085216,A
2017,6,00-0033857,J.Smith-Schuster,WR,PIT,8.041426282564531,6.2,1,2026-08-19T14:08:17.085216,A
2017,6,00-0033911,T.Taylor,WR,TEN,4.488612201437409,14.1,1,2026-08-19T14:08:17.085216,A
2017,6,00-0033916,A.Stewart,WR,NYJ,0.8145618953585441,1.8,1,2026-08-19T14:08:17.085216,A
2017,6,00-0033921,C.Godwin,WR,TB,5.851559016679364,1.9,1,2026-08-19T14:08:17.085216,A
2017,6,00-0033943,J.Reynolds,WR,LA,2.227219138649718,0.0,1,2026-08-19T14:08:17.085216,A
2017,6,00-0033968,S.Coley,WR,MIN,1.6410554651177787,0.0,1,2026-08-19T14:08:17.085216,A
2017,6,00-0021547,A.Gates,TE,LAC,7.219630354374706,2.6,1,2026-08-19T14:08:17.085216,A
2017,6,00-0022943,B.Watson,TE,BAL,9.34342817775989,8.8,1,2026-08-19T14:08:17.085216,A
2017,6,00-0024221,V.Davis,TE,WAS,8.652334103711748,7.5,1,2026-08-19T14:08:17.085216,A
2017,6,00-0024243,M.Lewis,TE,JAX,9.247144814731936,0.0,1,2026-08-19T14:08:17.085216,A
2017,6,00-0024268,A.Fasano,TE,MIA,1.362718617099816,0.0,1,2026-08-19T14:08:17.085216,A
2017,6,00-0024389,De.Walker,TE,TEN,11.762716531938313,5.4,1,2026-08-19T14:08:17.085216,A
2017,6,00-0025549,B.Celek,TE,PHI,1.6635752060895266,0.0,1,2026-08-19T14:08:17.085216,A
2017,6,00-0026201,M.Bennett,TE,GB,8.138743268015535,4.2,1,2026-08-19T14:08:17.085216,A
2017,6,00-0027061,J.Cook,TE,LV,10.261903851355024,3.4,1,2026-08-19T14:08:17.085216,A
2017,6,00-0027125,Z.Miller,TE,CHI,6.846878442520475,10.5,1,2026-08-19T14:08:17.085216,A
2017,6,00-0027215,L.Paulsen,TE,SF,0.5041007057468303,0.0,1,2026-08-19T14:08:17.085216,A
2017,6,00-0027656,R.Gronkowski,TE,NE,14.979034832591338,26.3,1,2026-08-19T14:08:17.085216,A
2017,6,00-0027675,E.Dickson,TE,CAR,9.180968806761996,7.6,1,2026-08-19T14:08:17.085216,A
2017,6,00-0027732,M.Hoomanawanui,TE,NO,2.862395688724288,10.7,1,2026-08-19T14:08:17.085216,A
2017,6,00-0027873,J.Gresham,TE,ARI,7.036054878567862,5.2,1,2026-08-19T14:08:17.085216,A
2017,6,00-0027981,K.Rudolph,TE,MIN,8.41807728766895,9.7,1,2026-08-19T14:08:17.085216,A
2017,6,00-0027985,L.Kendricks,TE,GB,4.727081420295959,0.0,1,2026-08-19T14:08:17.085216,A
2017,6,00-0028042,L.Stocker,TE,TB,0.8066920471880493,1.5,1,2026-08-19T14:08:17.085216,A
2017,6,00-0028067,J.Thomas,TE,MIA,6.128803509915589,5.2,1,2026-08-19T14:08:17.085216,A
2017,6,00-0028093,N.Paul,TE,WAS,1.3678863520570113,-0.1,1,2026-08-19T14:08:17.085216,A
2017,6,00-0028097,L.Smith,TE,LV,1.8101756785397418,0.0,1,2026-08-19T14:08:17.085216,A
2017,6,00-0028142,V.Green,TE,DEN,5.514072531417044,3.4,1,2026-08-19T14:08:17.085216,A
2017,6,00-0028903,G.Celek,TE,SF,2.396470210618798,2.3,1,2026-08-19T14:08:17.085216,A
2017,6,00-0028987,P.Supernaw,TE,TEN,2.5128471626479785,0.0,1,2026-08-19T14:08:17.085216,A
2017,6,00-0029119,D.Carrier,TE,LA,0.9964551912534365,0.0,1,2026-08-19T14:08:17.085216,A
2017,6,00-0029391,S.McGrath,TE,LAC,0.5552043913868069,0.0,1,2026-08-19T14:08:17.085216,A
2017,6,00-0029587,R.Ellison,TE,NYG,3.8046204800079124,0.0,1,2026-08-19T14:08:17.085216,A
2017,6,00-0029689,D.Allen,TE,NE,2.6853221107562786,0.0,1,2026-08-19T14:08:17.085216,A
2017,6,00-0029697,C.Fleener,TE,NO,8.206001975189022,0.0,1,2026-08-19T14:08:17.085216,A
2017,6,00-0029738,D.Fells,TE,DET,4.4156371833608,10.6,1,2026-08-19T14:08:17.085216,A
2017,6,00-0029740,I.Momah,TE,ARI,0.6774956733117603,0.0,1,2026-08-19T14:08:17.085216,A
2017,6,00-0029793,B.Williams,TE,IND,2.9877066895771662,0.0,1,2026-08-19T14:08:17.085216,A
2017,6,00-0029878,M.Gray,TE,MIA,0.26303937040284814,0.0,1,2026-08-19T14:08:17.085216,A
2017,6,00-0030061,Z.Ertz,TE,PHI,13.639798074283311,15.8,1,2026-08-19T14:08:17.085216,A
2017,6,00-0030108,R.Griffin,TE,HOU,8.58566216813277,8.2,1,2026-08-19T14:08:17.085216,A
2017,6,00-0030155,D.Harris,TE,KC,3.527024550496975,0.0,1,2026-08-19T14:08:17.085216,A
2017,6,00-0030181,J.Doyle,TE,IND,8.308720810790634,16.0,1,2026-08-19T14:08:17.085216,A
2017,6,00-0030216,J.Hill,TE,NO,2.8149408278164114,0.0,1,2026-08-19T14:08:17.085216,A
2017,6,00-0030422,D.Sims,TE,CHI,4.618959571876667,12.2,1,2026-08-19T14:08:17.085216,A
2017,6,00-0030443,L.Toilolo,TE,ATL,3.090361107362137,0.0,1,2026-08-19T14:08:17.085216,A
2017,6,00-0030470,V.McDonald,TE,PIT,1.8207231287387087,3.6,1,2026-08-19T14:08:17.085216,A
2017,6,00-0030472,J.Reed,TE,WAS,9.545694857694777,7.7,1,2026-08-19T14:08:17.085216,A
2017,6,00-0030506,T.Kelce,TE,KC,13.560765972457112,7.7,1,2026-08-19T14:08:17.085216,A
2017,6,00-0030710,T.Burton,TE,PHI,1.4915520125887771,1.9,1,2026-08-19T14:08:17.085216,A
2017,6,00-0031044,T.Niklas,TE,ARI,1.6696211829716106,10.0,1,2026-08-19T14:08:17.085216,A
2017,6,00-0031273,C.Brate,TE,TB,9.973887234216807,19.6,1,2026-08-19T14:08:17.085216,A
2017,6,00-0031384,R.Rodgers,TE,GB,2.003053861829533,0.0,1,2026-08-19T14:08:17.085216,A
2017,6,00-0031387,E.Ebron,TE,DET,8.888643313054652,1.9,1,2026-08-19T14:08:17.085216,A
2017,6,00-0031418,A.Seferian-Jenkins,TE,NYJ,8.953333255060716,18.6,1,2026-08-19T14:08:17.085216,A
2017,6,00-0031484,C.Manhertz,TE,CAR,0.5774144531152885,0.0,1,2026-08-19T14:08:17.085216,A
2017,6,00-0031533,R.Telfer,TE,CLE,1.0556446351769424,0.0,1,2026-08-19T14:08:17.085216,A
2017,6,00-0031558,M.Williams,TE,BAL,3.8075291569130325,-0.4,1,2026-08-19T14:08:17.085216,A
2017,6,00-0031598,N.Boyle,TE,BAL,4.227448768163474,3.5,1,2026-08-19T14:08:17.085216,A
2017,6,00-0031609,A.Derby,TE,DEN,5.04956277164567,2.0,1,2026-08-19T14:08:17.085216,A
2017,6,00-0031690,E.Tomlinson,TE,NYJ,2.964980694878121,0.0,1,2026-08-19T14:08:17.085216,A
2017,6,00-0031744,M.LaCosse,TE,NYG,1.049548084883867,0.0,1,2026-08-19T14:08:17.085216,A
2017,6,00-0031951,J.O'Shaughnessy,TE,JAX,2.5252769892515925,3.1,1,2026-08-19T14:08:17.085216,A
2017,6,00-0032055,D.Funchess,TE,CAR,14.547400326418215,6.6,1,2026-08-19T14:08:17.085216,A
2017,6,00-0032062,B.Bell,TE,MIN,1.2760393277941953,0.0,1,2026-08-19T14:08:17.085216,A
2017,6,00-0032135,J.James,TE,PIT,7.935781340591516,0.0,1,2026-08-19T14:08:17.085216,A
2017,6,00-0032139,B.Koyack,TE,JAX,0.6783720494888082,3.1,1,2026-08-19T14:08:17.085216,A
2017,6,00-0032227,J.Heuerman,TE,DEN,3.549274709591991,10.4,1,2026-08-19T14:08:17.085216,A
2017,6,00-0032256,C.Walford,TE,LV,0.40629958589140946,0.0,1,2026-08-19T14:08:17.085216,A
2017,6,00-0032319,R.Travis,TE,KC,1.937138958601806,0.0,1,2026-08-19T14:08:17.085216,A
2017,6,00-0032392,A.Hooper,TE,ATL,8.356255289155724,11.8,1,2026-08-19T14:08:17.085216,A
2017,6,00-0032429,J.Adams,TE,NYG,2.6374589966018993,1.6,1,2026-08-19T14:08:17.085216,A
2017,6,00-0032725,S.Anderson,TE,HOU,3.9981550648944593,3.7,1,2026-08-19T14:08:17.085216,A
2017,6,00-0033080,S.DeValve,TE,CLE,5.63515477323085,8.9,1,2026-08-19T14:08:17.085216,A
2017,6,00-0033090,H.Henry,TE,LAC,7.058551385236676,14.0,1,2026-08-19T14:08:17.085216,A
2017,6,00-0033110,T.Higbee,TE,LA,9.536700181314075,1.0,1,2026-08-19T14:08:17.085216,A
2017,6,00-0033258,D.Daniels,TE,IND,3.9476873610203427,0.0,1,2026-08-19T14:08:17.085216,A
2017,6,00-0033288,G.Kittle,TE,SF,6.665480253913044,8.6,1,2026-08-19T14:08:17.085216,A
2017,6,00-0033315,C.Hikutini,TE,SF,3.411251477843937,0.0,1,2026-08-19T14:08:17.085216,A
2017,6,00-0033387,J.Hollister,TE,NE,2.367109049881968,0.0,1,2026-08-19T14:08:17.085216,A
2017,6,00-0033559,M.Roberts,TE,DET,0.5124285583804749,0.0,1,2026-08-19T14:08:17.085216,A
2017,6,00-0033576,E.Saubert,TE,ATL,1.6320256847589962,0.0,1,2026-08-19T14:08:17.085216,A
2017,6,00-0033858,J.Smith,TE,TEN,4.645407556181502,2.0,1,2026-08-19T14:08:17.085216,A
2017,6,00-0033879,O.Howard,TE,TB,4.819269644055833,2.5,1,2026-08-19T14:08:17.085216,A
2017,6,00-0033881,E.Engram,TE,NYG,8.337319854745884,19.2,1,2026-08-19T14:08:17.085216,A
2017,6,00-0033885,D.Njoku,TE,CLE,5.473129774780692,2.0,1,2026-08-19T14:08:17.085216,A
2017,6,00-0033895,G.Everett,TE,LA,5.014631245720214,7.4,1,2026-08-19T14:08:17.085216,A
2017,6,00-0033896,A.Shaheen,TE,CHI,2.674146305940926,0.0,1,2026-08-19T14:08:17.085216,A
2017,7,00-0023500,F.Gore,RB,IND,9.342220001444593,3.4,1,2026-08-19T14:08:17.085216,A
2017,7,00-0025394,A.Peterson,RB,ARI,10.200758006976445,4.3,1,2026-08-19T14:08:17.085216,A
2017,7,00-0025399,M.Lynch,RB,LV,9.203281774651744,0.9,1,2026-08-19T14:08:17.085216,A
2017,7,00-0026153,J.Stewart,RB,CAR,12.138966306016536,4.8,1,2026-08-19T14:08:17.085216,A
2017,7,00-0026184,M.Forte,RB,NYJ,9.912995477835683,13.2,1,2026-08-19T14:08:17.085216,A
2017,7,00-0026213,J.Charles,RB,DEN,7.4596907310934695,6.2,1,2026-08-19T14:08:17.085216,A
2017,7,00-0027029,L.McCoy,RB,BUF,18.9980437675113,27.2,1,2026-08-19T14:08:17.085216,A
2017,7,00-0027325,L.Blount,RB,PHI,10.014247435040431,2.9,1,2026-08-19T14:08:17.085216,A
2017,7,00-0027531,C.Ivory,RB,JAX,10.945750525212318,8.7,1,2026-08-19T14:08:17.085216,A
2017,7,00-0027861,C.Spiller,RB,KC,2.482284343779313,0.0,1,2026-08-19T14:08:17.085216,A
2017,7,00-0027966,M.Ingram,RB,NO,16.56134216953371,21.0,1,2026-08-19T14:08:17.085216,A
2017,7,00-0027994,S.Vereen,RB,NYG,6.159844317290097,3.6,1,2026-08-19T14:08:17.085216,A
2017,7,00-0028009,D.Murray,RB,TEN,12.415559587979814,10.6,1,2026-08-19T14:08:17.085216,A
2017,7,00-0028063,T.Jones,RB,BUF,0.21323571722089468,2.1,1,2026-08-19T14:08:17.085216,A
2017,7,00-0028064,B.Powell,RB,NYJ,10.706728688763219,10.3,1,2026-08-19T14:08:17.085216,A
2017,7,00-0028083,J.Rodgers,RB,TB,5.945184501501437,2.1,1,2026-08-19T14:08:17.085216,A
2017,7,00-0028087,D.Lewis,RB,NE,8.349020809954029,9.2,1,2026-08-19T14:08:17.085216,A
2017,7,00-0029141,A.Morris,RB,DAL,5.1338177449953175,3.4,1,2026-08-19T14:08:17.085216,A
2017,7,00-0029384,B.Rainey,RB,BAL,1.97141580356032,2.8,1,2026-08-19T14:08:17.085216,A
2017,7,00-0029613,D.Martin,RB,TB,12.020733317739692,10.0,1,2026-08-19T14:08:17.085216,A
2017,7,00-0029854,C.Anderson,RB,DEN,11.865578296250483,7.1,1,2026-08-19T14:08:17.085216,A
2017,7,00-0030117,K.Williams,RB,ARI,3.481694309144912,4.7,1,2026-08-19T14:08:17.085216,A
2017,7,00-0030288,R.Burkhead,RB,NE,7.179857183326713,5.2,1,2026-08-19T14:08:17.085216,A
2017,7,00-0030404,C.Thompson,RB,WAS,11.638014274574843,17.4,1,2026-08-19T14:08:17.085216,A
2017,7,00-0030433,M.Gillislee,RB,NE,8.146088257842107,3.1,1,2026-08-19T14:08:17.085216,A
2017,7,00-0030456,G.Bernard,RB,CIN,8.028364470380984,1.7,1,2026-08-19T14:08:17.085216,A
2017,7,00-0030465,K.Barner,RB,PHI,6.602720471389896,0.4,1,2026-08-19T14:08:17.085216,A
2017,7,00-0030485,E.Lacy,RB,SEA,5.334851039222752,5.3,1,2026-08-19T14:08:17.085216,A
2017,7,00-0030496,L.Bell,RB,PIT,21.255313278040028,22.2,1,2026-08-19T14:08:17.085216,A
2017,7,00-0030513,L.Murray,RB,MIN,8.876897456312802,17.3,1,2026-08-19T14:08:17.085216,A
2017,7,00-0030578,C.Patterson,RB,LV,5.558286693846299,1.9,1,2026-08-19T14:08:17.085216,A
2017,7,00-0030656,I.Crowell,RB,CLE,9.58112646704324,11.1,1,2026-08-19T14:08:17.085216,A
2017,7,00-0030860,O.Darkwa,RB,NYG,8.090006075407203,7.8,1,2026-08-19T14:08:17.085216,A
2017,7,00-0030874,D.Williams,RB,MIA,6.047097106729838,4.0,1,2026-08-19T14:08:17.085216,A
2017,7,00-0031045,C.Hyde,RB,SF,15.695464025991049,12.8,1,2026-08-19T14:08:17.085216,A
2017,7,00-0031062,J.White,RB,NE,12.332452738065331,15.7,1,2026-08-19T14:08:17.085216,A
2017,7,00-0031285,D.Freeman,RB,ATL,15.585768852027472,12.0,1,2026-08-19T14:08:17.085216,A
2017,7,00-0031301,J.Hill,RB,CIN,4.431963653996728,0.7,1,2026-08-19T14:08:17.085216,A
2017,7,00-0031376,J.McKinnon,RB,MIN,13.505710699683057,8.7,1,2026-08-19T14:08:17.085216,A
2017,7,00-0031390,C.Sims,RB,TB,5.897749803662238,3.5,1,2026-08-19T14:08:17.085216,A
2017,7,00-0031577,J.Allen,RB,BAL,10.749442712311904,12.9,1,2026-08-19T14:08:17.085216,A
2017,7,00-0031590,J.Ajayi,RB,MIA,13.14900550859539,10.7,1,2026-08-19T14:08:17.085216,A
2017,7,00-0031731,C.Grant,RB,JAX,3.263944202174892,4.6,1,2026-08-19T14:08:17.085216,A
2017,7,00-0031743,A.Hunt,RB,KC,1.9191351111491874,1.1,1,2026-08-19T14:08:17.085216,A
2017,7,00-0031793,T.Watson,RB,PIT,0.7413452643624027,0.0,1,2026-08-19T14:08:17.085216,A
2017,7,00-0031806,M.Brown,RB,LA,3.633042651256619,6.5,1,2026-08-19T14:08:17.085216,A
2017,7,00-0031897,T.Rawls,RB,SEA,5.643294565367176,4.2,1,2026-08-19T14:08:17.085216,A
2017,7,00-0031900,R.Smith,RB,DAL,3.310502781649861,7.6,1,2026-08-19T14:08:17.085216,A
2017,7,00-0032058,T.Coleman,RB,ATL,11.852428344662062,1.6,1,2026-08-19T14:08:17.085216,A
2017,7,00-0032144,M.Gordon,RB,LAC,18.72467523418849,5.4,1,2026-08-19T14:08:17.085216,A
2017,7,00-0032209,T.Yeldon,RB,JAX,10.14002645305948,21.7,1,2026-08-19T14:08:17.085216,A
2017,7,00-0032241,T.Gurley,RB,LA,19.06795360823783,25.4,1,2026-08-19T14:08:17.085216,A
2017,7,00-0032257,D.Johnson,RB,CLE,11.919550255608764,13.1,1,2026-08-19T14:08:17.085216,A
2017,7,00-0032371,R.Kelley,RB,WAS,4.276668774498519,5.0,1,2026-08-19T14:08:17.085216,A
2017,7,00-0032377,J.Ferguson,RB,IND,2.5278585624986305,0.5,1,2026-08-19T14:08:17.085216,A
2017,7,00-0032393,C.Prosise,RB,SEA,5.271776127691496,0.0,1,2026-08-19T14:08:17.085216,A
2017,7,00-0032426,A.Collins,RB,BAL,7.553090237384726,3.0,1,2026-08-19T14:08:17.085216,A
2017,7,00-0032602,J.McKissic,RB,SEA,10.259070888089951,5.3,1,2026-08-19T14:08:17.085216,A
2017,7,00-0032741,P.Barber,RB,TB,3.9847642575752786,0.0,1,2026-08-19T14:08:17.085216,A
2017,7,00-0032780,J.Howard,RB,CHI,12.999789238183137,6.5,1,2026-08-19T14:08:17.085216,A
2017,7,00-0032782,W.Smallwood,RB,PHI,6.897051709050653,5.9,1,2026-08-19T14:08:17.085216,A
2017,7,00-0032940,D.Washington,RB,LV,4.360847442537446,13.0,1,2026-08-19T14:08:17.085216,A
2017,7,00-0032972,D.Booker,RB,DEN,7.917009226524249,5.8,1,2026-08-19T14:08:17.085216,A
2017,7,00-0033025,J.Richard,RB,LV,7.569129593619197,11.6,1,2026-08-19T14:08:17.085216,A
2017,7,00-0033045,E.Elliott,RB,DAL,19.475315350195203,40.9,1,2026-08-19T14:08:17.085216,A
2017,7,00-0033293,A.Jones,RB,GB,12.064242888848412,22.8,1,2026-08-19T14:08:17.085216,A
2017,7,00-0033295,E.McGuire,RB,NYJ,7.437250582705534,0.7,1,2026-08-19T14:08:17.085216,A
2017,7,00-0033296,A.Armah,RB,CAR,1.3493342260651175,0.0,1,2026-08-19T14:08:17.085216,A
2017,7,00-0033308,M.Breida,RB,SF,7.929424393257761,0.5,1,2026-08-19T14:08:17.085216,A
2017,7,00-0033373,T.Mizzell,RB,CHI,3.432317116387262,0.0,1,2026-08-19T14:08:17.085216,A
2017,7,00-0033553,J.Conner,RB,PIT,3.8262739249169537,1.9,1,2026-08-19T14:08:17.085216,A
2017,7,00-0033556,T.Cohen,RB,CHI,9.166749915087811,8.0,1,2026-08-19T14:08:17.085216,A
2017,7,00-0033699,A.Ekeler,RB,LAC,6.516983709507141,14.4,1,2026-08-19T14:08:17.085216,A
2017,7,00-0033725,C.Clement,RB,PHI,5.10160720811246,8.5,1,2026-08-19T14:08:17.085216,A
2017,7,00-0033897,J.Mixon,RB,CIN,10.849069832545405,9.8,1,2026-08-19T14:08:17.085216,A
2017,7,00-0033906,A.Kamara,RB,NO,13.384944969495198,15.7,1,2026-08-19T14:08:17.085216,A
2017,7,00-0033923,K.Hunt,RB,KC,20.26709567281681,15.7,1,2026-08-19T14:08:17.085216,A
2017,7,00-0033950,W.Gallman,RB,NYG,8.24098660235243,4.9,1,2026-08-19T14:08:17.085216,A
2017,7,00-0033951,M.Mack,RB,IND,6.952790144898349,10.6,1,2026-08-19T14:08:17.085216,A
2017,7,00-0022921,L.Fitzgerald,WR,ARI,17.134045015653946,5.9,1,2026-08-19T14:08:17.085216,A
2017,7,00-0024535,E.Weems,WR,TEN,1.5372322375695007,1.5,1,2026-08-19T14:08:17.085216,A
2017,7,00-0025396,T.Ginn,WR,NO,8.075991164311459,21.1,1,2026-08-19T14:08:17.085216,A
2017,7,00-0026035,D.Amendola,WR,NE,11.448112556208363,4.7,1,2026-08-19T14:08:17.085216,A
2017,7,00-0026176,J.Nelson,WR,GB,13.724551555401868,2.3,1,2026-08-19T14:08:17.085216,A
2017,7,00-0026189,D.Jackson,WR,TB,9.693120682130226,12.3,1,2026-08-19T14:08:17.085216,A
2017,7,00-0026293,M.Slater,WR,NE,4.755452369458424,0.0,1,2026-08-19T14:08:17.085216,A
2017,7,00-0026345,P.Garcon,WR,SF,13.542630116953653,9.9,1,2026-08-19T14:08:17.085216,A
2017,7,00-0026901,M.Wallace,WR,BAL,9.501433067656409,1.9,1,2026-08-19T14:08:17.085216,A
2017,7,00-0026983,D.Heyward-Bey,WR,PIT,2.422908293569681,5.4,1,2026-08-19T14:08:17.085216,A
2017,7,00-0026986,M.Crabtree,WR,LV,15.223493775589606,11.4,1,2026-08-19T14:08:17.085216,A
2017,7,00-0027006,K.Britt,WR,CLE,7.767803906559303,2.7,1,2026-08-19T14:08:17.085216,A
2017,7,00-0027057,B.Tate,WR,BUF,4.7700349703144616,0.0,1,2026-08-19T14:08:17.085216,A
2017,7,00-0027654,A.Benn,WR,JAX,0.28746050000110657,0.0,1,2026-08-19T14:08:17.085216,A
2017,7,00-0027681,B.LaFell,WR,CIN,7.048677209700801,12.8,1,2026-08-19T14:08:17.085216,A
2017,7,00-0027690,E.Decker,WR,TEN,9.38779417325221,0.0,1,2026-08-19T14:08:17.085216,A
2017,7,00-0027691,A.Roberts,WR,ATL,3.7292771340996365,0.0,1,2026-08-19T14:08:17.085216,A
2017,7,00-0027793,A.Brown,WR,PIT,18.85776979204962,16.5,1,2026-08-19T14:08:17.085216,A
2017,7,00-0027874,D.Thomas,WR,DEN,12.772982014923114,2.9,1,2026-08-19T14:08:17.085216,A
2017,7,00-0027902,D.Bryant,WR,DAL,12.279724743924632,19.3,1,2026-08-19T14:08:17.085216,A
2017,7,00-0027942,A.Green,WR,CIN,16.727685143994094,7.1,1,2026-08-19T14:08:17.085216,A
2017,7,00-0027944,J.Jones,WR,ATL,13.106191082803278,24.9,1,2026-08-19T14:08:17.085216,A
2017,7,00-0027996,T.Smith,WR,PHI,7.437527027578688,0.0,1,2026-08-19T14:08:17.085216,A
2017,7,00-0028002,R.Cobb,WR,GB,10.520812253399654,3.5,1,2026-08-19T14:08:17.085216,A
2017,7,00-0028091,J.Kerley,WR,NYJ,7.35033654689099,1.7,1,2026-08-19T14:08:17.085216,A
2017,7,00-0028116,A.Robinson,WR,SF,5.344175971431046,2.5,1,2026-08-19T14:08:17.085216,A
2017,7,00-0028237,C.Hogan,WR,NE,12.58548549442494,11.1,1,2026-08-19T14:08:17.085216,A
2017,7,00-0028263,A.Holmes,WR,BUF,6.547992758118612,3.1,1,2026-08-19T14:08:17.085216,A
2017,7,00-0028434,D.Baldwin,WR,SEA,12.789963480920058,24.2,1,2026-08-19T14:08:17.085216,A
2017,7,00-0028497,K.Aiken,WR,IND,5.49960897504198,2.8,1,2026-08-19T14:08:17.085216,A
2017,7,00-0028825,T.Pryor,WR,WAS,8.088518537339866,3.4,1,2026-08-19T14:08:17.085216,A
2017,7,00-0029000,C.Beasley,WR,DAL,7.203258325094729,3.4,1,2026-08-19T14:08:17.085216,A
2017,7,00-0029033,G.Whalen,WR,BAL,0.3042608625760592,6.3,1,2026-08-19T14:08:17.085216,A
2017,7,00-0029137,A.Jeffery,WR,PHI,11.467226207203897,5.7,1,2026-08-19T14:08:17.085216,A
2017,7,00-0029159,J.Kearse,WR,NYJ,9.643299210397842,9.9,1,2026-08-19T14:08:17.085216,A
2017,7,00-0029269,T.Benjamin,WR,LAC,7.090637381538249,11.6,1,2026-08-19T14:08:17.085216,A
2017,7,00-0029319,J.Bellamy,WR,CHI,3.1764416551669994,0.0,1,2026-08-19T14:08:17.085216,A
2017,7,00-0029336,B.Golden,WR,ARI,1.3609281927506616,5.0,1,2026-08-19T14:08:17.085216,A
2017,7,00-0029388,D.Thompson,WR,BUF,3.981658263862329,14.7,1,2026-08-19T14:08:17.085216,A
2017,7,00-0029572,J.Wright,WR,MIN,4.1705028070612595,8.4,1,2026-08-19T14:08:17.085216,A
2017,7,00-0029580,R.Matthews,WR,TEN,9.252484497036846,7.0,1,2026-08-19T14:08:17.085216,A
2017,7,00-0029608,T.Hilton,WR,IND,13.365445570450753,4.7,1,2026-08-19T14:08:17.085216,A
2017,7,00-0029632,M.Sanu,WR,ATL,9.221571597005958,12.5,1,2026-08-19T14:08:17.085216,A
2017,7,00-0029708,K.Wright,WR,CHI,9.03877828573481,0.0,1,2026-08-19T14:08:17.085216,A
2017,7,00-0030035,A.Thielen,WR,MIN,13.171339948385896,9.1,1,2026-08-19T14:08:17.085216,A
2017,7,00-0030068,M.Goodwin,WR,SF,8.116786912907658,12.0,1,2026-08-19T14:08:17.085216,A
2017,7,00-0030085,K.Stills,WR,MIA,6.863827096861859,26.5,1,2026-08-19T14:08:17.085216,A
2017,7,00-0030091,T.King,WR,NYG,6.83445238386954,0.3,1,2026-08-19T14:08:17.085216,A
2017,7,00-0030147,R.Shepard,WR,CAR,4.648361526655954,4.0,1,2026-08-19T14:08:17.085216,A
2017,7,00-0030279,K.Allen,WR,LAC,13.016831373888794,7.1,1,2026-08-19T14:08:17.085216,A
2017,7,00-0030300,J.Brown,WR,ARI,8.353328944516917,5.7,1,2026-08-19T14:08:17.085216,A
2017,7,00-0030431,R.Woods,WR,LA,12.306685259649127,11.3,1,2026-08-19T14:08:17.085216,A
2017,7,00-0030516,B.Butler,WR,DAL,7.522922014019814,0.0,1,2026-08-19T14:08:17.085216,A
2017,7,00-0030525,T.Austin,WR,LA,5.342631502796373,6.2,1,2026-08-19T14:08:17.085216,A
2017,7,00-0030542,T.Williams,WR,DAL,10.006719901153645,0.0,1,2026-08-19T14:08:17.085216,A
2017,7,00-0030669,A.Wilson,WR,KC,6.601616644469416,13.3,1,2026-08-19T14:08:17.085216,A
2017,7,00-0030670,B.Fowler,WR,DEN,8.1037788914875,9.5,1,2026-08-19T14:08:17.085216,A
2017,7,00-0030743,B.Reedy,WR,TB,0.10385771545657718,1.0,1,2026-08-19T14:08:17.085216,A
2017,7,00-0030801,B.Coleman,WR,NO,6.184749031444943,11.1,1,2026-08-19T14:08:17.085216,A
2017,7,00-0030821,A.Hurns,WR,JAX,11.300560142613367,15.1,1,2026-08-19T14:08:17.085216,A
2017,7,00-0031025,M.Campanaro,WR,BAL,4.888210853930802,8.0,1,2026-08-19T14:08:17.085216,A
2017,7,00-0031051,J.Brown,WR,ARI,7.279793470669581,1.6,1,2026-08-19T14:08:17.085216,A
2017,7,00-0031060,D.Thomas,WR,KC,6.44204832216832,1.2,1,2026-08-19T14:08:17.085216,A
2017,7,00-0031068,R.Grant,WR,WAS,7.253000153715809,4.9,1,2026-08-19T14:08:17.085216,A
2017,7,00-0031166,S.Roberts,WR,LV,8.130184896639435,2.5,1,2026-08-19T14:08:17.085216,A
2017,7,00-0031228,T.Gabriel,WR,ATL,10.519788140695557,3.9,1,2026-08-19T14:08:17.085216,A
2017,7,00-0031236,B.Cooks,WR,NE,13.970556375291963,16.5,1,2026-08-19T14:08:17.085216,A
2017,7,00-0031257,P.Richardson,WR,SEA,6.861473798567355,14.1,1,2026-08-19T14:08:17.085216,A
2017,7,00-0031325,S.Watkins,WR,LA,10.530570857103253,7.2,1,2026-08-19T14:08:17.085216,A
2017,7,00-0031339,D.Moncrief,WR,IND,8.743046445441365,5.0,1,2026-08-19T14:08:17.085216,A
2017,7,00-0031359,K.Benjamin,WR,CAR,10.686063431599514,9.5,1,2026-08-19T14:08:17.085216,A
2017,7,00-0031373,M.Bryant,WR,PIT,8.650207257689985,1.5,1,2026-08-19T14:08:17.085216,A
2017,7,00-0031381,D.Adams,WR,GB,14.013712725190466,3.2,1,2026-08-19T14:08:17.085216,A
2017,7,00-0031382,J.Landry,WR,MIA,14.855811326937385,22.3,1,2026-08-19T14:08:17.085216,A
2017,7,00-0031408,M.Evans,WR,TB,13.595747432897708,21.8,1,2026-08-19T14:08:17.085216,A
2017,7,00-0031431,M.Lee,WR,JAX,8.977089776530736,11.2,1,2026-08-19T14:08:17.085216,A
2017,7,00-0031514,Q.Bray,WR,IND,1.0773119290604694,3.7,1,2026-08-19T14:08:17.085216,A
2017,7,00-0031544,A.Cooper,WR,LV,9.494946534863328,44.0,1,2026-08-19T14:08:17.085216,A
2017,7,00-0031549,N.Agholor,WR,PHI,10.548265718774338,14.5,1,2026-08-19T14:08:17.085216,A
2017,7,00-0031570,J.Hardy,WR,ATL,5.9822992931377,4.1,1,2026-08-19T14:08:17.085216,A
2017,7,00-0031697,J.Taylor,WR,DEN,3.4260840454247408,1.7,1,2026-08-19T14:08:17.085216,A
2017,7,00-0031782,E.Rogers,WR,PIT,5.85717291667841,2.0,1,2026-08-19T14:08:17.085216,A
2017,7,00-0031941,J.Crowder,WR,WAS,7.652522010459754,5.1,1,2026-08-19T14:08:17.085216,A
2017,7,00-0032009,A.Humphries,WR,TB,8.413642754781609,1.3,1,2026-08-19T14:08:17.085216,A
2017,7,00-0032112,J.Nelson,WR,ARI,7.343814290585787,5.9,1,2026-08-19T14:08:17.085216,A
2017,7,00-0032123,T.McBride,WR,CHI,2.603254715081392,0.0,1,2026-08-19T14:08:17.085216,A
2017,7,00-0032160,T.Williams,WR,LAC,9.228570200217087,2.1,1,2026-08-19T14:08:17.085216,A
2017,7,00-0032166,S.Coates,WR,CLE,1.1453730800082644,0.0,1,2026-08-19T14:08:17.085216,A
2017,7,00-0032188,V.Mayle,WR,BAL,1.6305894903811993,0.0,1,2026-08-19T14:08:17.085216,A
2017,7,00-0032200,T.Montgomery,WR,GB,7.450552460819608,2.5,1,2026-08-19T14:08:17.085216,A
2017,7,00-0032208,P.Dorsett,WR,NE,4.845688621062026,0.0,1,2026-08-19T14:08:17.085216,A
2017,7,00-0032211,T.Lockett,WR,SEA,7.762718092129226,8.4,1,2026-08-19T14:08:17.085216,A
2017,7,00-0032250,K.Williams,WR,CLE,4.454965415042677,0.0,1,2026-08-19T14:08:17.085216,A
2017,7,00-0032355,C.Rogers,WR,IND,4.871751459590017,4.1,1,2026-08-19T14:08:17.085216,A
2017,7,00-0032398,C.Moore,WR,BAL,5.7968292404442385,11.1,1,2026-08-19T14:08:17.085216,A
2017,7,00-0032475,T.McEvoy,WR,SEA,0.3839768655138309,0.0,1,2026-08-19T14:08:17.085216,A
2017,7,00-0032543,A.Erickson,WR,CIN,1.0301032357388238,3.2,1,2026-08-19T14:08:17.085216,A
2017,7,00-0032626,G.Allison,WR,GB,3.90605474699039,2.4,1,2026-08-19T14:08:17.085216,A
2017,7,00-0032659,Ro.Lewis,WR,NYG,4.609969075102815,2.2,1,2026-08-19T14:08:17.085216,A
2017,7,00-0032688,R.Chosen,WR,NYJ,8.838149758556401,12.5,1,2026-08-19T14:08:17.085216,A
2017,7,00-0032724,B.Treggs,WR,CLE,4.593641337552768,3.5,1,2026-08-19T14:08:17.085216,A
2017,7,00-0032760,J.Doctson,WR,WAS,2.62575713685401,6.9,1,2026-08-19T14:08:17.085216,A
2017,7,00-0032765,M.Thomas,WR,NO,14.945977517640522,15.2,1,2026-08-19T14:08:17.085216,A
2017,7,00-0032775,D.Robinson,WR,KC,6.36655597371802,11.9,1,2026-08-19T14:08:17.085216,A
2017,7,00-0032791,J.Grant,WR,MIA,2.1520141581107826,0.0,1,2026-08-19T14:08:17.085216,A
2017,7,00-0032795,C.Core,WR,CIN,1.3779379156812805,0.0,1,2026-08-19T14:08:17.085216,A
2017,7,00-0032839,H.Sharp,WR,DEN,3.637742383433566,0.0,1,2026-08-19T14:08:17.085216,A
2017,7,00-0032881,T.Lewis,WR,NO,4.579960830103681,0.0,1,2026-08-19T14:08:17.085216,A
2017,7,00-0032935,J.Holton,WR,LV,2.966887303712717,0.0,1,2026-08-19T14:08:17.085216,A
2017,7,00-0032951,L.Treadwell,WR,MIN,5.5101490818438155,5.8,1,2026-08-19T14:08:17.085216,A
2017,7,00-0032977,R.Higgins,WR,CLE,6.381602713823272,2.1,1,2026-08-19T14:08:17.085216,A
2017,7,00-0032980,M.Johnson,WR,PHI,1.8888454406696922,0.0,1,2026-08-19T14:08:17.085216,A
2017,7,00-0033006,J.Mickens,WR,JAX,5.37182008206354,0.0,1,2026-08-19T14:08:17.085216,A
2017,7,00-0033040,T.Hill,WR,KC,12.292751138977355,25.2,1,2026-08-19T14:08:17.085216,A
2017,7,00-0033060,L.Carroo,WR,MIA,1.2580079411431695,3.1,1,2026-08-19T14:08:17.085216,A
2017,7,00-0033079,R.Louis,WR,CLE,8.223052792976592,5.1,1,2026-08-19T14:08:17.085216,A
2017,7,00-0033111,P.Cooper,WR,LA,3.692501463185076,0.0,1,2026-08-19T14:08:17.085216,A
2017,7,00-0033282,C.Samuel,WR,CAR,4.329970941187526,3.0,1,2026-08-19T14:08:17.085216,A
2017,7,00-0033292,T.Taylor,WR,SF,6.760300491043169,8.9,1,2026-08-19T14:08:17.085216,A
2017,7,00-0033307,K.Bourne,WR,SF,2.4499465217544474,0.0,1,2026-08-19T14:08:17.085216,A
2017,7,00-0033536,M.Williams,WR,LAC,6.589706129014941,0.0,1,2026-08-19T14:08:17.085216,A
2017,7,00-0033555,M.Hollins,WR,PHI,3.269293470363058,13.4,1,2026-08-19T14:08:17.085216,A
2017,7,00-0033562,R.Switzer,WR,DAL,1.3269254385302607,1.5,1,2026-08-19T14:08:17.085216,A
2017,7,00-0033591,N.Brown,WR,DAL,2.604808063419486,0.0,1,2026-08-19T14:08:17.085216,A
2017,7,00-0033633,T.Gentry,WR,CHI,4.144456560668106,1.8,1,2026-08-19T14:08:17.085216,A
2017,7,00-0033681,K.Cole,WR,JAX,4.8903957826913365,8.4,1,2026-08-19T14:08:17.085216,A
2017,7,00-0033717,T.Rudolph,WR,NYG,0.7152304221203996,6.2,1,2026-08-19T14:08:17.085216,A
2017,7,00-0033840,C.Hansen,WR,NYJ,0.6142194241990275,0.0,1,2026-08-19T14:08:17.085216,A
2017,7,00-0033857,J.Smith-Schuster,WR,PIT,7.616371851365175,11.9,1,2026-08-19T14:08:17.085216,A
2017,7,00-0033859,J.Malone,WR,CIN,4.340834096739951,0.0,1,2026-08-19T14:08:17.085216,A
2017,7,00-0033891,Z.Jones,WR,BUF,7.833432526101039,3.7,1,2026-08-19T14:08:17.085216,A
2017,7,00-0033911,T.Taylor,WR,TEN,4.590388782908367,7.5,1,2026-08-19T14:08:17.085216,A
2017,7,00-0033916,A.Stewart,WR,NYJ,0.40438691415321887,0.0,1,2026-08-19T14:08:17.085216,A
2017,7,00-0033921,C.Godwin,WR,TB,4.895177981273821,1.5,1,2026-08-19T14:08:17.085216,A
2017,7,00-0033937,A.Darboh,WR,SEA,1.8465643395601399,4.9,1,2026-08-19T14:08:17.085216,A
2017,7,00-0033968,S.Coley,WR,MIN,0.9165129931209202,0.0,1,2026-08-19T14:08:17.085216,A
2017,7,00-0021547,A.Gates,TE,LAC,6.503668133622288,1.4,1,2026-08-19T14:08:17.085216,A
2017,7,00-0022127,J.Witten,TE,DAL,12.250378124310647,15.4,1,2026-08-19T14:08:17.085216,A
2017,7,00-0022943,B.Watson,TE,BAL,9.325562877901909,8.8,1,2026-08-19T14:08:17.085216,A
2017,7,00-0024221,V.Davis,TE,WAS,8.734354226011407,10.7,1,2026-08-19T14:08:17.085216,A
2017,7,00-0024243,M.Lewis,TE,JAX,8.005074711899884,10.9,1,2026-08-19T14:08:17.085216,A
2017,7,00-0024268,A.Fasano,TE,MIA,1.1575592939758421,11.5,1,2026-08-19T14:08:17.085216,A
2017,7,00-0024389,De.Walker,TE,TEN,12.410821987090406,11.3,1,2026-08-19T14:08:17.085216,A
2017,7,00-0025549,B.Celek,TE,PHI,2.2098486584294803,1.3,1,2026-08-19T14:08:17.085216,A
2017,7,00-0026201,M.Bennett,TE,GB,8.293853289839047,3.7,1,2026-08-19T14:08:17.085216,A
2017,7,00-0027061,J.Cook,TE,LV,9.581486115252067,16.7,1,2026-08-19T14:08:17.085216,A
2017,7,00-0027125,Z.Miller,TE,CHI,6.290912502220402,4.9,1,2026-08-19T14:08:17.085216,A
2017,7,00-0027215,L.Paulsen,TE,SF,0.44330143792362625,0.0,1,2026-08-19T14:08:17.085216,A
2017,7,00-0027656,R.Gronkowski,TE,NE,14.535340791130018,8.1,1,2026-08-19T14:08:17.085216,A
2017,7,00-0027675,E.Dickson,TE,CAR,10.10107860678938,4.8,1,2026-08-19T14:08:17.085216,A
2017,7,00-0027696,J.Graham,TE,SEA,11.223995555484395,14.1,1,2026-08-19T14:08:17.085216,A
2017,7,00-0027732,M.Hoomanawanui,TE,NO,3.688733779683416,0.0,1,2026-08-19T14:08:17.085216,A
2017,7,00-0027873,J.Gresham,TE,ARI,6.348810550807849,2.8,1,2026-08-19T14:08:17.085216,A
2017,7,00-0027981,K.Rudolph,TE,MIN,10.748608390501673,9.3,1,2026-08-19T14:08:17.085216,A
2017,7,00-0027985,L.Kendricks,TE,GB,3.4659848053340356,0.0,1,2026-08-19T14:08:17.085216,A
2017,7,00-0028042,L.Stocker,TE,TB,1.2799701193228712,0.0,1,2026-08-19T14:08:17.085216,A
2017,7,00-0028067,J.Thomas,TE,MIA,6.992563242831541,8.8,1,2026-08-19T14:08:17.085216,A
2017,7,00-0028093,N.Paul,TE,WAS,0.30562427615882376,4.2,1,2026-08-19T14:08:17.085216,A
2017,7,00-0028097,L.Smith,TE,LV,1.8903391252478703,0.0,1,2026-08-19T14:08:17.085216,A
2017,7,00-0028142,V.Green,TE,DEN,3.792409229100402,1.7,1,2026-08-19T14:08:17.085216,A
2017,7,00-0028903,G.Celek,TE,SF,2.33432116351387,2.1,1,2026-08-19T14:08:17.085216,A
2017,7,00-0028987,P.Supernaw,TE,TEN,2.1951864362423525,0.0,1,2026-08-19T14:08:17.085216,A
2017,7,00-0029119,D.Carrier,TE,LA,0.5080834261981838,0.0,1,2026-08-19T14:08:17.085216,A
2017,7,00-0029391,S.McGrath,TE,LAC,0.5500358915795192,0.0,1,2026-08-19T14:08:17.085216,A
2017,7,00-0029587,R.Ellison,TE,NYG,3.0379312770870572,0.0,1,2026-08-19T14:08:17.085216,A
2017,7,00-0029634,J.Hanna,TE,DAL,2.9996735775565644,0.0,1,2026-08-19T14:08:17.085216,A
2017,7,00-0029689,D.Allen,TE,NE,1.6376129865260745,0.0,1,2026-08-19T14:08:17.085216,A
2017,7,00-0029697,C.Fleener,TE,NO,7.265817116306658,4.2,1,2026-08-19T14:08:17.085216,A
2017,7,00-0029740,I.Momah,TE,ARI,0.9485667925838103,0.0,1,2026-08-19T14:08:17.085216,A
2017,7,00-0029793,B.Williams,TE,IND,1.6192007505952193,1.6,1,2026-08-19T14:08:17.085216,A
2017,7,00-0029878,M.Gray,TE,MIA,0.12437515793392695,0.0,1,2026-08-19T14:08:17.085216,A
2017,7,00-0030061,Z.Ertz,TE,PHI,12.633500926400966,19.9,1,2026-08-19T14:08:17.085216,A
2017,7,00-0030089,L.Willson,TE,SEA,3.7843991626641023,2.3,1,2026-08-19T14:08:17.085216,A
2017,7,00-0030155,D.Harris,TE,KC,3.006736772990015,3.6,1,2026-08-19T14:08:17.085216,A
2017,7,00-0030181,J.Doyle,TE,IND,9.974418522226996,10.4,1,2026-08-19T14:08:17.085216,A
2017,7,00-0030216,J.Hill,TE,NO,2.1933692995332232,0.0,1,2026-08-19T14:08:17.085216,A
2017,7,00-0030422,D.Sims,TE,CHI,6.507581509763818,0.0,1,2026-08-19T14:08:17.085216,A
2017,7,00-0030443,L.Toilolo,TE,ATL,2.7935224676041135,0.0,1,2026-08-19T14:08:17.085216,A
2017,7,00-0030470,V.McDonald,TE,PIT,3.3029352854298026,5.7,1,2026-08-19T14:08:17.085216,A
2017,7,00-0030472,J.Reed,TE,WAS,8.40289061723843,26.4,1,2026-08-19T14:08:17.085216,A
2017,7,00-0030506,T.Kelce,TE,KC,15.601462634184944,13.3,1,2026-08-19T14:08:17.085216,A
2017,7,00-0030710,T.Burton,TE,PHI,2.0632642462071056,1.7,1,2026-08-19T14:08:17.085216,A
2017,7,00-0031035,X.Grimble,TE,PIT,0.12882261201657297,2.2,1,2026-08-19T14:08:17.085216,A
2017,7,00-0031044,T.Niklas,TE,ARI,2.921927816023117,0.0,1,2026-08-19T14:08:17.085216,A
2017,7,00-0031260,L.Thomas,TE,BUF,1.3613852744826977,9.2,1,2026-08-19T14:08:17.085216,A
2017,7,00-0031273,C.Brate,TE,TB,11.198025472235186,12.0,1,2026-08-19T14:08:17.085216,A
2017,7,00-0031299,J.Matthews,TE,BUF,6.515428557238605,3.0,1,2026-08-19T14:08:17.085216,A
2017,7,00-0031384,R.Rodgers,TE,GB,1.8834441575498893,0.0,1,2026-08-19T14:08:17.085216,A
2017,7,00-0031418,A.Seferian-Jenkins,TE,NYJ,8.950809775620856,11.1,1,2026-08-19T14:08:17.085216,A
2017,7,00-0031484,C.Manhertz,TE,CAR,0.08631328758686162,2.1,1,2026-08-19T14:08:17.085216,A
2017,7,00-0031533,R.Telfer,TE,CLE,0.8670959396375129,0.0,1,2026-08-19T14:08:17.085216,A
2017,7,00-0031598,N.Boyle,TE,BAL,4.379205720855625,3.2,1,2026-08-19T14:08:17.085216,A
2017,7,00-0031609,A.Derby,TE,DEN,5.200626578188508,10.6,1,2026-08-19T14:08:17.085216,A
2017,7,00-0031690,E.Tomlinson,TE,NYJ,2.5432353164695005,3.6,1,2026-08-19T14:08:17.085216,A
2017,7,00-0031744,M.LaCosse,TE,NYG,1.8878993306755352,0.0,1,2026-08-19T14:08:17.085216,A
2017,7,00-0031922,K.Lee,TE,BUF,0.0,0.0,1,2026-08-19T14:08:17.085216,A
2017,7,00-0031951,J.O'Shaughnessy,TE,JAX,3.192366650531828,0.0,1,2026-08-19T14:08:17.085216,A
2017,7,00-0032055,D.Funchess,TE,CAR,12.164170256551968,8.1,1,2026-08-19T14:08:17.085216,A
2017,7,00-0032062,B.Bell,TE,MIN,1.6218156862260054,0.0,1,2026-08-19T14:08:17.085216,A
2017,7,00-0032117,N.O'Leary,TE,BUF,4.325454260528127,7.8,1,2026-08-19T14:08:17.085216,A
2017,7,00-0032134,C.Uzomah,TE,CIN,2.7297670870196744,1.7,1,2026-08-19T14:08:17.085216,A
2017,7,00-0032135,J.James,TE,PIT,6.0110126141975675,0.0,1,2026-08-19T14:08:17.085216,A
2017,7,00-0032139,B.Koyack,TE,JAX,1.8799909720932815,1.7,1,2026-08-19T14:08:17.085216,A
2017,7,00-0032141,G.Swaim,TE,DAL,0.7774065040287637,1.7,1,2026-08-19T14:08:17.085216,A
2017,7,00-0032214,T.Kroft,TE,CIN,9.458949019295748,12.3,1,2026-08-19T14:08:17.085216,A
2017,7,00-0032227,J.Heuerman,TE,DEN,2.8994459181350427,0.0,1,2026-08-19T14:08:17.085216,A
2017,7,00-0032256,C.Walford,TE,LV,0.18711297310923025,0.0,1,2026-08-19T14:08:17.085216,A
2017,7,00-0032319,R.Travis,TE,KC,1.4984944595520182,1.3,1,2026-08-19T14:08:17.085216,A
2017,7,00-0032392,A.Hooper,TE,ATL,10.007295676375291,1.6,1,2026-08-19T14:08:17.085216,A
2017,7,00-0032394,N.Vannett,TE,SEA,2.1801089425664695,2.2,1,2026-08-19T14:08:17.085216,A
2017,7,00-0032429,J.Adams,TE,NYG,2.160698286989807,0.0,1,2026-08-19T14:08:17.085216,A
2017,7,00-0033080,S.DeValve,TE,CLE,4.497970630018578,4.7,1,2026-08-19T14:08:17.085216,A
2017,7,00-0033090,H.Henry,TE,LAC,9.351249192210455,11.3,1,2026-08-19T14:08:17.085216,A
2017,7,00-0033110,T.Higbee,TE,LA,10.013272602903609,4.3,1,2026-08-19T14:08:17.085216,A
2017,7,00-0033258,D.Daniels,TE,IND,1.920346039330004,1.7,1,2026-08-19T14:08:17.085216,A
2017,7,00-0033288,G.Kittle,TE,SF,7.836391858223185,2.6,1,2026-08-19T14:08:17.085216,A
2017,7,00-0033315,C.Hikutini,TE,SF,0.39918888014321446,1.5,1,2026-08-19T14:08:17.085216,A
2017,7,00-0033338,C.Carter,TE,CIN,1.955760143733288,0.0,1,2026-08-19T14:08:17.085216,A
2017,7,00-0033387,J.Hollister,TE,NE,1.5338676754530098,0.0,1,2026-08-19T14:08:17.085216,A
2017,7,00-0033858,J.Smith,TE,TEN,3.908270337309141,4.2,1,2026-08-19T14:08:17.085216,A
2017,7,00-0033879,O.Howard,TE,TB,5.507582212629721,27.8,1,2026-08-19T14:08:17.085216,A
2017,7,00-0033881,E.Engram,TE,NYG,10.45805223465541,18.0,1,2026-08-19T14:08:17.085216,A
2017,7,00-0033885,D.Njoku,TE,CLE,5.766017304101711,7.8,1,2026-08-19T14:08:17.085216,A
2017,7,00-0033895,G.Everett,TE,LA,6.18719079613698,0.0,1,2026-08-19T14:08:17.085216,A
2017,7,00-0033896,A.Shaheen,TE,CHI,1.6005088242515102,0.0,1,2026-08-19T14:08:17.085216,A
2017,8,00-0023500,F.Gore,RB,IND,7.798224964844316,14.1,1,2026-08-19T14:08:17.085216,A
2017,8,00-0026153,J.Stewart,RB,CAR,11.59983393572118,9.4,1,2026-08-19T14:08:17.085216,A
2017,8,00-0026184,M.Forte,RB,NYJ,10.526801752901314,11.2,1,2026-08-19T14:08:17.085216,A
2017,8,00-0026213,J.Charles,RB,DEN,5.950748455839699,3.4,1,2026-08-19T14:08:17.085216,A
2017,8,00-0027029,L.McCoy,RB,BUF,19.734568305190326,29.3,1,2026-08-19T14:08:17.085216,A
2017,8,00-0027325,L.Blount,RB,PHI,11.059543953695231,12.2,1,2026-08-19T14:08:17.085216,A
2017,8,00-0027966,M.Ingram,RB,NO,17.68449568535104,17.9,1,2026-08-19T14:08:17.085216,A
2017,8,00-0028064,B.Powell,RB,NYJ,10.237557027351563,9.1,1,2026-08-19T14:08:17.085216,A
2017,8,00-0028083,J.Rodgers,RB,TB,3.3634401366140465,0.6,1,2026-08-19T14:08:17.085216,A
2017,8,00-0028087,D.Lewis,RB,NE,9.53371927910167,7.4,1,2026-08-19T14:08:17.085216,A
2017,8,00-0029141,A.Morris,RB,DAL,4.969184658266897,0.3,1,2026-08-19T14:08:17.085216,A
2017,8,00-0029384,B.Rainey,RB,BAL,1.8036605644786368,0.0,1,2026-08-19T14:08:17.085216,A
2017,8,00-0029613,D.Martin,RB,TB,13.084963037232672,8.5,1,2026-08-19T14:08:17.085216,A
2017,8,00-0029615,L.Miller,RB,HOU,13.70642276562823,22.3,1,2026-08-19T14:08:17.085216,A
2017,8,00-0029795,B.Cunningham,RB,CHI,2.2897750336534757,1.0,1,2026-08-19T14:08:17.085216,A
2017,8,00-0029854,C.Anderson,RB,DEN,11.416807910080516,9.5,1,2026-08-19T14:08:17.085216,A
2017,8,00-0030107,T.Riddick,RB,DET,7.958807490736285,6.5,1,2026-08-19T14:08:17.085216,A
2017,8,00-0030288,R.Burkhead,RB,NE,7.574286563243484,15.3,1,2026-08-19T14:08:17.085216,A
2017,8,00-0030404,C.Thompson,RB,WAS,11.905067238929547,17.4,1,2026-08-19T14:08:17.085216,A
2017,8,00-0030433,M.Gillislee,RB,NE,7.4690251457538945,3.4,1,2026-08-19T14:08:17.085216,A
2017,8,00-0030456,G.Bernard,RB,CIN,10.94395440010416,0.5,1,2026-08-19T14:08:17.085216,A
2017,8,00-0030465,K.Barner,RB,PHI,5.660459410216643,3.1,1,2026-08-19T14:08:17.085216,A
2017,8,00-0030485,E.Lacy,RB,SEA,6.569392438657137,0.0,1,2026-08-19T14:08:17.085216,A
2017,8,00-0030496,L.Bell,RB,PIT,20.626631225170296,14.1,1,2026-08-19T14:08:17.085216,A
2017,8,00-0030513,L.Murray,RB,MIN,9.14527573504455,5.7,1,2026-08-19T14:08:17.085216,A
2017,8,00-0030578,C.Patterson,RB,LV,4.9598415315326765,3.7,1,2026-08-19T14:08:17.085216,A
2017,8,00-0030656,I.Crowell,RB,CLE,11.035021243656871,19.8,1,2026-08-19T14:08:17.085216,A
2017,8,00-0030668,C.West,RB,KC,4.8511193400233426,1.4,1,2026-08-19T14:08:17.085216,A
2017,8,00-0030874,D.Williams,RB,MIA,5.794823727113772,0.9,1,2026-08-19T14:08:17.085216,A
2017,8,00-0031045,C.Hyde,RB,SF,15.102539807768865,8.7,1,2026-08-19T14:08:17.085216,A
2017,8,00-0031062,J.White,RB,NE,11.117958261506669,13.7,1,2026-08-19T14:08:17.085216,A
2017,8,00-0031075,A.Blue,RB,HOU,3.90951223546654,2.1,1,2026-08-19T14:08:17.085216,A
2017,8,00-0031277,B.Oliver,RB,LAC,5.011650378124783,0.3,1,2026-08-19T14:08:17.085216,A
2017,8,00-0031285,D.Freeman,RB,ATL,15.011715571706118,7.1,1,2026-08-19T14:08:17.085216,A
2017,8,00-0031301,J.Hill,RB,CIN,5.995051924299615,1.1,1,2026-08-19T14:08:17.085216,A
2017,8,00-0031376,J.McKinnon,RB,MIN,14.430385847816556,24.2,1,2026-08-19T14:08:17.085216,A
2017,8,00-0031390,C.Sims,RB,TB,6.113767640074089,0.0,1,2026-08-19T14:08:17.085216,A
2017,8,00-0031577,J.Allen,RB,BAL,13.383318637299055,6.7,1,2026-08-19T14:08:17.085216,A
2017,8,00-0031590,J.Ajayi,RB,MIA,13.548857672293801,8.1,1,2026-08-19T14:08:17.085216,A
2017,8,00-0031599,C.Artis-Payne,RB,CAR,6.197166448101503,2.0,1,2026-08-19T14:08:17.085216,A
2017,8,00-0031743,A.Hunt,RB,KC,1.7619911601193983,0.0,1,2026-08-19T14:08:17.085216,A
2017,8,00-0031897,T.Rawls,RB,SEA,5.9934410066317785,-0.1,1,2026-08-19T14:08:17.085216,A
2017,8,00-0032058,T.Coleman,RB,ATL,11.26126419308118,11.4,1,2026-08-19T14:08:17.085216,A
2017,8,00-0032104,A.Abdullah,RB,DET,11.899887651583878,6.8,1,2026-08-19T14:08:17.085216,A
2017,8,00-0032144,M.Gordon,RB,LAC,17.70878872747831,20.9,1,2026-08-19T14:08:17.085216,A
2017,8,00-0032257,D.Johnson,RB,CLE,10.594470776717657,8.3,1,2026-08-19T14:08:17.085216,A
2017,8,00-0032371,R.Kelley,RB,WAS,6.819424729207118,7.9,1,2026-08-19T14:08:17.085216,A
2017,8,00-0032426,A.Collins,RB,BAL,7.21651620138248,16.3,1,2026-08-19T14:08:17.085216,A
2017,8,00-0032450,D.Washington,RB,DET,3.4786675959933646,2.6,1,2026-08-19T14:08:17.085216,A
2017,8,00-0032602,J.McKissic,RB,SEA,9.094408928138892,2.2,1,2026-08-19T14:08:17.085216,A
2017,8,00-0032741,P.Barber,RB,TB,2.562736672864865,0.0,1,2026-08-19T14:08:17.085216,A
2017,8,00-0032780,J.Howard,RB,CHI,14.142588719914444,15.1,1,2026-08-19T14:08:17.085216,A
2017,8,00-0032782,W.Smallwood,RB,PHI,9.958154449822386,2.4,1,2026-08-19T14:08:17.085216,A
2017,8,00-0032940,D.Washington,RB,LV,6.214449955209578,20.8,1,2026-08-19T14:08:17.085216,A
2017,8,00-0032972,D.Booker,RB,DEN,6.893424479995303,14.4,1,2026-08-19T14:08:17.085216,A
2017,8,00-0033025,J.Richard,RB,LV,8.34634779622917,10.6,1,2026-08-19T14:08:17.085216,A
2017,8,00-0033045,E.Elliott,RB,DAL,17.63953071161534,26.4,1,2026-08-19T14:08:17.085216,A
2017,8,00-0033118,K.Drake,RB,MIA,2.5212450250749976,2.2,1,2026-08-19T14:08:17.085216,A
2017,8,00-0033295,E.McGuire,RB,NYJ,5.522724085669609,0.2,1,2026-08-19T14:08:17.085216,A
2017,8,00-0033308,M.Breida,RB,SF,5.510941366443522,15.6,1,2026-08-19T14:08:17.085216,A
2017,8,00-0033373,T.Mizzell,RB,CHI,2.0662550501912635,0.0,1,2026-08-19T14:08:17.085216,A
2017,8,00-0033553,J.Conner,RB,PIT,4.1607222102027395,0.1,1,2026-08-19T14:08:17.085216,A
2017,8,00-0033556,T.Cohen,RB,CHI,10.067172415520583,7.8,1,2026-08-19T14:08:17.085216,A
2017,8,00-0033596,M.Dayes,RB,CLE,0.7476540222026213,2.5,1,2026-08-19T14:08:17.085216,A
2017,8,00-0033699,A.Ekeler,RB,LAC,8.186374362514512,3.1,1,2026-08-19T14:08:17.085216,A
2017,8,00-0033725,C.Clement,RB,PHI,6.341689801360254,5.4,1,2026-08-19T14:08:17.085216,A
2017,8,00-0033897,J.Mixon,RB,CIN,11.89904755422777,11.9,1,2026-08-19T14:08:17.085216,A
2017,8,00-0033906,A.Kamara,RB,NO,14.817758376643473,16.6,1,2026-08-19T14:08:17.085216,A
2017,8,00-0033923,K.Hunt,RB,KC,18.490442889817732,9.8,1,2026-08-19T14:08:17.085216,A
2017,8,00-0033925,D.Foreman,RB,HOU,6.660924511692473,0.0,1,2026-08-19T14:08:17.085216,A
2017,8,00-0033951,M.Mack,RB,IND,9.218947586108571,15.3,1,2026-08-19T14:08:17.085216,A
2017,8,00-0025396,T.Ginn,WR,NO,10.231299792546627,8.8,1,2026-08-19T14:08:17.085216,A
2017,8,00-0026035,D.Amendola,WR,NE,9.083645432895471,3.4,1,2026-08-19T14:08:17.085216,A
2017,8,00-0026189,D.Jackson,WR,TB,9.645976720844562,6.7,1,2026-08-19T14:08:17.085216,A
2017,8,00-0026293,M.Slater,WR,NE,2.0610271185520297,0.0,1,2026-08-19T14:08:17.085216,A
2017,8,00-0026345,P.Garcon,WR,SF,12.70760380981411,3.7,1,2026-08-19T14:08:17.085216,A
2017,8,00-0026983,D.Heyward-Bey,WR,PIT,3.9469076576092457,0.0,1,2026-08-19T14:08:17.085216,A
2017,8,00-0026986,M.Crabtree,WR,LV,14.27633285142478,13.3,1,2026-08-19T14:08:17.085216,A
2017,8,00-0026995,J.Maclin,WR,BAL,9.036923624007487,14.3,1,2026-08-19T14:08:17.085216,A
2017,8,00-0027057,B.Tate,WR,BUF,3.9275504640389944,3.4,1,2026-08-19T14:08:17.085216,A
2017,8,00-0027681,B.LaFell,WR,CIN,9.545492782751825,8.4,1,2026-08-19T14:08:17.085216,A
2017,8,00-0027793,A.Brown,WR,PIT,19.90431382367003,12.0,1,2026-08-19T14:08:17.085216,A
2017,8,00-0027874,D.Thomas,WR,DEN,12.57322604770231,11.6,1,2026-08-19T14:08:17.085216,A
2017,8,00-0027891,G.Tate,WR,DET,6.825623042353625,13.6,1,2026-08-19T14:08:17.085216,A
2017,8,00-0027902,D.Bryant,WR,DAL,13.38076403157865,7.9,1,2026-08-19T14:08:17.085216,A
2017,8,00-0027942,A.Green,WR,CIN,16.007533004499546,11.7,1,2026-08-19T14:08:17.085216,A
2017,8,00-0027944,J.Jones,WR,ATL,13.329791760740637,10.4,1,2026-08-19T14:08:17.085216,A
2017,8,00-0027996,T.Smith,WR,PHI,7.470204921194657,0.0,1,2026-08-19T14:08:17.085216,A
2017,8,00-0028091,J.Kerley,WR,NYJ,7.445367350750903,1.7,1,2026-08-19T14:08:17.085216,A
2017,8,00-0028116,A.Robinson,WR,SF,3.676121589492649,0.0,1,2026-08-19T14:08:17.085216,A
2017,8,00-0028237,C.Hogan,WR,NE,11.350470808360457,11.0,1,2026-08-19T14:08:17.085216,A
2017,8,00-0028263,A.Holmes,WR,BUF,5.7108892753516916,14.1,1,2026-08-19T14:08:17.085216,A
2017,8,00-0028434,D.Baldwin,WR,SEA,13.702255705063155,11.4,1,2026-08-19T14:08:17.085216,A
2017,8,00-0028497,K.Aiken,WR,IND,2.81426244463515,5.3,1,2026-08-19T14:08:17.085216,A
2017,8,00-0028825,T.Pryor,WR,WAS,6.762335593574636,0.0,1,2026-08-19T14:08:17.085216,A
2017,8,00-0029000,C.Beasley,WR,DAL,7.101643459189167,2.8,1,2026-08-19T14:08:17.085216,A
2017,8,00-0029033,G.Whalen,WR,BAL,4.669769352200872,0.0,1,2026-08-19T14:08:17.085216,A
2017,8,00-0029137,A.Jeffery,WR,PHI,11.346801790677164,14.2,1,2026-08-19T14:08:17.085216,A
2017,8,00-0029159,J.Kearse,WR,NYJ,8.420507239294121,3.4,1,2026-08-19T14:08:17.085216,A
2017,8,00-0029269,T.Benjamin,WR,LAC,7.033230546562085,18.8,1,2026-08-19T14:08:17.085216,A
2017,8,00-0029293,M.Jones,WR,DET,12.130088277124504,18.8,1,2026-08-19T14:08:17.085216,A
2017,8,00-0029319,J.Bellamy,WR,CHI,3.381806628463079,0.0,1,2026-08-19T14:08:17.085216,A
2017,8,00-0029388,D.Thompson,WR,BUF,5.61351514339999,1.5,1,2026-08-19T14:08:17.085216,A
2017,8,00-0029572,J.Wright,WR,MIN,5.167896012622876,0.0,1,2026-08-19T14:08:17.085216,A
2017,8,00-0029608,T.Hilton,WR,IND,12.755686810105828,3.5,1,2026-08-19T14:08:17.085216,A
2017,8,00-0029632,M.Sanu,WR,ATL,9.866523422308553,19.4,1,2026-08-19T14:08:17.085216,A
2017,8,00-0029638,M.Floyd,WR,MIN,3.7009123197971494,1.7,1,2026-08-19T14:08:17.085216,A
2017,8,00-0029708,K.Wright,WR,CHI,8.002029474157112,4.3,1,2026-08-19T14:08:17.085216,A
2017,8,00-0030035,A.Thielen,WR,MIN,13.34370667039197,20.8,1,2026-08-19T14:08:17.085216,A
2017,8,00-0030068,M.Goodwin,WR,SF,7.311100964922446,0.0,1,2026-08-19T14:08:17.085216,A
2017,8,00-0030085,K.Stills,WR,MIA,9.357719435904725,11.5,1,2026-08-19T14:08:17.085216,A
2017,8,00-0030147,R.Shepard,WR,CAR,5.039549985730332,2.4,1,2026-08-19T14:08:17.085216,A
2017,8,00-0030279,K.Allen,WR,LAC,13.787025152424288,10.1,1,2026-08-19T14:08:17.085216,A
2017,8,00-0030516,B.Butler,WR,DAL,5.478687179720309,0.0,1,2026-08-19T14:08:17.085216,A
2017,8,00-0030521,J.Hunter,WR,PIT,3.638169152967973,1.7,1,2026-08-19T14:08:17.085216,A
2017,8,00-0030542,T.Williams,WR,DAL,7.569650301564652,5.6,1,2026-08-19T14:08:17.085216,A
2017,8,00-0030564,D.Hopkins,WR,HOU,15.8747346287942,36.4,1,2026-08-19T14:08:17.085216,A
2017,8,00-0030663,W.Snead,WR,NO,7.72149177973037,0.0,1,2026-08-19T14:08:17.085216,A
2017,8,00-0030669,A.Wilson,WR,KC,6.772826995792183,0.0,1,2026-08-19T14:08:17.085216,A
2017,8,00-0030670,B.Fowler,WR,DEN,7.033616176541004,5.5,1,2026-08-19T14:08:17.085216,A
2017,8,00-0030743,B.Reedy,WR,TB,0.0,0.0,1,2026-08-19T14:08:17.085216,A
2017,8,00-0030801,B.Coleman,WR,NO,7.138936519257442,6.4,1,2026-08-19T14:08:17.085216,A
2017,8,00-0031021,J.Abbrederis,WR,DET,1.9843863630174885,0.0,1,2026-08-19T14:08:17.085216,A
2017,8,00-0031060,D.Thomas,WR,KC,4.572398757242518,0.0,1,2026-08-19T14:08:17.085216,A
2017,8,00-0031068,R.Grant,WR,WAS,6.157551028775633,8.8,1,2026-08-19T14:08:17.085216,A
2017,8,00-0031189,T.Jones,WR,DET,5.250395720325339,12.8,1,2026-08-19T14:08:17.085216,A
2017,8,00-0031228,T.Gabriel,WR,ATL,7.564526585974406,0.7,1,2026-08-19T14:08:17.085216,A
2017,8,00-0031236,B.Cooks,WR,NE,13.531672722168224,7.6,1,2026-08-19T14:08:17.085216,A
2017,8,00-0031257,P.Richardson,WR,SEA,7.249473116150327,28.5,1,2026-08-19T14:08:17.085216,A
2017,8,00-0031326,B.Ellington,WR,HOU,5.536066045097788,2.3,1,2026-08-19T14:08:17.085216,A
2017,8,00-0031339,D.Moncrief,WR,IND,8.516332708655526,0.0,1,2026-08-19T14:08:17.085216,A
2017,8,00-0031344,C.Latimer,WR,DEN,1.5305031177430397,3.5,1,2026-08-19T14:08:17.085216,A
2017,8,00-0031359,K.Benjamin,WR,CAR,12.004797834604837,12.9,1,2026-08-19T14:08:17.085216,A
2017,8,00-0031382,J.Landry,WR,MIA,15.244260648160092,8.3,1,2026-08-19T14:08:17.085216,A
2017,8,00-0031408,M.Evans,WR,TB,13.049839578561974,11.0,1,2026-08-19T14:08:17.085216,A
2017,8,00-0031514,Q.Bray,WR,IND,1.080904390993639,0.0,1,2026-08-19T14:08:17.085216,A
2017,8,00-0031544,A.Cooper,WR,LV,12.800816765870337,10.2,1,2026-08-19T14:08:17.085216,A
2017,8,00-0031549,N.Agholor,WR,PHI,11.129498295212022,5.6,1,2026-08-19T14:08:17.085216,A
2017,8,00-0031570,J.Hardy,WR,ATL,4.506525989701604,0.0,1,2026-08-19T14:08:17.085216,A
2017,8,00-0031588,S.Diggs,WR,MIN,13.673683568831665,6.6,1,2026-08-19T14:08:17.085216,A
2017,8,00-0031697,J.Taylor,WR,DEN,2.8518572403627167,1.8,1,2026-08-19T14:08:17.085216,A
2017,8,00-0031782,E.Rogers,WR,PIT,5.011945384836667,0.0,1,2026-08-19T14:08:17.085216,A
2017,8,00-0031941,J.Crowder,WR,WAS,6.910675476450238,22.5,1,2026-08-19T14:08:17.085216,A
2017,8,00-0032009,A.Humphries,WR,TB,7.038472489192788,6.6,1,2026-08-19T14:08:17.085216,A
2017,8,00-0032054,B.Perriman,WR,BAL,2.1349666554625983,0.0,1,2026-08-19T14:08:17.085216,A
2017,8,00-0032115,K.Clay,WR,CAR,2.032285505498805,0.0,1,2026-08-19T14:08:17.085216,A
2017,8,00-0032123,T.McBride,WR,CHI,2.6183092218928268,12.2,1,2026-08-19T14:08:17.085216,A
2017,8,00-0032160,T.Williams,WR,LAC,8.40884669788938,3.4,1,2026-08-19T14:08:17.085216,A
2017,8,00-0032166,S.Coates,WR,CLE,1.170592324133447,3.3,1,2026-08-19T14:08:17.085216,A
2017,8,00-0032208,P.Dorsett,WR,NE,2.9815178375511824,0.0,1,2026-08-19T14:08:17.085216,A
2017,8,00-0032211,T.Lockett,WR,SEA,9.300658917027606,17.9,1,2026-08-19T14:08:17.085216,A
2017,8,00-0032250,K.Williams,WR,CLE,2.1093359008848807,0.0,1,2026-08-19T14:08:17.085216,A
2017,8,00-0032355,C.Rogers,WR,IND,4.8143595458041295,2.9,1,2026-08-19T14:08:17.085216,A
2017,8,00-0032398,C.Moore,WR,BAL,7.463261735886892,0.0,1,2026-08-19T14:08:17.085216,A
2017,8,00-0032475,T.McEvoy,WR,SEA,1.2155446267495222,6.3,1,2026-08-19T14:08:17.085216,A
2017,8,00-0032543,A.Erickson,WR,CIN,2.0943706365621826,1.4,1,2026-08-19T14:08:17.085216,A
2017,8,00-0032553,Jace Billingsley,WR,DET,2.415287549585158,0.0,1,2026-08-19T14:08:17.085216,A
2017,8,00-0032688,R.Chosen,WR,NYJ,8.329090048075049,22.5,1,2026-08-19T14:08:17.085216,A
2017,8,00-0032724,B.Treggs,WR,CLE,2.690411861864915,2.2,1,2026-08-19T14:08:17.085216,A
2017,8,00-0032760,J.Doctson,WR,WAS,3.6414659200240687,7.1,1,2026-08-19T14:08:17.085216,A
2017,8,00-0032765,M.Thomas,WR,NO,15.00369297965296,14.7,1,2026-08-19T14:08:17.085216,A
2017,8,00-0032775,D.Robinson,WR,KC,7.746362256915505,1.5,1,2026-08-19T14:08:17.085216,A
2017,8,00-0032791,J.Grant,WR,MIA,1.9851821454419387,0.0,1,2026-08-19T14:08:17.085216,A
2017,8,00-0032881,T.Lewis,WR,NO,4.98593629666352,0.0,1,2026-08-19T14:08:17.085216,A
2017,8,00-0032935,J.Holton,WR,LV,1.0378056613723377,0.0,1,2026-08-19T14:08:17.085216,A
2017,8,00-0032951,L.Treadwell,WR,MIN,5.287838861180405,3.1,1,2026-08-19T14:08:17.085216,A
2017,8,00-0032977,R.Higgins,WR,CLE,4.8641580832429945,2.4,1,2026-08-19T14:08:17.085216,A
2017,8,00-0032980,M.Johnson,WR,PHI,2.6871109480887934,0.0,1,2026-08-19T14:08:17.085216,A
2017,8,00-0033040,T.Hill,WR,KC,12.349616708170274,3.8,1,2026-08-19T14:08:17.085216,A
2017,8,00-0033060,L.Carroo,WR,MIA,2.0228791738938647,10.8,1,2026-08-19T14:08:17.085216,A
2017,8,00-0033069,B.Miller,WR,HOU,3.118579590064706,0.0,1,2026-08-19T14:08:17.085216,A
2017,8,00-0033079,R.Louis,WR,CLE,6.708126834422685,6.2,1,2026-08-19T14:08:17.085216,A
2017,8,00-0033094,M.Hall,WR,ATL,3.5362591336756215,0.0,1,2026-08-19T14:08:17.085216,A
2017,8,00-0033127,W.Fuller,WR,HOU,11.597913105991914,29.5,1,2026-08-19T14:08:17.085216,A
2017,8,00-0033282,C.Samuel,WR,CAR,4.230132061805133,4.6,1,2026-08-19T14:08:17.085216,A
2017,8,00-0033292,T.Taylor,WR,SF,6.018012978042214,6.3,1,2026-08-19T14:08:17.085216,A
2017,8,00-0033307,K.Bourne,WR,SF,1.8609409230512381,0.0,1,2026-08-19T14:08:17.085216,A
2017,8,00-0033460,J.Ross,WR,CIN,4.331839894014916,0.0,1,2026-08-19T14:08:17.085216,A
2017,8,00-0033466,I.McKenzie,WR,DEN,2.337535000584249,0.0,1,2026-08-19T14:08:17.085216,A
2017,8,00-0033536,M.Williams,WR,LAC,6.065813659887555,1.7,1,2026-08-19T14:08:17.085216,A
2017,8,00-0033555,M.Hollins,WR,PHI,5.235530666567505,5.0,1,2026-08-19T14:08:17.085216,A
2017,8,00-0033562,R.Switzer,WR,DAL,1.249944040870922,1.7,1,2026-08-19T14:08:17.085216,A
2017,8,00-0033572,J.Agnew,WR,DET,1.7482156804466347,2.2,1,2026-08-19T14:08:17.085216,A
2017,8,00-0033591,N.Brown,WR,DAL,2.074410285418492,0.0,1,2026-08-19T14:08:17.085216,A
2017,8,00-0033633,T.Gentry,WR,CHI,4.616796629665636,0.0,1,2026-08-19T14:08:17.085216,A
2017,8,00-0033840,C.Hansen,WR,NYJ,0.3633381054498812,0.0,1,2026-08-19T14:08:17.085216,A
2017,8,00-0033855,C.Thompson,WR,HOU,1.0432424058491527,0.0,1,2026-08-19T14:08:17.085216,A
2017,8,00-0033857,J.Smith-Schuster,WR,PIT,7.248672004862875,32.3,1,2026-08-19T14:08:17.085216,A
2017,8,00-0033859,J.Malone,WR,CIN,2.2961996184673774,11.5,1,2026-08-19T14:08:17.085216,A
2017,8,00-0033891,Z.Jones,WR,BUF,8.535108292343804,6.2,1,2026-08-19T14:08:17.085216,A
2017,8,00-0033921,C.Godwin,WR,TB,4.875025114263799,1.8,1,2026-08-19T14:08:17.085216,A
2017,8,00-0033937,A.Darboh,WR,SEA,3.612534328017635,0.0,1,2026-08-19T14:08:17.085216,A
2017,8,00-0021547,A.Gates,TE,LAC,5.622237474611994,4.5,1,2026-08-19T14:08:17.085216,A
2017,8,00-0022127,J.Witten,TE,DAL,11.217463856582054,6.1,1,2026-08-19T14:08:17.085216,A
2017,8,00-0022943,B.Watson,TE,BAL,8.912428170861583,8.6,1,2026-08-19T14:08:17.085216,A
2017,8,00-0024221,V.Davis,TE,WAS,7.9527107393880065,4.0,1,2026-08-19T14:08:17.085216,A
2017,8,00-0024268,A.Fasano,TE,MIA,3.245504430197742,3.1,1,2026-08-19T14:08:17.085216,A
2017,8,00-0025549,B.Celek,TE,PHI,2.9419918152586844,2.4,1,2026-08-19T14:08:17.085216,A
2017,8,00-0027061,J.Cook,TE,LV,8.73611071684942,9.7,1,2026-08-19T14:08:17.085216,A
2017,8,00-0027125,Z.Miller,TE,CHI,9.742600305532266,0.0,1,2026-08-19T14:08:17.085216,A
2017,8,00-0027656,R.Gronkowski,TE,NE,14.497707915064076,16.7,1,2026-08-19T14:08:17.085216,A
2017,8,00-0027675,E.Dickson,TE,CAR,9.844129665716308,6.4,1,2026-08-19T14:08:17.085216,A
2017,8,00-0027696,J.Graham,TE,SEA,11.5315486877793,19.9,1,2026-08-19T14:08:17.085216,A
2017,8,00-0027732,M.Hoomanawanui,TE,NO,3.517144558001413,0.0,1,2026-08-19T14:08:17.085216,A
2017,8,00-0027981,K.Rudolph,TE,MIN,11.094549545621168,14.7,1,2026-08-19T14:08:17.085216,A
2017,8,00-0028042,L.Stocker,TE,TB,1.2935547166967467,0.0,1,2026-08-19T14:08:17.085216,A
2017,8,00-0028067,J.Thomas,TE,MIA,7.023784083236214,2.2,1,2026-08-19T14:08:17.085216,A
2017,8,00-0028093,N.Paul,TE,WAS,1.1640785344158302,0.0,1,2026-08-19T14:08:17.085216,A
2017,8,00-0028097,L.Smith,TE,LV,0.8455878502938169,3.1,1,2026-08-19T14:08:17.085216,A
2017,8,00-0028142,V.Green,TE,DEN,3.454668272841299,2.6,1,2026-08-19T14:08:17.085216,A
2017,8,00-0028903,G.Celek,TE,SF,2.1669482879550364,3.4,1,2026-08-19T14:08:17.085216,A
2017,8,00-0029391,S.McGrath,TE,LAC,0.6779657569519967,0.0,1,2026-08-19T14:08:17.085216,A
2017,8,00-0029634,J.Hanna,TE,DAL,2.7756754383458713,0.0,1,2026-08-19T14:08:17.085216,A
2017,8,00-0029689,D.Allen,TE,NE,1.1795349858759931,0.0,1,2026-08-19T14:08:17.085216,A
2017,8,00-0029697,C.Fleener,TE,NO,7.280627463225502,0.9,1,2026-08-19T14:08:17.085216,A
2017,8,00-0029738,D.Fells,TE,DET,4.859251975626488,2.2,1,2026-08-19T14:08:17.085216,A
2017,8,00-0029793,B.Williams,TE,IND,1.1602819296255444,0.0,1,2026-08-19T14:08:17.085216,A
2017,8,00-0029878,M.Gray,TE,MIA,0.23362983523575168,0.0,1,2026-08-19T14:08:17.085216,A
2017,8,00-0030061,Z.Ertz,TE,PHI,12.65897513357326,13.4,1,2026-08-19T14:08:17.085216,A
2017,8,00-0030089,L.Willson,TE,SEA,3.454171707868702,0.0,1,2026-08-19T14:08:17.085216,A
2017,8,00-0030108,R.Griffin,TE,HOU,8.04508497043725,2.0,1,2026-08-19T14:08:17.085216,A
2017,8,00-0030155,D.Harris,TE,KC,3.8262607891303677,0.0,1,2026-08-19T14:08:17.085216,A
2017,8,00-0030181,J.Doyle,TE,IND,10.049570109659035,30.1,1,2026-08-19T14:08:17.085216,A
2017,8,00-0030216,J.Hill,TE,NO,2.017254423495285,5.9,1,2026-08-19T14:08:17.085216,A
2017,8,00-0030422,D.Sims,TE,CHI,5.726625121006534,4.5,1,2026-08-19T14:08:17.085216,A
2017,8,00-0030443,L.Toilolo,TE,ATL,2.4075820344450953,4.0,1,2026-08-19T14:08:17.085216,A
2017,8,00-0030472,J.Reed,TE,WAS,9.973230362279025,1.5,1,2026-08-19T14:08:17.085216,A
2017,8,00-0030506,T.Kelce,TE,KC,13.903806173120705,26.3,1,2026-08-19T14:08:17.085216,A
2017,8,00-0030544,G.Escobar,TE,BAL,0.9438636190412956,0.0,1,2026-08-19T14:08:17.085216,A
2017,8,00-0030710,T.Burton,TE,PHI,2.715297548781904,4.1,1,2026-08-19T14:08:17.085216,A
2017,8,00-0031035,X.Grimble,TE,PIT,0.7899722125136726,0.0,1,2026-08-19T14:08:17.085216,A
2017,8,00-0031260,L.Thomas,TE,BUF,2.381588465415197,1.7,1,2026-08-19T14:08:17.085216,A
2017,8,00-0031273,C.Brate,TE,TB,11.494587011562306,10.4,1,2026-08-19T14:08:17.085216,A
2017,8,00-0031299,J.Matthews,TE,BUF,6.677227200447882,5.1,1,2026-08-19T14:08:17.085216,A
2017,8,00-0031387,E.Ebron,TE,DET,6.854040669031442,7.8,1,2026-08-19T14:08:17.085216,A
2017,8,00-0031418,A.Seferian-Jenkins,TE,NYJ,8.427821044559016,7.8,1,2026-08-19T14:08:17.085216,A
2017,8,00-0031484,C.Manhertz,TE,CAR,0.9346009854880335,0.0,1,2026-08-19T14:08:17.085216,A
2017,8,00-0031533,R.Telfer,TE,CLE,0.31755165694348303,0.0,1,2026-08-19T14:08:17.085216,A
2017,8,00-0031598,N.Boyle,TE,BAL,4.361765412917264,6.9,1,2026-08-19T14:08:17.085216,A
2017,8,00-0031609,A.Derby,TE,DEN,6.378444612611173,10.1,1,2026-08-19T14:08:17.085216,A
2017,8,00-0031690,E.Tomlinson,TE,NYJ,2.374644082467092,9.0,1,2026-08-19T14:08:17.085216,A
2017,8,00-0031922,K.Lee,TE,BUF,1.2055666139790056,0.0,1,2026-08-19T14:08:17.085216,A
2017,8,00-0032055,D.Funchess,TE,CAR,11.803200531767152,3.1,1,2026-08-19T14:08:17.085216,A
2017,8,00-0032062,B.Bell,TE,MIN,0.98068221207148,0.0,1,2026-08-19T14:08:17.085216,A
2017,8,00-0032098,D.Brown,TE,CHI,4.547062348118274,1.9,1,2026-08-19T14:08:17.085216,A
2017,8,00-0032117,N.O'Leary,TE,BUF,3.9752210549332885,1.5,1,2026-08-19T14:08:17.085216,A
2017,8,00-0032134,C.Uzomah,TE,CIN,4.525239973131397,0.0,1,2026-08-19T14:08:17.085216,A
2017,8,00-0032135,J.James,TE,PIT,4.695600599238796,6.2,1,2026-08-19T14:08:17.085216,A
2017,8,00-0032141,G.Swaim,TE,DAL,1.6055844236784809,2.8,1,2026-08-19T14:08:17.085216,A
2017,8,00-0032214,T.Kroft,TE,CIN,9.450771087465439,9.6,1,2026-08-19T14:08:17.085216,A
2017,8,00-0032227,J.Heuerman,TE,DEN,2.570852295982129,2.1,1,2026-08-19T14:08:17.085216,A
2017,8,00-0032256,C.Walford,TE,LV,0.11053985218459605,0.0,1,2026-08-19T14:08:17.085216,A
2017,8,00-0032319,R.Travis,TE,KC,2.5822719379249808,0.0,1,2026-08-19T14:08:17.085216,A
2017,8,00-0032392,A.Hooper,TE,ATL,8.266984925063952,14.7,1,2026-08-19T14:08:17.085216,A
2017,8,00-0032394,N.Vannett,TE,SEA,2.9853955480315424,1.8,1,2026-08-19T14:08:17.085216,A
2017,8,00-0032430,D.Morgan,TE,MIN,1.5705774861333563,5.8,1,2026-08-19T14:08:17.085216,A
2017,8,00-0032725,S.Anderson,TE,HOU,2.960939672002454,2.1,1,2026-08-19T14:08:17.085216,A
2017,8,00-0033080,S.DeValve,TE,CLE,4.333843652360299,1.0,1,2026-08-19T14:08:17.085216,A
2017,8,00-0033090,H.Henry,TE,LAC,11.087683123073761,3.1,1,2026-08-19T14:08:17.085216,A
2017,8,00-0033258,D.Daniels,TE,IND,2.332137252974797,0.0,1,2026-08-19T14:08:17.085216,A
2017,8,00-0033288,G.Kittle,TE,SF,6.38243700836254,4.2,1,2026-08-19T14:08:17.085216,A
2017,8,00-0033315,C.Hikutini,TE,SF,0.6714883633075494,2.0,1,2026-08-19T14:08:17.085216,A
2017,8,00-0033338,C.Carter,TE,CIN,2.415887357982229,0.0,1,2026-08-19T14:08:17.085216,A
2017,8,00-0033387,J.Hollister,TE,NE,0.9647807725954286,2.3,1,2026-08-19T14:08:17.085216,A
2017,8,00-0033559,M.Roberts,TE,DET,0.3798612351690927,0.0,1,2026-08-19T14:08:17.085216,A
2017,8,00-0033879,O.Howard,TE,TB,6.747415756976679,3.6,1,2026-08-19T14:08:17.085216,A
2017,8,00-0033885,D.Njoku,TE,CLE,7.329916757015107,3.9,1,2026-08-19T14:08:17.085216,A
2017,8,00-0033896,A.Shaheen,TE,CHI,2.3599902393145578,0.0,1,2026-08-19T14:08:17.085216,A
2017,9,00-0023500,F.Gore,RB,IND,9.004236222678252,10.7,1,2026-08-19T14:08:17.085216,A
2017,9,00-0025394,A.Peterson,RB,ARI,11.549751623850419,16.7,1,2026-08-19T14:08:17.085216,A
2017,9,00-0025399,M.Lynch,RB,LV,6.199743032090734,20.3,1,2026-08-19T14:08:17.085216,A
2017,9,00-0026153,J.Stewart,RB,CAR,10.25473945017003,-1.9,1,2026-08-19T14:08:17.085216,A
2017,9,00-0026184,M.Forte,RB,NYJ,12.194845672857825,25.6,1,2026-08-19T14:08:17.085216,A
2017,9,00-0026213,J.Charles,RB,DEN,5.255169797018433,6.4,1,2026-08-19T14:08:17.085216,A
2017,9,00-0027029,L.McCoy,RB,BUF,20.8691713082437,2.5,1,2026-08-19T14:08:17.085216,A
2017,9,00-0027325,L.Blount,RB,PHI,9.393700676336126,3.7,1,2026-08-19T14:08:17.085216,A
2017,9,00-0027531,C.Ivory,RB,JAX,11.057372244935793,13.4,1,2026-08-19T14:08:17.085216,A
2017,9,00-0027966,M.Ingram,RB,NO,18.35334807321256,8.9,1,2026-08-19T14:08:17.085216,A
2017,9,00-0027994,S.Vereen,RB,NYG,6.791440019585175,4.4,1,2026-08-19T14:08:17.085216,A
2017,9,00-0028009,D.Murray,RB,TEN,16.016398859053407,6.1,1,2026-08-19T14:08:17.085216,A
2017,9,00-0028063,T.Jones,RB,BUF,2.7186466367484052,0.0,1,2026-08-19T14:08:17.085216,A
2017,9,00-0028064,B.Powell,RB,NYJ,9.779590095896038,7.4,1,2026-08-19T14:08:17.085216,A
2017,9,00-0029141,A.Morris,RB,DAL,3.9093762029502956,1.1,1,2026-08-19T14:08:17.085216,A
2017,9,00-0029384,B.Rainey,RB,BAL,1.1816196439788451,1.1,1,2026-08-19T14:08:17.085216,A
2017,9,00-0029613,D.Martin,RB,TB,13.404177001423331,0.7,1,2026-08-19T14:08:17.085216,A
2017,9,00-0029615,L.Miller,RB,HOU,15.70201850721388,12.1,1,2026-08-19T14:08:17.085216,A
2017,9,00-0029854,C.Anderson,RB,DEN,9.110473177386561,1.3,1,2026-08-19T14:08:17.085216,A
2017,9,00-0030107,T.Riddick,RB,DET,8.94352585125352,11.3,1,2026-08-19T14:08:17.085216,A
2017,9,00-0030117,K.Williams,RB,ARI,5.148230087684263,0.6,1,2026-08-19T14:08:17.085216,A
2017,9,00-0030287,A.Ellington,RB,ARI,6.990814985607647,3.4,1,2026-08-19T14:08:17.085216,A
2017,9,00-0030404,C.Thompson,RB,WAS,13.492898359161856,7.1,1,2026-08-19T14:08:17.085216,A
2017,9,00-0030456,G.Bernard,RB,CIN,6.681132682315471,0.4,1,2026-08-19T14:08:17.085216,A
2017,9,00-0030465,K.Barner,RB,PHI,3.6347448621239193,0.0,1,2026-08-19T14:08:17.085216,A
2017,9,00-0030485,E.Lacy,RB,SEA,6.1413031312262145,4.4,1,2026-08-19T14:08:17.085216,A
2017,9,00-0030668,C.West,RB,KC,4.9481095216095765,8.3,1,2026-08-19T14:08:17.085216,A
2017,9,00-0030860,O.Darkwa,RB,NYG,8.705743669327331,9.9,1,2026-08-19T14:08:17.085216,A
2017,9,00-0030874,D.Williams,RB,MIA,4.522271235575118,18.1,1,2026-08-19T14:08:17.085216,A
2017,9,00-0031045,C.Hyde,RB,SF,18.1380524106641,21.5,1,2026-08-19T14:08:17.085216,A
2017,9,00-0031085,J.Prosch,RB,HOU,3.6438401180770015,1.1,1,2026-08-19T14:08:17.085216,A
2017,9,00-0031285,D.Freeman,RB,ATL,13.459324858536908,10.4,1,2026-08-19T14:08:17.085216,A
2017,9,00-0031390,C.Sims,RB,TB,4.5463883061169135,3.1,1,2026-08-19T14:08:17.085216,A
2017,9,00-0031577,J.Allen,RB,BAL,10.794191332863488,19.5,1,2026-08-19T14:08:17.085216,A
2017,9,00-0031590,J.Ajayi,RB,PHI,12.027044754101789,13.7,1,2026-08-19T14:08:17.085216,A
2017,9,00-0031599,C.Artis-Payne,RB,CAR,5.593961692549447,0.3,1,2026-08-19T14:08:17.085216,A
2017,9,00-0031687,R.Mostert,RB,SF,3.0488755359260593,0.0,1,2026-08-19T14:08:17.085216,A
2017,9,00-0031731,C.Grant,RB,JAX,4.146620243165873,1.8,1,2026-08-19T14:08:17.085216,A
2017,9,00-0031806,M.Brown,RB,LA,4.530610589984225,5.7,1,2026-08-19T14:08:17.085216,A
2017,9,00-0031897,T.Rawls,RB,SEA,8.50565522969638,9.0,1,2026-08-19T14:08:17.085216,A
2017,9,00-0032058,T.Coleman,RB,ATL,10.362436166830188,9.4,1,2026-08-19T14:08:17.085216,A
2017,9,00-0032104,A.Abdullah,RB,DET,11.529475705245762,10.7,1,2026-08-19T14:08:17.085216,A
2017,9,00-0032209,T.Yeldon,RB,JAX,9.578632029522817,5.2,1,2026-08-19T14:08:17.085216,A
2017,9,00-0032241,T.Gurley,RB,LA,18.77067207123064,24.4,1,2026-08-19T14:08:17.085216,A
2017,9,00-0032371,R.Kelley,RB,WAS,3.782655226797461,13.8,1,2026-08-19T14:08:17.085216,A
2017,9,00-0032426,A.Collins,RB,BAL,9.438198414654076,5.6,1,2026-08-19T14:08:17.085216,A
2017,9,00-0032450,D.Washington,RB,DET,4.961216424082086,0.1,1,2026-08-19T14:08:17.085216,A
2017,9,00-0032602,J.McKissic,RB,SEA,9.239549825868625,4.6,1,2026-08-19T14:08:17.085216,A
2017,9,00-0032741,P.Barber,RB,TB,1.9633911522405652,7.4,1,2026-08-19T14:08:17.085216,A
2017,9,00-0032782,W.Smallwood,RB,PHI,5.756754949965487,2.5,1,2026-08-19T14:08:17.085216,A
2017,9,00-0032813,E.Penny,RB,ARI,2.628811330866228,0.0,1,2026-08-19T14:08:17.085216,A
2017,9,00-0032940,D.Washington,RB,LV,11.205380608845184,2.4,1,2026-08-19T14:08:17.085216,A
2017,9,00-0032972,D.Booker,RB,DEN,8.408381478029542,5.0,1,2026-08-19T14:08:17.085216,A
2017,9,00-0033025,J.Richard,RB,LV,9.709189233666848,1.4,1,2026-08-19T14:08:17.085216,A
2017,9,00-0033045,E.Elliott,RB,DAL,19.691830354163464,15.3,1,2026-08-19T14:08:17.085216,A
2017,9,00-0033118,K.Drake,RB,MIA,3.7466115072086943,14.4,1,2026-08-19T14:08:17.085216,A
2017,9,00-0033293,A.Jones,RB,GB,14.397858595588986,3.1,1,2026-08-19T14:08:17.085216,A
2017,9,00-0033295,E.McGuire,RB,NYJ,3.1304989168704482,4.9,1,2026-08-19T14:08:17.085216,A
2017,9,00-0033296,A.Armah,RB,CAR,0.8129537546732157,0.0,1,2026-08-19T14:08:17.085216,A
2017,9,00-0033308,M.Breida,RB,SF,7.315870181551988,3.9,1,2026-08-19T14:08:17.085216,A
2017,9,00-0033526,S.Perine,RB,WAS,8.058510937353507,0.9,1,2026-08-19T14:08:17.085216,A
2017,9,00-0033725,C.Clement,RB,PHI,5.032769051373837,25.6,1,2026-08-19T14:08:17.085216,A
2017,9,00-0033897,J.Mixon,RB,CIN,9.970102853218307,13.6,1,2026-08-19T14:08:17.085216,A
2017,9,00-0033906,A.Kamara,RB,NO,13.443497421691934,31.2,1,2026-08-19T14:08:17.085216,A
2017,9,00-0033923,K.Hunt,RB,KC,18.433132312401703,10.1,1,2026-08-19T14:08:17.085216,A
2017,9,00-0033925,D.Foreman,RB,HOU,5.625723634780027,3.7,1,2026-08-19T14:08:17.085216,A
2017,9,00-0033948,J.Williams,RB,GB,3.3619981910305206,11.2,1,2026-08-19T14:08:17.085216,A
2017,9,00-0033950,W.Gallman,RB,NYG,8.463333514062553,2.1,1,2026-08-19T14:08:17.085216,A
2017,9,00-0033951,M.Mack,RB,IND,9.59816832287081,2.9,1,2026-08-19T14:08:17.085216,A
2017,9,00-0022921,L.Fitzgerald,WR,ARI,16.60803927655394,12.0,1,2026-08-19T14:08:17.085216,A
2017,9,00-0025396,T.Ginn,WR,NO,11.687946981907709,15.9,1,2026-08-19T14:08:17.085216,A
2017,9,00-0026176,J.Nelson,WR,GB,12.61640021542958,7.5,1,2026-08-19T14:08:17.085216,A
2017,9,00-0026189,D.Jackson,WR,TB,10.37749043551581,5.3,1,2026-08-19T14:08:17.085216,A
2017,9,00-0026901,M.Wallace,WR,BAL,5.8342861071026,11.9,1,2026-08-19T14:08:17.085216,A
2017,9,00-0026986,M.Crabtree,WR,LV,12.954969534683597,7.0,1,2026-08-19T14:08:17.085216,A
2017,9,00-0026995,J.Maclin,WR,BAL,9.35027406634603,17.8,1,2026-08-19T14:08:17.085216,A
2017,9,00-0027654,A.Benn,WR,JAX,0.0,0.0,1,2026-08-19T14:08:17.085216,A
2017,9,00-0027681,B.LaFell,WR,CIN,8.954841552038264,4.8,1,2026-08-19T14:08:17.085216,A
2017,9,00-0027685,E.Sanders,WR,DEN,11.161041365075635,4.0,1,2026-08-19T14:08:17.085216,A
2017,9,00-0027690,E.Decker,WR,TEN,8.67271437237765,11.1,1,2026-08-19T14:08:17.085216,A
2017,9,00-0027691,A.Roberts,WR,ATL,2.7432483225063966,0.0,1,2026-08-19T14:08:17.085216,A
2017,9,00-0027874,D.Thomas,WR,DEN,13.23631009235373,21.0,1,2026-08-19T14:08:17.085216,A
2017,9,00-0027891,G.Tate,WR,DET,9.029351471271408,18.3,1,2026-08-19T14:08:17.085216,A
2017,9,00-0027902,D.Bryant,WR,DAL,14.18878109555403,13.3,1,2026-08-19T14:08:17.085216,A
2017,9,00-0027942,A.Green,WR,CIN,14.563284101303912,1.6,1,2026-08-19T14:08:17.085216,A
2017,9,00-0027944,J.Jones,WR,ATL,14.7144739921831,17.8,1,2026-08-19T14:08:17.085216,A
2017,9,00-0027996,T.Smith,WR,PHI,6.167837653425906,2.1,1,2026-08-19T14:08:17.085216,A
2017,9,00-0028002,R.Cobb,WR,GB,9.98175046356434,10.9,1,2026-08-19T14:08:17.085216,A
2017,9,00-0028091,J.Kerley,WR,NYJ,7.0557411924084334,0.0,1,2026-08-19T14:08:17.085216,A
2017,9,00-0028116,A.Robinson,WR,SF,4.690212261690565,3.8,1,2026-08-19T14:08:17.085216,A
2017,9,00-0028263,A.Holmes,WR,BUF,6.391877451032752,2.6,1,2026-08-19T14:08:17.085216,A
2017,9,00-0028434,D.Baldwin,WR,SEA,13.327690126754318,23.8,1,2026-08-19T14:08:17.085216,A
2017,9,00-0028497,K.Aiken,WR,IND,4.642599429184989,0.0,1,2026-08-19T14:08:17.085216,A
2017,9,00-0028825,T.Pryor,WR,WAS,4.599299747402062,3.7,1,2026-08-19T14:08:17.085216,A
2017,9,00-0029000,C.Beasley,WR,DAL,6.842595162763135,18.4,1,2026-08-19T14:08:17.085216,A
2017,9,00-0029137,A.Jeffery,WR,PHI,11.162727139268906,26.4,1,2026-08-19T14:08:17.085216,A
2017,9,00-0029159,J.Kearse,WR,NYJ,8.747722311882573,5.8,1,2026-08-19T14:08:17.085216,A
2017,9,00-0029293,M.Jones,WR,DET,13.870220005738902,29.7,1,2026-08-19T14:08:17.085216,A
2017,9,00-0029336,B.Golden,WR,ARI,1.4207497467048917,0.0,1,2026-08-19T14:08:17.085216,A
2017,9,00-0029388,D.Thompson,WR,BUF,4.461648830548159,21.1,1,2026-08-19T14:08:17.085216,A
2017,9,00-0029394,B.Bersin,WR,CAR,0.46501289968859405,0.0,1,2026-08-19T14:08:17.085216,A
2017,9,00-0029580,R.Matthews,WR,TEN,8.1679005729592,17.0,1,2026-08-19T14:08:17.085216,A
2017,9,00-0029608,T.Hilton,WR,IND,11.743496538085815,34.5,1,2026-08-19T14:08:17.085216,A
2017,9,00-0029632,M.Sanu,WR,ATL,11.471558640268768,11.3,1,2026-08-19T14:08:17.085216,A
2017,9,00-0029640,B.Quick,WR,WAS,0.8760038488072237,7.9,1,2026-08-19T14:08:17.085216,A
2017,9,00-0030068,M.Goodwin,WR,SF,7.578078019978445,8.8,1,2026-08-19T14:08:17.085216,A
2017,9,00-0030085,K.Stills,WR,MIA,10.928771278698466,5.8,1,2026-08-19T14:08:17.085216,A
2017,9,00-0030091,T.King,WR,NYG,5.021192834558162,12.3,1,2026-08-19T14:08:17.085216,A
2017,9,00-0030147,R.Shepard,WR,CAR,4.733271869697447,1.1,1,2026-08-19T14:08:17.085216,A
2017,9,00-0030300,J.Brown,WR,ARI,7.4008076478027,7.3,1,2026-08-19T14:08:17.085216,A
2017,9,00-0030431,R.Woods,WR,LA,11.326949738798639,23.0,1,2026-08-19T14:08:17.085216,A
2017,9,00-0030516,B.Butler,WR,DAL,5.88073275591443,1.6,1,2026-08-19T14:08:17.085216,A
2017,9,00-0030525,T.Austin,WR,LA,4.8049736946010855,3.4,1,2026-08-19T14:08:17.085216,A
2017,9,00-0030542,T.Williams,WR,DAL,8.54794928380618,23.1,1,2026-08-19T14:08:17.085216,A
2017,9,00-0030564,D.Hopkins,WR,HOU,16.72846318341568,20.6,1,2026-08-19T14:08:17.085216,A
2017,9,00-0030663,W.Snead,WR,NO,5.547884612158857,0.0,1,2026-08-19T14:08:17.085216,A
2017,9,00-0030670,B.Fowler,WR,DEN,6.7329051330043805,0.0,1,2026-08-19T14:08:17.085216,A
2017,9,00-0030743,B.Reedy,WR,TB,0.15146611565433066,2.5,1,2026-08-19T14:08:17.085216,A
2017,9,00-0030801,B.Coleman,WR,NO,7.651495527507494,1.7,1,2026-08-19T14:08:17.085216,A
2017,9,00-0030821,A.Hurns,WR,JAX,9.916436180205505,6.1,1,2026-08-19T14:08:17.085216,A
2017,9,00-0031021,J.Abbrederis,WR,DET,1.026507649196589,0.0,1,2026-08-19T14:08:17.085216,A
2017,9,00-0031051,J.Brown,WR,ARI,7.629346899507879,6.2,1,2026-08-19T14:08:17.085216,A
2017,9,00-0031060,D.Thomas,WR,KC,5.575976727041377,7.1,1,2026-08-19T14:08:17.085216,A
2017,9,00-0031068,R.Grant,WR,WAS,6.902189851912763,6.9,1,2026-08-19T14:08:17.085216,A
2017,9,00-0031166,S.Roberts,WR,LV,6.9676778606946606,4.8,1,2026-08-19T14:08:17.085216,A
2017,9,00-0031189,T.Jones,WR,DET,5.347831347703472,4.9,1,2026-08-19T14:08:17.085216,A
2017,9,00-0031228,T.Gabriel,WR,ATL,7.489280842596024,8.9,1,2026-08-19T14:08:17.085216,A
2017,9,00-0031257,P.Richardson,WR,SEA,8.251369246258124,7.1,1,2026-08-19T14:08:17.085216,A
2017,9,00-0031325,S.Watkins,WR,LA,9.732378182547478,13.7,1,2026-08-19T14:08:17.085216,A
2017,9,00-0031326,B.Ellington,WR,HOU,6.268460406256158,5.2,1,2026-08-19T14:08:17.085216,A
2017,9,00-0031339,D.Moncrief,WR,IND,8.307449175609278,1.7,1,2026-08-19T14:08:17.085216,A
2017,9,00-0031344,C.Latimer,WR,DEN,4.174593534977486,7.1,1,2026-08-19T14:08:17.085216,A
2017,9,00-0031381,D.Adams,WR,GB,13.959589079415363,12.3,1,2026-08-19T14:08:17.085216,A
2017,9,00-0031382,J.Landry,WR,MIA,15.217727990708909,15.2,1,2026-08-19T14:08:17.085216,A
2017,9,00-0031408,M.Evans,WR,TB,15.017992796683535,2.3,1,2026-08-19T14:08:17.085216,A
2017,9,00-0031431,M.Lee,WR,JAX,8.384617671840003,21.5,1,2026-08-19T14:08:17.085216,A
2017,9,00-0031544,A.Cooper,WR,LV,15.072493690661622,9.8,1,2026-08-19T14:08:17.085216,A
2017,9,00-0031547,D.Parker,WR,MIA,8.295565507174418,12.6,1,2026-08-19T14:08:17.085216,A
2017,9,00-0031549,N.Agholor,WR,PHI,10.262560717361039,5.6,1,2026-08-19T14:08:17.085216,A
2017,9,00-0031570,J.Hardy,WR,ATL,3.972562577061016,4.6,1,2026-08-19T14:08:17.085216,A
2017,9,00-0032009,A.Humphries,WR,TB,6.988873651308698,3.4,1,2026-08-19T14:08:17.085216,A
2017,9,00-0032054,B.Perriman,WR,BAL,4.0396320827886845,5.8,1,2026-08-19T14:08:17.085216,A
2017,9,00-0032112,J.Nelson,WR,ARI,7.320942359579331,2.5,1,2026-08-19T14:08:17.085216,A
2017,9,00-0032115,K.Clay,WR,CAR,1.3968849304875002,0.0,1,2026-08-19T14:08:17.085216,A
2017,9,00-0032200,T.Montgomery,WR,GB,6.326271495132698,6.1,1,2026-08-19T14:08:17.085216,A
2017,9,00-0032211,T.Lockett,WR,SEA,8.911858680851543,3.0,1,2026-08-19T14:08:17.085216,A
2017,9,00-0032355,C.Rogers,WR,IND,4.838675796797743,2.7,1,2026-08-19T14:08:17.085216,A
2017,9,00-0032385,S.Shepard,WR,NYG,9.708834974473415,12.0,1,2026-08-19T14:08:17.085216,A
2017,9,00-0032398,C.Moore,WR,BAL,6.021383327511516,2.6,1,2026-08-19T14:08:17.085216,A
2017,9,00-0032423,T.Davis,WR,GB,2.547894811262059,2.4,1,2026-08-19T14:08:17.085216,A
2017,9,00-0032475,T.McEvoy,WR,SEA,0.005939753556650374,2.0,1,2026-08-19T14:08:17.085216,A
2017,9,00-0032543,A.Erickson,WR,CIN,0.7306889921697179,0.0,1,2026-08-19T14:08:17.085216,A
2017,9,00-0032626,G.Allison,WR,GB,4.916292893325423,0.0,1,2026-08-19T14:08:17.085216,A
2017,9,00-0032659,Ro.Lewis,WR,NYG,5.3748490762325,1.4,1,2026-08-19T14:08:17.085216,A
2017,9,00-0032688,R.Chosen,WR,NYJ,9.655105383497537,14.8,1,2026-08-19T14:08:17.085216,A
2017,9,00-0032705,E.Eagan,WR,NYG,1.5072395726658483,0.0,1,2026-08-19T14:08:17.085216,A
2017,9,00-0032760,J.Doctson,WR,WAS,2.343123242521183,8.9,1,2026-08-19T14:08:17.085216,A
2017,9,00-0032765,M.Thomas,WR,NO,15.369142238305347,14.5,1,2026-08-19T14:08:17.085216,A
2017,9,00-0032775,D.Robinson,WR,KC,6.842325981860524,3.8,1,2026-08-19T14:08:17.085216,A
2017,9,00-0032795,C.Core,WR,CIN,1.9140423812313978,0.0,1,2026-08-19T14:08:17.085216,A
2017,9,00-0032935,J.Holton,WR,LV,1.2845022179179137,11.4,1,2026-08-19T14:08:17.085216,A
2017,9,00-0032980,M.Johnson,WR,PHI,2.1946090358605033,0.0,1,2026-08-19T14:08:17.085216,A
2017,9,00-0033006,J.Mickens,WR,JAX,1.6251871328400833,0.0,1,2026-08-19T14:08:17.085216,A
2017,9,00-0033040,T.Hill,WR,KC,13.394505748252602,15.3,1,2026-08-19T14:08:17.085216,A
2017,9,00-0033111,P.Cooper,WR,LA,2.8250094217267248,1.9,1,2026-08-19T14:08:17.085216,A
2017,9,00-0033127,W.Fuller,WR,HOU,12.608974509664053,5.2,1,2026-08-19T14:08:17.085216,A
2017,9,00-0033282,C.Samuel,WR,CAR,5.376581938914949,6.7,1,2026-08-19T14:08:17.085216,A
2017,9,00-0033292,T.Taylor,WR,SF,7.026915901919718,4.2,1,2026-08-19T14:08:17.085216,A
2017,9,00-0033306,V.Bolden,WR,SF,0.7207198452433259,0.0,1,2026-08-19T14:08:17.085216,A
2017,9,00-0033307,K.Bourne,WR,SF,2.8011175809425017,5.9,1,2026-08-19T14:08:17.085216,A
2017,9,00-0033464,J.Chesson,WR,KC,4.61136939953271,2.0,1,2026-08-19T14:08:17.085216,A
2017,9,00-0033466,I.McKenzie,WR,DEN,2.9510818308931093,2.4,1,2026-08-19T14:08:17.085216,A
2017,9,00-0033555,M.Hollins,WR,PHI,5.83501681248433,1.8,1,2026-08-19T14:08:17.085216,A
2017,9,00-0033562,R.Switzer,WR,DAL,3.2988969737090317,0.0,1,2026-08-19T14:08:17.085216,A
2017,9,00-0033572,J.Agnew,WR,DET,2.5946696911180527,0.4,1,2026-08-19T14:08:17.085216,A
2017,9,00-0033681,K.Cole,WR,JAX,4.1140873733926355,7.7,1,2026-08-19T14:08:17.085216,A
2017,9,00-0033717,T.Rudolph,WR,NYG,2.195283241177444,0.0,1,2026-08-19T14:08:17.085216,A
2017,9,00-0033840,C.Hansen,WR,NYJ,0.5834425479899895,0.0,1,2026-08-19T14:08:17.085216,A
2017,9,00-0033859,J.Malone,WR,CIN,3.012394630737187,2.3,1,2026-08-19T14:08:17.085216,A
2017,9,00-0033871,C.Davis,WR,TEN,9.1217935533786,4.8,1,2026-08-19T14:08:17.085216,A
2017,9,00-0033891,Z.Jones,WR,BUF,8.068173015114096,17.3,1,2026-08-19T14:08:17.085216,A
2017,9,00-0033911,T.Taylor,WR,TEN,5.574051560595328,0.6,1,2026-08-19T14:08:17.085216,A
2017,9,00-0033916,A.Stewart,WR,NYJ,0.37508851713235325,0.0,1,2026-08-19T14:08:17.085216,A
2017,9,00-0033921,C.Godwin,WR,TB,5.1125808821383085,1.9,1,2026-08-19T14:08:17.085216,A
2017,9,00-0033937,A.Darboh,WR,SEA,0.9017459435464936,0.0,1,2026-08-19T14:08:17.085216,A
2017,9,00-0033943,J.Reynolds,WR,LA,2.2271172761147904,0.0,1,2026-08-19T14:08:17.085216,A
2017,9,00-0022127,J.Witten,TE,DAL,12.579035371389482,1.5,1,2026-08-19T14:08:17.085216,A
2017,9,00-0022943,B.Watson,TE,BAL,8.449663404372025,11.1,1,2026-08-19T14:08:17.085216,A
2017,9,00-0024221,V.Davis,TE,WAS,8.163089070647112,13.2,1,2026-08-19T14:08:17.085216,A
2017,9,00-0024243,M.Lewis,TE,JAX,7.047644545749595,7.9,1,2026-08-19T14:08:17.085216,A
2017,9,00-0024268,A.Fasano,TE,MIA,3.2705284465252653,2.9,1,2026-08-19T14:08:17.085216,A
2017,9,00-0024389,De.Walker,TE,TEN,11.43392334029362,12.1,1,2026-08-19T14:08:17.085216,A
2017,9,00-0025549,B.Celek,TE,PHI,3.386513362310641,6.9,1,2026-08-19T14:08:17.085216,A
2017,9,00-0027061,J.Cook,TE,LV,8.590399820323201,20.6,1,2026-08-19T14:08:17.085216,A
2017,9,00-0027675,E.Dickson,TE,CAR,8.537448068060154,0.0,1,2026-08-19T14:08:17.085216,A
2017,9,00-0027696,J.Graham,TE,SEA,10.166826395297585,10.9,1,2026-08-19T14:08:17.085216,A
2017,9,00-0027732,M.Hoomanawanui,TE,NO,2.750345469743065,0.0,1,2026-08-19T14:08:17.085216,A
2017,9,00-0027873,J.Gresham,TE,ARI,6.016216151424106,10.3,1,2026-08-19T14:08:17.085216,A
2017,9,00-0027985,L.Kendricks,TE,GB,3.6060495002772157,5.2,1,2026-08-19T14:08:17.085216,A
2017,9,00-0028042,L.Stocker,TE,TB,1.5676582993128143,9.3,1,2026-08-19T14:08:17.085216,A
2017,9,00-0028067,J.Thomas,TE,MIA,6.111568395878283,20.4,1,2026-08-19T14:08:17.085216,A
2017,9,00-0028097,L.Smith,TE,LV,2.3014313989452013,0.0,1,2026-08-19T14:08:17.085216,A
2017,9,00-0028142,V.Green,TE,DEN,4.047213777413477,0.0,1,2026-08-19T14:08:17.085216,A
2017,9,00-0028903,G.Celek,TE,SF,2.9498016190764456,2.3,1,2026-08-19T14:08:17.085216,A
2017,9,00-0028987,P.Supernaw,TE,TEN,1.791392604899427,0.0,1,2026-08-19T14:08:17.085216,A
2017,9,00-0029119,D.Carrier,TE,LA,1.1546080042174067,1.5,1,2026-08-19T14:08:17.085216,A
2017,9,00-0029587,R.Ellison,TE,NYG,2.5491938581016984,4.1,1,2026-08-19T14:08:17.085216,A
2017,9,00-0029634,J.Hanna,TE,DAL,2.315623220262937,0.0,1,2026-08-19T14:08:17.085216,A
2017,9,00-0029697,C.Fleener,TE,NO,6.0070378912280145,6.6,1,2026-08-19T14:08:17.085216,A
2017,9,00-0029738,D.Fells,TE,DET,4.38578513296288,2.0,1,2026-08-19T14:08:17.085216,A
2017,9,00-0029740,I.Momah,TE,ARI,0.1657294092176656,0.0,1,2026-08-19T14:08:17.085216,A
2017,9,00-0029793,B.Williams,TE,IND,0.34307267146718917,4.0,1,2026-08-19T14:08:17.085216,A
2017,9,00-0029878,M.Gray,TE,MIA,0.0,0.3,1,2026-08-19T14:08:17.085216,A
2017,9,00-0030089,L.Willson,TE,SEA,3.3011032691005977,8.0,1,2026-08-19T14:08:17.085216,A
2017,9,00-0030108,R.Griffin,TE,HOU,7.345676383629012,0.0,1,2026-08-19T14:08:17.085216,A
2017,9,00-0030155,D.Harris,TE,KC,3.3358493942860865,0.0,1,2026-08-19T14:08:17.085216,A
2017,9,00-0030181,J.Doyle,TE,IND,12.45147485844515,14.3,1,2026-08-19T14:08:17.085216,A
2017,9,00-0030216,J.Hill,TE,NO,3.7940777440002904,0.0,1,2026-08-19T14:08:17.085216,A
2017,9,00-0030443,L.Toilolo,TE,ATL,2.908106386743043,1.8,1,2026-08-19T14:08:17.085216,A
2017,9,00-0030506,T.Kelce,TE,KC,13.844123286637927,20.3,1,2026-08-19T14:08:17.085216,A
2017,9,00-0030544,G.Escobar,TE,BAL,2.402100737569662,0.0,1,2026-08-19T14:08:17.085216,A
2017,9,00-0030710,T.Burton,TE,PHI,3.1638814374141786,12.1,1,2026-08-19T14:08:17.085216,A
2017,9,00-0030780,R.Hewitt,TE,CIN,1.02637907521282,0.0,1,2026-08-19T14:08:17.085216,A
2017,9,00-0031044,T.Niklas,TE,ARI,2.2264942192797594,2.6,1,2026-08-19T14:08:17.085216,A
2017,9,00-0031260,L.Thomas,TE,BUF,2.962109292189868,4.5,1,2026-08-19T14:08:17.085216,A
2017,9,00-0031273,C.Brate,TE,TB,10.770556838319497,1.9,1,2026-08-19T14:08:17.085216,A
2017,9,00-0031299,J.Matthews,TE,BUF,6.167869809459232,8.6,1,2026-08-19T14:08:17.085216,A
2017,9,00-0031384,R.Rodgers,TE,GB,2.0856287311653365,1.5,1,2026-08-19T14:08:17.085216,A
2017,9,00-0031387,E.Ebron,TE,DET,8.455920974260753,6.5,1,2026-08-19T14:08:17.085216,A
2017,9,00-0031418,A.Seferian-Jenkins,TE,NYJ,8.469018487704489,4.0,1,2026-08-19T14:08:17.085216,A
2017,9,00-0031484,C.Manhertz,TE,CAR,0.9162262833646433,0.0,1,2026-08-19T14:08:17.085216,A
2017,9,00-0031558,M.Williams,TE,BAL,3.8611606853688905,5.9,1,2026-08-19T14:08:17.085216,A
2017,9,00-0031609,A.Derby,TE,DEN,5.086249345156323,2.1,1,2026-08-19T14:08:17.085216,A
2017,9,00-0031690,E.Tomlinson,TE,NYJ,2.3550462592865027,1.6,1,2026-08-19T14:08:17.085216,A
2017,9,00-0031744,M.LaCosse,TE,NYG,0.07946626952454014,0.0,1,2026-08-19T14:08:17.085216,A
2017,9,00-0031922,K.Lee,TE,BUF,0.13528907281412983,0.0,1,2026-08-19T14:08:17.085216,A
2017,9,00-0031951,J.O'Shaughnessy,TE,JAX,2.4979211113620883,1.6,1,2026-08-19T14:08:17.085216,A
2017,9,00-0032055,D.Funchess,TE,CAR,11.387378315503451,13.6,1,2026-08-19T14:08:17.085216,A
2017,9,00-0032117,N.O'Leary,TE,BUF,5.297412494471754,7.1,1,2026-08-19T14:08:17.085216,A
2017,9,00-0032134,C.Uzomah,TE,CIN,2.234366753398947,0.0,1,2026-08-19T14:08:17.085216,A
2017,9,00-0032139,B.Koyack,TE,JAX,2.021703409706375,0.0,1,2026-08-19T14:08:17.085216,A
2017,9,00-0032141,G.Swaim,TE,DAL,2.4299119084524796,0.0,1,2026-08-19T14:08:17.085216,A
2017,9,00-0032214,T.Kroft,TE,CIN,8.183637384606833,9.9,1,2026-08-19T14:08:17.085216,A
2017,9,00-0032227,J.Heuerman,TE,DEN,3.8773533602351513,0.0,1,2026-08-19T14:08:17.085216,A
2017,9,00-0032256,C.Walford,TE,LV,0.21631036826485567,0.0,1,2026-08-19T14:08:17.085216,A
2017,9,00-0032319,R.Travis,TE,KC,1.97657988199799,1.3,1,2026-08-19T14:08:17.085216,A
2017,9,00-0032392,A.Hooper,TE,ATL,8.469525005653438,6.6,1,2026-08-19T14:08:17.085216,A
2017,9,00-0032394,N.Vannett,TE,SEA,3.0769680875126086,0.0,1,2026-08-19T14:08:17.085216,A
2017,9,00-0032429,J.Adams,TE,NYG,1.7398659686758038,0.0,1,2026-08-19T14:08:17.085216,A
2017,9,00-0032725,S.Anderson,TE,HOU,3.1392696099250204,8.4,1,2026-08-19T14:08:17.085216,A
2017,9,00-0033110,T.Higbee,TE,LA,7.94646863728327,7.8,1,2026-08-19T14:08:17.085216,A
2017,9,00-0033258,D.Daniels,TE,IND,1.0104177130319274,0.0,1,2026-08-19T14:08:17.085216,A
2017,9,00-0033288,G.Kittle,TE,SF,6.90210296793372,5.7,1,2026-08-19T14:08:17.085216,A
2017,9,00-0033338,C.Carter,TE,CIN,1.0419438154778904,0.0,1,2026-08-19T14:08:17.085216,A
2017,9,00-0033528,J.Sprinkle,TE,WAS,0.7114052277057928,0.0,1,2026-08-19T14:08:17.085216,A
2017,9,00-0033559,M.Roberts,TE,DET,0.5499222338620116,0.0,1,2026-08-19T14:08:17.085216,A
2017,9,00-0033576,E.Saubert,TE,ATL,0.7581571196684349,0.0,1,2026-08-19T14:08:17.085216,A
2017,9,00-0033858,J.Smith,TE,TEN,5.633575958970839,0.0,1,2026-08-19T14:08:17.085216,A
2017,9,00-0033879,O.Howard,TE,TB,7.120468984698324,-0.4,1,2026-08-19T14:08:17.085216,A
2017,9,00-0033881,E.Engram,TE,NYG,11.537490456849365,17.0,1,2026-08-19T14:08:17.085216,A
2017,9,00-0033895,G.Everett,TE,LA,4.5706280739414105,6.7,1,2026-08-19T14:08:17.085216,A
2017,10,00-0023500,F.Gore,RB,IND,10.201892106812751,7.1,1,2026-08-19T14:08:17.085216,A
2017,10,00-0025394,A.Peterson,RB,ARI,14.574213896097975,3.2,1,2026-08-19T14:08:17.085216,A
2017,10,00-0026144,D.McFadden,RB,DAL,4.932870774667638,-0.2,1,2026-08-19T14:08:17.085216,A
2017,10,00-0026153,J.Stewart,RB,CAR,11.210722400231777,11.0,1,2026-08-19T14:08:17.085216,A
2017,10,00-0026213,J.Charles,RB,DEN,6.056330317014073,3.8,1,2026-08-19T14:08:17.085216,A
2017,10,00-0027029,L.McCoy,RB,BUF,18.335379168859944,9.0,1,2026-08-19T14:08:17.085216,A
2017,10,00-0027531,C.Ivory,RB,JAX,13.043350456927955,0.6,1,2026-08-19T14:08:17.085216,A
2017,10,00-0027966,M.Ingram,RB,NO,15.796281986811724,31.1,1,2026-08-19T14:08:17.085216,A
2017,10,00-0027994,S.Vereen,RB,NYG,6.843341752709019,7.8,1,2026-08-19T14:08:17.085216,A
2017,10,00-0028009,D.Murray,RB,TEN,15.732542483722506,29.2,1,2026-08-19T14:08:17.085216,A
2017,10,00-0028064,B.Powell,RB,NYJ,8.86012983257868,2.6,1,2026-08-19T14:08:17.085216,A
2017,10,00-0028083,J.Rodgers,RB,TB,4.149363925543706,1.2,1,2026-08-19T14:08:17.085216,A
2017,10,00-0028087,D.Lewis,RB,NE,9.565687733670917,11.5,1,2026-08-19T14:08:17.085216,A
2017,10,00-0029004,L.Dunbar,RB,LA,5.092847788603715,3.1,1,2026-08-19T14:08:17.085216,A
2017,10,00-0029141,A.Morris,RB,DAL,2.5812651296074454,5.3,1,2026-08-19T14:08:17.085216,A
2017,10,00-0029239,B.Bolden,RB,NE,3.828635059857073,0.1,1,2026-08-19T14:08:17.085216,A
2017,10,00-0029613,D.Martin,RB,TB,10.046353726359524,5.1,1,2026-08-19T14:08:17.085216,A
2017,10,00-0029615,L.Miller,RB,HOU,13.399370441886052,8.4,1,2026-08-19T14:08:17.085216,A
2017,10,00-0029795,B.Cunningham,RB,CHI,4.981358723282888,6.2,1,2026-08-19T14:08:17.085216,A
2017,10,00-0029854,C.Anderson,RB,DEN,9.3903921102553,6.5,1,2026-08-19T14:08:17.085216,A
2017,10,00-0030107,T.Riddick,RB,DET,9.84526619382246,13.7,1,2026-08-19T14:08:17.085216,A
2017,10,00-0030117,K.Williams,RB,ARI,2.2070983817033714,0.0,1,2026-08-19T14:08:17.085216,A
2017,10,00-0030287,A.Ellington,RB,ARI,6.244473436864617,12.0,1,2026-08-19T14:08:17.085216,A
2017,10,00-0030288,R.Burkhead,RB,NE,9.658376075578282,15.3,1,2026-08-19T14:08:17.085216,A
2017,10,00-0030404,C.Thompson,RB,WAS,11.266046513872958,9.7,1,2026-08-19T14:08:17.085216,A
2017,10,00-0030456,G.Bernard,RB,CIN,6.722793325390541,9.8,1,2026-08-19T14:08:17.085216,A
2017,10,00-0030496,L.Bell,RB,PIT,20.98494831604831,16.2,1,2026-08-19T14:08:17.085216,A
2017,10,00-0030513,L.Murray,RB,MIN,9.253801227170822,12.8,1,2026-08-19T14:08:17.085216,A
2017,10,00-0030656,I.Crowell,RB,CLE,12.67451119736366,16.5,1,2026-08-19T14:08:17.085216,A
2017,10,00-0030860,O.Darkwa,RB,NYG,10.055812515215699,10.8,1,2026-08-19T14:08:17.085216,A
2017,10,00-0030874,D.Williams,RB,MIA,4.624290286608496,5.9,1,2026-08-19T14:08:17.085216,A
2017,10,00-0031045,C.Hyde,RB,SF,18.819692415427653,12.4,1,2026-08-19T14:08:17.085216,A
2017,10,00-0031062,J.White,RB,NE,10.059368009130301,10.8,1,2026-08-19T14:08:17.085216,A
2017,10,00-0031075,A.Blue,RB,HOU,3.4885669676289353,1.0,1,2026-08-19T14:08:17.085216,A
2017,10,00-0031285,D.Freeman,RB,ATL,14.70328864836275,0.3,1,2026-08-19T14:08:17.085216,A
2017,10,00-0031376,J.McKinnon,RB,MIN,14.745695152685506,6.7,1,2026-08-19T14:08:17.085216,A
2017,10,00-0031390,C.Sims,RB,TB,4.324721957494626,12.0,1,2026-08-19T14:08:17.085216,A
2017,10,00-0031599,C.Artis-Payne,RB,CAR,3.8614095295949613,12.8,1,2026-08-19T14:08:17.085216,A
2017,10,00-0031682,T.Ward,RB,ATL,3.038802807218486,2.3,1,2026-08-19T14:08:17.085216,A
2017,10,00-0031731,C.Grant,RB,JAX,3.7283431764220385,11.6,1,2026-08-19T14:08:17.085216,A
2017,10,00-0031897,T.Rawls,RB,SEA,7.020637913482333,5.9,1,2026-08-19T14:08:17.085216,A
2017,10,00-0031900,R.Smith,RB,DAL,4.183174355600062,6.9,1,2026-08-19T14:08:17.085216,A
2017,10,00-0032058,T.Coleman,RB,ATL,10.641252152826375,15.8,1,2026-08-19T14:08:17.085216,A
2017,10,00-0032104,A.Abdullah,RB,DET,13.157224116302206,12.5,1,2026-08-19T14:08:17.085216,A
2017,10,00-0032144,M.Gordon,RB,LAC,16.566664151540724,9.2,1,2026-08-19T14:08:17.085216,A
2017,10,00-0032209,T.Yeldon,RB,JAX,12.897313242933244,11.0,1,2026-08-19T14:08:17.085216,A
2017,10,00-0032241,T.Gurley,RB,LA,19.062476252889606,19.6,1,2026-08-19T14:08:17.085216,A
2017,10,00-0032257,D.Johnson,RB,CLE,11.620735922645284,14.8,1,2026-08-19T14:08:17.085216,A
2017,10,00-0032371,R.Kelley,RB,WAS,7.501260141271542,3.4,1,2026-08-19T14:08:17.085216,A
2017,10,00-0032393,C.Prosise,RB,SEA,5.49591633565308,0.3,1,2026-08-19T14:08:17.085216,A
2017,10,00-0032450,D.Washington,RB,DET,5.706213858697477,2.0,1,2026-08-19T14:08:17.085216,A
2017,10,00-0032602,J.McKissic,RB,SEA,8.4920178206623,8.6,1,2026-08-19T14:08:17.085216,A
2017,10,00-0032741,P.Barber,RB,TB,5.717778505374047,-0.2,1,2026-08-19T14:08:17.085216,A
2017,10,00-0032780,J.Howard,RB,CHI,15.201872500832609,5.4,1,2026-08-19T14:08:17.085216,A
2017,10,00-0032972,D.Booker,RB,DEN,8.017723666567061,3.9,1,2026-08-19T14:08:17.085216,A
2017,10,00-0033118,K.Drake,RB,MIA,7.968032696662425,17.2,1,2026-08-19T14:08:17.085216,A
2017,10,00-0033293,A.Jones,RB,GB,11.579501195493394,2.2,1,2026-08-19T14:08:17.085216,A
2017,10,00-0033295,E.McGuire,RB,NYJ,5.134949897038174,9.8,1,2026-08-19T14:08:17.085216,A
2017,10,00-0033296,A.Armah,RB,CAR,2.5853550453581566,0.0,1,2026-08-19T14:08:17.085216,A
2017,10,00-0033308,M.Breida,RB,SF,6.067873806305448,12.8,1,2026-08-19T14:08:17.085216,A
2017,10,00-0033526,S.Perine,RB,WAS,6.011735816024309,7.0,1,2026-08-19T14:08:17.085216,A
2017,10,00-0033553,J.Conner,RB,PIT,3.9341783928969205,1.2,1,2026-08-19T14:08:17.085216,A
2017,10,00-0033556,T.Cohen,RB,CHI,9.673763062580415,2.1,1,2026-08-19T14:08:17.085216,A
2017,10,00-0033699,A.Ekeler,RB,LAC,5.501129358231349,26.9,1,2026-08-19T14:08:17.085216,A
2017,10,00-0033838,T.Edmunds,RB,NO,4.799358601095443,10.8,1,2026-08-19T14:08:17.085216,A
2017,10,00-0033856,L.Fournette,RB,JAX,16.792631102629255,6.6,1,2026-08-19T14:08:17.085216,A
2017,10,00-0033897,J.Mixon,RB,CIN,12.621149330347542,11.0,1,2026-08-19T14:08:17.085216,A
2017,10,00-0033906,A.Kamara,RB,NO,14.388952887368138,24.8,1,2026-08-19T14:08:17.085216,A
2017,10,00-0033925,D.Foreman,RB,HOU,6.146416728395201,1.8,1,2026-08-19T14:08:17.085216,A
2017,10,00-0033948,J.Williams,RB,GB,4.710270292169674,8.4,1,2026-08-19T14:08:17.085216,A
2017,10,00-0033950,W.Gallman,RB,NYG,7.4564326313989095,2.2,1,2026-08-19T14:08:17.085216,A
2017,10,00-0033951,M.Mack,RB,IND,8.44704814481392,4.6,1,2026-08-19T14:08:17.085216,A
2017,10,00-0022921,L.Fitzgerald,WR,ARI,16.078994861784416,21.3,1,2026-08-19T14:08:17.085216,A
2017,10,00-0025396,T.Ginn,WR,NO,10.750119752767787,1.3,1,2026-08-19T14:08:17.085216,A
2017,10,00-0026035,D.Amendola,WR,NE,8.359734711123528,7.6,1,2026-08-19T14:08:17.085216,A
2017,10,00-0026176,J.Nelson,WR,GB,12.094911929772225,5.0,1,2026-08-19T14:08:17.085216,A
2017,10,00-0026189,D.Jackson,WR,TB,8.96688620109649,14.2,1,2026-08-19T14:08:17.085216,A
2017,10,00-0027006,K.Britt,WR,CLE,10.1193048623202,11.8,1,2026-08-19T14:08:17.085216,A
2017,10,00-0027057,B.Tate,WR,BUF,4.402860583392944,0.0,1,2026-08-19T14:08:17.085216,A
2017,10,00-0027089,L.Murphy,WR,SF,1.2007283494044994,6.8,1,2026-08-19T14:08:17.085216,A
2017,10,00-0027654,A.Benn,WR,JAX,0.0576489835448466,0.0,1,2026-08-19T14:08:17.085216,A
2017,10,00-0027681,B.LaFell,WR,CIN,8.815011473238869,21.5,1,2026-08-19T14:08:17.085216,A
2017,10,00-0027685,E.Sanders,WR,DEN,9.434618476868827,19.7,1,2026-08-19T14:08:17.085216,A
2017,10,00-0027690,E.Decker,WR,TEN,7.780765621334629,3.9,1,2026-08-19T14:08:17.085216,A
2017,10,00-0027793,A.Brown,WR,PIT,18.793150959534955,7.7,1,2026-08-19T14:08:17.085216,A
2017,10,00-0027874,D.Thomas,WR,DEN,13.68130646819992,15.4,1,2026-08-19T14:08:17.085216,A
2017,10,00-0027891,G.Tate,WR,DET,10.239740402330881,21.7,1,2026-08-19T14:08:17.085216,A
2017,10,00-0027902,D.Bryant,WR,DAL,12.567154485260211,7.9,1,2026-08-19T14:08:17.085216,A
2017,10,00-0027942,A.Green,WR,CIN,11.97270924564668,22.5,1,2026-08-19T14:08:17.085216,A
2017,10,00-0027944,J.Jones,WR,ATL,15.46234874248087,11.7,1,2026-08-19T14:08:17.085216,A
2017,10,00-0028002,R.Cobb,WR,GB,9.197233426634552,9.0,1,2026-08-19T14:08:17.085216,A
2017,10,00-0028116,A.Robinson,WR,SF,6.231480671809375,2.2,1,2026-08-19T14:08:17.085216,A
2017,10,00-0028263,A.Holmes,WR,BUF,7.471396352798257,0.0,1,2026-08-19T14:08:17.085216,A
2017,10,00-0028411,D.Inman,WR,CHI,0.8730268231502718,14.8,1,2026-08-19T14:08:17.085216,A
2017,10,00-0028434,D.Baldwin,WR,SEA,15.574694418929553,14.5,1,2026-08-19T14:08:17.085216,A
2017,10,00-0028825,T.Pryor,WR,WAS,5.7352635154172695,0.0,1,2026-08-19T14:08:17.085216,A
2017,10,00-0029000,C.Beasley,WR,DAL,8.106560886870524,4.3,1,2026-08-19T14:08:17.085216,A
2017,10,00-0029159,J.Kearse,WR,NYJ,9.132126330520517,7.5,1,2026-08-19T14:08:17.085216,A
2017,10,00-0029269,T.Benjamin,WR,LAC,8.803598247950623,1.3,1,2026-08-19T14:08:17.085216,A
2017,10,00-0029293,M.Jones,WR,DET,15.877938378694024,3.2,1,2026-08-19T14:08:17.085216,A
2017,10,00-0029319,J.Bellamy,WR,CHI,3.433899733724088,13.7,1,2026-08-19T14:08:17.085216,A
2017,10,00-0029388,D.Thompson,WR,BUF,8.340757480285506,1.5,1,2026-08-19T14:08:17.085216,A
2017,10,00-0029394,B.Bersin,WR,CAR,1.8775083325703101,2.2,1,2026-08-19T14:08:17.085216,A
2017,10,00-0029572,J.Wright,WR,MIN,4.4907305942971085,7.7,1,2026-08-19T14:08:17.085216,A
2017,10,00-0029580,R.Matthews,WR,TEN,8.921463913218524,10.0,1,2026-08-19T14:08:17.085216,A
2017,10,00-0029608,T.Hilton,WR,IND,11.747204422318129,4.3,1,2026-08-19T14:08:17.085216,A
2017,10,00-0029632,M.Sanu,WR,ATL,12.164823339128247,5.9,1,2026-08-19T14:08:17.085216,A
2017,10,00-0029638,M.Floyd,WR,MIN,4.323055737355167,0.0,1,2026-08-19T14:08:17.085216,A
2017,10,00-0029708,K.Wright,WR,CHI,8.8341975608173,9.6,1,2026-08-19T14:08:17.085216,A
2017,10,00-0030035,A.Thielen,WR,MIN,13.281399803917564,30.6,1,2026-08-19T14:08:17.085216,A
2017,10,00-0030068,M.Goodwin,WR,SF,8.394299439468957,17.1,1,2026-08-19T14:08:17.085216,A
2017,10,00-0030085,K.Stills,WR,MIA,10.225046911612118,11.7,1,2026-08-19T14:08:17.085216,A
2017,10,00-0030091,T.King,WR,NYG,5.337190497234191,5.3,1,2026-08-19T14:08:17.085216,A
2017,10,00-0030147,R.Shepard,WR,CAR,4.675193479531257,7.0,1,2026-08-19T14:08:17.085216,A
2017,10,00-0030279,K.Allen,WR,LAC,11.765509140053588,9.4,1,2026-08-19T14:08:17.085216,A
2017,10,00-0030300,J.Brown,WR,ARI,6.52183502149385,3.3,1,2026-08-19T14:08:17.085216,A
2017,10,00-0030431,R.Woods,WR,LA,12.803776712537774,37.1,1,2026-08-19T14:08:17.085216,A
2017,10,00-0030460,M.Wheaton,WR,CHI,4.3335068795727025,0.0,1,2026-08-19T14:08:17.085216,A
2017,10,00-0030516,B.Butler,WR,DAL,4.624037304293027,4.0,1,2026-08-19T14:08:17.085216,A
2017,10,00-0030525,T.Austin,WR,LA,5.435392253116438,0.2,1,2026-08-19T14:08:17.085216,A
2017,10,00-0030542,T.Williams,WR,DAL,11.030650815702181,1.9,1,2026-08-19T14:08:17.085216,A
2017,10,00-0030564,D.Hopkins,WR,HOU,16.607489364769137,18.1,1,2026-08-19T14:08:17.085216,A
2017,10,00-0030663,W.Snead,WR,NO,3.723669980053737,0.0,1,2026-08-19T14:08:17.085216,A
2017,10,00-0030670,B.Fowler,WR,DEN,5.443128692901867,0.0,1,2026-08-19T14:08:17.085216,A
2017,10,00-0030737,F.Martino,WR,TB,1.3049276519107507,0.0,1,2026-08-19T14:08:17.085216,A
2017,10,00-0030801,B.Coleman,WR,NO,5.817097212916389,4.0,1,2026-08-19T14:08:17.085216,A
2017,10,00-0030821,A.Hurns,WR,JAX,9.965596759107838,14.0,1,2026-08-19T14:08:17.085216,A
2017,10,00-0031001,J.Janis,WR,GB,1.2563824632161174,0.0,1,2026-08-19T14:08:17.085216,A
2017,10,00-0031021,J.Abbrederis,WR,DET,0.6015955037944271,0.0,1,2026-08-19T14:08:17.085216,A
2017,10,00-0031051,J.Brown,WR,ARI,6.381495578337754,4.7,1,2026-08-19T14:08:17.085216,A
2017,10,00-0031068,R.Grant,WR,WAS,7.849100251149149,5.5,1,2026-08-19T14:08:17.085216,A
2017,10,00-0031189,T.Jones,WR,DET,5.77006301457933,1.2,1,2026-08-19T14:08:17.085216,A
2017,10,00-0031228,T.Gabriel,WR,ATL,6.987764090546505,10.3,1,2026-08-19T14:08:17.085216,A
2017,10,00-0031236,B.Cooks,WR,NE,12.912256733497001,13.4,1,2026-08-19T14:08:17.085216,A
2017,10,00-0031257,P.Richardson,WR,SEA,8.428727101796813,5.3,1,2026-08-19T14:08:17.085216,A
2017,10,00-0031315,M.Hazel,WR,IND,1.0156992327547463,0.0,1,2026-08-19T14:08:17.085216,A
2017,10,00-0031325,S.Watkins,WR,LA,9.734338021381063,12.1,1,2026-08-19T14:08:17.085216,A
2017,10,00-0031326,B.Ellington,WR,HOU,5.906953443288856,14.1,1,2026-08-19T14:08:17.085216,A
2017,10,00-0031339,D.Moncrief,WR,IND,6.260973312400803,13.0,1,2026-08-19T14:08:17.085216,A
2017,10,00-0031344,C.Latimer,WR,DEN,4.1833809336422005,5.8,1,2026-08-19T14:08:17.085216,A
2017,10,00-0031359,K.Benjamin,WR,BUF,10.638176056074052,7.2,1,2026-08-19T14:08:17.085216,A
2017,10,00-0031373,M.Bryant,WR,PIT,7.945324932190662,6.3,1,2026-08-19T14:08:17.085216,A
2017,10,00-0031381,D.Adams,WR,GB,12.735460014802676,20.0,1,2026-08-19T14:08:17.085216,A
2017,10,00-0031382,J.Landry,WR,MIA,12.987379010265391,15.2,1,2026-08-19T14:08:17.085216,A
2017,10,00-0031431,M.Lee,WR,JAX,9.807785944313856,17.5,1,2026-08-19T14:08:17.085216,A
2017,10,00-0031547,D.Parker,WR,MIA,10.241832320044454,12.6,1,2026-08-19T14:08:17.085216,A
2017,10,00-0031570,J.Hardy,WR,ATL,4.753515581906532,8.7,1,2026-08-19T14:08:17.085216,A
2017,10,00-0031588,S.Diggs,WR,MIN,13.688984209266263,17.8,1,2026-08-19T14:08:17.085216,A
2017,10,00-0031782,E.Rogers,WR,PIT,5.6761650158869354,1.2,1,2026-08-19T14:08:17.085216,A
2017,10,00-0031941,J.Crowder,WR,WAS,9.613149154441865,12.1,1,2026-08-19T14:08:17.085216,A
2017,10,00-0032009,A.Humphries,WR,TB,6.424685857249406,3.7,1,2026-08-19T14:08:17.085216,A
2017,10,00-0032112,J.Nelson,WR,ARI,5.835636978667506,2.7,1,2026-08-19T14:08:17.085216,A
2017,10,00-0032115,K.Clay,WR,CAR,1.2176466202981582,1.5,1,2026-08-19T14:08:17.085216,A
2017,10,00-0032123,T.McBride,WR,CHI,3.7614166067301524,0.0,1,2026-08-19T14:08:17.085216,A
2017,10,00-0032160,T.Williams,WR,LAC,8.445333944317605,6.9,1,2026-08-19T14:08:17.085216,A
2017,10,00-0032166,S.Coates,WR,CLE,3.1268949231795373,5.8,1,2026-08-19T14:08:17.085216,A
2017,10,00-0032200,T.Montgomery,WR,GB,5.661217598960674,14.8,1,2026-08-19T14:08:17.085216,A
2017,10,00-0032208,P.Dorsett,WR,NE,2.9648352339953585,3.6,1,2026-08-19T14:08:17.085216,A
2017,10,00-0032211,T.Lockett,WR,SEA,10.362323236029905,2.6,1,2026-08-19T14:08:17.085216,A
2017,10,00-0032355,C.Rogers,WR,IND,4.776488645897535,22.7,1,2026-08-19T14:08:17.085216,A
2017,10,00-0032362,M.Harris,WR,WAS,2.0194193660659927,13.0,1,2026-08-19T14:08:17.085216,A
2017,10,00-0032385,S.Shepard,WR,NYG,11.45749441130605,25.2,1,2026-08-19T14:08:17.085216,A
2017,10,00-0032423,T.Davis,WR,GB,2.605188068696692,0.0,1,2026-08-19T14:08:17.085216,A
2017,10,00-0032475,T.McEvoy,WR,SEA,2.769976783244737,0.0,1,2026-08-19T14:08:17.085216,A
2017,10,00-0032543,A.Erickson,WR,CIN,1.1728061906978653,2.0,1,2026-08-19T14:08:17.085216,A
2017,10,00-0032626,G.Allison,WR,GB,3.672511910594006,0.0,1,2026-08-19T14:08:17.085216,A
2017,10,00-0032659,Ro.Lewis,WR,NYG,4.912426158546532,12.3,1,2026-08-19T14:08:17.085216,A
2017,10,00-0032688,R.Chosen,WR,NYJ,9.478829076472387,18.5,1,2026-08-19T14:08:17.085216,A
2017,10,00-0032724,B.Treggs,WR,CLE,4.8155304762466375,0.0,1,2026-08-19T14:08:17.085216,A
2017,10,00-0032760,J.Doctson,WR,WAS,3.8014943388347393,7.0,1,2026-08-19T14:08:17.085216,A
2017,10,00-0032765,M.Thomas,WR,NO,16.526751658615254,20.7,1,2026-08-19T14:08:17.085216,A
2017,10,00-0032881,T.Lewis,WR,NO,3.404798320534187,0.0,1,2026-08-19T14:08:17.085216,A
2017,10,00-0032951,L.Treadwell,WR,MIN,5.343509824891241,0.0,1,2026-08-19T14:08:17.085216,A
2017,10,00-0032977,R.Higgins,WR,CLE,5.481629072435208,7.4,1,2026-08-19T14:08:17.085216,A
2017,10,00-0033006,J.Mickens,WR,JAX,0.8653556373874278,2.1,1,2026-08-19T14:08:17.085216,A
2017,10,00-0033069,B.Miller,WR,HOU,1.768250164135668,0.1,1,2026-08-19T14:08:17.085216,A
2017,10,00-0033079,R.Louis,WR,CLE,7.51468804455347,3.5,1,2026-08-19T14:08:17.085216,A
2017,10,00-0033094,M.Hall,WR,ATL,4.998512789407862,0.0,1,2026-08-19T14:08:17.085216,A
2017,10,00-0033111,P.Cooper,WR,LA,4.001636948631228,3.2,1,2026-08-19T14:08:17.085216,A
2017,10,00-0033127,W.Fuller,WR,HOU,13.36583101749873,3.5,1,2026-08-19T14:08:17.085216,A
2017,10,00-0033282,C.Samuel,WR,CAR,8.38491379985992,9.5,1,2026-08-19T14:08:17.085216,A
2017,10,00-0033306,V.Bolden,WR,SF,0.6637044581435443,0.0,1,2026-08-19T14:08:17.085216,A
2017,10,00-0033307,K.Bourne,WR,SF,4.416270941650325,7.2,1,2026-08-19T14:08:17.085216,A
2017,10,00-0033460,J.Ross,WR,CIN,3.125236467769972,0.0,1,2026-08-19T14:08:17.085216,A
2017,10,00-0033466,I.McKenzie,WR,DEN,3.3394195296329254,0.0,1,2026-08-19T14:08:17.085216,A
2017,10,00-0033536,M.Williams,WR,LAC,5.037023963033816,4.4,1,2026-08-19T14:08:17.085216,A
2017,10,00-0033562,R.Switzer,WR,DAL,2.1989977175887807,0.0,1,2026-08-19T14:08:17.085216,A
2017,10,00-0033591,N.Brown,WR,DAL,1.7880949465657863,0.0,1,2026-08-19T14:08:17.085216,A
2017,10,00-0033681,K.Cole,WR,JAX,4.985187486502879,9.1,1,2026-08-19T14:08:17.085216,A
2017,10,00-0033840,C.Hansen,WR,NYJ,0.968783962313299,6.3,1,2026-08-19T14:08:17.085216,A
2017,10,00-0033855,C.Thompson,WR,HOU,1.0883348851386172,0.0,1,2026-08-19T14:08:17.085216,A
2017,10,00-0033857,J.Smith-Schuster,WR,PIT,10.935489819686714,20.7,1,2026-08-19T14:08:17.085216,A
2017,10,00-0033859,J.Malone,WR,CIN,5.423479693337358,1.6,1,2026-08-19T14:08:17.085216,A
2017,10,00-0033871,C.Davis,WR,TEN,9.647249287768322,8.8,1,2026-08-19T14:08:17.085216,A
2017,10,00-0033911,T.Taylor,WR,TEN,5.885044477894546,5.8,1,2026-08-19T14:08:17.085216,A
2017,10,00-0033916,A.Stewart,WR,NYJ,0.0,1.4,1,2026-08-19T14:08:17.085216,A
2017,10,00-0033921,C.Godwin,WR,TB,4.422867486222663,11.8,1,2026-08-19T14:08:17.085216,A
2017,10,00-0033932,K.Golladay,WR,DET,9.587098770399123,8.4,1,2026-08-19T14:08:17.085216,A
2017,10,00-0033937,A.Darboh,WR,SEA,1.9737113686703207,1.3,1,2026-08-19T14:08:17.085216,A
2017,10,00-0033943,J.Reynolds,WR,LA,3.7175151433306763,0.0,1,2026-08-19T14:08:17.085216,A
2017,10,00-0021547,A.Gates,TE,LAC,5.3365262091079435,1.3,1,2026-08-19T14:08:17.085216,A
2017,10,00-0022127,J.Witten,TE,DAL,9.4861028011658,12.9,1,2026-08-19T14:08:17.085216,A
2017,10,00-0024221,V.Davis,TE,WAS,10.005021493847147,14.6,1,2026-08-19T14:08:17.085216,A
2017,10,00-0024243,M.Lewis,TE,JAX,6.444334990343611,4.9,1,2026-08-19T14:08:17.085216,A
2017,10,00-0024268,A.Fasano,TE,MIA,3.684551227185209,0.0,1,2026-08-19T14:08:17.085216,A
2017,10,00-0024389,De.Walker,TE,TEN,11.919482952041783,12.3,1,2026-08-19T14:08:17.085216,A
2017,10,00-0026201,M.Bennett,TE,NE,6.290058633323645,6.8,1,2026-08-19T14:08:17.085216,A
2017,10,00-0027215,L.Paulsen,TE,SF,0.6806855534439286,0.0,1,2026-08-19T14:08:17.085216,A
2017,10,00-0027656,R.Gronkowski,TE,NE,14.431760481836921,11.4,1,2026-08-19T14:08:17.085216,A
2017,10,00-0027675,E.Dickson,TE,CAR,8.072470776625266,12.3,1,2026-08-19T14:08:17.085216,A
2017,10,00-0027696,J.Graham,TE,SEA,10.893719812126514,20.7,1,2026-08-19T14:08:17.085216,A
2017,10,00-0027732,M.Hoomanawanui,TE,NO,2.892583588570259,1.4,1,2026-08-19T14:08:17.085216,A
2017,10,00-0027873,J.Gresham,TE,ARI,6.259956216904568,17.4,1,2026-08-19T14:08:17.085216,A
2017,10,00-0027981,K.Rudolph,TE,MIN,9.581292410054997,8.7,1,2026-08-19T14:08:17.085216,A
2017,10,00-0027985,L.Kendricks,TE,GB,3.072003872632089,1.9,1,2026-08-19T14:08:17.085216,A
2017,10,00-0028042,L.Stocker,TE,TB,2.3342137180316556,0.0,1,2026-08-19T14:08:17.085216,A
2017,10,00-0028067,J.Thomas,TE,MIA,7.223616817497398,8.8,1,2026-08-19T14:08:17.085216,A
2017,10,00-0028112,C.Clay,TE,BUF,8.868341710777356,3.3,1,2026-08-19T14:08:17.085216,A
2017,10,00-0028142,V.Green,TE,DEN,3.0525756043330405,0.0,1,2026-08-19T14:08:17.085216,A
2017,10,00-0028903,G.Celek,TE,SF,3.914487824623521,16.7,1,2026-08-19T14:08:17.085216,A
2017,10,00-0028987,P.Supernaw,TE,TEN,1.1211418207212946,0.0,1,2026-08-19T14:08:17.085216,A
2017,10,00-0029391,S.McGrath,TE,LAC,0.0821999883629525,0.0,1,2026-08-19T14:08:17.085216,A
2017,10,00-0029587,R.Ellison,TE,NYG,3.4645571650085834,0.0,1,2026-08-19T14:08:17.085216,A
2017,10,00-0029634,J.Hanna,TE,DAL,2.321645082044311,0.0,1,2026-08-19T14:08:17.085216,A
2017,10,00-0029689,D.Allen,TE,NE,1.3706053756251149,8.1,1,2026-08-19T14:08:17.085216,A
2017,10,00-0029697,C.Fleener,TE,NO,7.150457092415969,0.0,1,2026-08-19T14:08:17.085216,A
2017,10,00-0029738,D.Fells,TE,DET,5.151882110737912,0.0,1,2026-08-19T14:08:17.085216,A
2017,10,00-0029740,I.Momah,TE,ARI,0.1405616722834906,0.0,1,2026-08-19T14:08:17.085216,A
2017,10,00-0029793,B.Williams,TE,IND,0.9692623760380265,0.0,1,2026-08-19T14:08:17.085216,A
2017,10,00-0029878,M.Gray,TE,MIA,0.0,0.0,1,2026-08-19T14:08:17.085216,A
2017,10,00-0030089,L.Willson,TE,SEA,2.8483392450208442,0.0,1,2026-08-19T14:08:17.085216,A
2017,10,00-0030181,J.Doyle,TE,IND,12.17937542562351,2.9,1,2026-08-19T14:08:17.085216,A
2017,10,00-0030216,J.Hill,TE,NO,3.4778930298218786,-1.2,1,2026-08-19T14:08:17.085216,A
2017,10,00-0030443,L.Toilolo,TE,ATL,3.430063248502977,2.0,1,2026-08-19T14:08:17.085216,A
2017,10,00-0030470,V.McDonald,TE,PIT,4.923046393663394,9.6,1,2026-08-19T14:08:17.085216,A
2017,10,00-0030780,R.Hewitt,TE,CIN,1.3534734129577621,0.0,1,2026-08-19T14:08:17.085216,A
2017,10,00-0031035,X.Grimble,TE,PIT,0.873192007124335,0.0,1,2026-08-19T14:08:17.085216,A
2017,10,00-0031044,T.Niklas,TE,ARI,3.2162067441889857,0.0,1,2026-08-19T14:08:17.085216,A
2017,10,00-0031260,L.Thomas,TE,BUF,3.1876945155303216,0.0,1,2026-08-19T14:08:17.085216,A
2017,10,00-0031273,C.Brate,TE,TB,10.453843295850067,2.0,1,2026-08-19T14:08:17.085216,A
2017,10,00-0031299,J.Matthews,TE,BUF,7.979187715632067,2.4,1,2026-08-19T14:08:17.085216,A
2017,10,00-0031302,C.Fiedorowicz,TE,HOU,7.29704369588141,3.0,1,2026-08-19T14:08:17.085216,A
2017,10,00-0031384,R.Rodgers,TE,GB,2.016279268428455,1.8,1,2026-08-19T14:08:17.085216,A
2017,10,00-0031387,E.Ebron,TE,DET,9.548661219467263,11.9,1,2026-08-19T14:08:17.085216,A
2017,10,00-0031418,A.Seferian-Jenkins,TE,NYJ,6.711589091145723,12.7,1,2026-08-19T14:08:17.085216,A
2017,10,00-0031484,C.Manhertz,TE,CAR,0.8441461920667912,0.0,1,2026-08-19T14:08:17.085216,A
2017,10,00-0031533,R.Telfer,TE,CLE,0.5636289788326868,0.0,1,2026-08-19T14:08:17.085216,A
2017,10,00-0031609,A.Derby,TE,DEN,4.950951738478054,1.2,1,2026-08-19T14:08:17.085216,A
2017,10,00-0031690,E.Tomlinson,TE,NYJ,3.4447777718304358,0.0,1,2026-08-19T14:08:17.085216,A
2017,10,00-0031951,J.O'Shaughnessy,TE,JAX,2.110593398974773,0.0,1,2026-08-19T14:08:17.085216,A
2017,10,00-0032055,D.Funchess,TE,CAR,13.307943934152528,26.2,1,2026-08-19T14:08:17.085216,A
2017,10,00-0032062,B.Bell,TE,MIN,0.8975173784688968,0.0,1,2026-08-19T14:08:17.085216,A
2017,10,00-0032098,D.Brown,TE,CHI,3.6982086094780504,4.3,1,2026-08-19T14:08:17.085216,A
2017,10,00-0032117,N.O'Leary,TE,BUF,5.1596669378909565,7.7,1,2026-08-19T14:08:17.085216,A
2017,10,00-0032120,N.Sterling,TE,NYJ,1.3178336921310798,0.0,1,2026-08-19T14:08:17.085216,A
2017,10,00-0032134,C.Uzomah,TE,CIN,2.3715883882719773,0.0,1,2026-08-19T14:08:17.085216,A
2017,10,00-0032135,J.James,TE,PIT,5.239036716948862,0.0,1,2026-08-19T14:08:17.085216,A
2017,10,00-0032139,B.Koyack,TE,JAX,1.804223757391308,0.0,1,2026-08-19T14:08:17.085216,A
2017,10,00-0032214,T.Kroft,TE,CIN,8.000429483276973,1.4,1,2026-08-19T14:08:17.085216,A
2017,10,00-0032227,J.Heuerman,TE,DEN,3.5350707357045876,1.4,1,2026-08-19T14:08:17.085216,A
2017,10,00-0032392,A.Hooper,TE,ATL,7.5639381074028815,16.9,1,2026-08-19T14:08:17.085216,A
2017,10,00-0032394,N.Vannett,TE,SEA,2.181066428558416,4.2,1,2026-08-19T14:08:17.085216,A
2017,10,00-0032429,J.Adams,TE,NYG,1.4249502844969055,0.0,1,2026-08-19T14:08:17.085216,A
2017,10,00-0032430,D.Morgan,TE,MIN,2.3107710275614677,7.1,1,2026-08-19T14:08:17.085216,A
2017,10,00-0032725,S.Anderson,TE,HOU,3.974386551761081,5.0,1,2026-08-19T14:08:17.085216,A
2017,10,00-0033080,S.DeValve,TE,CLE,4.483497036629257,9.0,1,2026-08-19T14:08:17.085216,A
2017,10,00-0033090,H.Henry,TE,LAC,8.472988662800674,1.7,1,2026-08-19T14:08:17.085216,A
2017,10,00-0033110,T.Higbee,TE,LA,6.421448558527269,4.2,1,2026-08-19T14:08:17.085216,A
2017,10,00-0033246,J.Mundt,TE,LA,4.687589657765168,0.0,1,2026-08-19T14:08:17.085216,A
2017,10,00-0033258,D.Daniels,TE,IND,0.6635865222281111,0.0,1,2026-08-19T14:08:17.085216,A
2017,10,00-0033387,J.Hollister,TE,NE,1.347906021534683,0.0,1,2026-08-19T14:08:17.085216,A
2017,10,00-0033528,J.Sprinkle,TE,WAS,1.0129734259440761,0.0,1,2026-08-19T14:08:17.085216,A
2017,10,00-0033559,M.Roberts,TE,DET,1.1383568152232404,0.0,1,2026-08-19T14:08:17.085216,A
2017,10,00-0033658,B.Jarwin,TE,DAL,4.5477202060951685,0.0,1,2026-08-19T14:08:17.085216,A
2017,10,00-0033858,J.Smith,TE,TEN,4.179529886056466,4.0,1,2026-08-19T14:08:17.085216,A
2017,10,00-0033879,O.Howard,TE,TB,6.901739850475501,0.0,1,2026-08-19T14:08:17.085216,A
2017,10,00-0033881,E.Engram,TE,NYG,13.260904159767506,15.1,1,2026-08-19T14:08:17.085216,A
2017,10,00-0033885,D.Njoku,TE,CLE,9.136086164300364,1.3,1,2026-08-19T14:08:17.085216,A
2017,10,00-0033895,G.Everett,TE,LA,5.746940837730761,0.0,1,2026-08-19T14:08:17.085216,A
2017,10,00-0033896,A.Shaheen,TE,CHI,1.5104812223601087,5.9,1,2026-08-19T14:08:17.085216,A
2017,11,00-0025394,A.Peterson,RB,ARI,12.296454818551346,4.9,1,2026-08-19T14:08:17.085216,A
2017,11,00-0025399,M.Lynch,RB,LV,8.835199413363602,8.7,1,2026-08-19T14:08:17.085216,A
2017,11,00-0026019,D.Woodhead,RB,BAL,8.113629909439801,7.3,1,2026-08-19T14:08:17.085216,A
2017,11,00-0026213,J.Charles,RB,DEN,5.9113418587607915,0.7,1,2026-08-19T14:08:17.085216,A
2017,11,00-0027029,L.McCoy,RB,BUF,16.67868668152654,25.6,1,2026-08-19T14:08:17.085216,A
2017,11,00-0027325,L.Blount,RB,PHI,9.39644458527154,5.7,1,2026-08-19T14:08:17.085216,A
2017,11,00-0027531,C.Ivory,RB,JAX,8.984086932545596,0.6,1,2026-08-19T14:08:17.085216,A
2017,11,00-0027966,M.Ingram,RB,NO,14.916285878152301,24.5,1,2026-08-19T14:08:17.085216,A
2017,11,00-0027994,S.Vereen,RB,NYG,6.397669059191157,3.8,1,2026-08-19T14:08:17.085216,A
2017,11,00-0028009,D.Murray,RB,TEN,15.478195833011076,9.7,1,2026-08-19T14:08:17.085216,A
2017,11,00-0028074,A.Sherman,RB,KC,3.5178017151711454,2.1,1,2026-08-19T14:08:17.085216,A
2017,11,00-0028083,J.Rodgers,RB,TB,3.7025182273038095,0.3,1,2026-08-19T14:08:17.085216,A
2017,11,00-0028087,D.Lewis,RB,NE,10.249846884373484,18.8,1,2026-08-19T14:08:17.085216,A
2017,11,00-0029004,L.Dunbar,RB,LA,5.372277159914136,0.0,1,2026-08-19T14:08:17.085216,A
2017,11,00-0029141,A.Morris,RB,DAL,4.068491325169342,9.1,1,2026-08-19T14:08:17.085216,A
2017,11,00-0029205,T.Cadet,RB,BUF,2.5379592611709643,11.6,1,2026-08-19T14:08:17.085216,A
2017,11,00-0029613,D.Martin,RB,TB,10.556378200805806,6.4,1,2026-08-19T14:08:17.085216,A
2017,11,00-0029615,L.Miller,RB,HOU,12.40107943803213,18.3,1,2026-08-19T14:08:17.085216,A
2017,11,00-0029795,B.Cunningham,RB,CHI,5.464633413030917,2.8,1,2026-08-19T14:08:17.085216,A
2017,11,00-0029854,C.Anderson,RB,DEN,9.197998401088757,11.6,1,2026-08-19T14:08:17.085216,A
2017,11,00-0030107,T.Riddick,RB,DET,8.744180540957386,4.9,1,2026-08-19T14:08:17.085216,A
2017,11,00-0030117,K.Williams,RB,ARI,1.4489589030111814,2.8,1,2026-08-19T14:08:17.085216,A
2017,11,00-0030288,R.Burkhead,RB,NE,11.96973694656227,7.7,1,2026-08-19T14:08:17.085216,A
2017,11,00-0030404,C.Thompson,RB,WAS,10.796503736844523,10.3,1,2026-08-19T14:08:17.085216,A
2017,11,00-0030456,G.Bernard,RB,CIN,6.9015322272515025,1.4,1,2026-08-19T14:08:17.085216,A
2017,11,00-0030465,K.Barner,RB,PHI,3.357736640483568,9.6,1,2026-08-19T14:08:17.085216,A
2017,11,00-0030485,E.Lacy,RB,SEA,4.918080918652918,0.2,1,2026-08-19T14:08:17.085216,A
2017,11,00-0030496,L.Bell,RB,PIT,20.53407760476237,21.1,1,2026-08-19T14:08:17.085216,A
2017,11,00-0030513,L.Murray,RB,MIN,10.352639913782035,22.6,1,2026-08-19T14:08:17.085216,A
2017,11,00-0030578,C.Patterson,RB,LV,8.422243307869124,8.5,1,2026-08-19T14:08:17.085216,A
2017,11,00-0030656,I.Crowell,RB,CLE,11.578869870991896,1.8,1,2026-08-19T14:08:17.085216,A
2017,11,00-0030668,C.West,RB,KC,6.687685543417018,6.4,1,2026-08-19T14:08:17.085216,A
2017,11,00-0030860,O.Darkwa,RB,NYG,6.699876967742139,17.0,1,2026-08-19T14:08:17.085216,A
2017,11,00-0030874,D.Williams,RB,MIA,8.988372533430134,11.2,1,2026-08-19T14:08:17.085216,A
2017,11,00-0031055,A.Williams,RB,LAC,7.907014052179799,0.2,1,2026-08-19T14:08:17.085216,A
2017,11,00-0031062,J.White,RB,NE,9.904589599621534,1.3,1,2026-08-19T14:08:17.085216,A
2017,11,00-0031376,J.McKinnon,RB,MIN,13.057628583073571,11.0,1,2026-08-19T14:08:17.085216,A
2017,11,00-0031390,C.Sims,RB,TB,5.525628255144933,5.8,1,2026-08-19T14:08:17.085216,A
2017,11,00-0031577,J.Allen,RB,BAL,11.930756050061094,2.7,1,2026-08-19T14:08:17.085216,A
2017,11,00-0031590,J.Ajayi,RB,PHI,9.867729425312794,11.1,1,2026-08-19T14:08:17.085216,A
2017,11,00-0031665,Z.Zenner,RB,DET,3.3300255748940235,0.0,1,2026-08-19T14:08:17.085216,A
2017,11,00-0031682,T.Ward,RB,ATL,4.4653684193653875,5.2,1,2026-08-19T14:08:17.085216,A
2017,11,00-0031743,A.Hunt,RB,KC,1.1676622429313686,0.3,1,2026-08-19T14:08:17.085216,A
2017,11,00-0031900,R.Smith,RB,DAL,6.741841529680269,1.1,1,2026-08-19T14:08:17.085216,A
2017,11,00-0032058,T.Coleman,RB,ATL,12.302805994012664,12.8,1,2026-08-19T14:08:17.085216,A
2017,11,00-0032063,M.Davis,RB,SEA,4.262554385563086,7.9,1,2026-08-19T14:08:17.085216,A
2017,11,00-0032104,A.Abdullah,RB,DET,12.378081871550744,11.5,1,2026-08-19T14:08:17.085216,A
2017,11,00-0032144,M.Gordon,RB,LAC,17.961749654448454,14.0,1,2026-08-19T14:08:17.085216,A
2017,11,00-0032209,T.Yeldon,RB,JAX,13.841015235351525,3.0,1,2026-08-19T14:08:17.085216,A
2017,11,00-0032241,T.Gurley,RB,LA,18.889489777420895,14.6,1,2026-08-19T14:08:17.085216,A
2017,11,00-0032257,D.Johnson,RB,CLE,12.352162131205036,16.6,1,2026-08-19T14:08:17.085216,A
2017,11,00-0032426,A.Collins,RB,BAL,9.547066742249998,17.1,1,2026-08-19T14:08:17.085216,A
2017,11,00-0032577,D.Foster,RB,ARI,1.992772530044562,4.6,1,2026-08-19T14:08:17.085216,A
2017,11,00-0032602,J.McKissic,RB,SEA,8.882388886571448,10.3,1,2026-08-19T14:08:17.085216,A
2017,11,00-0032741,P.Barber,RB,TB,4.598579542790998,3.1,1,2026-08-19T14:08:17.085216,A
2017,11,00-0032780,J.Howard,RB,CHI,11.313875776024464,18.5,1,2026-08-19T14:08:17.085216,A
2017,11,00-0032813,E.Penny,RB,ARI,1.4427852232759466,0.0,1,2026-08-19T14:08:17.085216,A
2017,11,00-0032940,D.Washington,RB,LV,8.867332927632297,3.9,1,2026-08-19T14:08:17.085216,A
2017,11,00-0032964,B.Marshall,RB,WAS,3.5816551586450522,0.2,1,2026-08-19T14:08:17.085216,A
2017,11,00-0032972,D.Booker,RB,DEN,8.38746345608435,14.8,1,2026-08-19T14:08:17.085216,A
2017,11,00-0033025,J.Richard,RB,LV,8.323798905836226,4.8,1,2026-08-19T14:08:17.085216,A
2017,11,00-0033118,K.Drake,RB,MIA,9.854733815440847,2.4,1,2026-08-19T14:08:17.085216,A
2017,11,00-0033304,D.Mays,RB,GB,3.471023948397597,-2.1,1,2026-08-19T14:08:17.085216,A
2017,11,00-0033526,S.Perine,RB,WAS,6.9285815335309255,19.6,1,2026-08-19T14:08:17.085216,A
2017,11,00-0033553,J.Conner,RB,PIT,3.7716322560835684,1.2,1,2026-08-19T14:08:17.085216,A
2017,11,00-0033556,T.Cohen,RB,CHI,6.456452516153813,15.9,1,2026-08-19T14:08:17.085216,A
2017,11,00-0033596,M.Dayes,RB,CLE,1.055237022418002,1.5,1,2026-08-19T14:08:17.085216,A
2017,11,00-0033699,A.Ekeler,RB,LAC,10.905893632409336,13.8,1,2026-08-19T14:08:17.085216,A
2017,11,00-0033725,C.Clement,RB,PHI,8.746708472030834,11.0,1,2026-08-19T14:08:17.085216,A
2017,11,00-0033856,L.Fournette,RB,JAX,14.063623252078719,13.8,1,2026-08-19T14:08:17.085216,A
2017,11,00-0033897,J.Mixon,RB,CIN,11.305151743946185,6.9,1,2026-08-19T14:08:17.085216,A
2017,11,00-0033906,A.Kamara,RB,NO,15.384181977367868,23.6,1,2026-08-19T14:08:17.085216,A
2017,11,00-0033923,K.Hunt,RB,KC,16.354452958247123,10.7,1,2026-08-19T14:08:17.085216,A
2017,11,00-0033925,D.Foreman,RB,HOU,6.109094474375766,23.0,1,2026-08-19T14:08:17.085216,A
2017,11,00-0033948,J.Williams,RB,GB,7.607926235100611,13.5,1,2026-08-19T14:08:17.085216,A
2017,11,00-0033950,W.Gallman,RB,NYG,3.274260656088605,3.2,1,2026-08-19T14:08:17.085216,A
2017,11,00-0022921,L.Fitzgerald,WR,ARI,16.061025564091416,24.1,1,2026-08-19T14:08:17.085216,A
2017,11,00-0025396,T.Ginn,WR,NO,9.977954807379907,13.5,1,2026-08-19T14:08:17.085216,A
2017,11,00-0026035,D.Amendola,WR,NE,8.87948098635569,20.6,1,2026-08-19T14:08:17.085216,A
2017,11,00-0026176,J.Nelson,WR,GB,10.560649128231468,4.4,1,2026-08-19T14:08:17.085216,A
2017,11,00-0026189,D.Jackson,WR,TB,10.28832313261162,10.8,1,2026-08-19T14:08:17.085216,A
2017,11,00-0026901,M.Wallace,WR,BAL,8.984093490530125,15.6,1,2026-08-19T14:08:17.085216,A
2017,11,00-0026983,D.Heyward-Bey,WR,PIT,4.023664570933871,0.0,1,2026-08-19T14:08:17.085216,A
2017,11,00-0026986,M.Crabtree,WR,LV,12.482778650450472,11.1,1,2026-08-19T14:08:17.085216,A
2017,11,00-0026995,J.Maclin,WR,BAL,12.725416823889931,7.4,1,2026-08-19T14:08:17.085216,A
2017,11,00-0027006,K.Britt,WR,CLE,7.293215515516546,2.5,1,2026-08-19T14:08:17.085216,A
2017,11,00-0027057,B.Tate,WR,BUF,3.366526067639911,1.7,1,2026-08-19T14:08:17.085216,A
2017,11,00-0027681,B.LaFell,WR,CIN,8.568442673264798,6.7,1,2026-08-19T14:08:17.085216,A
2017,11,00-0027685,E.Sanders,WR,DEN,12.046825144463792,3.5,1,2026-08-19T14:08:17.085216,A
2017,11,00-0027690,E.Decker,WR,TEN,6.044181890455768,6.7,1,2026-08-19T14:08:17.085216,A
2017,11,00-0027793,A.Brown,WR,PIT,16.528373329979388,42.4,1,2026-08-19T14:08:17.085216,A
2017,11,00-0027874,D.Thomas,WR,DEN,13.719194916940758,17.4,1,2026-08-19T14:08:17.085216,A
2017,11,00-0027891,G.Tate,WR,DET,9.876958105565455,6.2,1,2026-08-19T14:08:17.085216,A
2017,11,00-0027902,D.Bryant,WR,DAL,13.132720744475323,14.3,1,2026-08-19T14:08:17.085216,A
2017,11,00-0027942,A.Green,WR,CIN,12.934641045755612,15.0,1,2026-08-19T14:08:17.085216,A
2017,11,00-0027944,J.Jones,WR,ATL,13.839510845688269,12.1,1,2026-08-19T14:08:17.085216,A
2017,11,00-0027996,T.Smith,WR,PHI,6.672431369700442,11.8,1,2026-08-19T14:08:17.085216,A
2017,11,00-0028002,R.Cobb,WR,GB,9.015969375901426,6.4,1,2026-08-19T14:08:17.085216,A
2017,11,00-0028263,A.Holmes,WR,BUF,6.118274917200432,1.7,1,2026-08-19T14:08:17.085216,A
2017,11,00-0028411,D.Inman,WR,CHI,4.939691647446757,7.3,1,2026-08-19T14:08:17.085216,A
2017,11,00-0028434,D.Baldwin,WR,SEA,13.238489625661535,12.0,1,2026-08-19T14:08:17.085216,A
2017,11,00-0029000,C.Beasley,WR,DAL,8.481793592200443,2.7,1,2026-08-19T14:08:17.085216,A
2017,11,00-0029137,A.Jeffery,WR,PHI,12.18863535503479,16.7,1,2026-08-19T14:08:17.085216,A
2017,11,00-0029269,T.Benjamin,WR,LAC,9.95433402567839,3.8,1,2026-08-19T14:08:17.085216,A
2017,11,00-0029293,M.Jones,WR,DET,12.26945359528996,18.5,1,2026-08-19T14:08:17.085216,A
2017,11,00-0029319,J.Bellamy,WR,CHI,5.509247204714602,0.0,1,2026-08-19T14:08:17.085216,A
2017,11,00-0029336,B.Golden,WR,ARI,2.689955950564911,0.0,1,2026-08-19T14:08:17.085216,A
2017,11,00-0029388,D.Thompson,WR,BUF,8.352312317783145,6.6,1,2026-08-19T14:08:17.085216,A
2017,11,00-0029572,J.Wright,WR,MIN,5.541335441918932,3.3,1,2026-08-19T14:08:17.085216,A
2017,11,00-0029580,R.Matthews,WR,TEN,8.870914726049469,22.3,1,2026-08-19T14:08:17.085216,A
2017,11,00-0029632,M.Sanu,WR,ATL,10.887621269517233,12.7,1,2026-08-19T14:08:17.085216,A
2017,11,00-0029638,M.Floyd,WR,MIN,3.324255956523624,3.6,1,2026-08-19T14:08:17.085216,A
2017,11,00-0029708,K.Wright,WR,CHI,8.145212989451727,4.5,1,2026-08-19T14:08:17.085216,A
2017,11,00-0030035,A.Thielen,WR,MIN,15.011624736198657,24.3,1,2026-08-19T14:08:17.085216,A
2017,11,00-0030085,K.Stills,WR,MIA,8.944304046423541,31.0,1,2026-08-19T14:08:17.085216,A
2017,11,00-0030091,T.King,WR,NYG,4.3895275308958,7.8,1,2026-08-19T14:08:17.085216,A
2017,11,00-0030279,K.Allen,WR,LAC,11.835655873168388,40.2,1,2026-08-19T14:08:17.085216,A
2017,11,00-0030300,J.Brown,WR,ARI,7.2476049341581525,3.2,1,2026-08-19T14:08:17.085216,A
2017,11,00-0030431,R.Woods,WR,LA,13.471290066417476,16.1,1,2026-08-19T14:08:17.085216,A
2017,11,00-0030460,M.Wheaton,WR,CHI,1.0880242857722116,0.0,1,2026-08-19T14:08:17.085216,A
2017,11,00-0030516,B.Butler,WR,DAL,5.257519510881884,3.9,1,2026-08-19T14:08:17.085216,A
2017,11,00-0030525,T.Austin,WR,LA,4.300753361721635,0.0,1,2026-08-19T14:08:17.085216,A
2017,11,00-0030542,T.Williams,WR,DAL,11.407311356196429,7.5,1,2026-08-19T14:08:17.085216,A
2017,11,00-0030564,D.Hopkins,WR,HOU,18.526071903835494,17.6,1,2026-08-19T14:08:17.085216,A
2017,11,00-0030663,W.Snead,WR,NO,3.5513669801580336,2.2,1,2026-08-19T14:08:17.085216,A
2017,11,00-0030670,B.Fowler,WR,DEN,3.7794777172682963,2.8,1,2026-08-19T14:08:17.085216,A
2017,11,00-0030737,F.Martino,WR,TB,2.6156994334613577,0.0,1,2026-08-19T14:08:17.085216,A
2017,11,00-0030801,B.Coleman,WR,NO,7.089372781157493,1.6,1,2026-08-19T14:08:17.085216,A
2017,11,00-0031025,M.Campanaro,WR,BAL,3.202062561562439,0.0,1,2026-08-19T14:08:17.085216,A
2017,11,00-0031051,J.Brown,WR,ARI,5.62891166685129,4.8,1,2026-08-19T14:08:17.085216,A
2017,11,00-0031060,D.Thomas,WR,KC,4.9064067061942005,3.1,1,2026-08-19T14:08:17.085216,A
2017,11,00-0031068,R.Grant,WR,WAS,5.146857574949752,14.9,1,2026-08-19T14:08:17.085216,A
2017,11,00-0031166,S.Roberts,WR,LV,6.558257090292198,6.6,1,2026-08-19T14:08:17.085216,A
2017,11,00-0031189,T.Jones,WR,DET,3.6483834473336536,9.5,1,2026-08-19T14:08:17.085216,A
2017,11,00-0031228,T.Gabriel,WR,ATL,7.0292569371817635,2.7,1,2026-08-19T14:08:17.085216,A
2017,11,00-0031236,B.Cooks,WR,NE,14.021270014457071,26.9,1,2026-08-19T14:08:17.085216,A
2017,11,00-0031257,P.Richardson,WR,SEA,8.352475117302102,10.6,1,2026-08-19T14:08:17.085216,A
2017,11,00-0031325,S.Watkins,WR,LA,9.676183080878786,6.6,1,2026-08-19T14:08:17.085216,A
2017,11,00-0031326,B.Ellington,WR,HOU,6.640705583923362,12.8,1,2026-08-19T14:08:17.085216,A
2017,11,00-0031344,C.Latimer,WR,DEN,3.8141582879789815,3.1,1,2026-08-19T14:08:17.085216,A
2017,11,00-0031359,K.Benjamin,WR,BUF,11.376409231668267,3.0,1,2026-08-19T14:08:17.085216,A
2017,11,00-0031373,M.Bryant,WR,PIT,7.4022514158563135,5.0,1,2026-08-19T14:08:17.085216,A
2017,11,00-0031381,D.Adams,WR,GB,12.931169450186488,20.6,1,2026-08-19T14:08:17.085216,A
2017,11,00-0031382,J.Landry,WR,MIA,13.567883854841716,19.5,1,2026-08-19T14:08:17.085216,A
2017,11,00-0031408,M.Evans,WR,TB,14.464224994918455,14.2,1,2026-08-19T14:08:17.085216,A
2017,11,00-0031431,M.Lee,WR,JAX,10.27897799991698,9.5,1,2026-08-19T14:08:17.085216,A
2017,11,00-0031544,A.Cooper,WR,LV,16.247809322014337,11.8,1,2026-08-19T14:08:17.085216,A
2017,11,00-0031547,D.Parker,WR,MIA,10.856935525240065,6.6,1,2026-08-19T14:08:17.085216,A
2017,11,00-0031549,N.Agholor,WR,PHI,10.621910993025233,0.8,1,2026-08-19T14:08:17.085216,A
2017,11,00-0031570,J.Hardy,WR,ATL,4.656154511380187,5.7,1,2026-08-19T14:08:17.085216,A
2017,11,00-0031588,S.Diggs,WR,MIN,13.426572245177406,7.2,1,2026-08-19T14:08:17.085216,A
2017,11,00-0031697,J.Taylor,WR,DEN,3.983267572362543,2.4,1,2026-08-19T14:08:17.085216,A
2017,11,00-0031782,E.Rogers,WR,PIT,5.16753769125925,0.0,1,2026-08-19T14:08:17.085216,A
2017,11,00-0031834,L.Pinkard,WR,JAX,2.178817859491182,0.0,1,2026-08-19T14:08:17.085216,A
2017,11,00-0031941,J.Crowder,WR,WAS,11.883574216360591,14.6,1,2026-08-19T14:08:17.085216,A
2017,11,00-0032009,A.Humphries,WR,TB,7.360617926489107,3.1,1,2026-08-19T14:08:17.085216,A
2017,11,00-0032112,J.Nelson,WR,ARI,7.213188608643213,2.4,1,2026-08-19T14:08:17.085216,A
2017,11,00-0032123,T.McBride,WR,CHI,1.7646651029589777,3.4,1,2026-08-19T14:08:17.085216,A
2017,11,00-0032160,T.Williams,WR,LAC,7.902366190200523,2.1,1,2026-08-19T14:08:17.085216,A
2017,11,00-0032208,P.Dorsett,WR,NE,4.9846623551543265,0.0,1,2026-08-19T14:08:17.085216,A
2017,11,00-0032211,T.Lockett,WR,SEA,9.23810893316139,7.7,1,2026-08-19T14:08:17.085216,A
2017,11,00-0032362,M.Harris,WR,WAS,5.064233705827615,0.0,1,2026-08-19T14:08:17.085216,A
2017,11,00-0032398,C.Moore,WR,BAL,5.990613187846238,0.0,1,2026-08-19T14:08:17.085216,A
2017,11,00-0032423,T.Davis,WR,GB,2.1319035374240394,0.0,1,2026-08-19T14:08:17.085216,A
2017,11,00-0032464,K.Raymond,WR,NYG,1.3938802369970897,2.1,1,2026-08-19T14:08:17.085216,A
2017,11,00-0032475,T.McEvoy,WR,SEA,2.293687067619799,0.0,1,2026-08-19T14:08:17.085216,A
2017,11,00-0032543,A.Erickson,WR,CIN,0.3905112031702944,12.2,1,2026-08-19T14:08:17.085216,A
2017,11,00-0032621,Rashawn Scott,WR,MIA,0.826495279829317,0.0,1,2026-08-19T14:08:17.085216,A
2017,11,00-0032626,G.Allison,WR,GB,2.786179889526527,0.0,1,2026-08-19T14:08:17.085216,A
2017,11,00-0032659,Ro.Lewis,WR,NYG,4.466666452822386,8.5,1,2026-08-19T14:08:17.085216,A
2017,11,00-0032760,J.Doctson,WR,WAS,3.8481007884940874,12.1,1,2026-08-19T14:08:17.085216,A
2017,11,00-0032765,M.Thomas,WR,NO,17.52052828382066,15.1,1,2026-08-19T14:08:17.085216,A
2017,11,00-0032775,D.Robinson,WR,KC,5.597323520909208,1.7,1,2026-08-19T14:08:17.085216,A
2017,11,00-0032795,C.Core,WR,CIN,1.3390219108230004,0.0,1,2026-08-19T14:08:17.085216,A
2017,11,00-0032881,T.Lewis,WR,NO,3.0662328793385774,0.0,1,2026-08-19T14:08:17.085216,A
2017,11,00-0032935,J.Holton,WR,LV,3.03227990625414,0.0,1,2026-08-19T14:08:17.085216,A
2017,11,00-0032951,L.Treadwell,WR,MIN,4.837533870539902,3.0,1,2026-08-19T14:08:17.085216,A
2017,11,00-0032966,C.Coleman,WR,CLE,8.743351203040763,14.0,1,2026-08-19T14:08:17.085216,A
2017,11,00-0032977,R.Higgins,WR,CLE,4.739137980461147,0.0,1,2026-08-19T14:08:17.085216,A
2017,11,00-0032980,M.Johnson,WR,PHI,2.3369148490847764,0.0,1,2026-08-19T14:08:17.085216,A
2017,11,00-0033006,J.Mickens,WR,JAX,1.1185606927573783,0.0,1,2026-08-19T14:08:17.085216,A
2017,11,00-0033009,T.Boyd,WR,CIN,4.34421763654338,1.5,1,2026-08-19T14:08:17.085216,A
2017,11,00-0033040,T.Hill,WR,KC,11.462603115495078,15.4,1,2026-08-19T14:08:17.085216,A
2017,11,00-0033069,B.Miller,WR,HOU,2.190006078427568,3.4,1,2026-08-19T14:08:17.085216,A
2017,11,00-0033079,R.Louis,WR,CLE,5.372657561812387,2.5,1,2026-08-19T14:08:17.085216,A
2017,11,00-0033094,M.Hall,WR,ATL,4.329189794235989,0.0,1,2026-08-19T14:08:17.085216,A
2017,11,00-0033111,P.Cooper,WR,LA,4.1581019888810795,0.0,1,2026-08-19T14:08:17.085216,A
2017,11,00-0033114,M.Thomas,WR,LA,4.797452005252248,2.2,1,2026-08-19T14:08:17.085216,A
2017,11,00-0033464,J.Chesson,WR,KC,2.575637744661811,0.0,1,2026-08-19T14:08:17.085216,A
2017,11,00-0033536,M.Williams,WR,LAC,6.188471324615632,8.8,1,2026-08-19T14:08:17.085216,A
2017,11,00-0033555,M.Hollins,WR,PHI,5.978942174069305,1.7,1,2026-08-19T14:08:17.085216,A
2017,11,00-0033562,R.Switzer,WR,DAL,1.7206840708814957,0.0,1,2026-08-19T14:08:17.085216,A
2017,11,00-0033572,J.Agnew,WR,DET,1.629197004273269,0.5,1,2026-08-19T14:08:17.085216,A
2017,11,00-0033591,N.Brown,WR,DAL,1.8417194294893453,2.4,1,2026-08-19T14:08:17.085216,A
2017,11,00-0033681,K.Cole,WR,JAX,4.85126809379224,5.4,1,2026-08-19T14:08:17.085216,A
2017,11,00-0033717,T.Rudolph,WR,NYG,0.654389394215633,6.4,1,2026-08-19T14:08:17.085216,A
2017,11,00-0033839,D.Westbrook,WR,JAX,1.8051511441182042,6.5,1,2026-08-19T14:08:17.085216,A
2017,11,00-0033857,J.Smith-Schuster,WR,PIT,11.607054841242078,8.7,1,2026-08-19T14:08:17.085216,A
2017,11,00-0033859,J.Malone,WR,CIN,5.022275181271014,0.0,1,2026-08-19T14:08:17.085216,A
2017,11,00-0033871,C.Davis,WR,TEN,9.20359160520101,5.7,1,2026-08-19T14:08:17.085216,A
2017,11,00-0033891,Z.Jones,WR,BUF,9.034959850315433,10.8,1,2026-08-19T14:08:17.085216,A
2017,11,00-0033911,T.Taylor,WR,TEN,5.203505008961824,0.0,1,2026-08-19T14:08:17.085216,A
2017,11,00-0033921,C.Godwin,WR,TB,8.659667864133867,5.8,1,2026-08-19T14:08:17.085216,A
2017,11,00-0033932,K.Golladay,WR,DET,7.66993778349315,7.2,1,2026-08-19T14:08:17.085216,A
2017,11,00-0033937,A.Darboh,WR,SEA,1.7014553498122391,0.0,1,2026-08-19T14:08:17.085216,A
2017,11,00-0033943,J.Reynolds,WR,LA,2.6246207197033415,0.0,1,2026-08-19T14:08:17.085216,A
2017,11,00-0021547,A.Gates,TE,LAC,5.8188895843805755,0.0,1,2026-08-19T14:08:17.085216,A
2017,11,00-0022127,J.Witten,TE,DAL,10.128595649066007,1.7,1,2026-08-19T14:08:17.085216,A
2017,11,00-0022943,B.Watson,TE,BAL,9.295673213272222,4.3,1,2026-08-19T14:08:17.085216,A
2017,11,00-0024221,V.Davis,TE,WAS,11.314065993660215,9.7,1,2026-08-19T14:08:17.085216,A
2017,11,00-0024243,M.Lewis,TE,JAX,7.964717937843483,10.6,1,2026-08-19T14:08:17.085216,A
2017,11,00-0024268,A.Fasano,TE,MIA,2.8731593434214693,0.0,1,2026-08-19T14:08:17.085216,A
2017,11,00-0024389,De.Walker,TE,TEN,12.190015418421014,15.2,1,2026-08-19T14:08:17.085216,A
2017,11,00-0025549,B.Celek,TE,PHI,5.204431414971388,3.8,1,2026-08-19T14:08:17.085216,A
2017,11,00-0026201,M.Bennett,TE,NE,5.68770575898548,4.5,1,2026-08-19T14:08:17.085216,A
2017,11,00-0027061,J.Cook,TE,LV,11.605918661144075,5.6,1,2026-08-19T14:08:17.085216,A
2017,11,00-0027321,J.Cumberland,TE,LAC,0.0,1.2,1,2026-08-19T14:08:17.085216,A
2017,11,00-0027656,R.Gronkowski,TE,NE,14.236015238090118,6.7,1,2026-08-19T14:08:17.085216,A
2017,11,00-0027696,J.Graham,TE,SEA,10.36883306311996,18.8,1,2026-08-19T14:08:17.085216,A
2017,11,00-0027732,M.Hoomanawanui,TE,NO,3.517506262308342,0.0,1,2026-08-19T14:08:17.085216,A
2017,11,00-0027873,J.Gresham,TE,ARI,8.02011607642345,2.0,1,2026-08-19T14:08:17.085216,A
2017,11,00-0027981,K.Rudolph,TE,MIN,9.320621236647952,10.8,1,2026-08-19T14:08:17.085216,A
2017,11,00-0027985,L.Kendricks,TE,GB,4.221653255800026,1.5,1,2026-08-19T14:08:17.085216,A
2017,11,00-0028067,J.Thomas,TE,MIA,7.785619684081432,7.0,1,2026-08-19T14:08:17.085216,A
2017,11,00-0028093,N.Paul,TE,WAS,0.9953546334839987,3.6,1,2026-08-19T14:08:17.085216,A
2017,11,00-0028097,L.Smith,TE,LV,2.2278765864227124,0.0,1,2026-08-19T14:08:17.085216,A
2017,11,00-0028112,C.Clay,TE,BUF,9.619677471586224,5.7,1,2026-08-19T14:08:17.085216,A
2017,11,00-0028142,V.Green,TE,DEN,3.1622289365025082,3.3,1,2026-08-19T14:08:17.085216,A
2017,11,00-0028987,P.Supernaw,TE,TEN,0.613429609789794,0.0,1,2026-08-19T14:08:17.085216,A
2017,11,00-0029391,S.McGrath,TE,LAC,0.45682198278386626,2.0,1,2026-08-19T14:08:17.085216,A
2017,11,00-0029587,R.Ellison,TE,NYG,1.8919992546174866,1.7,1,2026-08-19T14:08:17.085216,A
2017,11,00-0029634,J.Hanna,TE,DAL,1.7057092805473635,0.0,1,2026-08-19T14:08:17.085216,A
2017,11,00-0029689,D.Allen,TE,NE,2.427723700897339,4.4,1,2026-08-19T14:08:17.085216,A
2017,11,00-0029697,C.Fleener,TE,NO,6.554226849923696,14.1,1,2026-08-19T14:08:17.085216,A
2017,11,00-0029738,D.Fells,TE,DET,4.2253402018297725,1.9,1,2026-08-19T14:08:17.085216,A
2017,11,00-0029878,M.Gray,TE,MIA,0.0,0.0,1,2026-08-19T14:08:17.085216,A
2017,11,00-0030061,Z.Ertz,TE,PHI,10.805878934902486,2.8,1,2026-08-19T14:08:17.085216,A
2017,11,00-0030089,L.Willson,TE,SEA,2.0314234341998585,1.9,1,2026-08-19T14:08:17.085216,A
2017,11,00-0030155,D.Harris,TE,KC,3.060352823357455,0.0,1,2026-08-19T14:08:17.085216,A
2017,11,00-0030216,J.Hill,TE,NO,4.122803141383598,6.5,1,2026-08-19T14:08:17.085216,A
2017,11,00-0030443,L.Toilolo,TE,ATL,3.493280978328577,11.1,1,2026-08-19T14:08:17.085216,A
2017,11,00-0030506,T.Kelce,TE,KC,14.090599406535834,16.9,1,2026-08-19T14:08:17.085216,A
2017,11,00-0030710,T.Burton,TE,PHI,4.167189270833484,0.0,1,2026-08-19T14:08:17.085216,A
2017,11,00-0030780,R.Hewitt,TE,CIN,1.3034742027253285,0.0,1,2026-08-19T14:08:17.085216,A
2017,11,00-0031035,X.Grimble,TE,PIT,0.5571749516523634,0.0,1,2026-08-19T14:08:17.085216,A
2017,11,00-0031044,T.Niklas,TE,ARI,2.806375244317463,0.0,1,2026-08-19T14:08:17.085216,A
2017,11,00-0031273,C.Brate,TE,TB,8.535485537646045,2.2,1,2026-08-19T14:08:17.085216,A
2017,11,00-0031302,C.Fiedorowicz,TE,HOU,8.423975953167684,3.8,1,2026-08-19T14:08:17.085216,A
2017,11,00-0031384,R.Rodgers,TE,GB,2.4972144709644577,1.3,1,2026-08-19T14:08:17.085216,A
2017,11,00-0031387,E.Ebron,TE,DET,10.05160937095182,8.9,1,2026-08-19T14:08:17.085216,A
2017,11,00-0031533,R.Telfer,TE,CLE,0.21311628213858835,0.0,1,2026-08-19T14:08:17.085216,A
2017,11,00-0031558,M.Williams,TE,BAL,4.18712841432262,2.6,1,2026-08-19T14:08:17.085216,A
2017,11,00-0031598,N.Boyle,TE,BAL,5.169328025196262,1.2,1,2026-08-19T14:08:17.085216,A
2017,11,00-0031922,K.Lee,TE,BUF,0.018171581034043705,0.0,1,2026-08-19T14:08:17.085216,A
2017,11,00-0031951,J.O'Shaughnessy,TE,JAX,1.903993573298418,2.2,1,2026-08-19T14:08:17.085216,A
2017,11,00-0032062,B.Bell,TE,MIN,0.6688255322625728,0.0,1,2026-08-19T14:08:17.085216,A
2017,11,00-0032098,D.Brown,TE,CHI,3.09195211568698,4.3,1,2026-08-19T14:08:17.085216,A
2017,11,00-0032117,N.O'Leary,TE,BUF,3.628198471619606,1.8,1,2026-08-19T14:08:17.085216,A
2017,11,00-0032134,C.Uzomah,TE,CIN,1.4583457457482414,0.0,1,2026-08-19T14:08:17.085216,A
2017,11,00-0032135,J.James,TE,PIT,5.723419146283201,13.1,1,2026-08-19T14:08:17.085216,A
2017,11,00-0032139,B.Koyack,TE,JAX,1.8348168690343218,0.0,1,2026-08-19T14:08:17.085216,A
2017,11,00-0032141,G.Swaim,TE,DAL,1.6630834429919665,0.0,1,2026-08-19T14:08:17.085216,A
2017,11,00-0032214,T.Kroft,TE,CIN,8.137441168899313,9.2,1,2026-08-19T14:08:17.085216,A
2017,11,00-0032256,C.Walford,TE,LV,0.4413685409114094,1.4,1,2026-08-19T14:08:17.085216,A
2017,11,00-0032319,R.Travis,TE,KC,2.384367666991266,2.1,1,2026-08-19T14:08:17.085216,A
2017,11,00-0032392,A.Hooper,TE,ATL,8.837756889358273,1.9,1,2026-08-19T14:08:17.085216,A
2017,11,00-0032394,N.Vannett,TE,SEA,2.4103757033551148,0.0,1,2026-08-19T14:08:17.085216,A
2017,11,00-0032429,J.Adams,TE,NYG,0.525202237113166,1.6,1,2026-08-19T14:08:17.085216,A
2017,11,00-0032430,D.Morgan,TE,MIN,1.8603098178486497,1.5,1,2026-08-19T14:08:17.085216,A
2017,11,00-0032725,S.Anderson,TE,HOU,4.029170345204509,3.2,1,2026-08-19T14:08:17.085216,A
2017,11,00-0033043,A.Traylor,TE,DEN,2.8748537944778274,7.6,1,2026-08-19T14:08:17.085216,A
2017,11,00-0033080,S.DeValve,TE,CLE,4.976709787371765,1.5,1,2026-08-19T14:08:17.085216,A
2017,11,00-0033090,H.Henry,TE,LAC,8.107107048161707,4.5,1,2026-08-19T14:08:17.085216,A
2017,11,00-0033110,T.Higbee,TE,LA,6.079359424260752,1.5,1,2026-08-19T14:08:17.085216,A
2017,11,00-0033246,J.Mundt,TE,LA,0.9107283816276451,0.0,1,2026-08-19T14:08:17.085216,A
2017,11,00-0033387,J.Hollister,TE,NE,1.0679837905814316,0.0,1,2026-08-19T14:08:17.085216,A
2017,11,00-0033421,A.Auclair,TE,TB,1.393527099482435,0.0,1,2026-08-19T14:08:17.085216,A
2017,11,00-0033528,J.Sprinkle,TE,WAS,0.5390439149405795,7.7,1,2026-08-19T14:08:17.085216,A
2017,11,00-0033559,M.Roberts,TE,DET,0.3004638384370482,0.0,1,2026-08-19T14:08:17.085216,A
2017,11,00-0033576,E.Saubert,TE,ATL,0.6604108005156525,0.0,1,2026-08-19T14:08:17.085216,A
2017,11,00-0033611,R.Seals-Jones,TE,ARI,2.9019145162613,20.4,1,2026-08-19T14:08:17.085216,A
2017,11,00-0033858,J.Smith,TE,TEN,4.711517194106667,0.0,1,2026-08-19T14:08:17.085216,A
2017,11,00-0033879,O.Howard,TE,TB,5.519736774954703,14.2,1,2026-08-19T14:08:17.085216,A
2017,11,00-0033881,E.Engram,TE,NYG,12.166127035067094,1.9,1,2026-08-19T14:08:17.085216,A
2017,11,00-0033885,D.Njoku,TE,CLE,9.648015726428245,2.3,1,2026-08-19T14:08:17.085216,A
2017,11,00-0033895,G.Everett,TE,LA,4.820897914102304,1.8,1,2026-08-19T14:08:17.085216,A
2017,11,00-0033896,A.Shaheen,TE,CHI,2.9374776455293925,14.1,1,2026-08-19T14:08:17.085216,A
2017,12,00-0023500,F.Gore,RB,IND,11.502241696703225,15.9,1,2026-08-19T14:08:17.085216,A
2017,12,00-0025394,A.Peterson,RB,ARI,12.126789081322029,13.9,1,2026-08-19T14:08:17.085216,A
2017,12,00-0025399,M.Lynch,RB,LV,7.9185315461665695,20.0,1,2026-08-19T14:08:17.085216,A
2017,12,00-0026019,D.Woodhead,RB,BAL,7.386924714341933,8.5,1,2026-08-19T14:08:17.085216,A
2017,12,00-0026153,J.Stewart,RB,CAR,10.504276878370568,8.6,1,2026-08-19T14:08:17.085216,A
2017,12,00-0026184,M.Forte,RB,NYJ,9.816594098749356,2.6,1,2026-08-19T14:08:17.085216,A
2017,12,00-0026213,J.Charles,RB,DEN,4.3336689174652365,3.0,1,2026-08-19T14:08:17.085216,A
2017,12,00-0027029,L.McCoy,RB,BUF,13.553185738353507,11.9,1,2026-08-19T14:08:17.085216,A
2017,12,00-0027325,L.Blount,RB,PHI,10.024026092799268,7.7,1,2026-08-19T14:08:17.085216,A
2017,12,00-0027531,C.Ivory,RB,JAX,8.137564931462583,-2.6,1,2026-08-19T14:08:17.085216,A
2017,12,00-0027966,M.Ingram,RB,NO,13.725272821944204,5.6,1,2026-08-19T14:08:17.085216,A
2017,12,00-0027994,S.Vereen,RB,NYG,6.778166526340703,3.7,1,2026-08-19T14:08:17.085216,A
2017,12,00-0028009,D.Murray,RB,TEN,17.26199161910131,13.2,1,2026-08-19T14:08:17.085216,A
2017,12,00-0028064,B.Powell,RB,NYJ,8.657406677399846,5.6,1,2026-08-19T14:08:17.085216,A
2017,12,00-0028074,A.Sherman,RB,KC,3.469086470833892,1.4,1,2026-08-19T14:08:17.085216,A
2017,12,00-0028083,J.Rodgers,RB,TB,2.7353041327474124,4.7,1,2026-08-19T14:08:17.085216,A
2017,12,00-0028087,D.Lewis,RB,NE,13.297080071408335,12.3,1,2026-08-19T14:08:17.085216,A
2017,12,00-0029141,A.Morris,RB,DAL,7.380131523532896,5.9,1,2026-08-19T14:08:17.085216,A
2017,12,00-0029205,T.Cadet,RB,BUF,4.7979994321352235,7.9,1,2026-08-19T14:08:17.085216,A
2017,12,00-0029613,D.Martin,RB,TB,10.1005761714172,3.3,1,2026-08-19T14:08:17.085216,A
2017,12,00-0029615,L.Miller,RB,HOU,12.288249016539122,12.8,1,2026-08-19T14:08:17.085216,A
2017,12,00-0029731,F.Whittaker,RB,CAR,3.91624787366966,0.0,1,2026-08-19T14:08:17.085216,A
2017,12,00-0029795,B.Cunningham,RB,CHI,4.2277546875179475,1.8,1,2026-08-19T14:08:17.085216,A
2017,12,00-0029854,C.Anderson,RB,DEN,9.699199680182504,1.2,1,2026-08-19T14:08:17.085216,A
2017,12,00-0030107,T.Riddick,RB,DET,9.470286625331022,4.0,1,2026-08-19T14:08:17.085216,A
2017,12,00-0030117,K.Williams,RB,ARI,1.8535221511977449,2.8,1,2026-08-19T14:08:17.085216,A
2017,12,00-0030288,R.Burkhead,RB,NE,13.304504604977387,19.3,1,2026-08-19T14:08:17.085216,A
2017,12,00-0030456,G.Bernard,RB,CIN,7.981307169468136,3.7,1,2026-08-19T14:08:17.085216,A
2017,12,00-0030465,K.Barner,RB,PHI,5.292836165280195,0.0,1,2026-08-19T14:08:17.085216,A
2017,12,00-0030485,E.Lacy,RB,SEA,4.1943476054937205,9.1,1,2026-08-19T14:08:17.085216,A
2017,12,00-0030496,L.Bell,RB,PIT,21.275132193897882,28.3,1,2026-08-19T14:08:17.085216,A
2017,12,00-0030513,L.Murray,RB,MIN,11.029711460263263,14.4,1,2026-08-19T14:08:17.085216,A
2017,12,00-0030578,C.Patterson,RB,LV,3.8826326778038567,10.2,1,2026-08-19T14:08:17.085216,A
2017,12,00-0030656,I.Crowell,RB,CLE,11.220263191692165,11.5,1,2026-08-19T14:08:17.085216,A
2017,12,00-0030668,C.West,RB,KC,7.870406752918608,3.7,1,2026-08-19T14:08:17.085216,A
2017,12,00-0030711,D.Fluellen,RB,TEN,2.5994517946960785,0.0,1,2026-08-19T14:08:17.085216,A
2017,12,00-0030860,O.Darkwa,RB,NYG,9.450712200926631,4.9,1,2026-08-19T14:08:17.085216,A
2017,12,00-0030874,D.Williams,RB,MIA,9.091618420258653,8.2,1,2026-08-19T14:08:17.085216,A
2017,12,00-0031045,C.Hyde,RB,SF,17.186123966344667,13.8,1,2026-08-19T14:08:17.085216,A
2017,12,00-0031062,J.White,RB,NE,10.940673574182417,2.5,1,2026-08-19T14:08:17.085216,A
2017,12,00-0031075,A.Blue,RB,HOU,3.5903152965808243,4.6,1,2026-08-19T14:08:17.085216,A
2017,12,00-0031332,F.Toussaint,RB,PIT,4.702087844805623,0.0,1,2026-08-19T14:08:17.085216,A
2017,12,00-0031376,J.McKinnon,RB,MIN,14.622893764714348,6.4,1,2026-08-19T14:08:17.085216,A
2017,12,00-0031390,C.Sims,RB,TB,6.5882120353804785,5.9,1,2026-08-19T14:08:17.085216,A
2017,12,00-0031577,J.Allen,RB,BAL,7.764015072002756,8.7,1,2026-08-19T14:08:17.085216,A
2017,12,00-0031590,J.Ajayi,RB,PHI,9.515192820205426,4.3,1,2026-08-19T14:08:17.085216,A
2017,12,00-0031599,C.Artis-Payne,RB,CAR,5.969740795576583,0.0,1,2026-08-19T14:08:17.085216,A
2017,12,00-0031665,Z.Zenner,RB,DET,1.9021313316758168,0.6,1,2026-08-19T14:08:17.085216,A
2017,12,00-0031682,T.Ward,RB,ATL,4.751494745799792,2.2,1,2026-08-19T14:08:17.085216,A
2017,12,00-0031743,A.Hunt,RB,KC,2.0597449219267063,0.6,1,2026-08-19T14:08:17.085216,A
2017,12,00-0031897,T.Rawls,RB,SEA,7.597364477253388,0.0,1,2026-08-19T14:08:17.085216,A
2017,12,00-0031900,R.Smith,RB,DAL,6.792366142322665,12.8,1,2026-08-19T14:08:17.085216,A
2017,12,00-0032058,T.Coleman,RB,ATL,14.268261183307086,21.7,1,2026-08-19T14:08:17.085216,A
2017,12,00-0032104,A.Abdullah,RB,DET,10.939980150109704,7.3,1,2026-08-19T14:08:17.085216,A
2017,12,00-0032144,M.Gordon,RB,LAC,16.263334935867103,11.8,1,2026-08-19T14:08:17.085216,A
2017,12,00-0032209,T.Yeldon,RB,JAX,11.670411632538933,10.2,1,2026-08-19T14:08:17.085216,A
2017,12,00-0032241,T.Gurley,RB,LA,18.57214974760874,16.8,1,2026-08-19T14:08:17.085216,A
2017,12,00-0032257,D.Johnson,RB,CLE,12.146727153461512,10.7,1,2026-08-19T14:08:17.085216,A
2017,12,00-0032417,P.Perkins,RB,NYG,7.024929796325338,0.0,1,2026-08-19T14:08:17.085216,A
2017,12,00-0032426,A.Collins,RB,BAL,13.520907591684715,13.7,1,2026-08-19T14:08:17.085216,A
2017,12,00-0032577,D.Foster,RB,ARI,3.872710999234766,5.2,1,2026-08-19T14:08:17.085216,A
2017,12,00-0032602,J.McKissic,RB,SEA,11.772894489135883,8.6,1,2026-08-19T14:08:17.085216,A
2017,12,00-0032741,P.Barber,RB,TB,4.239758753201966,12.7,1,2026-08-19T14:08:17.085216,A
2017,12,00-0032780,J.Howard,RB,CHI,10.161723862494128,3.9,1,2026-08-19T14:08:17.085216,A
2017,12,00-0032813,E.Penny,RB,ARI,0.09057816213355424,0.0,1,2026-08-19T14:08:17.085216,A
2017,12,00-0032940,D.Washington,RB,LV,8.874260875542273,7.6,1,2026-08-19T14:08:17.085216,A
2017,12,00-0032964,B.Marshall,RB,WAS,3.787397951558259,4.0,1,2026-08-19T14:08:17.085216,A
2017,12,00-0032972,D.Booker,RB,DEN,10.92552502955516,5.3,1,2026-08-19T14:08:17.085216,A
2017,12,00-0033025,J.Richard,RB,LV,8.102872003142895,11.0,1,2026-08-19T14:08:17.085216,A
2017,12,00-0033118,K.Drake,RB,MIA,9.466217622635094,11.7,1,2026-08-19T14:08:17.085216,A
2017,12,00-0033295,E.McGuire,RB,NYJ,7.7358852612635856,4.4,1,2026-08-19T14:08:17.085216,A
2017,12,00-0033308,M.Breida,RB,SF,7.178805924691997,3.4,1,2026-08-19T14:08:17.085216,A
2017,12,00-0033526,S.Perine,RB,WAS,9.42437136753167,16.0,1,2026-08-19T14:08:17.085216,A
2017,12,00-0033553,J.Conner,RB,PIT,5.043865368785639,0.0,1,2026-08-19T14:08:17.085216,A
2017,12,00-0033556,T.Cohen,RB,CHI,8.387980580683157,1.7,1,2026-08-19T14:08:17.085216,A
2017,12,00-0033699,A.Ekeler,RB,LAC,9.329478662917424,10.0,1,2026-08-19T14:08:17.085216,A
2017,12,00-0033725,C.Clement,RB,PHI,9.004247252223209,4.9,1,2026-08-19T14:08:17.085216,A
2017,12,00-0033760,J.Davis,RB,LA,1.9014630501579972,0.0,1,2026-08-19T14:08:17.085216,A
2017,12,00-0033856,L.Fournette,RB,JAX,16.995060569971848,7.2,1,2026-08-19T14:08:17.085216,A
2017,12,00-0033897,J.Mixon,RB,CIN,13.165415826156806,25.5,1,2026-08-19T14:08:17.085216,A
2017,12,00-0033906,A.Kamara,RB,NO,17.068242489869057,36.8,1,2026-08-19T14:08:17.085216,A
2017,12,00-0033923,K.Hunt,RB,KC,17.63896388792941,3.6,1,2026-08-19T14:08:17.085216,A
2017,12,00-0033948,J.Williams,RB,GB,11.37689317589032,29.5,1,2026-08-19T14:08:17.085216,A
2017,12,00-0033950,W.Gallman,RB,NYG,5.189356039095719,6.3,1,2026-08-19T14:08:17.085216,A
2017,12,00-0033951,M.Mack,RB,IND,9.310424981170398,5.1,1,2026-08-19T14:08:17.085216,A
2017,12,00-0022921,L.Fitzgerald,WR,ARI,17.0805502598141,4.2,1,2026-08-19T14:08:17.085216,A
2017,12,00-0025396,T.Ginn,WR,NO,10.015738087538304,14.1,1,2026-08-19T14:08:17.085216,A
2017,12,00-0026035,D.Amendola,WR,NE,10.310442575537532,2.5,1,2026-08-19T14:08:17.085216,A
2017,12,00-0026176,J.Nelson,WR,GB,10.658849762851501,4.1,1,2026-08-19T14:08:17.085216,A
2017,12,00-0026189,D.Jackson,WR,TB,9.366572572940608,14.0,1,2026-08-19T14:08:17.085216,A
2017,12,00-0026224,H.Douglas,WR,TEN,4.410411226347206,1.8,1,2026-08-19T14:08:17.085216,A
2017,12,00-0026901,M.Wallace,WR,BAL,9.769641935135317,9.8,1,2026-08-19T14:08:17.085216,A
2017,12,00-0026983,D.Heyward-Bey,WR,PIT,4.383835671828636,0.0,1,2026-08-19T14:08:17.085216,A
2017,12,00-0026986,M.Crabtree,WR,LV,12.867251535854477,0.0,1,2026-08-19T14:08:17.085216,A
2017,12,00-0026995,J.Maclin,WR,BAL,12.389213426323753,1.6,1,2026-08-19T14:08:17.085216,A
2017,12,00-0027006,K.Britt,WR,CLE,7.353182480268041,7.2,1,2026-08-19T14:08:17.085216,A
2017,12,00-0027057,B.Tate,WR,BUF,5.431635463555922,0.0,1,2026-08-19T14:08:17.085216,A
2017,12,00-0027089,L.Murphy,WR,SF,3.783779737210943,9.4,1,2026-08-19T14:08:17.085216,A
2017,12,00-0027681,B.LaFell,WR,CIN,10.483653887359223,6.3,1,2026-08-19T14:08:17.085216,A
2017,12,00-0027685,E.Sanders,WR,DEN,11.528350380854015,4.2,1,2026-08-19T14:08:17.085216,A
2017,12,00-0027690,E.Decker,WR,TEN,7.873648693580233,5.3,1,2026-08-19T14:08:17.085216,A
2017,12,00-0027691,A.Roberts,WR,ATL,3.57615544909548,0.0,1,2026-08-19T14:08:17.085216,A
2017,12,00-0027793,A.Brown,WR,PIT,17.63939515248881,38.9,1,2026-08-19T14:08:17.085216,A
2017,12,00-0027874,D.Thomas,WR,DEN,14.292648664837193,6.8,1,2026-08-19T14:08:17.085216,A
2017,12,00-0027891,G.Tate,WR,DET,10.564280585032478,6.0,1,2026-08-19T14:08:17.085216,A
2017,12,00-0027902,D.Bryant,WR,DAL,14.75649087779049,6.7,1,2026-08-19T14:08:17.085216,A
2017,12,00-0027942,A.Green,WR,CIN,14.00858781994391,11.6,1,2026-08-19T14:08:17.085216,A
2017,12,00-0027944,J.Jones,WR,ATL,16.39835883795144,50.8,1,2026-08-19T14:08:17.085216,A
2017,12,00-0027996,T.Smith,WR,PHI,7.402252774430373,7.0,1,2026-08-19T14:08:17.085216,A
2017,12,00-0028002,R.Cobb,WR,GB,9.551151192675226,15.8,1,2026-08-19T14:08:17.085216,A
2017,12,00-0028116,A.Robinson,WR,SF,4.9594659789946025,1.8,1,2026-08-19T14:08:17.085216,A
2017,12,00-0028263,A.Holmes,WR,BUF,5.918638927899707,0.0,1,2026-08-19T14:08:17.085216,A
2017,12,00-0028411,D.Inman,WR,CHI,5.392172166243641,10.4,1,2026-08-19T14:08:17.085216,A
2017,12,00-0028434,D.Baldwin,WR,SEA,12.004533802103978,4.0,1,2026-08-19T14:08:17.085216,A
2017,12,00-0028497,K.Aiken,WR,IND,4.522286872245372,0.0,1,2026-08-19T14:08:17.085216,A
2017,12,00-0029000,C.Beasley,WR,DAL,7.6623270001642645,3.9,1,2026-08-19T14:08:17.085216,A
2017,12,00-0029137,A.Jeffery,WR,PHI,13.720408501777339,16.2,1,2026-08-19T14:08:17.085216,A
2017,12,00-0029159,J.Kearse,WR,NYJ,9.287789313880305,23.5,1,2026-08-19T14:08:17.085216,A
2017,12,00-0029269,T.Benjamin,WR,LAC,7.16913783764786,8.6,1,2026-08-19T14:08:17.085216,A
2017,12,00-0029293,M.Jones,WR,DET,13.500024709259602,28.9,1,2026-08-19T14:08:17.085216,A
2017,12,00-0029388,D.Thompson,WR,BUF,7.0161486786718426,1.6,1,2026-08-19T14:08:17.085216,A
2017,12,00-0029394,B.Bersin,WR,CAR,0.05703612054966323,0.0,1,2026-08-19T14:08:17.085216,A
2017,12,00-0029572,J.Wright,WR,MIN,5.0811685116592065,4.5,1,2026-08-19T14:08:17.085216,A
2017,12,00-0029608,T.Hilton,WR,IND,13.774981102029141,3.5,1,2026-08-19T14:08:17.085216,A
2017,12,00-0029632,M.Sanu,WR,ATL,10.416372342547078,20.4,1,2026-08-19T14:08:17.085216,A
2017,12,00-0029638,M.Floyd,WR,MIN,4.078286288080173,1.8,1,2026-08-19T14:08:17.085216,A
2017,12,00-0029708,K.Wright,WR,CHI,9.216776282027293,3.5,1,2026-08-19T14:08:17.085216,A
2017,12,00-0030035,A.Thielen,WR,MIN,14.619154654455288,16.9,1,2026-08-19T14:08:17.085216,A
2017,12,00-0030068,M.Goodwin,WR,SF,6.983720990499602,11.8,1,2026-08-19T14:08:17.085216,A
2017,12,00-0030085,K.Stills,WR,MIA,10.223976242913562,7.7,1,2026-08-19T14:08:17.085216,A
2017,12,00-0030091,T.King,WR,NYG,5.83504708024929,5.6,1,2026-08-19T14:08:17.085216,A
2017,12,00-0030147,R.Shepard,WR,CAR,5.47587682698606,0.0,1,2026-08-19T14:08:17.085216,A
2017,12,00-0030279,K.Allen,WR,LAC,14.650236142187941,34.2,1,2026-08-19T14:08:17.085216,A
2017,12,00-0030300,J.Brown,WR,ARI,5.407899903393621,12.2,1,2026-08-19T14:08:17.085216,A
2017,12,00-0030460,M.Wheaton,WR,CHI,2.067228182644149,0.0,1,2026-08-19T14:08:17.085216,A
2017,12,00-0030516,B.Butler,WR,DAL,5.3268336155484555,1.5,1,2026-08-19T14:08:17.085216,A
2017,12,00-0030521,J.Hunter,WR,PIT,4.570900765022247,0.0,1,2026-08-19T14:08:17.085216,A
2017,12,00-0030525,T.Austin,WR,LA,2.738549487760739,4.6,1,2026-08-19T14:08:17.085216,A
2017,12,00-0030542,T.Williams,WR,DAL,11.529907247028804,10.0,1,2026-08-19T14:08:17.085216,A
2017,12,00-0030564,D.Hopkins,WR,HOU,16.51486411645408,19.5,1,2026-08-19T14:08:17.085216,A
2017,12,00-0030663,W.Snead,WR,NO,2.9424757807813444,1.9,1,2026-08-19T14:08:17.085216,A
2017,12,00-0030669,A.Wilson,WR,KC,5.146863962548638,12.6,1,2026-08-19T14:08:17.085216,A
2017,12,00-0030670,B.Fowler,WR,DEN,4.369043013690747,12.3,1,2026-08-19T14:08:17.085216,A
2017,12,00-0030737,F.Martino,WR,TB,1.0930539898495735,0.0,1,2026-08-19T14:08:17.085216,A
2017,12,00-0030801,B.Coleman,WR,NO,6.903095144496891,0.0,1,2026-08-19T14:08:17.085216,A
2017,12,00-0031060,D.Thomas,WR,KC,5.793874924817366,0.0,1,2026-08-19T14:08:17.085216,A
2017,12,00-0031068,R.Grant,WR,WAS,6.211249825499925,1.3,1,2026-08-19T14:08:17.085216,A
2017,12,00-0031166,S.Roberts,WR,LV,7.575031430669215,4.6,1,2026-08-19T14:08:17.085216,A
2017,12,00-0031189,T.Jones,WR,DET,4.439424763373304,0.0,1,2026-08-19T14:08:17.085216,A
2017,12,00-0031228,T.Gabriel,WR,ATL,8.602850707822327,4.6,1,2026-08-19T14:08:17.085216,A
2017,12,00-0031236,B.Cooks,WR,NE,14.518211898639809,21.4,1,2026-08-19T14:08:17.085216,A
2017,12,00-0031257,P.Richardson,WR,SEA,8.819595718368614,11.0,1,2026-08-19T14:08:17.085216,A
2017,12,00-0031325,S.Watkins,WR,LA,9.636442596661135,18.2,1,2026-08-19T14:08:17.085216,A
2017,12,00-0031326,B.Ellington,WR,HOU,7.77978230031429,5.9,1,2026-08-19T14:08:17.085216,A
2017,12,00-0031339,D.Moncrief,WR,IND,7.029231229602285,2.6,1,2026-08-19T14:08:17.085216,A
2017,12,00-0031344,C.Latimer,WR,DEN,4.560262204098883,13.8,1,2026-08-19T14:08:17.085216,A
2017,12,00-0031373,M.Bryant,WR,PIT,7.887608985801474,14.1,1,2026-08-19T14:08:17.085216,A
2017,12,00-0031381,D.Adams,WR,GB,14.820926002492037,19.2,1,2026-08-19T14:08:17.085216,A
2017,12,00-0031382,J.Landry,WR,MIA,13.281616731878959,15.0,1,2026-08-19T14:08:17.085216,A
2017,12,00-0031408,M.Evans,WR,TB,14.260085375002015,13.8,1,2026-08-19T14:08:17.085216,A
2017,12,00-0031431,M.Lee,WR,JAX,12.233423294143824,2.3,1,2026-08-19T14:08:17.085216,A
2017,12,00-0031544,A.Cooper,WR,LV,13.141665714658933,7.9,1,2026-08-19T14:08:17.085216,A
2017,12,00-0031547,D.Parker,WR,MIA,11.361600700347175,1.5,1,2026-08-19T14:08:17.085216,A
2017,12,00-0031549,N.Agholor,WR,PHI,10.068985819902764,12.2,1,2026-08-19T14:08:17.085216,A
2017,12,00-0031570,J.Hardy,WR,ATL,7.04314178946611,0.0,1,2026-08-19T14:08:17.085216,A
2017,12,00-0031588,S.Diggs,WR,MIN,12.776591503084465,12.5,1,2026-08-19T14:08:17.085216,A
2017,12,00-0031697,J.Taylor,WR,DEN,2.7534331048189093,0.0,1,2026-08-19T14:08:17.085216,A
2017,12,00-0031782,E.Rogers,WR,PIT,4.9441489201124345,5.1,1,2026-08-19T14:08:17.085216,A
2017,12,00-0031941,J.Crowder,WR,WAS,12.715797947101251,27.1,1,2026-08-19T14:08:17.085216,A
2017,12,00-0032009,A.Humphries,WR,TB,6.724118426329023,7.8,1,2026-08-19T14:08:17.085216,A
2017,12,00-0032054,B.Perriman,WR,BAL,4.718364401513049,0.0,1,2026-08-19T14:08:17.085216,A
2017,12,00-0032112,J.Nelson,WR,ARI,6.156854804867889,2.4,1,2026-08-19T14:08:17.085216,A
2017,12,00-0032115,K.Clay,WR,CAR,1.1781097544195749,2.9,1,2026-08-19T14:08:17.085216,A
2017,12,00-0032123,T.McBride,WR,CHI,3.5785925929322344,4.0,1,2026-08-19T14:08:17.085216,A
2017,12,00-0032160,T.Williams,WR,LAC,7.89244530260295,13.8,1,2026-08-19T14:08:17.085216,A
2017,12,00-0032208,P.Dorsett,WR,NE,3.8794107663052024,4.9,1,2026-08-19T14:08:17.085216,A
2017,12,00-0032211,T.Lockett,WR,SEA,8.347656260609545,0.2,1,2026-08-19T14:08:17.085216,A
2017,12,00-0032355,C.Rogers,WR,IND,8.427805625886206,6.4,1,2026-08-19T14:08:17.085216,A
2017,12,00-0032362,M.Harris,WR,WAS,4.80501938652764,3.2,1,2026-08-19T14:08:17.085216,A
2017,12,00-0032398,C.Moore,WR,BAL,5.129802812191134,6.7,1,2026-08-19T14:08:17.085216,A
2017,12,00-0032423,T.Davis,WR,GB,2.256477591571424,0.4,1,2026-08-19T14:08:17.085216,A
2017,12,00-0032464,K.Raymond,WR,NYG,4.655256279391556,0.0,1,2026-08-19T14:08:17.085216,A
2017,12,00-0032475,T.McEvoy,WR,SEA,1.1780751390713982,5.1,1,2026-08-19T14:08:17.085216,A
2017,12,00-0032543,A.Erickson,WR,CIN,2.125559733528223,2.8,1,2026-08-19T14:08:17.085216,A
2017,12,00-0032626,G.Allison,WR,GB,2.1338495198722094,0.0,1,2026-08-19T14:08:17.085216,A
2017,12,00-0032659,Ro.Lewis,WR,NYG,5.417571917060502,5.6,1,2026-08-19T14:08:17.085216,A
2017,12,00-0032688,R.Chosen,WR,NYJ,9.46998627289614,32.6,1,2026-08-19T14:08:17.085216,A
2017,12,00-0032724,B.Treggs,WR,CLE,3.204231331681341,0.0,1,2026-08-19T14:08:17.085216,A
2017,12,00-0032760,J.Doctson,WR,WAS,5.435622098495052,10.8,1,2026-08-19T14:08:17.085216,A
2017,12,00-0032765,M.Thomas,WR,NO,16.828718537804672,10.2,1,2026-08-19T14:08:17.085216,A
2017,12,00-0032775,D.Robinson,WR,KC,5.304716855212667,4.4,1,2026-08-19T14:08:17.085216,A
2017,12,00-0032791,J.Grant,WR,MIA,1.8589508580802152,0.0,1,2026-08-19T14:08:17.085216,A
2017,12,00-0032881,T.Lewis,WR,NO,2.45215171610856,0.0,1,2026-08-19T14:08:17.085216,A
2017,12,00-0032935,J.Holton,WR,LV,1.446789568821126,7.3,1,2026-08-19T14:08:17.085216,A
2017,12,00-0032951,L.Treadwell,WR,MIN,4.462667046027843,0.0,1,2026-08-19T14:08:17.085216,A
2017,12,00-0032966,C.Coleman,WR,CLE,10.939046142333325,9.4,1,2026-08-19T14:08:17.085216,A
2017,12,00-0032977,R.Higgins,WR,CLE,5.616781840049581,5.0,1,2026-08-19T14:08:17.085216,A
2017,12,00-0033006,J.Mickens,WR,JAX,2.0109386324671434,0.0,1,2026-08-19T14:08:17.085216,A
2017,12,00-0033009,T.Boyd,WR,CIN,5.62722106461727,9.7,1,2026-08-19T14:08:17.085216,A
2017,12,00-0033040,T.Hill,WR,KC,12.705820069515243,12.4,1,2026-08-19T14:08:17.085216,A
2017,12,00-0033060,L.Carroo,WR,MIA,4.496393273203018,0.0,1,2026-08-19T14:08:17.085216,A
2017,12,00-0033069,B.Miller,WR,HOU,2.585053443802504,9.3,1,2026-08-19T14:08:17.085216,A
2017,12,00-0033079,R.Louis,WR,CLE,5.503201783371626,0.0,1,2026-08-19T14:08:17.085216,A
2017,12,00-0033111,P.Cooper,WR,LA,3.9485730571529136,1.9,1,2026-08-19T14:08:17.085216,A
2017,12,00-0033114,M.Thomas,WR,LA,3.189564345649318,0.0,1,2026-08-19T14:08:17.085216,A
2017,12,00-0033266,J.Natson,WR,NYJ,4.49931988553843,0.9,1,2026-08-19T14:08:17.085216,A
2017,12,00-0033292,T.Taylor,WR,SF,4.107195910521675,5.5,1,2026-08-19T14:08:17.085216,A
2017,12,00-0033307,K.Bourne,WR,SF,5.215566349053114,4.2,1,2026-08-19T14:08:17.085216,A
2017,12,00-0033464,J.Chesson,WR,KC,2.4311508584267454,0.0,1,2026-08-19T14:08:17.085216,A
2017,12,00-0033536,M.Williams,WR,LAC,6.900084380974339,0.0,1,2026-08-19T14:08:17.085216,A
2017,12,00-0033555,M.Hollins,WR,PHI,5.047620901737764,3.2,1,2026-08-19T14:08:17.085216,A
2017,12,00-0033562,R.Switzer,WR,DAL,0.8236713895720902,-0.4,1,2026-08-19T14:08:17.085216,A
2017,12,00-0033573,S.Gibson,WR,PHI,2.9386311628766224,0.0,1,2026-08-19T14:08:17.085216,A
2017,12,00-0033591,N.Brown,WR,DAL,2.166129806337697,0.0,1,2026-08-19T14:08:17.085216,A
2017,12,00-0033681,K.Cole,WR,JAX,5.855569801016227,5.0,1,2026-08-19T14:08:17.085216,A
2017,12,00-0033717,T.Rudolph,WR,NYG,2.983345822530458,0.0,1,2026-08-19T14:08:17.085216,A
2017,12,00-0033839,D.Westbrook,WR,JAX,4.452683418650323,10.1,1,2026-08-19T14:08:17.085216,A
2017,12,00-0033840,C.Hansen,WR,NYJ,2.61307290985306,0.0,1,2026-08-19T14:08:17.085216,A
2017,12,00-0033855,C.Thompson,WR,HOU,0.39601801488798066,0.0,1,2026-08-19T14:08:17.085216,A
2017,12,00-0033859,J.Malone,WR,CIN,3.8168894477841433,0.0,1,2026-08-19T14:08:17.085216,A
2017,12,00-0033871,C.Davis,WR,TEN,10.570699060608353,7.9,1,2026-08-19T14:08:17.085216,A
2017,12,00-0033891,Z.Jones,WR,BUF,9.00394945809662,12.3,1,2026-08-19T14:08:17.085216,A
2017,12,00-0033911,T.Taylor,WR,TEN,5.312183820949202,1.8,1,2026-08-19T14:08:17.085216,A
2017,12,00-0033916,A.Stewart,WR,NYJ,0.25330083611283394,0.0,1,2026-08-19T14:08:17.085216,A
2017,12,00-0033921,C.Godwin,WR,TB,7.624254264108153,2.7,1,2026-08-19T14:08:17.085216,A
2017,12,00-0033932,K.Golladay,WR,DET,9.13661438938447,8.1,1,2026-08-19T14:08:17.085216,A
2017,12,00-0033933,C.Williams,WR,ARI,3.505303715847245,1.8,1,2026-08-19T14:08:17.085216,A
2017,12,00-0033937,A.Darboh,WR,SEA,1.0727195349053285,0.0,1,2026-08-19T14:08:17.085216,A
2017,12,00-0033943,J.Reynolds,WR,LA,2.8321168845819473,13.7,1,2026-08-19T14:08:17.085216,A
2017,12,00-0021547,A.Gates,TE,LAC,5.235216444012633,0.0,1,2026-08-19T14:08:17.085216,A
2017,12,00-0022127,J.Witten,TE,DAL,8.64911970489683,11.4,1,2026-08-19T14:08:17.085216,A
2017,12,00-0022943,B.Watson,TE,BAL,8.563613072465165,5.9,1,2026-08-19T14:08:17.085216,A
2017,12,00-0024221,V.Davis,TE,WAS,12.808568217146226,0.0,1,2026-08-19T14:08:17.085216,A
2017,12,00-0024243,M.Lewis,TE,JAX,7.286786241183792,2.0,1,2026-08-19T14:08:17.085216,A
2017,12,00-0024268,A.Fasano,TE,MIA,2.583562217621986,0.0,1,2026-08-19T14:08:17.085216,A
2017,12,00-0024389,De.Walker,TE,TEN,12.177855954410791,16.3,1,2026-08-19T14:08:17.085216,A
2017,12,00-0025418,G.Olsen,TE,CAR,6.653555324635566,2.0,1,2026-08-19T14:08:17.085216,A
2017,12,00-0025549,B.Celek,TE,PHI,5.192842327923529,0.0,1,2026-08-19T14:08:17.085216,A
2017,12,00-0027061,J.Cook,TE,LV,10.29827423206176,1.2,1,2026-08-19T14:08:17.085216,A
2017,12,00-0027215,L.Paulsen,TE,SF,0.1753913698649121,0.0,1,2026-08-19T14:08:17.085216,A
2017,12,00-0027321,J.Cumberland,TE,LAC,2.060852687990445,0.0,1,2026-08-19T14:08:17.085216,A
2017,12,00-0027656,R.Gronkowski,TE,NE,13.033900802797994,25.2,1,2026-08-19T14:08:17.085216,A
2017,12,00-0027675,E.Dickson,TE,CAR,6.423984954482257,2.5,1,2026-08-19T14:08:17.085216,A
2017,12,00-0027696,J.Graham,TE,SEA,11.507448296381197,12.4,1,2026-08-19T14:08:17.085216,A
2017,12,00-0027732,M.Hoomanawanui,TE,NO,2.0498604593902225,0.0,1,2026-08-19T14:08:17.085216,A
2017,12,00-0027873,J.Gresham,TE,ARI,7.204121840365662,3.3,1,2026-08-19T14:08:17.085216,A
2017,12,00-0027981,K.Rudolph,TE,MIN,8.94539342895421,22.3,1,2026-08-19T14:08:17.085216,A
2017,12,00-0027985,L.Kendricks,TE,GB,4.917308326356003,0.0,1,2026-08-19T14:08:17.085216,A
2017,12,00-0028067,J.Thomas,TE,MIA,8.081056741040435,10.2,1,2026-08-19T14:08:17.085216,A
2017,12,00-0028093,N.Paul,TE,WAS,3.2008751831216915,4.6,1,2026-08-19T14:08:17.085216,A
2017,12,00-0028097,L.Smith,TE,LV,1.9969878777219578,2.2,1,2026-08-19T14:08:17.085216,A
2017,12,00-0028112,C.Clay,TE,BUF,6.992661287318864,10.0,1,2026-08-19T14:08:17.085216,A
2017,12,00-0028142,V.Green,TE,DEN,3.6264248939605332,2.6,1,2026-08-19T14:08:17.085216,A
2017,12,00-0028903,G.Celek,TE,SF,7.305502294595277,2.7,1,2026-08-19T14:08:17.085216,A
2017,12,00-0028987,P.Supernaw,TE,TEN,0.3484388731570966,0.0,1,2026-08-19T14:08:17.085216,A
2017,12,00-0029119,D.Carrier,TE,LA,1.5859578434263635,0.0,1,2026-08-19T14:08:17.085216,A
2017,12,00-0029391,S.McGrath,TE,LAC,0.6408986688493935,0.0,1,2026-08-19T14:08:17.085216,A
2017,12,00-0029587,R.Ellison,TE,NYG,3.7284985137905133,1.9,1,2026-08-19T14:08:17.085216,A
2017,12,00-0029634,J.Hanna,TE,DAL,3.0707077424578793,0.0,1,2026-08-19T14:08:17.085216,A
2017,12,00-0029689,D.Allen,TE,NE,4.207562692699733,1.2,1,2026-08-19T14:08:17.085216,A
2017,12,00-0029697,C.Fleener,TE,NO,8.17448101300673,1.8,1,2026-08-19T14:08:17.085216,A
2017,12,00-0029738,D.Fells,TE,DET,3.131122945805333,0.0,1,2026-08-19T14:08:17.085216,A
2017,12,00-0029793,B.Williams,TE,IND,0.6364762940601556,0.0,1,2026-08-19T14:08:17.085216,A
2017,12,00-0029878,M.Gray,TE,MIA,0.21437633602171302,0.0,1,2026-08-19T14:08:17.085216,A
2017,12,00-0030061,Z.Ertz,TE,PHI,12.139035332738903,26.3,1,2026-08-19T14:08:17.085216,A
2017,12,00-0030089,L.Willson,TE,SEA,1.9749708935122319,0.0,1,2026-08-19T14:08:17.085216,A
2017,12,00-0030155,D.Harris,TE,KC,2.075940310960072,5.3,1,2026-08-19T14:08:17.085216,A
2017,12,00-0030181,J.Doyle,TE,IND,12.117793669344614,16.4,1,2026-08-19T14:08:17.085216,A
2017,12,00-0030216,J.Hill,TE,NO,2.364312710173075,0.0,1,2026-08-19T14:08:17.085216,A
2017,12,00-0030422,D.Sims,TE,CHI,5.799681797679152,0.7,1,2026-08-19T14:08:17.085216,A
2017,12,00-0030443,L.Toilolo,TE,ATL,4.305545959774989,0.0,1,2026-08-19T14:08:17.085216,A
2017,12,00-0030506,T.Kelce,TE,KC,16.78930440353016,6.9,1,2026-08-19T14:08:17.085216,A
2017,12,00-0030780,R.Hewitt,TE,CIN,1.7617220446110595,0.0,1,2026-08-19T14:08:17.085216,A
2017,12,00-0031035,X.Grimble,TE,PIT,0.31084302831534333,7.1,1,2026-08-19T14:08:17.085216,A
2017,12,00-0031044,T.Niklas,TE,ARI,2.3549262057484692,4.2,1,2026-08-19T14:08:17.085216,A
2017,12,00-0031273,C.Brate,TE,TB,7.615781307831122,1.6,1,2026-08-19T14:08:17.085216,A
2017,12,00-0031299,J.Matthews,TE,BUF,6.968741158254401,3.5,1,2026-08-19T14:08:17.085216,A
2017,12,00-0031302,C.Fiedorowicz,TE,HOU,6.503359060049898,7.7,1,2026-08-19T14:08:17.085216,A
2017,12,00-0031384,R.Rodgers,TE,GB,2.6286444962360522,3.5,1,2026-08-19T14:08:17.085216,A
2017,12,00-0031387,E.Ebron,TE,DET,8.493458113437036,7.4,1,2026-08-19T14:08:17.085216,A
2017,12,00-0031418,A.Seferian-Jenkins,TE,NYJ,8.079700855422344,4.7,1,2026-08-19T14:08:17.085216,A
2017,12,00-0031484,C.Manhertz,TE,CAR,0.2632233775796111,0.0,1,2026-08-19T14:08:17.085216,A
2017,12,00-0031533,R.Telfer,TE,CLE,0.5415835588707242,0.0,1,2026-08-19T14:08:17.085216,A
2017,12,00-0031558,M.Williams,TE,BAL,4.173719155153448,2.2,1,2026-08-19T14:08:17.085216,A
2017,12,00-0031598,N.Boyle,TE,BAL,4.866087328728376,1.9,1,2026-08-19T14:08:17.085216,A
2017,12,00-0031690,E.Tomlinson,TE,NYJ,1.575412663397444,0.0,1,2026-08-19T14:08:17.085216,A
2017,12,00-0031922,K.Lee,TE,BUF,0.07875677948259252,0.0,1,2026-08-19T14:08:17.085216,A
2017,12,00-0031951,J.O'Shaughnessy,TE,JAX,2.3168552122937234,1.7,1,2026-08-19T14:08:17.085216,A
2017,12,00-0032055,D.Funchess,TE,CAR,12.400235502843145,17.8,1,2026-08-19T14:08:17.085216,A
2017,12,00-0032062,B.Bell,TE,MIN,0.724845175379494,0.0,1,2026-08-19T14:08:17.085216,A
2017,12,00-0032098,D.Brown,TE,CHI,3.524554081565399,4.0,1,2026-08-19T14:08:17.085216,A
2017,12,00-0032117,N.O'Leary,TE,BUF,3.8670345829810477,3.8,1,2026-08-19T14:08:17.085216,A
2017,12,00-0032134,C.Uzomah,TE,CIN,2.4042780477932446,0.0,1,2026-08-19T14:08:17.085216,A
2017,12,00-0032135,J.James,TE,PIT,8.033987656807305,6.2,1,2026-08-19T14:08:17.085216,A
2017,12,00-0032139,B.Koyack,TE,JAX,1.448435400067138,0.0,1,2026-08-19T14:08:17.085216,A
2017,12,00-0032141,G.Swaim,TE,DAL,1.5772226108258343,0.0,1,2026-08-19T14:08:17.085216,A
2017,12,00-0032214,T.Kroft,TE,CIN,7.725385168454538,10.4,1,2026-08-19T14:08:17.085216,A
2017,12,00-0032256,C.Walford,TE,LV,0.9138490027870063,0.0,1,2026-08-19T14:08:17.085216,A
2017,12,00-0032319,R.Travis,TE,KC,2.7753558078570446,0.0,1,2026-08-19T14:08:17.085216,A
2017,12,00-0032392,A.Hooper,TE,ATL,8.275337974617536,6.8,1,2026-08-19T14:08:17.085216,A
2017,12,00-0032394,N.Vannett,TE,SEA,1.198602210529629,10.9,1,2026-08-19T14:08:17.085216,A
2017,12,00-0032429,J.Adams,TE,NYG,1.5370142145158345,0.0,1,2026-08-19T14:08:17.085216,A
2017,12,00-0032725,S.Anderson,TE,HOU,3.58853194669524,0.0,1,2026-08-19T14:08:17.085216,A
2017,12,00-0033043,A.Traylor,TE,DEN,3.3963892824626387,4.4,1,2026-08-19T14:08:17.085216,A
2017,12,00-0033080,S.DeValve,TE,CLE,5.128619541998225,5.3,1,2026-08-19T14:08:17.085216,A
2017,12,00-0033090,H.Henry,TE,LAC,7.141597857955982,18.6,1,2026-08-19T14:08:17.085216,A
2017,12,00-0033110,T.Higbee,TE,LA,6.3402177981892125,7.8,1,2026-08-19T14:08:17.085216,A
2017,12,00-0033288,G.Kittle,TE,SF,5.868075154195706,2.4,1,2026-08-19T14:08:17.085216,A
2017,12,00-0033387,J.Hollister,TE,NE,1.8610124867855957,0.0,1,2026-08-19T14:08:17.085216,A
2017,12,00-0033421,A.Auclair,TE,TB,1.2512168880644718,0.0,1,2026-08-19T14:08:17.085216,A
2017,12,00-0033528,J.Sprinkle,TE,WAS,1.9473622456494768,0.0,1,2026-08-19T14:08:17.085216,A
2017,12,00-0033559,M.Roberts,TE,DET,0.0016207832366399444,0.0,1,2026-08-19T14:08:17.085216,A
2017,12,00-0033576,E.Saubert,TE,ATL,1.1784211451206852,0.0,1,2026-08-19T14:08:17.085216,A
2017,12,00-0033611,R.Seals-Jones,TE,ARI,6.725281868398133,17.2,1,2026-08-19T14:08:17.085216,A
2017,12,00-0033858,J.Smith,TE,TEN,3.8004277972633718,0.0,1,2026-08-19T14:08:17.085216,A
2017,12,00-0033879,O.Howard,TE,TB,6.697090237282371,8.2,1,2026-08-19T14:08:17.085216,A
2017,12,00-0033881,E.Engram,TE,NYG,10.971611082399257,4.8,1,2026-08-19T14:08:17.085216,A
2017,12,00-0033885,D.Njoku,TE,CLE,6.922941828765669,8.7,1,2026-08-19T14:08:17.085216,A
2017,12,00-0033895,G.Everett,TE,LA,5.592985294142139,1.9,1,2026-08-19T14:08:17.085216,A
2017,12,00-0033896,A.Shaheen,TE,CHI,5.099823013028112,1.1,1,2026-08-19T14:08:17.085216,A
2017,13,00-0023500,F.Gore,RB,IND,11.848402887162957,6.1,1,2026-08-19T14:08:17.085216,A
2017,13,00-0025399,M.Lynch,RB,LV,14.198510484486581,20.1,1,2026-08-19T14:08:17.085216,A
2017,13,00-0026019,D.Woodhead,RB,BAL,8.881300216469983,4.3,1,2026-08-19T14:08:17.085216,A
2017,13,00-0026153,J.Stewart,RB,CAR,10.736186551315262,10.5,1,2026-08-19T14:08:17.085216,A
2017,13,00-0026184,M.Forte,RB,NYJ,9.42568415730959,18.1,1,2026-08-19T14:08:17.085216,A
2017,13,00-0026213,J.Charles,RB,DEN,4.830668806561726,10.1,1,2026-08-19T14:08:17.085216,A
2017,13,00-0027029,L.McCoy,RB,BUF,15.373277457388012,12.2,1,2026-08-19T14:08:17.085216,A
2017,13,00-0027325,L.Blount,RB,PHI,8.24006195223718,2.6,1,2026-08-19T14:08:17.085216,A
2017,13,00-0027531,C.Ivory,RB,JAX,4.974737015982467,2.5,1,2026-08-19T14:08:17.085216,A
2017,13,00-0027966,M.Ingram,RB,NO,15.128969697166475,24.2,1,2026-08-19T14:08:17.085216,A
2017,13,00-0027994,S.Vereen,RB,NYG,6.006916753931794,4.0,1,2026-08-19T14:08:17.085216,A
2017,13,00-0028009,D.Murray,RB,TEN,16.43435911539274,9.9,1,2026-08-19T14:08:17.085216,A
2017,13,00-0028064,B.Powell,RB,NYJ,7.999303744210567,13.0,1,2026-08-19T14:08:17.085216,A
2017,13,00-0028083,J.Rodgers,RB,TB,5.641281888564003,2.5,1,2026-08-19T14:08:17.085216,A
2017,13,00-0028087,D.Lewis,RB,NE,12.005247007058616,9.2,1,2026-08-19T14:08:17.085216,A
2017,13,00-0029141,A.Morris,RB,DAL,8.14257536802959,18.7,1,2026-08-19T14:08:17.085216,A
2017,13,00-0029205,T.Cadet,RB,BUF,6.03715266230237,7.1,1,2026-08-19T14:08:17.085216,A
2017,13,00-0029615,L.Miller,RB,HOU,12.815363319629522,13.4,1,2026-08-19T14:08:17.085216,A
2017,13,00-0029731,F.Whittaker,RB,CAR,2.6719068626398323,0.0,1,2026-08-19T14:08:17.085216,A
2017,13,00-0029795,B.Cunningham,RB,CHI,6.163001123724537,0.0,1,2026-08-19T14:08:17.085216,A
2017,13,00-0029854,C.Anderson,RB,DEN,8.95003607846399,15.0,1,2026-08-19T14:08:17.085216,A
2017,13,00-0030107,T.Riddick,RB,DET,8.839138281760853,17.2,1,2026-08-19T14:08:17.085216,A
2017,13,00-0030117,K.Williams,RB,ARI,2.372922300335596,9.7,1,2026-08-19T14:08:17.085216,A
2017,13,00-0030287,A.Ellington,RB,HOU,7.241056858466416,10.2,1,2026-08-19T14:08:17.085216,A
2017,13,00-0030288,R.Burkhead,RB,NE,11.695534088617524,25.3,1,2026-08-19T14:08:17.085216,A
2017,13,00-0030456,G.Bernard,RB,CIN,5.667878314830379,11.6,1,2026-08-19T14:08:17.085216,A
2017,13,00-0030465,K.Barner,RB,PHI,3.8979628787410863,0.0,1,2026-08-19T14:08:17.085216,A
2017,13,00-0030485,E.Lacy,RB,SEA,6.680127819298984,0.3,1,2026-08-19T14:08:17.085216,A
2017,13,00-0030496,L.Bell,RB,PIT,21.79960734775681,29.2,1,2026-08-19T14:08:17.085216,A
2017,13,00-0030513,L.Murray,RB,MIN,11.570643499027314,12.7,1,2026-08-19T14:08:17.085216,A
2017,13,00-0030578,C.Patterson,RB,LV,6.471476063981109,13.8,1,2026-08-19T14:08:17.085216,A
2017,13,00-0030656,I.Crowell,RB,CLE,10.818183921105897,5.4,1,2026-08-19T14:08:17.085216,A
2017,13,00-0030860,O.Darkwa,RB,NYG,7.914944820766747,10.1,1,2026-08-19T14:08:17.085216,A
2017,13,00-0031045,C.Hyde,RB,SF,20.43027113240838,9.6,1,2026-08-19T14:08:17.085216,A
2017,13,00-0031062,J.White,RB,NE,9.178949663057201,9.0,1,2026-08-19T14:08:17.085216,A
2017,13,00-0031075,A.Blue,RB,HOU,5.134575773579406,1.9,1,2026-08-19T14:08:17.085216,A
2017,13,00-0031209,S.Perry,RB,MIA,0.0,2.2,1,2026-08-19T14:08:17.085216,A
2017,13,00-0031285,D.Freeman,RB,ATL,8.861711534816802,9.1,1,2026-08-19T14:08:17.085216,A
2017,13,00-0031376,J.McKinnon,RB,MIN,11.680436270228048,16.2,1,2026-08-19T14:08:17.085216,A
2017,13,00-0031390,C.Sims,RB,TB,7.610515032429728,7.1,1,2026-08-19T14:08:17.085216,A
2017,13,00-0031577,J.Allen,RB,BAL,6.979973475310706,3.6,1,2026-08-19T14:08:17.085216,A
2017,13,00-0031590,J.Ajayi,RB,PHI,7.879503206305166,7.6,1,2026-08-19T14:08:17.085216,A
2017,13,00-0031665,Z.Zenner,RB,DET,1.9221152249534748,0.4,1,2026-08-19T14:08:17.085216,A
2017,13,00-0031743,A.Hunt,RB,KC,1.4124829066019788,3.2,1,2026-08-19T14:08:17.085216,A
2017,13,00-0031897,T.Rawls,RB,SEA,2.9916562445626895,0.4,1,2026-08-19T14:08:17.085216,A
2017,13,00-0031900,R.Smith,RB,DAL,7.176921950130988,8.7,1,2026-08-19T14:08:17.085216,A
2017,13,00-0032058,T.Coleman,RB,ATL,13.602098959317095,7.9,1,2026-08-19T14:08:17.085216,A
2017,13,00-0032063,M.Davis,RB,SEA,5.808002974816803,14.1,1,2026-08-19T14:08:17.085216,A
2017,13,00-0032144,M.Gordon,RB,LAC,18.02186648212775,14.6,1,2026-08-19T14:08:17.085216,A
2017,13,00-0032209,T.Yeldon,RB,JAX,12.504983445184196,4.5,1,2026-08-19T14:08:17.085216,A
2017,13,00-0032241,T.Gurley,RB,LA,19.20602493402059,21.8,1,2026-08-19T14:08:17.085216,A
2017,13,00-0032257,D.Johnson,RB,CLE,12.221511024648287,3.2,1,2026-08-19T14:08:17.085216,A
2017,13,00-0032377,J.Ferguson,RB,IND,2.3773787366089656,4.6,1,2026-08-19T14:08:17.085216,A
2017,13,00-0032417,P.Perkins,RB,NYG,3.9591068448805196,1.2,1,2026-08-19T14:08:17.085216,A
2017,13,00-0032426,A.Collins,RB,BAL,9.870751938261224,23.8,1,2026-08-19T14:08:17.085216,A
2017,13,00-0032577,D.Foster,RB,ARI,4.776023692979774,4.5,1,2026-08-19T14:08:17.085216,A
2017,13,00-0032602,J.McKissic,RB,SEA,10.373228879406485,8.4,1,2026-08-19T14:08:17.085216,A
2017,13,00-0032741,P.Barber,RB,TB,3.640939249295532,18.3,1,2026-08-19T14:08:17.085216,A
2017,13,00-0032780,J.Howard,RB,CHI,10.74046324280749,4.3,1,2026-08-19T14:08:17.085216,A
2017,13,00-0032813,E.Penny,RB,ARI,1.241136280486015,6.4,1,2026-08-19T14:08:17.085216,A
2017,13,00-0032940,D.Washington,RB,LV,8.407984032076708,7.6,1,2026-08-19T14:08:17.085216,A
2017,13,00-0032964,B.Marshall,RB,WAS,4.450471142702513,8.6,1,2026-08-19T14:08:17.085216,A
2017,13,00-0032972,D.Booker,RB,DEN,9.376053312906775,1.8,1,2026-08-19T14:08:17.085216,A
2017,13,00-0033025,J.Richard,RB,LV,7.646098950707008,1.9,1,2026-08-19T14:08:17.085216,A
2017,13,00-0033118,K.Drake,RB,MIA,9.244740802723854,23.1,1,2026-08-19T14:08:17.085216,A
2017,13,00-0033293,A.Jones,RB,GB,8.343373909160611,8.0,1,2026-08-19T14:08:17.085216,A
2017,13,00-0033295,E.McGuire,RB,NYJ,7.38798768123303,2.0,1,2026-08-19T14:08:17.085216,A
2017,13,00-0033296,A.Armah,RB,CAR,1.6307277633135904,0.0,1,2026-08-19T14:08:17.085216,A
2017,13,00-0033308,M.Breida,RB,SF,5.62886239645497,5.9,1,2026-08-19T14:08:17.085216,A
2017,13,00-0033526,S.Perine,RB,WAS,13.55399973534233,9.9,1,2026-08-19T14:08:17.085216,A
2017,13,00-0033553,J.Conner,RB,PIT,2.9410235163099334,1.2,1,2026-08-19T14:08:17.085216,A
2017,13,00-0033556,T.Cohen,RB,CHI,8.789260717663097,8.4,1,2026-08-19T14:08:17.085216,A
2017,13,00-0033699,A.Ekeler,RB,LAC,11.19783163163202,6.0,1,2026-08-19T14:08:17.085216,A
2017,13,00-0033725,C.Clement,RB,PHI,6.672843191788514,6.7,1,2026-08-19T14:08:17.085216,A
2017,13,00-0033748,Ti.Green,RB,DET,3.11518661122965,11.1,1,2026-08-19T14:08:17.085216,A
2017,13,00-0033856,L.Fournette,RB,JAX,15.63485041881967,16.9,1,2026-08-19T14:08:17.085216,A
2017,13,00-0033897,J.Mixon,RB,CIN,12.908251366712618,5.2,1,2026-08-19T14:08:17.085216,A
2017,13,00-0033906,A.Kamara,RB,NO,16.38599453654352,29.6,1,2026-08-19T14:08:17.085216,A
2017,13,00-0033923,K.Hunt,RB,KC,14.676477675749616,9.3,1,2026-08-19T14:08:17.085216,A
2017,13,00-0033948,J.Williams,RB,GB,15.417682478148969,20.3,1,2026-08-19T14:08:17.085216,A
2017,13,00-0033950,W.Gallman,RB,NYG,5.72369310498719,2.9,1,2026-08-19T14:08:17.085216,A
2017,13,00-0033951,M.Mack,RB,IND,6.277333954532563,6.4,1,2026-08-19T14:08:17.085216,A
2017,13,00-0022921,L.Fitzgerald,WR,ARI,16.724798268409337,25.8,1,2026-08-19T14:08:17.085216,A
2017,13,00-0025396,T.Ginn,WR,NO,11.55632618620826,5.3,1,2026-08-19T14:08:17.085216,A
2017,13,00-0026035,D.Amendola,WR,NE,11.173830342149573,5.4,1,2026-08-19T14:08:17.085216,A
2017,13,00-0026176,J.Nelson,WR,GB,10.85505161139836,6.7,1,2026-08-19T14:08:17.085216,A
2017,13,00-0026189,D.Jackson,WR,TB,9.832470563803474,4.4,1,2026-08-19T14:08:17.085216,A
2017,13,00-0026224,H.Douglas,WR,TEN,5.646515837706526,0.0,1,2026-08-19T14:08:17.085216,A
2017,13,00-0026901,M.Wallace,WR,BAL,12.0607654661447,16.6,1,2026-08-19T14:08:17.085216,A
2017,13,00-0026983,D.Heyward-Bey,WR,PIT,2.6603044147762036,0.0,1,2026-08-19T14:08:17.085216,A
2017,13,00-0026995,J.Maclin,WR,BAL,11.300511644758569,8.1,1,2026-08-19T14:08:17.085216,A
2017,13,00-0027006,K.Britt,WR,CLE,7.407750682258111,3.0,1,2026-08-19T14:08:17.085216,A
2017,13,00-0027089,L.Murphy,WR,SF,5.232728764585437,2.6,1,2026-08-19T14:08:17.085216,A
2017,13,00-0027681,B.LaFell,WR,CIN,10.488364525707361,9.5,1,2026-08-19T14:08:17.085216,A
2017,13,00-0027685,E.Sanders,WR,DEN,12.045790681846174,3.1,1,2026-08-19T14:08:17.085216,A
2017,13,00-0027690,E.Decker,WR,TEN,9.024617829713698,5.7,1,2026-08-19T14:08:17.085216,A
2017,13,00-0027793,A.Brown,WR,PIT,17.037025975622445,24.1,1,2026-08-19T14:08:17.085216,A
2017,13,00-0027874,D.Thomas,WR,DEN,12.902605077466594,4.7,1,2026-08-19T14:08:17.085216,A
2017,13,00-0027891,G.Tate,WR,DET,9.507336829465068,14.9,1,2026-08-19T14:08:17.085216,A
2017,13,00-0027902,D.Bryant,WR,DAL,13.07405988500241,17.1,1,2026-08-19T14:08:17.085216,A
2017,13,00-0027942,A.Green,WR,CIN,14.612165124908728,26.7,1,2026-08-19T14:08:17.085216,A
2017,13,00-0027944,J.Jones,WR,ATL,18.27803939684649,4.4,1,2026-08-19T14:08:17.085216,A
2017,13,00-0027996,T.Smith,WR,PHI,8.234912298594987,7.9,1,2026-08-19T14:08:17.085216,A
2017,13,00-0028002,R.Cobb,WR,GB,10.490716069349105,0.0,1,2026-08-19T14:08:17.085216,A
2017,13,00-0028116,A.Robinson,WR,SF,4.903510867229261,0.0,1,2026-08-19T14:08:17.085216,A
2017,13,00-0028263,A.Holmes,WR,BUF,3.777698801958465,0.0,1,2026-08-19T14:08:17.085216,A
2017,13,00-0028411,D.Inman,WR,CHI,9.073081822307405,10.1,1,2026-08-19T14:08:17.085216,A
2017,13,00-0028434,D.Baldwin,WR,SEA,10.894357280256989,13.4,1,2026-08-19T14:08:17.085216,A
2017,13,00-0028497,K.Aiken,WR,IND,1.7625737713514529,0.0,1,2026-08-19T14:08:17.085216,A
2017,13,00-0029000,C.Beasley,WR,DAL,7.082704644209544,3.4,1,2026-08-19T14:08:17.085216,A
2017,13,00-0029137,A.Jeffery,WR,PHI,14.335161340816528,10.1,1,2026-08-19T14:08:17.085216,A
2017,13,00-0029159,J.Kearse,WR,NYJ,12.099475001116186,24.7,1,2026-08-19T14:08:17.085216,A
2017,13,00-0029269,T.Benjamin,WR,LAC,8.068936178683238,10.8,1,2026-08-19T14:08:17.085216,A
2017,13,00-0029293,M.Jones,WR,DET,12.396288952433046,13.0,1,2026-08-19T14:08:17.085216,A
2017,13,00-0029319,J.Bellamy,WR,CHI,5.5108196575415205,1.4,1,2026-08-19T14:08:17.085216,A
2017,13,00-0029388,D.Thompson,WR,BUF,6.304236392346595,4.1,1,2026-08-19T14:08:17.085216,A
2017,13,00-0029394,B.Bersin,WR,CAR,0.44748636245659434,2.8,1,2026-08-19T14:08:17.085216,A
2017,13,00-0029572,J.Wright,WR,MIN,6.181545809982527,4.8,1,2026-08-19T14:08:17.085216,A
2017,13,00-0029608,T.Hilton,WR,IND,12.684048402201428,14.1,1,2026-08-19T14:08:17.085216,A
2017,13,00-0029632,M.Sanu,WR,ATL,11.869832579686484,7.3,1,2026-08-19T14:08:17.085216,A
2017,13,00-0029638,M.Floyd,WR,MIN,3.8775807382775027,4.0,1,2026-08-19T14:08:17.085216,A
2017,13,00-0029664,J.Gordon,WR,CLE,11.67905901142953,12.5,1,2026-08-19T14:08:17.085216,A
2017,13,00-0029708,K.Wright,WR,CHI,8.615173643388458,4.5,1,2026-08-19T14:08:17.085216,A
2017,13,00-0030035,A.Thielen,WR,MIN,15.86722877933218,9.1,1,2026-08-19T14:08:17.085216,A
2017,13,00-0030068,M.Goodwin,WR,SF,8.633998740349588,17.9,1,2026-08-19T14:08:17.085216,A
2017,13,00-0030085,K.Stills,WR,MIA,11.139899325608017,18.8,1,2026-08-19T14:08:17.085216,A
2017,13,00-0030091,T.King,WR,NYG,6.30708036441209,6.3,1,2026-08-19T14:08:17.085216,A
2017,13,00-0030147,R.Shepard,WR,CAR,4.867356031486061,5.9,1,2026-08-19T14:08:17.085216,A
2017,13,00-0030279,K.Allen,WR,LAC,18.64589766215839,26.5,1,2026-08-19T14:08:17.085216,A
2017,13,00-0030300,J.Brown,WR,ARI,6.314566137851586,0.0,1,2026-08-19T14:08:17.085216,A
2017,13,00-0030460,M.Wheaton,WR,CHI,1.4304560505896167,0.0,1,2026-08-19T14:08:17.085216,A
2017,13,00-0030516,B.Butler,WR,DAL,5.12051143073449,0.0,1,2026-08-19T14:08:17.085216,A
2017,13,00-0030525,T.Austin,WR,LA,4.331080289681635,0.8,1,2026-08-19T14:08:17.085216,A
2017,13,00-0030542,T.Williams,WR,DAL,10.247125493823003,4.1,1,2026-08-19T14:08:17.085216,A
2017,13,00-0030564,D.Hopkins,WR,HOU,17.135385738820933,16.0,1,2026-08-19T14:08:17.085216,A
2017,13,00-0030663,W.Snead,WR,NO,3.725264911853289,5.1,1,2026-08-19T14:08:17.085216,A
2017,13,00-0030669,A.Wilson,WR,KC,6.531007453029924,5.7,1,2026-08-19T14:08:17.085216,A
2017,13,00-0030670,B.Fowler,WR,DEN,5.051379684240762,3.3,1,2026-08-19T14:08:17.085216,A
2017,13,00-0030737,F.Martino,WR,TB,0.40599841534539777,0.0,1,2026-08-19T14:08:17.085216,A
2017,13,00-0030801,B.Coleman,WR,NO,5.7345929442557,4.8,1,2026-08-19T14:08:17.085216,A
2017,13,00-0031001,J.Janis,WR,GB,2.1413688617554367,0.0,1,2026-08-19T14:08:17.085216,A
2017,13,00-0031025,M.Campanaro,WR,BAL,3.8049591378438965,0.0,1,2026-08-19T14:08:17.085216,A
2017,13,00-0031060,D.Thomas,WR,KC,4.215778606235386,0.0,1,2026-08-19T14:08:17.085216,A
2017,13,00-0031068,R.Grant,WR,WAS,7.200534404142556,18.6,1,2026-08-19T14:08:17.085216,A
2017,13,00-0031166,S.Roberts,WR,LV,8.29493522972071,9.6,1,2026-08-19T14:08:17.085216,A
2017,13,00-0031189,T.Jones,WR,DET,3.003388896511337,0.0,1,2026-08-19T14:08:17.085216,A
2017,13,00-0031228,T.Gabriel,WR,ATL,7.802962111984632,2.1,1,2026-08-19T14:08:17.085216,A
2017,13,00-0031236,B.Cooks,WR,NE,14.949090775770433,4.2,1,2026-08-19T14:08:17.085216,A
2017,13,00-0031257,P.Richardson,WR,SEA,10.23745541359765,2.8,1,2026-08-19T14:08:17.085216,A
2017,13,00-0031325,S.Watkins,WR,LA,10.899994392359893,12.8,1,2026-08-19T14:08:17.085216,A
2017,13,00-0031326,B.Ellington,WR,HOU,8.638827487782278,1.7,1,2026-08-19T14:08:17.085216,A
2017,13,00-0031339,D.Moncrief,WR,IND,5.836986836542664,8.7,1,2026-08-19T14:08:17.085216,A
2017,13,00-0031344,C.Latimer,WR,DEN,4.61254243152486,1.5,1,2026-08-19T14:08:17.085216,A
2017,13,00-0031373,M.Bryant,WR,PIT,8.229724465214447,8.0,1,2026-08-19T14:08:17.085216,A
2017,13,00-0031381,D.Adams,WR,GB,15.671116646842972,8.2,1,2026-08-19T14:08:17.085216,A
2017,13,00-0031382,J.Landry,WR,MIA,13.941092615733744,11.2,1,2026-08-19T14:08:17.085216,A
2017,13,00-0031408,M.Evans,WR,TB,14.527633389651923,5.3,1,2026-08-19T14:08:17.085216,A
2017,13,00-0031431,M.Lee,WR,JAX,9.994565253874416,21.6,1,2026-08-19T14:08:17.085216,A
2017,13,00-0031547,D.Parker,WR,MIA,9.216734056587322,1.5,1,2026-08-19T14:08:17.085216,A
2017,13,00-0031549,N.Agholor,WR,PHI,9.972743293471526,27.1,1,2026-08-19T14:08:17.085216,A
2017,13,00-0031570,J.Hardy,WR,ATL,5.398225792287877,0.0,1,2026-08-19T14:08:17.085216,A
2017,13,00-0031588,S.Diggs,WR,MIN,13.224418484409819,5.7,1,2026-08-19T14:08:17.085216,A
2017,13,00-0031782,E.Rogers,WR,PIT,6.279305817436821,1.4,1,2026-08-19T14:08:17.085216,A
2017,13,00-0031834,L.Pinkard,WR,JAX,0.24341011775309918,0.0,1,2026-08-19T14:08:17.085216,A
2017,13,00-0031868,D.Byrd,WR,CAR,2.254081614280375,2.2,1,2026-08-19T14:08:17.085216,A
2017,13,00-0031941,J.Crowder,WR,WAS,13.49739374507244,11.7,1,2026-08-19T14:08:17.085216,A
2017,13,00-0031953,G.Davis,WR,LAC,4.571624224890886,0.0,1,2026-08-19T14:08:17.085216,A
2017,13,00-0032009,A.Humphries,WR,TB,7.316525383902141,7.3,1,2026-08-19T14:08:17.085216,A
2017,13,00-0032112,J.Nelson,WR,ARI,6.668239359423245,6.2,1,2026-08-19T14:08:17.085216,A
2017,13,00-0032115,K.Clay,WR,CAR,3.465474936828813,2.3,1,2026-08-19T14:08:17.085216,A
2017,13,00-0032160,T.Williams,WR,LAC,8.424416371629833,1.8,1,2026-08-19T14:08:17.085216,A
2017,13,00-0032208,P.Dorsett,WR,NE,4.216315342893817,0.0,1,2026-08-19T14:08:17.085216,A
2017,13,00-0032211,T.Lockett,WR,SEA,7.702265002406481,9.7,1,2026-08-19T14:08:17.085216,A
2017,13,00-0032355,C.Rogers,WR,IND,7.821593762863435,7.3,1,2026-08-19T14:08:17.085216,A
2017,13,00-0032362,M.Harris,WR,WAS,4.147574912958013,0.0,1,2026-08-19T14:08:17.085216,A
2017,13,00-0032385,S.Shepard,WR,NYG,14.176284689611904,8.6,1,2026-08-19T14:08:17.085216,A
2017,13,00-0032398,C.Moore,WR,BAL,5.782664027433992,5.8,1,2026-08-19T14:08:17.085216,A
2017,13,00-0032423,T.Davis,WR,GB,2.60511067576735,0.0,1,2026-08-19T14:08:17.085216,A
2017,13,00-0032475,T.McEvoy,WR,SEA,2.2176899648292556,0.0,1,2026-08-19T14:08:17.085216,A
2017,13,00-0032543,A.Erickson,WR,CIN,1.3572902342141542,0.0,1,2026-08-19T14:08:17.085216,A
2017,13,00-0032626,G.Allison,WR,GB,2.603392943207455,0.0,1,2026-08-19T14:08:17.085216,A
2017,13,00-0032659,Ro.Lewis,WR,NYG,7.6583715778676735,1.9,1,2026-08-19T14:08:17.085216,A
2017,13,00-0032688,R.Chosen,WR,NYJ,11.727382438235757,19.4,1,2026-08-19T14:08:17.085216,A
2017,13,00-0032760,J.Doctson,WR,WAS,5.335547129228669,11.6,1,2026-08-19T14:08:17.085216,A
2017,13,00-0032765,M.Thomas,WR,NO,15.982368803651575,18.0,1,2026-08-19T14:08:17.085216,A
2017,13,00-0032775,D.Robinson,WR,KC,5.382808805432075,3.7,1,2026-08-19T14:08:17.085216,A
2017,13,00-0032791,J.Grant,WR,MIA,1.2887359865290615,0.2,1,2026-08-19T14:08:17.085216,A
2017,13,00-0032881,T.Lewis,WR,NO,2.6518678831016294,1.2,1,2026-08-19T14:08:17.085216,A
2017,13,00-0032926,K.Brent,WR,IND,3.1373526871774193,0.0,1,2026-08-19T14:08:17.085216,A
2017,13,00-0032935,J.Holton,WR,LV,4.891076686589268,10.9,1,2026-08-19T14:08:17.085216,A
2017,13,00-0032951,L.Treadwell,WR,MIN,3.631148231402865,1.9,1,2026-08-19T14:08:17.085216,A
2017,13,00-0032966,C.Coleman,WR,CLE,11.380620474720072,0.0,1,2026-08-19T14:08:17.085216,A
2017,13,00-0032977,R.Higgins,WR,CLE,6.367478838032641,0.0,1,2026-08-19T14:08:17.085216,A
2017,13,00-0033009,T.Boyd,WR,CIN,5.016990878364915,3.5,1,2026-08-19T14:08:17.085216,A
2017,13,00-0033040,T.Hill,WR,KC,13.405756959003835,36.5,1,2026-08-19T14:08:17.085216,A
2017,13,00-0033060,L.Carroo,WR,MIA,1.9742689237390811,0.0,1,2026-08-19T14:08:17.085216,A
2017,13,00-0033069,B.Miller,WR,HOU,4.664921368350794,11.1,1,2026-08-19T14:08:17.085216,A
2017,13,00-0033079,R.Louis,WR,CLE,4.950186758772492,0.0,1,2026-08-19T14:08:17.085216,A
2017,13,00-0033094,M.Hall,WR,ATL,3.544390981626334,3.0,1,2026-08-19T14:08:17.085216,A
2017,13,00-0033111,P.Cooper,WR,LA,3.6877787650506555,1.3,1,2026-08-19T14:08:17.085216,A
2017,13,00-0033114,M.Thomas,WR,LA,2.1472794722600828,0.0,1,2026-08-19T14:08:17.085216,A
2017,13,00-0033266,J.Natson,WR,NYJ,3.494546729086842,0.0,1,2026-08-19T14:08:17.085216,A
2017,13,00-0033292,T.Taylor,WR,SF,6.151830671123525,15.2,1,2026-08-19T14:08:17.085216,A
2017,13,00-0033307,K.Bourne,WR,SF,5.820275923580899,0.0,1,2026-08-19T14:08:17.085216,A
2017,13,00-0033434,B.Wilson,WR,TB,3.021247259610417,0.4,1,2026-08-19T14:08:17.085216,A
2017,13,00-0033449,I.Whitney,WR,LV,4.307567242578274,0.0,1,2026-08-19T14:08:17.085216,A
2017,13,00-0033466,I.McKenzie,WR,DEN,1.9373146332580868,0.0,1,2026-08-19T14:08:17.085216,A
2017,13,00-0033555,M.Hollins,WR,PHI,5.389261449728534,2.0,1,2026-08-19T14:08:17.085216,A
2017,13,00-0033562,R.Switzer,WR,DAL,0.08829349187631275,0.0,1,2026-08-19T14:08:17.085216,A
2017,13,00-0033591,N.Brown,WR,DAL,2.010369347708479,0.8,1,2026-08-19T14:08:17.085216,A
2017,13,00-0033681,K.Cole,WR,JAX,6.470795982161231,13.9,1,2026-08-19T14:08:17.085216,A
2017,13,00-0033839,D.Westbrook,WR,JAX,6.919806056934417,13.8,1,2026-08-19T14:08:17.085216,A
2017,13,00-0033840,C.Hansen,WR,NYJ,2.567795698695753,4.5,1,2026-08-19T14:08:17.085216,A
2017,13,00-0033855,C.Thompson,WR,HOU,0.32311342342692734,2.1,1,2026-08-19T14:08:17.085216,A
2017,13,00-0033857,J.Smith-Schuster,WR,PIT,12.02270392672745,5.7,1,2026-08-19T14:08:17.085216,A
2017,13,00-0033859,J.Malone,WR,CIN,1.9375467651840232,2.9,1,2026-08-19T14:08:17.085216,A
2017,13,00-0033871,C.Davis,WR,TEN,10.153873510823772,3.2,1,2026-08-19T14:08:17.085216,A
2017,13,00-0033891,Z.Jones,WR,BUF,9.674085030320873,4.2,1,2026-08-19T14:08:17.085216,A
2017,13,00-0033911,T.Taylor,WR,TEN,5.023653500479451,3.5,1,2026-08-19T14:08:17.085216,A
2017,13,00-0033916,A.Stewart,WR,NYJ,0.5413117089430993,0.5,1,2026-08-19T14:08:17.085216,A
2017,13,00-0033921,C.Godwin,WR,TB,7.287156805305978,4.4,1,2026-08-19T14:08:17.085216,A
2017,13,00-0033932,K.Golladay,WR,DET,8.175667012086517,6.4,1,2026-08-19T14:08:17.085216,A
2017,13,00-0033933,C.Williams,WR,ARI,4.200818986418004,0.0,1,2026-08-19T14:08:17.085216,A
2017,13,00-0033937,A.Darboh,WR,SEA,1.356272614796974,0.0,1,2026-08-19T14:08:17.085216,A
2017,13,00-0033943,J.Reynolds,WR,LA,5.994765167968349,2.6,1,2026-08-19T14:08:17.085216,A
2017,13,00-0021547,A.Gates,TE,LAC,5.659394781235452,6.2,1,2026-08-19T14:08:17.085216,A
2017,13,00-0022127,J.Witten,TE,DAL,10.906217499656641,7.8,1,2026-08-19T14:08:17.085216,A
2017,13,00-0022943,B.Watson,TE,BAL,8.471078126317794,11.4,1,2026-08-19T14:08:17.085216,A
2017,13,00-0024221,V.Davis,TE,WAS,9.512476526941326,3.5,1,2026-08-19T14:08:17.085216,A
2017,13,00-0024243,M.Lewis,TE,JAX,6.7030680285076105,8.6,1,2026-08-19T14:08:17.085216,A
2017,13,00-0024268,A.Fasano,TE,MIA,1.7011307115347036,3.9,1,2026-08-19T14:08:17.085216,A
2017,13,00-0024389,De.Walker,TE,TEN,11.739959159882158,17.3,1,2026-08-19T14:08:17.085216,A
2017,13,00-0025549,B.Celek,TE,PHI,4.305968190569976,0.0,1,2026-08-19T14:08:17.085216,A
2017,13,00-0027061,J.Cook,TE,LV,11.390665142749679,1.9,1,2026-08-19T14:08:17.085216,A
2017,13,00-0027215,L.Paulsen,TE,SF,0.0999502518815727,0.0,1,2026-08-19T14:08:17.085216,A
2017,13,00-0027321,J.Cumberland,TE,LAC,1.282276399037647,0.0,1,2026-08-19T14:08:17.085216,A
2017,13,00-0027656,R.Gronkowski,TE,NE,12.408355228109777,23.7,1,2026-08-19T14:08:17.085216,A
2017,13,00-0027675,E.Dickson,TE,CAR,5.580768192659481,3.8,1,2026-08-19T14:08:17.085216,A
2017,13,00-0027696,J.Graham,TE,SEA,11.612770806989442,11.6,1,2026-08-19T14:08:17.085216,A
2017,13,00-0027732,M.Hoomanawanui,TE,NO,2.19079705141208,1.0,1,2026-08-19T14:08:17.085216,A
2017,13,00-0027873,J.Gresham,TE,ARI,7.021575677022701,3.7,1,2026-08-19T14:08:17.085216,A
2017,13,00-0027981,K.Rudolph,TE,MIN,9.1449897656912,13.6,1,2026-08-19T14:08:17.085216,A
2017,13,00-0027985,L.Kendricks,TE,GB,3.9545937055928873,2.1,1,2026-08-19T14:08:17.085216,A
2017,13,00-0028067,J.Thomas,TE,MIA,8.629274058584677,11.0,1,2026-08-19T14:08:17.085216,A
2017,13,00-0028093,N.Paul,TE,WAS,3.8888533305240927,4.2,1,2026-08-19T14:08:17.085216,A
2017,13,00-0028097,L.Smith,TE,LV,2.44062102509352,0.0,1,2026-08-19T14:08:17.085216,A
2017,13,00-0028112,C.Clay,TE,BUF,7.967706191037608,5.0,1,2026-08-19T14:08:17.085216,A
2017,13,00-0028142,V.Green,TE,DEN,4.406001451936123,4.6,1,2026-08-19T14:08:17.085216,A
2017,13,00-0028903,G.Celek,TE,SF,6.518560249238414,5.0,1,2026-08-19T14:08:17.085216,A
2017,13,00-0028987,P.Supernaw,TE,TEN,0.8007949160706895,3.0,1,2026-08-19T14:08:17.085216,A
2017,13,00-0029119,D.Carrier,TE,LA,1.4889618428380227,2.4,1,2026-08-19T14:08:17.085216,A
2017,13,00-0029391,S.McGrath,TE,LAC,1.2110397983997607,0.0,1,2026-08-19T14:08:17.085216,A
2017,13,00-0029414,O.Charles,TE,KC,0.5153209454817294,0.0,1,2026-08-19T14:08:17.085216,A
2017,13,00-0029587,R.Ellison,TE,NYG,3.1277303469126196,1.5,1,2026-08-19T14:08:17.085216,A
2017,13,00-0029634,J.Hanna,TE,DAL,2.2568265441109356,0.0,1,2026-08-19T14:08:17.085216,A
2017,13,00-0029689,D.Allen,TE,NE,4.055715008888623,1.3,1,2026-08-19T14:08:17.085216,A
2017,13,00-0029738,D.Fells,TE,DET,3.632819278035458,3.0,1,2026-08-19T14:08:17.085216,A
2017,13,00-0029793,B.Williams,TE,IND,0.47587040400321945,3.1,1,2026-08-19T14:08:17.085216,A
2017,13,00-0029878,M.Gray,TE,MIA,0.3040602690316805,0.0,1,2026-08-19T14:08:17.085216,A
2017,13,00-0030061,Z.Ertz,TE,PHI,12.147434403386953,4.4,1,2026-08-19T14:08:17.085216,A
2017,13,00-0030089,L.Willson,TE,SEA,1.8640105087265773,0.0,1,2026-08-19T14:08:17.085216,A
2017,13,00-0030155,D.Harris,TE,KC,2.376457021419057,0.0,1,2026-08-19T14:08:17.085216,A
2017,13,00-0030181,J.Doyle,TE,IND,11.069419678727375,4.6,1,2026-08-19T14:08:17.085216,A
2017,13,00-0030216,J.Hill,TE,NO,2.834012878467799,-0.2,1,2026-08-19T14:08:17.085216,A
2017,13,00-0030422,D.Sims,TE,CHI,4.175090269353028,1.5,1,2026-08-19T14:08:17.085216,A
2017,13,00-0030443,L.Toilolo,TE,ATL,3.6391876123119897,4.5,1,2026-08-19T14:08:17.085216,A
2017,13,00-0030506,T.Kelce,TE,KC,13.860023192340027,25.4,1,2026-08-19T14:08:17.085216,A
2017,13,00-0030710,T.Burton,TE,PHI,3.1251842634694587,8.2,1,2026-08-19T14:08:17.085216,A
2017,13,00-0030780,R.Hewitt,TE,CIN,1.0905513298025622,0.0,1,2026-08-19T14:08:17.085216,A
2017,13,00-0031035,X.Grimble,TE,PIT,0.39436346647296455,1.9,1,2026-08-19T14:08:17.085216,A
2017,13,00-0031044,T.Niklas,TE,ARI,1.5385871027401055,0.0,1,2026-08-19T14:08:17.085216,A
2017,13,00-0031260,L.Thomas,TE,BUF,1.9521463846146538,3.0,1,2026-08-19T14:08:17.085216,A
2017,13,00-0031273,C.Brate,TE,TB,6.259969245599743,17.9,1,2026-08-19T14:08:17.085216,A
2017,13,00-0031299,J.Matthews,TE,BUF,6.141491818035094,2.4,1,2026-08-19T14:08:17.085216,A
2017,13,00-0031302,C.Fiedorowicz,TE,HOU,7.358165837096215,3.6,1,2026-08-19T14:08:17.085216,A
2017,13,00-0031384,R.Rodgers,TE,GB,3.925092040056355,1.4,1,2026-08-19T14:08:17.085216,A
2017,13,00-0031387,E.Ebron,TE,DET,7.970274114590494,7.8,1,2026-08-19T14:08:17.085216,A
2017,13,00-0031418,A.Seferian-Jenkins,TE,NYJ,8.456694136555353,2.7,1,2026-08-19T14:08:17.085216,A
2017,13,00-0031484,C.Manhertz,TE,CAR,0.1404309025754628,0.0,1,2026-08-19T14:08:17.085216,A
2017,13,00-0031533,R.Telfer,TE,CLE,0.3262174298997675,0.0,1,2026-08-19T14:08:17.085216,A
2017,13,00-0031558,M.Williams,TE,BAL,3.8764127310827527,1.1,1,2026-08-19T14:08:17.085216,A
2017,13,00-0031598,N.Boyle,TE,BAL,4.176585406573768,2.1,1,2026-08-19T14:08:17.085216,A
2017,13,00-0031690,E.Tomlinson,TE,NYJ,1.700884485182941,0.0,1,2026-08-19T14:08:17.085216,A
2017,13,00-0031922,K.Lee,TE,BUF,0.10492196670245102,0.0,1,2026-08-19T14:08:17.085216,A
2017,13,00-0031951,J.O'Shaughnessy,TE,JAX,2.7391375220923955,3.9,1,2026-08-19T14:08:17.085216,A
2017,13,00-0032055,D.Funchess,TE,CAR,15.764526507696536,16.0,1,2026-08-19T14:08:17.085216,A
2017,13,00-0032062,B.Bell,TE,MIN,0.7219181995923041,0.0,1,2026-08-19T14:08:17.085216,A
2017,13,00-0032098,D.Brown,TE,CHI,4.107704350107806,2.3,1,2026-08-19T14:08:17.085216,A
2017,13,00-0032134,C.Uzomah,TE,CIN,1.0984124210813748,3.1,1,2026-08-19T14:08:17.085216,A
2017,13,00-0032135,J.James,TE,PIT,7.01864840220119,2.3,1,2026-08-19T14:08:17.085216,A
2017,13,00-0032139,B.Koyack,TE,JAX,1.3186226498167581,0.0,1,2026-08-19T14:08:17.085216,A
2017,13,00-0032141,G.Swaim,TE,DAL,1.1755787381641176,0.0,1,2026-08-19T14:08:17.085216,A
2017,13,00-0032214,T.Kroft,TE,CIN,7.095888676865423,5.0,1,2026-08-19T14:08:17.085216,A
2017,13,00-0032227,J.Heuerman,TE,DEN,4.420113638768402,0.0,1,2026-08-19T14:08:17.085216,A
2017,13,00-0032256,C.Walford,TE,LV,0.9941108241585801,9.7,1,2026-08-19T14:08:17.085216,A
2017,13,00-0032392,A.Hooper,TE,ATL,8.262226180150442,5.1,1,2026-08-19T14:08:17.085216,A
2017,13,00-0032394,N.Vannett,TE,SEA,3.8429619426479675,7.0,1,2026-08-19T14:08:17.085216,A
2017,13,00-0032429,J.Adams,TE,NYG,1.1862502018065992,0.0,1,2026-08-19T14:08:17.085216,A
2017,13,00-0032725,S.Anderson,TE,HOU,1.7173301394232325,18.9,1,2026-08-19T14:08:17.085216,A
2017,13,00-0032745,A.Cross,TE,TB,0.6999908835804218,2.3,1,2026-08-19T14:08:17.085216,A
2017,13,00-0033043,A.Traylor,TE,DEN,3.51634444656883,3.6,1,2026-08-19T14:08:17.085216,A
2017,13,00-0033080,S.DeValve,TE,CLE,4.468986535200847,5.3,1,2026-08-19T14:08:17.085216,A
2017,13,00-0033090,H.Henry,TE,LAC,9.297173608772603,15.1,1,2026-08-19T14:08:17.085216,A
2017,13,00-0033095,G.Griffin,TE,NO,4.18850906594575,0.0,1,2026-08-19T14:08:17.085216,A
2017,13,00-0033110,T.Higbee,TE,LA,6.485931842025495,1.6,1,2026-08-19T14:08:17.085216,A
2017,13,00-0033288,G.Kittle,TE,SF,5.26845551941878,4.0,1,2026-08-19T14:08:17.085216,A
2017,13,00-0033387,J.Hollister,TE,NE,0.5296832923379955,0.0,1,2026-08-19T14:08:17.085216,A
2017,13,00-0033421,A.Auclair,TE,TB,1.3280085653866176,2.1,1,2026-08-19T14:08:17.085216,A
2017,13,00-0033528,J.Sprinkle,TE,WAS,1.614026335352578,0.0,1,2026-08-19T14:08:17.085216,A
2017,13,00-0033559,M.Roberts,TE,DET,0.0,3.3,1,2026-08-19T14:08:17.085216,A
2017,13,00-0033576,E.Saubert,TE,ATL,0.895094105763727,0.0,1,2026-08-19T14:08:17.085216,A
2017,13,00-0033611,R.Seals-Jones,TE,ARI,7.375531701151906,6.4,1,2026-08-19T14:08:17.085216,A
2017,13,00-0033858,J.Smith,TE,TEN,4.475294348731426,0.0,1,2026-08-19T14:08:17.085216,A
2017,13,00-0033879,O.Howard,TE,TB,5.92663786068877,2.7,1,2026-08-19T14:08:17.085216,A
2017,13,00-0033881,E.Engram,TE,NYG,11.01907397305679,22.9,1,2026-08-19T14:08:17.085216,A
2017,13,00-0033885,D.Njoku,TE,CLE,6.627019073888409,17.4,1,2026-08-19T14:08:17.085216,A
2017,13,00-0033895,G.Everett,TE,LA,4.626697919995284,8.7,1,2026-08-19T14:08:17.085216,A
2017,13,00-0033896,A.Shaheen,TE,CHI,4.074335091670573,0.0,1,2026-08-19T14:08:17.085216,A
2017,14,00-0023500,F.Gore,RB,IND,9.431762728116164,15.0,1,2026-08-19T14:08:17.085216,A
2017,14,00-0025399,M.Lynch,RB,LV,11.478481865585902,13.4,1,2026-08-19T14:08:17.085216,A
2017,14,00-0026019,D.Woodhead,RB,BAL,7.344156400937507,7.6,1,2026-08-19T14:08:17.085216,A
2017,14,00-0026153,J.Stewart,RB,CAR,11.274006593274793,28.3,1,2026-08-19T14:08:17.085216,A
2017,14,00-0026184,M.Forte,RB,NYJ,9.56455754581269,5.4,1,2026-08-19T14:08:17.085216,A
2017,14,00-0026213,J.Charles,RB,DEN,5.170905300823052,4.2,1,2026-08-19T14:08:17.085216,A
2017,14,00-0027029,L.McCoy,RB,BUF,15.477266401339573,21.6,1,2026-08-19T14:08:17.085216,A
2017,14,00-0027325,L.Blount,RB,PHI,8.421279753101254,4.3,1,2026-08-19T14:08:17.085216,A
2017,14,00-0027531,C.Ivory,RB,JAX,5.554621623984579,4.8,1,2026-08-19T14:08:17.085216,A
2017,14,00-0027966,M.Ingram,RB,NO,14.507848638022248,13.2,1,2026-08-19T14:08:17.085216,A
2017,14,00-0027994,S.Vereen,RB,NYG,5.680059940599525,7.7,1,2026-08-19T14:08:17.085216,A
2017,14,00-0028009,D.Murray,RB,TEN,16.276119950360247,6.7,1,2026-08-19T14:08:17.085216,A
2017,14,00-0028064,B.Powell,RB,NYJ,10.065320613914336,3.5,1,2026-08-19T14:08:17.085216,A
2017,14,00-0028087,D.Lewis,RB,NE,9.585813738497523,11.7,1,2026-08-19T14:08:17.085216,A
2017,14,00-0029141,A.Morris,RB,DAL,10.085117945743988,11.5,1,2026-08-19T14:08:17.085216,A
2017,14,00-0029205,T.Cadet,RB,BUF,8.146647215558104,0.2,1,2026-08-19T14:08:17.085216,A
2017,14,00-0029613,D.Martin,RB,TB,8.693924719759435,11.0,1,2026-08-19T14:08:17.085216,A
2017,14,00-0029615,L.Miller,RB,HOU,15.025825728414839,8.0,1,2026-08-19T14:08:17.085216,A
2017,14,00-0029731,F.Whittaker,RB,CAR,2.299249236875535,0.0,1,2026-08-19T14:08:17.085216,A
2017,14,00-0029795,B.Cunningham,RB,CHI,2.2856275793553107,3.4,1,2026-08-19T14:08:17.085216,A
2017,14,00-0029854,C.Anderson,RB,DEN,11.772883978610826,9.3,1,2026-08-19T14:08:17.085216,A
2017,14,00-0030107,T.Riddick,RB,DET,11.066868451294818,27.3,1,2026-08-19T14:08:17.085216,A
2017,14,00-0030117,K.Williams,RB,ARI,6.728393125802094,9.8,1,2026-08-19T14:08:17.085216,A
2017,14,00-0030287,A.Ellington,RB,HOU,9.790779625035412,3.2,1,2026-08-19T14:08:17.085216,A
2017,14,00-0030288,R.Burkhead,RB,NE,12.308883314604335,16.3,1,2026-08-19T14:08:17.085216,A
2017,14,00-0030456,G.Bernard,RB,CIN,9.836582718376517,19.0,1,2026-08-19T14:08:17.085216,A
2017,14,00-0030465,K.Barner,RB,PHI,3.9573239642338023,0.0,1,2026-08-19T14:08:17.085216,A
2017,14,00-0030496,L.Bell,RB,PIT,21.549934397242232,39.5,1,2026-08-19T14:08:17.085216,A
2017,14,00-0030513,L.Murray,RB,MIN,11.884845592016942,4.0,1,2026-08-19T14:08:17.085216,A
2017,14,00-0030578,C.Patterson,RB,LV,4.926395381596446,3.8,1,2026-08-19T14:08:17.085216,A
2017,14,00-0030656,I.Crowell,RB,CLE,10.854528923726118,16.1,1,2026-08-19T14:08:17.085216,A
2017,14,00-0030668,C.West,RB,KC,7.350241192743932,8.5,1,2026-08-19T14:08:17.085216,A
2017,14,00-0030711,D.Fluellen,RB,TEN,1.9226979374691278,0.0,1,2026-08-19T14:08:17.085216,A
2017,14,00-0030860,O.Darkwa,RB,NYG,6.232266296898538,6.4,1,2026-08-19T14:08:17.085216,A
2017,14,00-0031045,C.Hyde,RB,SF,17.202304906569122,13.8,1,2026-08-19T14:08:17.085216,A
2017,14,00-0031055,A.Williams,RB,LAC,5.39739121901907,2.3,1,2026-08-19T14:08:17.085216,A
2017,14,00-0031062,J.White,RB,NE,11.29441052250192,10.1,1,2026-08-19T14:08:17.085216,A
2017,14,00-0031209,S.Perry,RB,MIA,2.5698577061788783,0.0,1,2026-08-19T14:08:17.085216,A
2017,14,00-0031285,D.Freeman,RB,ATL,12.378718857253148,15.1,1,2026-08-19T14:08:17.085216,A
2017,14,00-0031332,F.Toussaint,RB,PIT,3.8208178115026845,0.0,1,2026-08-19T14:08:17.085216,A
2017,14,00-0031376,J.McKinnon,RB,MIN,12.98119505483585,7.5,1,2026-08-19T14:08:17.085216,A
2017,14,00-0031390,C.Sims,RB,TB,6.290160140536607,4.7,1,2026-08-19T14:08:17.085216,A
2017,14,00-0031577,J.Allen,RB,BAL,5.71752634882145,19.7,1,2026-08-19T14:08:17.085216,A
2017,14,00-0031590,J.Ajayi,RB,PHI,9.925686471844166,9.0,1,2026-08-19T14:08:17.085216,A
2017,14,00-0031665,Z.Zenner,RB,DET,2.2929363751636567,0.0,1,2026-08-19T14:08:17.085216,A
2017,14,00-0031743,A.Hunt,RB,KC,2.5213191242211557,0.0,1,2026-08-19T14:08:17.085216,A
2017,14,00-0031806,M.Brown,RB,LA,5.1488941574624985,0.5,1,2026-08-19T14:08:17.085216,A
2017,14,00-0031897,T.Rawls,RB,SEA,2.5142533269904344,0.0,1,2026-08-19T14:08:17.085216,A
2017,14,00-0031900,R.Smith,RB,DAL,5.5859239293400655,33.0,1,2026-08-19T14:08:17.085216,A
2017,14,00-0032058,T.Coleman,RB,ATL,13.438344627105591,3.2,1,2026-08-19T14:08:17.085216,A
2017,14,00-0032063,M.Davis,RB,SEA,10.619291786440312,7.5,1,2026-08-19T14:08:17.085216,A
2017,14,00-0032144,M.Gordon,RB,LAC,17.214482169593214,15.3,1,2026-08-19T14:08:17.085216,A
2017,14,00-0032209,T.Yeldon,RB,JAX,7.659602514131974,0.9,1,2026-08-19T14:08:17.085216,A
2017,14,00-0032241,T.Gurley,RB,LA,19.058382690224654,28.5,1,2026-08-19T14:08:17.085216,A
2017,14,00-0032257,D.Johnson,RB,CLE,11.520018734266563,14.9,1,2026-08-19T14:08:17.085216,A
2017,14,00-0032426,A.Collins,RB,BAL,12.587444867991753,24.6,1,2026-08-19T14:08:17.085216,A
2017,14,00-0032577,D.Foster,RB,ARI,6.370850979934716,3.3,1,2026-08-19T14:08:17.085216,A
2017,14,00-0032602,J.McKissic,RB,SEA,7.6814471980753805,8.5,1,2026-08-19T14:08:17.085216,A
2017,14,00-0032741,P.Barber,RB,TB,10.118704779822025,7.3,1,2026-08-19T14:08:17.085216,A
2017,14,00-0032780,J.Howard,RB,CHI,11.387151855189398,28.5,1,2026-08-19T14:08:17.085216,A
2017,14,00-0032813,E.Penny,RB,ARI,2.4493419003933674,3.9,1,2026-08-19T14:08:17.085216,A
2017,14,00-0032940,D.Washington,RB,LV,6.778215246321332,2.9,1,2026-08-19T14:08:17.085216,A
2017,14,00-0032972,D.Booker,RB,DEN,6.762842274687179,5.4,1,2026-08-19T14:08:17.085216,A
2017,14,00-0033025,J.Richard,RB,LV,7.0654270932398315,0.0,1,2026-08-19T14:08:17.085216,A
2017,14,00-0033118,K.Drake,RB,MIA,11.11393917678423,24.3,1,2026-08-19T14:08:17.085216,A
2017,14,00-0033293,A.Jones,RB,GB,6.503191436816482,-0.2,1,2026-08-19T14:08:17.085216,A
2017,14,00-0033295,E.McGuire,RB,NYJ,5.80321587765633,-0.3,1,2026-08-19T14:08:17.085216,A
2017,14,00-0033308,M.Breida,RB,SF,7.379254087716368,2.7,1,2026-08-19T14:08:17.085216,A
2017,14,00-0033384,L.Daniels,RB,WAS,3.567805811681524,1.2,1,2026-08-19T14:08:17.085216,A
2017,14,00-0033526,S.Perine,RB,WAS,12.902995896241936,9.2,1,2026-08-19T14:08:17.085216,A
2017,14,00-0033553,J.Conner,RB,PIT,3.902434914726986,0.6,1,2026-08-19T14:08:17.085216,A
2017,14,00-0033556,T.Cohen,RB,CHI,9.644029347101654,10.5,1,2026-08-19T14:08:17.085216,A
2017,14,00-0033567,B.Hill,RB,CIN,5.577480809366164,2.0,1,2026-08-19T14:08:17.085216,A
2017,14,00-0033699,A.Ekeler,RB,LAC,8.984101595600551,4.9,1,2026-08-19T14:08:17.085216,A
2017,14,00-0033725,C.Clement,RB,PHI,6.994060542384846,6.2,1,2026-08-19T14:08:17.085216,A
2017,14,00-0033748,Ti.Green,RB,DET,6.237672156075088,1.5,1,2026-08-19T14:08:17.085216,A
2017,14,00-0033856,L.Fournette,RB,JAX,16.372065143652655,21.9,1,2026-08-19T14:08:17.085216,A
2017,14,00-0033906,A.Kamara,RB,NO,16.058037082873405,5.7,1,2026-08-19T14:08:17.085216,A
2017,14,00-0033923,K.Hunt,RB,KC,16.885256774850166,22.8,1,2026-08-19T14:08:17.085216,A
2017,14,00-0033948,J.Williams,RB,GB,15.944004873415658,30.8,1,2026-08-19T14:08:17.085216,A
2017,14,00-0033950,W.Gallman,RB,NYG,4.850290629654692,16.9,1,2026-08-19T14:08:17.085216,A
2017,14,00-0033951,M.Mack,RB,IND,8.176681303912712,6.4,1,2026-08-19T14:08:17.085216,A
2017,14,00-0022921,L.Fitzgerald,WR,ARI,16.898547590323773,9.4,1,2026-08-19T14:08:17.085216,A
2017,14,00-0024535,E.Weems,WR,TEN,2.19129609824061,0.0,1,2026-08-19T14:08:17.085216,A
2017,14,00-0025396,T.Ginn,WR,NO,11.183653886410287,2.7,1,2026-08-19T14:08:17.085216,A
2017,14,00-0026035,D.Amendola,WR,NE,10.910043666670738,13.6,1,2026-08-19T14:08:17.085216,A
2017,14,00-0026176,J.Nelson,WR,GB,10.794003510713607,7.3,1,2026-08-19T14:08:17.085216,A
2017,14,00-0026189,D.Jackson,WR,TB,9.287975476716497,10.4,1,2026-08-19T14:08:17.085216,A
2017,14,00-0026901,M.Wallace,WR,BAL,11.360000124466033,10.2,1,2026-08-19T14:08:17.085216,A
2017,14,00-0026986,M.Crabtree,WR,LV,9.588989999947945,13.0,1,2026-08-19T14:08:17.085216,A
2017,14,00-0026995,J.Maclin,WR,BAL,9.013452849756055,5.7,1,2026-08-19T14:08:17.085216,A
2017,14,00-0027057,B.Tate,WR,BUF,1.6639851431089192,0.0,1,2026-08-19T14:08:17.085216,A
2017,14,00-0027089,L.Murphy,WR,SF,6.2944747514277966,3.0,1,2026-08-19T14:08:17.085216,A
2017,14,00-0027681,B.LaFell,WR,CIN,9.969213061947912,11.4,1,2026-08-19T14:08:17.085216,A
2017,14,00-0027685,E.Sanders,WR,DEN,9.220017437702335,2.6,1,2026-08-19T14:08:17.085216,A
2017,14,00-0027690,E.Decker,WR,TEN,9.526021596510398,8.6,1,2026-08-19T14:08:17.085216,A
2017,14,00-0027793,A.Brown,WR,PIT,19.8655226014086,32.3,1,2026-08-19T14:08:17.085216,A
2017,14,00-0027874,D.Thomas,WR,DEN,13.087540187026626,23.3,1,2026-08-19T14:08:17.085216,A
2017,14,00-0027891,G.Tate,WR,DET,10.01638589040655,22.5,1,2026-08-19T14:08:17.085216,A
2017,14,00-0027902,D.Bryant,WR,DAL,12.86874877262097,16.3,1,2026-08-19T14:08:17.085216,A
2017,14,00-0027942,A.Green,WR,CIN,16.574325800391424,9.4,1,2026-08-19T14:08:17.085216,A
2017,14,00-0027944,J.Jones,WR,ATL,18.23153617359987,14.8,1,2026-08-19T14:08:17.085216,A
2017,14,00-0027996,T.Smith,WR,PHI,9.620317022636584,16.0,1,2026-08-19T14:08:17.085216,A
2017,14,00-0028002,R.Cobb,WR,GB,8.18026823169608,11.9,1,2026-08-19T14:08:17.085216,A
2017,14,00-0028116,A.Robinson,WR,SF,3.916839383879778,4.7,1,2026-08-19T14:08:17.085216,A
2017,14,00-0028237,C.Hogan,WR,NE,9.122292252537084,1.1,1,2026-08-19T14:08:17.085216,A
2017,14,00-0028263,A.Holmes,WR,BUF,3.0768237013145887,0.0,1,2026-08-19T14:08:17.085216,A
2017,14,00-0028411,D.Inman,WR,CHI,7.208843002692047,0.0,1,2026-08-19T14:08:17.085216,A
2017,14,00-0028434,D.Baldwin,WR,SEA,11.462613292418917,16.8,1,2026-08-19T14:08:17.085216,A
2017,14,00-0028497,K.Aiken,WR,IND,0.8299504298638252,0.0,1,2026-08-19T14:08:17.085216,A
2017,14,00-0029000,C.Beasley,WR,DAL,6.17864056390527,8.9,1,2026-08-19T14:08:17.085216,A
2017,14,00-0029137,A.Jeffery,WR,PHI,12.659975914592712,16.2,1,2026-08-19T14:08:17.085216,A
2017,14,00-0029159,J.Kearse,WR,NYJ,12.918298591031956,1.4,1,2026-08-19T14:08:17.085216,A
2017,14,00-0029269,T.Benjamin,WR,LAC,8.59272734762102,6.3,1,2026-08-19T14:08:17.085216,A
2017,14,00-0029293,M.Jones,WR,DET,14.311427068630884,9.4,1,2026-08-19T14:08:17.085216,A
2017,14,00-0029319,J.Bellamy,WR,CHI,6.269042303575075,7.2,1,2026-08-19T14:08:17.085216,A
2017,14,00-0029336,B.Golden,WR,ARI,2.5963309565580523,0.0,1,2026-08-19T14:08:17.085216,A
2017,14,00-0029388,D.Thompson,WR,BUF,6.680768722892575,4.4,1,2026-08-19T14:08:17.085216,A
2017,14,00-0029394,B.Bersin,WR,CAR,0.7196076154771598,2.7,1,2026-08-19T14:08:17.085216,A
2017,14,00-0029572,J.Wright,WR,MIN,6.250037960707221,3.3,1,2026-08-19T14:08:17.085216,A
2017,14,00-0029580,R.Matthews,WR,TEN,9.806133530148774,4.9,1,2026-08-19T14:08:17.085216,A
2017,14,00-0029608,T.Hilton,WR,IND,10.807281278821375,4.0,1,2026-08-19T14:08:17.085216,A
2017,14,00-0029632,M.Sanu,WR,ATL,11.271803450654069,20.3,1,2026-08-19T14:08:17.085216,A
2017,14,00-0029638,M.Floyd,WR,MIN,4.589514256515255,1.3,1,2026-08-19T14:08:17.085216,A
2017,14,00-0029640,B.Quick,WR,WAS,3.9469677291981355,1.7,1,2026-08-19T14:08:17.085216,A
2017,14,00-0029664,J.Gordon,WR,CLE,10.043555309840139,15.9,1,2026-08-19T14:08:17.085216,A
2017,14,00-0029708,K.Wright,WR,CHI,6.92149960067843,20.7,1,2026-08-19T14:08:17.085216,A
2017,14,00-0030035,A.Thielen,WR,MIN,13.525699237321199,22.5,1,2026-08-19T14:08:17.085216,A
2017,14,00-0030068,M.Goodwin,WR,SF,10.49415803520457,16.6,1,2026-08-19T14:08:17.085216,A
2017,14,00-0030085,K.Stills,WR,MIA,12.487204487902513,3.8,1,2026-08-19T14:08:17.085216,A
2017,14,00-0030147,R.Shepard,WR,CAR,6.320576876370401,0.8,1,2026-08-19T14:08:17.085216,A
2017,14,00-0030279,K.Allen,WR,LAC,19.713218375419032,17.1,1,2026-08-19T14:08:17.085216,A
2017,14,00-0030300,J.Brown,WR,ARI,5.777579953009969,3.5,1,2026-08-19T14:08:17.085216,A
2017,14,00-0030460,M.Wheaton,WR,CHI,1.3300266396762817,0.0,1,2026-08-19T14:08:17.085216,A
2017,14,00-0030521,J.Hunter,WR,PIT,2.481199580441871,0.0,1,2026-08-19T14:08:17.085216,A
2017,14,00-0030525,T.Austin,WR,LA,4.3101180674830895,0.6,1,2026-08-19T14:08:17.085216,A
2017,14,00-0030542,T.Williams,WR,DAL,10.169273602212133,5.5,1,2026-08-19T14:08:17.085216,A
2017,14,00-0030564,D.Hopkins,WR,HOU,16.402891932107508,35.9,1,2026-08-19T14:08:17.085216,A
2017,14,00-0030663,W.Snead,WR,NO,4.660475107319221,1.0,1,2026-08-19T14:08:17.085216,A
2017,14,00-0030669,A.Wilson,WR,KC,8.273906440137115,12.2,1,2026-08-19T14:08:17.085216,A
2017,14,00-0030670,B.Fowler,WR,DEN,6.05849334940317,0.0,1,2026-08-19T14:08:17.085216,A
2017,14,00-0030737,F.Martino,WR,TB,0.13079775635569516,2.9,1,2026-08-19T14:08:17.085216,A
2017,14,00-0030801,B.Coleman,WR,NO,5.149615929229005,5.2,1,2026-08-19T14:08:17.085216,A
2017,14,00-0031025,M.Campanaro,WR,BAL,2.061174682229905,1.8,1,2026-08-19T14:08:17.085216,A
2017,14,00-0031060,D.Thomas,WR,KC,2.925557931721196,0.0,1,2026-08-19T14:08:17.085216,A
2017,14,00-0031068,R.Grant,WR,WAS,9.039173109214655,3.8,1,2026-08-19T14:08:17.085216,A
2017,14,00-0031166,S.Roberts,WR,LV,8.761878258929073,5.4,1,2026-08-19T14:08:17.085216,A
2017,14,00-0031189,T.Jones,WR,DET,2.321542542718794,5.6,1,2026-08-19T14:08:17.085216,A
2017,14,00-0031228,T.Gabriel,WR,ATL,6.808870536278083,2.9,1,2026-08-19T14:08:17.085216,A
2017,14,00-0031236,B.Cooks,WR,NE,13.924148832345661,4.8,1,2026-08-19T14:08:17.085216,A
2017,14,00-0031257,P.Richardson,WR,SEA,9.362795332394105,16.2,1,2026-08-19T14:08:17.085216,A
2017,14,00-0031325,S.Watkins,WR,LA,11.272626912614315,11.1,1,2026-08-19T14:08:17.085216,A
2017,14,00-0031344,C.Latimer,WR,DEN,4.7958384115696076,5.7,1,2026-08-19T14:08:17.085216,A
2017,14,00-0031359,K.Benjamin,WR,BUF,7.783518841380989,9.7,1,2026-08-19T14:08:17.085216,A
2017,14,00-0031373,M.Bryant,WR,PIT,7.942504046902102,9.3,1,2026-08-19T14:08:17.085216,A
2017,14,00-0031381,D.Adams,WR,GB,13.922902504972345,30.4,1,2026-08-19T14:08:17.085216,A
2017,14,00-0031382,J.Landry,WR,MIA,13.400845641040002,24.6,1,2026-08-19T14:08:17.085216,A
2017,14,00-0031408,M.Evans,WR,TB,13.750825707298088,4.5,1,2026-08-19T14:08:17.085216,A
2017,14,00-0031431,M.Lee,WR,JAX,10.562463129432794,11.5,1,2026-08-19T14:08:17.085216,A
2017,14,00-0031511,D.White,WR,HOU,0.06837061396787858,3.4,1,2026-08-19T14:08:17.085216,A
2017,14,00-0031544,A.Cooper,WR,LV,10.082068921913669,0.0,1,2026-08-19T14:08:17.085216,A
2017,14,00-0031547,D.Parker,WR,MIA,8.326280208078687,8.0,1,2026-08-19T14:08:17.085216,A
2017,14,00-0031549,N.Agholor,WR,PHI,12.050794688487759,14.4,1,2026-08-19T14:08:17.085216,A
2017,14,00-0031570,J.Hardy,WR,ATL,4.278843570749467,0.0,1,2026-08-19T14:08:17.085216,A
2017,14,00-0031588,S.Diggs,WR,MIN,12.026128202501276,12.4,1,2026-08-19T14:08:17.085216,A
2017,14,00-0031697,J.Taylor,WR,DEN,1.9390142507514088,0.0,1,2026-08-19T14:08:17.085216,A
2017,14,00-0031782,E.Rogers,WR,PIT,5.013670482390186,6.3,1,2026-08-19T14:08:17.085216,A
2017,14,00-0031834,L.Pinkard,WR,JAX,0.0,1.5,1,2026-08-19T14:08:17.085216,A
2017,14,00-0031868,D.Byrd,WR,CAR,3.058263416692801,8.7,1,2026-08-19T14:08:17.085216,A
2017,14,00-0031941,J.Crowder,WR,WAS,13.723498426667298,6.4,1,2026-08-19T14:08:17.085216,A
2017,14,00-0032009,A.Humphries,WR,TB,7.5112860599700255,5.5,1,2026-08-19T14:08:17.085216,A
2017,14,00-0032112,J.Nelson,WR,ARI,7.133758362732681,4.6,1,2026-08-19T14:08:17.085216,A
2017,14,00-0032115,K.Clay,WR,CAR,1.468255912777054,0.0,1,2026-08-19T14:08:17.085216,A
2017,14,00-0032160,T.Williams,WR,LAC,7.546750400943516,23.2,1,2026-08-19T14:08:17.085216,A
2017,14,00-0032211,T.Lockett,WR,SEA,6.8133555167283975,20.0,1,2026-08-19T14:08:17.085216,A
2017,14,00-0032355,C.Rogers,WR,IND,8.000106409707664,2.6,1,2026-08-19T14:08:17.085216,A
2017,14,00-0032385,S.Shepard,WR,NYG,12.903705962287123,2.7,1,2026-08-19T14:08:17.085216,A
2017,14,00-0032398,C.Moore,WR,BAL,5.408992551651435,13.8,1,2026-08-19T14:08:17.085216,A
2017,14,00-0032423,T.Davis,WR,GB,1.3407378348026318,0.0,1,2026-08-19T14:08:17.085216,A
2017,14,00-0032464,K.Raymond,WR,NYG,3.225887500480206,0.0,1,2026-08-19T14:08:17.085216,A
2017,14,00-0032475,T.McEvoy,WR,SEA,1.8255749464655178,0.0,1,2026-08-19T14:08:17.085216,A
2017,14,00-0032543,A.Erickson,WR,CIN,1.0974192785209584,1.9,1,2026-08-19T14:08:17.085216,A
2017,14,00-0032626,G.Allison,WR,GB,1.5287964883314602,6.9,1,2026-08-19T14:08:17.085216,A
2017,14,00-0032656,D.Powe,WR,NYG,2.328783166962891,3.3,1,2026-08-19T14:08:17.085216,A
2017,14,00-0032659,Ro.Lewis,WR,NYG,6.051282536618448,11.6,1,2026-08-19T14:08:17.085216,A
2017,14,00-0032688,R.Chosen,WR,NYJ,12.421970680382682,5.7,1,2026-08-19T14:08:17.085216,A
2017,14,00-0032760,J.Doctson,WR,WAS,4.890510205443258,6.4,1,2026-08-19T14:08:17.085216,A
2017,14,00-0032765,M.Thomas,WR,NO,14.675840207168497,27.7,1,2026-08-19T14:08:17.085216,A
2017,14,00-0032775,D.Robinson,WR,KC,4.319607795765417,0.0,1,2026-08-19T14:08:17.085216,A
2017,14,00-0032791,J.Grant,WR,MIA,1.4191168586044163,12.2,1,2026-08-19T14:08:17.085216,A
2017,14,00-0032881,T.Lewis,WR,NO,3.128924167013427,11.0,1,2026-08-19T14:08:17.085216,A
2017,14,00-0032926,K.Brent,WR,IND,0.0,0.0,1,2026-08-19T14:08:17.085216,A
2017,14,00-0032935,J.Holton,WR,LV,5.571916438264589,1.8,1,2026-08-19T14:08:17.085216,A
2017,14,00-0032951,L.Treadwell,WR,MIN,4.471858984275834,4.3,1,2026-08-19T14:08:17.085216,A
2017,14,00-0032966,C.Coleman,WR,CLE,9.893947761891301,17.2,1,2026-08-19T14:08:17.085216,A
2017,14,00-0032977,R.Higgins,WR,CLE,3.8126250507509862,0.0,1,2026-08-19T14:08:17.085216,A
2017,14,00-0033006,J.Mickens,WR,JAX,1.7702601819441224,0.0,1,2026-08-19T14:08:17.085216,A
2017,14,00-0033009,T.Boyd,WR,CIN,5.850242061925295,2.5,1,2026-08-19T14:08:17.085216,A
2017,14,00-0033040,T.Hill,WR,KC,15.354680904140316,11.5,1,2026-08-19T14:08:17.085216,A
2017,14,00-0033060,L.Carroo,WR,MIA,2.328260652013702,0.0,1,2026-08-19T14:08:17.085216,A
2017,14,00-0033079,R.Louis,WR,CLE,2.9038083150404894,0.0,1,2026-08-19T14:08:17.085216,A
2017,14,00-0033094,M.Hall,WR,ATL,3.91683484563038,0.0,1,2026-08-19T14:08:17.085216,A
2017,14,00-0033111,P.Cooper,WR,LA,3.4778720645564807,1.1,1,2026-08-19T14:08:17.085216,A
2017,14,00-0033114,M.Thomas,WR,LA,2.913524740378228,1.6,1,2026-08-19T14:08:17.085216,A
2017,14,00-0033127,W.Fuller,WR,HOU,11.404341338206315,5.6,1,2026-08-19T14:08:17.085216,A
2017,14,00-0033266,J.Natson,WR,NYJ,1.6238853293774325,0.0,1,2026-08-19T14:08:17.085216,A
2017,14,00-0033292,T.Taylor,WR,SF,7.614576354072437,3.1,1,2026-08-19T14:08:17.085216,A
2017,14,00-0033307,K.Bourne,WR,SF,4.618147872745968,4.9,1,2026-08-19T14:08:17.085216,A
2017,14,00-0033464,J.Chesson,WR,KC,1.433926743870361,0.0,1,2026-08-19T14:08:17.085216,A
2017,14,00-0033536,M.Williams,WR,LAC,5.072999346386418,1.3,1,2026-08-19T14:08:17.085216,A
2017,14,00-0033555,M.Hollins,WR,PHI,4.492500654285057,0.0,1,2026-08-19T14:08:17.085216,A
2017,14,00-0033562,R.Switzer,WR,DAL,0.2370923352938789,0.0,1,2026-08-19T14:08:17.085216,A
2017,14,00-0033591,N.Brown,WR,DAL,2.0503942931059487,0.0,1,2026-08-19T14:08:17.085216,A
2017,14,00-0033681,K.Cole,WR,JAX,5.733984469619196,18.9,1,2026-08-19T14:08:17.085216,A
2017,14,00-0033839,D.Westbrook,WR,JAX,6.842943308503507,19.1,1,2026-08-19T14:08:17.085216,A
2017,14,00-0033840,C.Hansen,WR,NYJ,3.0429564705982286,0.0,1,2026-08-19T14:08:17.085216,A
2017,14,00-0033859,J.Malone,WR,CIN,2.06893423779302,0.0,1,2026-08-19T14:08:17.085216,A
2017,14,00-0033871,C.Davis,WR,TEN,9.245038219996264,5.9,1,2026-08-19T14:08:17.085216,A
2017,14,00-0033891,Z.Jones,WR,BUF,9.049549667373407,0.0,1,2026-08-19T14:08:17.085216,A
2017,14,00-0033911,T.Taylor,WR,TEN,4.8869162184700805,0.0,1,2026-08-19T14:08:17.085216,A
2017,14,00-0033916,A.Stewart,WR,NYJ,0.4113390125359837,0.0,1,2026-08-19T14:08:17.085216,A
2017,14,00-0033921,C.Godwin,WR,TB,5.737223641357629,11.8,1,2026-08-19T14:08:17.085216,A
2017,14,00-0033932,K.Golladay,WR,DET,8.327122579602623,5.6,1,2026-08-19T14:08:17.085216,A
2017,14,00-0033933,C.Williams,WR,ARI,3.97910788509652,3.3,1,2026-08-19T14:08:17.085216,A
2017,14,00-0033937,A.Darboh,WR,SEA,0.41262168938127486,0.0,1,2026-08-19T14:08:17.085216,A
2017,14,00-0033943,J.Reynolds,WR,LA,7.5867265978688625,3.7,1,2026-08-19T14:08:17.085216,A
2017,14,00-0021547,A.Gates,TE,LAC,5.919506938140568,0.0,1,2026-08-19T14:08:17.085216,A
2017,14,00-0022127,J.Witten,TE,DAL,10.267790250092993,9.0,1,2026-08-19T14:08:17.085216,A
2017,14,00-0022943,B.Watson,TE,BAL,7.673182793374773,0.0,1,2026-08-19T14:08:17.085216,A
2017,14,00-0024221,V.Davis,TE,WAS,7.716915908769659,10.6,1,2026-08-19T14:08:17.085216,A
2017,14,00-0024243,M.Lewis,TE,JAX,5.913178427963542,0.0,1,2026-08-19T14:08:17.085216,A
2017,14,00-0024268,A.Fasano,TE,MIA,2.551849570228856,2.7,1,2026-08-19T14:08:17.085216,A
2017,14,00-0024389,De.Walker,TE,TEN,11.271654504884836,9.2,1,2026-08-19T14:08:17.085216,A
2017,14,00-0025418,G.Olsen,TE,CAR,5.448811724012112,0.0,1,2026-08-19T14:08:17.085216,A
2017,14,00-0025549,B.Celek,TE,PHI,2.7702897402443156,7.5,1,2026-08-19T14:08:17.085216,A
2017,14,00-0027061,J.Cook,TE,LV,9.76076993725737,18.5,1,2026-08-19T14:08:17.085216,A
2017,14,00-0027215,L.Paulsen,TE,SF,0.21770319837321145,0.0,1,2026-08-19T14:08:17.085216,A
2017,14,00-0027321,J.Cumberland,TE,LAC,0.33564790674325035,1.0,1,2026-08-19T14:08:17.085216,A
2017,14,00-0027675,E.Dickson,TE,CAR,5.470808561460465,0.0,1,2026-08-19T14:08:17.085216,A
2017,14,00-0027696,J.Graham,TE,SEA,10.923282434771618,0.0,1,2026-08-19T14:08:17.085216,A
2017,14,00-0027732,M.Hoomanawanui,TE,NO,2.2601368650491,0.0,1,2026-08-19T14:08:17.085216,A
2017,14,00-0027873,J.Gresham,TE,ARI,6.1755690055366745,4.7,1,2026-08-19T14:08:17.085216,A
2017,14,00-0027981,K.Rudolph,TE,MIN,9.13416270882993,13.1,1,2026-08-19T14:08:17.085216,A
2017,14,00-0027985,L.Kendricks,TE,GB,3.638805083017668,3.1,1,2026-08-19T14:08:17.085216,A
2017,14,00-0028067,J.Thomas,TE,MIA,7.264132215761817,3.1,1,2026-08-19T14:08:17.085216,A
2017,14,00-0028093,N.Paul,TE,WAS,3.8758265712963453,2.5,1,2026-08-19T14:08:17.085216,A
2017,14,00-0028097,L.Smith,TE,LV,1.977495840530974,0.0,1,2026-08-19T14:08:17.085216,A
2017,14,00-0028112,C.Clay,TE,BUF,7.386761643864785,3.1,1,2026-08-19T14:08:17.085216,A
2017,14,00-0028142,V.Green,TE,DEN,4.711622796970649,0.0,1,2026-08-19T14:08:17.085216,A
2017,14,00-0028903,G.Celek,TE,SF,7.034111849833328,14.7,1,2026-08-19T14:08:17.085216,A
2017,14,00-0028987,P.Supernaw,TE,TEN,1.7559271602279676,0.0,1,2026-08-19T14:08:17.085216,A
2017,14,00-0029119,D.Carrier,TE,LA,1.456711226001108,0.0,1,2026-08-19T14:08:17.085216,A
2017,14,00-0029391,S.McGrath,TE,LAC,0.7282807964810356,0.0,1,2026-08-19T14:08:17.085216,A
2017,14,00-0029414,O.Charles,TE,KC,2.237419658436027,0.0,1,2026-08-19T14:08:17.085216,A
2017,14,00-0029587,R.Ellison,TE,NYG,3.768179605421599,12.0,1,2026-08-19T14:08:17.085216,A
2017,14,00-0029634,J.Hanna,TE,DAL,2.4942177620948653,2.6,1,2026-08-19T14:08:17.085216,A
2017,14,00-0029689,D.Allen,TE,NE,3.9085809464111776,3.0,1,2026-08-19T14:08:17.085216,A
2017,14,00-0029738,D.Fells,TE,DET,3.8043008960014033,3.3,1,2026-08-19T14:08:17.085216,A
2017,14,00-0029793,B.Williams,TE,IND,0.26107280202422145,2.8,1,2026-08-19T14:08:17.085216,A
2017,14,00-0029878,M.Gray,TE,MIA,0.2365322879803753,2.2,1,2026-08-19T14:08:17.085216,A
2017,14,00-0030089,L.Willson,TE,SEA,2.3047063031238744,2.2,1,2026-08-19T14:08:17.085216,A
2017,14,00-0030155,D.Harris,TE,KC,2.4663509408914814,3.5,1,2026-08-19T14:08:17.085216,A
2017,14,00-0030181,J.Doyle,TE,IND,9.462659264197885,8.4,1,2026-08-19T14:08:17.085216,A
2017,14,00-0030216,J.Hill,TE,NO,3.0859397799692783,3.4,1,2026-08-19T14:08:17.085216,A
2017,14,00-0030422,D.Sims,TE,CHI,5.989331721080818,5.2,1,2026-08-19T14:08:17.085216,A
2017,14,00-0030443,L.Toilolo,TE,ATL,4.1119194006739335,1.7,1,2026-08-19T14:08:17.085216,A
2017,14,00-0030470,V.McDonald,TE,PIT,5.331720960633648,9.2,1,2026-08-19T14:08:17.085216,A
2017,14,00-0030506,T.Kelce,TE,KC,14.267719744325417,14.4,1,2026-08-19T14:08:17.085216,A
2017,14,00-0030710,T.Burton,TE,PHI,4.15863119364334,24.1,1,2026-08-19T14:08:17.085216,A
2017,14,00-0030780,R.Hewitt,TE,CIN,1.4505585791857278,1.6,1,2026-08-19T14:08:17.085216,A
2017,14,00-0031035,X.Grimble,TE,PIT,1.7112966735223607,0.0,1,2026-08-19T14:08:17.085216,A
2017,14,00-0031044,T.Niklas,TE,ARI,1.179959014335817,1.7,1,2026-08-19T14:08:17.085216,A
2017,14,00-0031260,L.Thomas,TE,BUF,2.925951255063887,0.0,1,2026-08-19T14:08:17.085216,A
2017,14,00-0031273,C.Brate,TE,TB,8.876564179147222,2.1,1,2026-08-19T14:08:17.085216,A
2017,14,00-0031384,R.Rodgers,TE,GB,3.7820096991910424,0.0,1,2026-08-19T14:08:17.085216,A
2017,14,00-0031387,E.Ebron,TE,DET,8.220443318714045,17.4,1,2026-08-19T14:08:17.085216,A
2017,14,00-0031418,A.Seferian-Jenkins,TE,NYJ,8.04449116806348,1.1,1,2026-08-19T14:08:17.085216,A
2017,14,00-0031484,C.Manhertz,TE,CAR,0.30078094305352066,1.6,1,2026-08-19T14:08:17.085216,A
2017,14,00-0031533,R.Telfer,TE,CLE,0.2549397181700326,2.2,1,2026-08-19T14:08:17.085216,A
2017,14,00-0031558,M.Williams,TE,BAL,3.42447652077087,0.0,1,2026-08-19T14:08:17.085216,A
2017,14,00-0031585,M.Pruitt,TE,HOU,1.5395484018835845,0.0,1,2026-08-19T14:08:17.085216,A
2017,14,00-0031598,N.Boyle,TE,BAL,3.3751636168308585,1.1,1,2026-08-19T14:08:17.085216,A
2017,14,00-0031690,E.Tomlinson,TE,NYJ,1.8594057950469827,0.0,1,2026-08-19T14:08:17.085216,A
2017,14,00-0031951,J.O'Shaughnessy,TE,JAX,2.970835978847639,0.0,1,2026-08-19T14:08:17.085216,A
2017,14,00-0032055,D.Funchess,TE,CAR,14.215010377208035,14.9,1,2026-08-19T14:08:17.085216,A
2017,14,00-0032062,B.Bell,TE,MIN,1.1050764956778516,2.7,1,2026-08-19T14:08:17.085216,A
2017,14,00-0032098,D.Brown,TE,CHI,3.4901865746290204,2.9,1,2026-08-19T14:08:17.085216,A
2017,14,00-0032117,N.O'Leary,TE,BUF,2.92099934571342,1.9,1,2026-08-19T14:08:17.085216,A
2017,14,00-0032134,C.Uzomah,TE,CIN,2.460368276064414,0.0,1,2026-08-19T14:08:17.085216,A
2017,14,00-0032135,J.James,TE,PIT,7.016704402251956,19.7,1,2026-08-19T14:08:17.085216,A
2017,14,00-0032139,B.Koyack,TE,JAX,0.8427539463374647,0.0,1,2026-08-19T14:08:17.085216,A
2017,14,00-0032141,G.Swaim,TE,DAL,1.2497915364448033,0.0,1,2026-08-19T14:08:17.085216,A
2017,14,00-0032214,T.Kroft,TE,CIN,6.849920265993352,0.0,1,2026-08-19T14:08:17.085216,A
2017,14,00-0032227,J.Heuerman,TE,DEN,2.691764290582342,1.5,1,2026-08-19T14:08:17.085216,A
2017,14,00-0032256,C.Walford,TE,LV,3.0157787886569,3.3,1,2026-08-19T14:08:17.085216,A
2017,14,00-0032319,R.Travis,TE,IND,0.046381582417069134,0.0,1,2026-08-19T14:08:17.085216,A
2017,14,00-0032392,A.Hooper,TE,ATL,8.356054414042896,4.3,1,2026-08-19T14:08:17.085216,A
2017,14,00-0032394,N.Vannett,TE,SEA,3.6502186561649093,0.0,1,2026-08-19T14:08:17.085216,A
2017,14,00-0032429,J.Adams,TE,NYG,1.1390389142771196,0.0,1,2026-08-19T14:08:17.085216,A
2017,14,00-0032725,S.Anderson,TE,HOU,6.119100509084651,3.6,1,2026-08-19T14:08:17.085216,A
2017,14,00-0033043,A.Traylor,TE,DEN,3.1856988723561415,0.0,1,2026-08-19T14:08:17.085216,A
2017,14,00-0033080,S.DeValve,TE,CLE,4.1448024497295854,3.6,1,2026-08-19T14:08:17.085216,A
2017,14,00-0033090,H.Henry,TE,LAC,10.845127620002883,15.0,1,2026-08-19T14:08:17.085216,A
2017,14,00-0033110,T.Higbee,TE,LA,5.423042382753659,0.0,1,2026-08-19T14:08:17.085216,A
2017,14,00-0033288,G.Kittle,TE,SF,5.1134403918687505,3.0,1,2026-08-19T14:08:17.085216,A
2017,14,00-0033387,J.Hollister,TE,NE,1.0361631314733042,0.0,1,2026-08-19T14:08:17.085216,A
2017,14,00-0033421,A.Auclair,TE,TB,2.039155235726282,0.0,1,2026-08-19T14:08:17.085216,A
2017,14,00-0033528,J.Sprinkle,TE,WAS,1.28837001485272,0.0,1,2026-08-19T14:08:17.085216,A
2017,14,00-0033559,M.Roberts,TE,DET,0.5987030064435748,2.8,1,2026-08-19T14:08:17.085216,A
2017,14,00-0033611,R.Seals-Jones,TE,ARI,10.086845213903004,3.0,1,2026-08-19T14:08:17.085216,A
2017,14,00-0033858,J.Smith,TE,TEN,2.6708048355323735,0.0,1,2026-08-19T14:08:17.085216,A
2017,14,00-0033879,O.Howard,TE,TB,7.199617052936985,13.4,1,2026-08-19T14:08:17.085216,A
2017,14,00-0033881,E.Engram,TE,NYG,11.139902908132392,9.4,1,2026-08-19T14:08:17.085216,A
2017,14,00-0033885,D.Njoku,TE,CLE,7.52393731531099,1.3,1,2026-08-19T14:08:17.085216,A
2017,14,00-0033895,G.Everett,TE,LA,5.179563913490675,1.6,1,2026-08-19T14:08:17.085216,A
2017,14,00-0033896,A.Shaheen,TE,CHI,3.0390741386568454,14.4,1,2026-08-19T14:08:17.085216,A
2017,15,00-0023500,F.Gore,RB,IND,12.575404939367424,9.8,1,2026-08-19T14:08:17.085216,A
2017,15,00-0025399,M.Lynch,RB,LV,11.788570486845847,12.2,1,2026-08-19T14:08:17.085216,A
2017,15,00-0026019,D.Woodhead,RB,BAL,8.451409330053309,9.2,1,2026-08-19T14:08:17.085216,A
2017,15,00-0026153,J.Stewart,RB,CAR,13.811483254619146,4.6,1,2026-08-19T14:08:17.085216,A
2017,15,00-0026184,M.Forte,RB,NYJ,8.847387915506276,5.4,1,2026-08-19T14:08:17.085216,A
2017,15,00-0026213,J.Charles,RB,DEN,5.252519383114592,0.0,1,2026-08-19T14:08:17.085216,A
2017,15,00-0027029,L.McCoy,RB,BUF,16.610669590706674,25.6,1,2026-08-19T14:08:17.085216,A
2017,15,00-0027325,L.Blount,RB,PHI,8.231780863331387,2.1,1,2026-08-19T14:08:17.085216,A
2017,15,00-0027531,C.Ivory,RB,JAX,5.834478970807554,4.2,1,2026-08-19T14:08:17.085216,A
2017,15,00-0027966,M.Ingram,RB,NO,19.27532716534373,32.1,1,2026-08-19T14:08:17.085216,A
2017,15,00-0027994,S.Vereen,RB,NYG,5.385255464678774,8.0,1,2026-08-19T14:08:17.085216,A
2017,15,00-0028009,D.Murray,RB,TEN,16.04054295018325,7.3,1,2026-08-19T14:08:17.085216,A
2017,15,00-0028064,B.Powell,RB,NYJ,8.922596054950587,10.4,1,2026-08-19T14:08:17.085216,A
2017,15,00-0028083,J.Rodgers,RB,TB,3.1047314441958567,0.0,1,2026-08-19T14:08:17.085216,A
2017,15,00-0028087,D.Lewis,RB,NE,10.90227715866706,15.0,1,2026-08-19T14:08:17.085216,A
2017,15,00-0029141,A.Morris,RB,DAL,10.982565436557174,8.1,1,2026-08-19T14:08:17.085216,A
2017,15,00-0029205,T.Cadet,RB,BUF,5.0981442118003715,4.8,1,2026-08-19T14:08:17.085216,A
2017,15,00-0029615,L.Miller,RB,HOU,12.326285976435464,5.3,1,2026-08-19T14:08:17.085216,A
2017,15,00-0029731,F.Whittaker,RB,CAR,3.5947545063062414,0.3,1,2026-08-19T14:08:17.085216,A
2017,15,00-0029795,B.Cunningham,RB,CHI,2.825427436312232,13.3,1,2026-08-19T14:08:17.085216,A
2017,15,00-0029854,C.Anderson,RB,DEN,12.554270156302923,15.8,1,2026-08-19T14:08:17.085216,A
2017,15,00-0030107,T.Riddick,RB,DET,14.4555650826423,7.1,1,2026-08-19T14:08:17.085216,A
2017,15,00-0030117,K.Williams,RB,ARI,8.57468026334196,6.1,1,2026-08-19T14:08:17.085216,A
2017,15,00-0030288,R.Burkhead,RB,NE,12.710546556404761,8.7,1,2026-08-19T14:08:17.085216,A
2017,15,00-0030456,G.Bernard,RB,CIN,12.667527981130359,13.3,1,2026-08-19T14:08:17.085216,A
2017,15,00-0030465,K.Barner,RB,PHI,3.530779580458253,2.1,1,2026-08-19T14:08:17.085216,A
2017,15,00-0030496,L.Bell,RB,PIT,21.28377667498911,27.5,1,2026-08-19T14:08:17.085216,A
2017,15,00-0030513,L.Murray,RB,MIN,12.864763163800934,17.4,1,2026-08-19T14:08:17.085216,A
2017,15,00-0030578,C.Patterson,RB,LV,7.600718209664083,1.3,1,2026-08-19T14:08:17.085216,A
2017,15,00-0030656,I.Crowell,RB,CLE,12.103612539908704,10.5,1,2026-08-19T14:08:17.085216,A
2017,15,00-0030668,C.West,RB,KC,5.8545754826286425,0.6,1,2026-08-19T14:08:17.085216,A
2017,15,00-0030860,O.Darkwa,RB,NYG,5.792680840485728,8.6,1,2026-08-19T14:08:17.085216,A
2017,15,00-0031045,C.Hyde,RB,SF,15.877461358365082,5.9,1,2026-08-19T14:08:17.085216,A
2017,15,00-0031062,J.White,RB,NE,10.852075890797208,2.8,1,2026-08-19T14:08:17.085216,A
2017,15,00-0031075,A.Blue,RB,HOU,3.811406400701065,5.5,1,2026-08-19T14:08:17.085216,A
2017,15,00-0031085,J.Prosch,RB,HOU,0.908267186726052,1.3,1,2026-08-19T14:08:17.085216,A
2017,15,00-0031102,K.Bibbs,RB,WAS,4.0741717548441105,15.3,1,2026-08-19T14:08:17.085216,A
2017,15,00-0031277,B.Oliver,RB,LAC,4.0278077342321135,0.0,1,2026-08-19T14:08:17.085216,A
2017,15,00-0031285,D.Freeman,RB,ATL,11.592936626066436,30.4,1,2026-08-19T14:08:17.085216,A
2017,15,00-0031332,F.Toussaint,RB,PIT,1.0133654937548298,0.3,1,2026-08-19T14:08:17.085216,A
2017,15,00-0031376,J.McKinnon,RB,MIN,12.934499947072567,20.8,1,2026-08-19T14:08:17.085216,A
2017,15,00-0031390,C.Sims,RB,TB,5.6684920559784935,4.6,1,2026-08-19T14:08:17.085216,A
2017,15,00-0031577,J.Allen,RB,BAL,8.149405904405633,8.4,1,2026-08-19T14:08:17.085216,A
2017,15,00-0031590,J.Ajayi,RB,PHI,10.626086514258333,10.9,1,2026-08-19T14:08:17.085216,A
2017,15,00-0031682,T.Ward,RB,ATL,4.18966963412509,5.6,1,2026-08-19T14:08:17.085216,A
2017,15,00-0031731,C.Grant,RB,JAX,5.41179620801981,12.9,1,2026-08-19T14:08:17.085216,A
2017,15,00-0031743,A.Hunt,RB,KC,1.0020972968331894,0.0,1,2026-08-19T14:08:17.085216,A
2017,15,00-0031806,M.Brown,RB,LA,4.0327886873551435,4.5,1,2026-08-19T14:08:17.085216,A
2017,15,00-0031900,R.Smith,RB,DAL,8.759676414634432,12.4,1,2026-08-19T14:08:17.085216,A
2017,15,00-0032063,M.Davis,RB,SEA,11.35661931948722,5.9,1,2026-08-19T14:08:17.085216,A
2017,15,00-0032104,A.Abdullah,RB,DET,12.001643033822878,5.1,1,2026-08-19T14:08:17.085216,A
2017,15,00-0032144,M.Gordon,RB,LAC,15.711210672849564,28.9,1,2026-08-19T14:08:17.085216,A
2017,15,00-0032209,T.Yeldon,RB,JAX,7.354825678330555,9.2,1,2026-08-19T14:08:17.085216,A
2017,15,00-0032241,T.Gurley,RB,LA,19.66037881770698,45.0,1,2026-08-19T14:08:17.085216,A
2017,15,00-0032257,D.Johnson,RB,CLE,11.113222195236133,15.3,1,2026-08-19T14:08:17.085216,A
2017,15,00-0032377,J.Ferguson,RB,IND,2.587366097697264,0.0,1,2026-08-19T14:08:17.085216,A
2017,15,00-0032426,A.Collins,RB,BAL,12.275563091229772,10.2,1,2026-08-19T14:08:17.085216,A
2017,15,00-0032577,D.Foster,RB,ARI,5.508734254948808,6.2,1,2026-08-19T14:08:17.085216,A
2017,15,00-0032602,J.McKissic,RB,SEA,8.958252644400272,8.8,1,2026-08-19T14:08:17.085216,A
2017,15,00-0032741,P.Barber,RB,TB,8.33510912064907,7.8,1,2026-08-19T14:08:17.085216,A
2017,15,00-0032780,J.Howard,RB,CHI,12.219778715430197,10.3,1,2026-08-19T14:08:17.085216,A
2017,15,00-0032813,E.Penny,RB,ARI,3.4508475075141942,4.5,1,2026-08-19T14:08:17.085216,A
2017,15,00-0032940,D.Washington,RB,LV,6.883910626683007,3.9,1,2026-08-19T14:08:17.085216,A
2017,15,00-0032972,D.Booker,RB,DEN,7.825753865363386,5.9,1,2026-08-19T14:08:17.085216,A
2017,15,00-0033025,J.Richard,RB,LV,5.640692009914096,4.1,1,2026-08-19T14:08:17.085216,A
2017,15,00-0033118,K.Drake,RB,MIA,15.501985972415637,23.3,1,2026-08-19T14:08:17.085216,A
2017,15,00-0033293,A.Jones,RB,GB,5.776340151218785,6.3,1,2026-08-19T14:08:17.085216,A
2017,15,00-0033295,E.McGuire,RB,NYJ,1.902584702547056,16.2,1,2026-08-19T14:08:17.085216,A
2017,15,00-0033308,M.Breida,RB,SF,7.425238474666459,1.6,1,2026-08-19T14:08:17.085216,A
2017,15,00-0033384,L.Daniels,RB,WAS,2.8185180084097596,0.2,1,2026-08-19T14:08:17.085216,A
2017,15,00-0033526,S.Perine,RB,WAS,14.103044005648755,8.6,1,2026-08-19T14:08:17.085216,A
2017,15,00-0033553,J.Conner,RB,PIT,3.079521449244597,1.3,1,2026-08-19T14:08:17.085216,A
2017,15,00-0033556,T.Cohen,RB,CHI,7.963556222115592,5.7,1,2026-08-19T14:08:17.085216,A
2017,15,00-0033567,B.Hill,RB,CIN,3.8414000575899214,1.2,1,2026-08-19T14:08:17.085216,A
2017,15,00-0033699,A.Ekeler,RB,LAC,7.735648790020229,0.9,1,2026-08-19T14:08:17.085216,A
2017,15,00-0033725,C.Clement,RB,PHI,7.252693353825169,2.8,1,2026-08-19T14:08:17.085216,A
2017,15,00-0033748,Ti.Green,RB,DET,6.288195946784549,3.5,1,2026-08-19T14:08:17.085216,A
2017,15,00-0033906,A.Kamara,RB,NO,14.139197428649048,20.9,1,2026-08-19T14:08:17.085216,A
2017,15,00-0033923,K.Hunt,RB,KC,15.514635011116031,39.6,1,2026-08-19T14:08:17.085216,A
2017,15,00-0033948,J.Williams,RB,GB,14.482862332465416,3.0,1,2026-08-19T14:08:17.085216,A
2017,15,00-0033950,W.Gallman,RB,NYG,7.51402433120783,13.9,1,2026-08-19T14:08:17.085216,A
2017,15,00-0033951,M.Mack,RB,IND,6.750656337543225,1.4,1,2026-08-19T14:08:17.085216,A
2017,15,00-0022921,L.Fitzgerald,WR,ARI,16.23825763966731,11.0,1,2026-08-19T14:08:17.085216,A
2017,15,00-0026035,D.Amendola,WR,NE,11.24444226903651,4.3,1,2026-08-19T14:08:17.085216,A
2017,15,00-0026176,J.Nelson,WR,GB,10.967094545513296,5.8,1,2026-08-19T14:08:17.085216,A
2017,15,00-0026189,D.Jackson,WR,TB,9.586958916196568,2.8,1,2026-08-19T14:08:17.085216,A
2017,15,00-0026293,M.Slater,WR,NE,0.8494764969681772,0.0,1,2026-08-19T14:08:17.085216,A
2017,15,00-0026901,M.Wallace,WR,BAL,9.644709889548325,14.9,1,2026-08-19T14:08:17.085216,A
2017,15,00-0026983,D.Heyward-Bey,WR,PIT,2.8384563498631454,1.3,1,2026-08-19T14:08:17.085216,A
2017,15,00-0026986,M.Crabtree,WR,LV,13.340983834770237,22.9,1,2026-08-19T14:08:17.085216,A
2017,15,00-0026995,J.Maclin,WR,BAL,11.658306098597418,3.2,1,2026-08-19T14:08:17.085216,A
2017,15,00-0027006,K.Britt,WR,NE,6.47768444769946,1.7,1,2026-08-19T14:08:17.085216,A
2017,15,00-0027057,B.Tate,WR,BUF,2.2250427104553356,3.1,1,2026-08-19T14:08:17.085216,A
2017,15,00-0027089,L.Murphy,WR,SF,4.632269317920107,0.0,1,2026-08-19T14:08:17.085216,A
2017,15,00-0027681,B.LaFell,WR,CIN,10.260883679201118,7.3,1,2026-08-19T14:08:17.085216,A
2017,15,00-0027685,E.Sanders,WR,DEN,10.046746023543074,13.8,1,2026-08-19T14:08:17.085216,A
2017,15,00-0027690,E.Decker,WR,TEN,8.62121643083628,11.3,1,2026-08-19T14:08:17.085216,A
2017,15,00-0027793,A.Brown,WR,PIT,20.37852750163242,4.4,1,2026-08-19T14:08:17.085216,A
2017,15,00-0027874,D.Thomas,WR,DEN,14.777595275463893,11.9,1,2026-08-19T14:08:17.085216,A
2017,15,00-0027891,G.Tate,WR,DET,11.144179298563811,6.3,1,2026-08-19T14:08:17.085216,A
2017,15,00-0027902,D.Bryant,WR,DAL,11.649792646230292,7.5,1,2026-08-19T14:08:17.085216,A
2017,15,00-0027942,A.Green,WR,CIN,16.30155196295906,5.0,1,2026-08-19T14:08:17.085216,A
2017,15,00-0027944,J.Jones,WR,ATL,18.40103230590646,8.4,1,2026-08-19T14:08:17.085216,A
2017,15,00-0027996,T.Smith,WR,PHI,10.24412532286015,3.7,1,2026-08-19T14:08:17.085216,A
2017,15,00-0028002,R.Cobb,WR,GB,9.77857488595603,21.4,1,2026-08-19T14:08:17.085216,A
2017,15,00-0028116,A.Robinson,WR,SF,4.081125059333799,1.3,1,2026-08-19T14:08:17.085216,A
2017,15,00-0028263,A.Holmes,WR,BUF,2.8299297669009236,0.0,1,2026-08-19T14:08:17.085216,A
2017,15,00-0028411,D.Inman,WR,CHI,6.521293112377734,1.5,1,2026-08-19T14:08:17.085216,A
2017,15,00-0028434,D.Baldwin,WR,SEA,10.889880165245069,1.6,1,2026-08-19T14:08:17.085216,A
2017,15,00-0028497,K.Aiken,WR,IND,2.09656140884346,0.0,1,2026-08-19T14:08:17.085216,A
2017,15,00-0029000,C.Beasley,WR,DAL,6.909104227512903,2.5,1,2026-08-19T14:08:17.085216,A
2017,15,00-0029137,A.Jeffery,WR,PHI,12.58267106446244,14.9,1,2026-08-19T14:08:17.085216,A
2017,15,00-0029159,J.Kearse,WR,NYJ,13.6259081776855,5.8,1,2026-08-19T14:08:17.085216,A
2017,15,00-0029269,T.Benjamin,WR,LAC,8.213245821159237,2.4,1,2026-08-19T14:08:17.085216,A
2017,15,00-0029293,M.Jones,WR,DET,13.380611243272508,11.5,1,2026-08-19T14:08:17.085216,A
2017,15,00-0029319,J.Bellamy,WR,CHI,6.111113368843099,12.0,1,2026-08-19T14:08:17.085216,A
2017,15,00-0029388,D.Thompson,WR,BUF,5.3957937037517585,2.6,1,2026-08-19T14:08:17.085216,A
2017,15,00-0029394,B.Bersin,WR,CAR,1.6578590534600965,0.0,1,2026-08-19T14:08:17.085216,A
2017,15,00-0029572,J.Wright,WR,MIN,6.8496823777973255,2.1,1,2026-08-19T14:08:17.085216,A
2017,15,00-0029580,R.Matthews,WR,TEN,9.412364433893432,21.5,1,2026-08-19T14:08:17.085216,A
2017,15,00-0029608,T.Hilton,WR,IND,11.769991005664053,9.1,1,2026-08-19T14:08:17.085216,A
2017,15,00-0029632,M.Sanu,WR,ATL,13.19257000374186,4.6,1,2026-08-19T14:08:17.085216,A
2017,15,00-0029638,M.Floyd,WR,MIN,4.824908491772026,0.0,1,2026-08-19T14:08:17.085216,A
2017,15,00-0029640,B.Quick,WR,WAS,5.115926499380961,0.0,1,2026-08-19T14:08:17.085216,A
2017,15,00-0029664,J.Gordon,WR,CLE,11.907844975159696,9.7,1,2026-08-19T14:08:17.085216,A
2017,15,00-0029708,K.Wright,WR,CHI,10.916637749942739,15.1,1,2026-08-19T14:08:17.085216,A
2017,15,00-0030035,A.Thielen,WR,MIN,14.65301777777379,6.0,1,2026-08-19T14:08:17.085216,A
2017,15,00-0030068,M.Goodwin,WR,SF,12.079423234859547,22.4,1,2026-08-19T14:08:17.085216,A
2017,15,00-0030085,K.Stills,WR,MIA,11.261967174006422,1.8,1,2026-08-19T14:08:17.085216,A
2017,15,00-0030091,T.King,WR,NYG,6.405110316508929,21.0,1,2026-08-19T14:08:17.085216,A
2017,15,00-0030147,R.Shepard,WR,CAR,4.471968015627311,0.0,1,2026-08-19T14:08:17.085216,A
2017,15,00-0030279,K.Allen,WR,LAC,17.58913837459542,10.4,1,2026-08-19T14:08:17.085216,A
2017,15,00-0030290,C.Hamilton,WR,HOU,2.1319098973969703,0.0,1,2026-08-19T14:08:17.085216,A
2017,15,00-0030300,J.Brown,WR,ARI,6.52044772141133,1.9,1,2026-08-19T14:08:17.085216,A
2017,15,00-0030431,R.Woods,WR,LA,14.73203810964888,16.5,1,2026-08-19T14:08:17.085216,A
2017,15,00-0030460,M.Wheaton,WR,CHI,1.64691101202984,6.2,1,2026-08-19T14:08:17.085216,A
2017,15,00-0030525,T.Austin,WR,LA,3.1692259976494572,4.4,1,2026-08-19T14:08:17.085216,A
2017,15,00-0030542,T.Williams,WR,DAL,10.27290575065501,4.9,1,2026-08-19T14:08:17.085216,A
2017,15,00-0030564,D.Hopkins,WR,HOU,16.990147313251164,18.0,1,2026-08-19T14:08:17.085216,A
2017,15,00-0030663,W.Snead,WR,NO,5.433081767835688,3.3,1,2026-08-19T14:08:17.085216,A
2017,15,00-0030669,A.Wilson,WR,KC,9.245221716466999,2.5,1,2026-08-19T14:08:17.085216,A
2017,15,00-0030670,B.Fowler,WR,DEN,5.684743549930053,0.0,1,2026-08-19T14:08:17.085216,A
2017,15,00-0030737,F.Martino,WR,TB,0.8564973633835664,2.1,1,2026-08-19T14:08:17.085216,A
2017,15,00-0030801,B.Coleman,WR,NO,6.3047784479693725,0.6,1,2026-08-19T14:08:17.085216,A
2017,15,00-0031025,M.Campanaro,WR,BAL,2.8787032088748346,2.7,1,2026-08-19T14:08:17.085216,A
2017,15,00-0031060,D.Thomas,WR,KC,2.183232759431661,2.6,1,2026-08-19T14:08:17.085216,A
2017,15,00-0031068,R.Grant,WR,WAS,6.448607213784458,4.0,1,2026-08-19T14:08:17.085216,A
2017,15,00-0031166,S.Roberts,WR,LV,8.353788591124959,8.2,1,2026-08-19T14:08:17.085216,A
2017,15,00-0031189,T.Jones,WR,DET,2.963507581132015,11.6,1,2026-08-19T14:08:17.085216,A
2017,15,00-0031228,T.Gabriel,WR,ATL,6.064177580751556,3.9,1,2026-08-19T14:08:17.085216,A
2017,15,00-0031236,B.Cooks,WR,NE,13.070934646067567,16.0,1,2026-08-19T14:08:17.085216,A
2017,15,00-0031257,P.Richardson,WR,SEA,8.695911728372213,3.8,1,2026-08-19T14:08:17.085216,A
2017,15,00-0031325,S.Watkins,WR,LA,11.685397333879152,3.4,1,2026-08-19T14:08:17.085216,A
2017,15,00-0031344,C.Latimer,WR,DEN,5.452508915424095,15.0,1,2026-08-19T14:08:17.085216,A
2017,15,00-0031359,K.Benjamin,WR,BUF,9.59403142479371,4.0,1,2026-08-19T14:08:17.085216,A
2017,15,00-0031373,M.Bryant,WR,PIT,9.510567577749118,15.9,1,2026-08-19T14:08:17.085216,A
2017,15,00-0031381,D.Adams,WR,GB,15.254660650875085,16.7,1,2026-08-19T14:08:17.085216,A
2017,15,00-0031382,J.Landry,WR,MIA,13.95711936112406,19.9,1,2026-08-19T14:08:17.085216,A
2017,15,00-0031408,M.Evans,WR,TB,12.163096633705102,18.9,1,2026-08-19T14:08:17.085216,A
2017,15,00-0031431,M.Lee,WR,JAX,10.478123763702559,0.0,1,2026-08-19T14:08:17.085216,A
2017,15,00-0031511,D.White,WR,HOU,3.3492113292106174,0.0,1,2026-08-19T14:08:17.085216,A
2017,15,00-0031547,D.Parker,WR,MIA,7.951489514032549,14.9,1,2026-08-19T14:08:17.085216,A
2017,15,00-0031549,N.Agholor,WR,PHI,13.035449815375406,18.9,1,2026-08-19T14:08:17.085216,A
2017,15,00-0031570,J.Hardy,WR,ATL,3.0586045732579876,11.3,1,2026-08-19T14:08:17.085216,A
2017,15,00-0031588,S.Diggs,WR,MIN,13.556707851181713,14.7,1,2026-08-19T14:08:17.085216,A
2017,15,00-0031697,J.Taylor,WR,DEN,1.7036041146641259,0.0,1,2026-08-19T14:08:17.085216,A
2017,15,00-0031782,E.Rogers,WR,PIT,7.220735543571792,8.8,1,2026-08-19T14:08:17.085216,A
2017,15,00-0031868,D.Byrd,WR,CAR,6.429647104090547,17.5,1,2026-08-19T14:08:17.085216,A
2017,15,00-0031941,J.Crowder,WR,WAS,13.420041938621825,16.5,1,2026-08-19T14:08:17.085216,A
2017,15,00-0032009,A.Humphries,WR,TB,7.4026885582870765,15.9,1,2026-08-19T14:08:17.085216,A
2017,15,00-0032054,B.Perriman,WR,BAL,4.242325102898134,1.9,1,2026-08-19T14:08:17.085216,A
2017,15,00-0032112,J.Nelson,WR,ARI,7.642692198543022,6.3,1,2026-08-19T14:08:17.085216,A
2017,15,00-0032115,K.Clay,WR,CAR,2.4542863359753735,0.0,1,2026-08-19T14:08:17.085216,A
2017,15,00-0032160,T.Williams,WR,LAC,8.439028279646626,6.1,1,2026-08-19T14:08:17.085216,A
2017,15,00-0032166,S.Coates,WR,CLE,3.343376419540533,1.8,1,2026-08-19T14:08:17.085216,A
2017,15,00-0032208,P.Dorsett,WR,NE,3.6714549524504663,1.4,1,2026-08-19T14:08:17.085216,A
2017,15,00-0032211,T.Lockett,WR,SEA,7.371520363933019,2.8,1,2026-08-19T14:08:17.085216,A
2017,15,00-0032355,C.Rogers,WR,IND,8.169923001314736,0.7,1,2026-08-19T14:08:17.085216,A
2017,15,00-0032362,M.Harris,WR,WAS,1.516212767175841,0.0,1,2026-08-19T14:08:17.085216,A
2017,15,00-0032385,S.Shepard,WR,NYG,12.556175043272718,30.9,1,2026-08-19T14:08:17.085216,A
2017,15,00-0032398,C.Moore,WR,BAL,5.5263813308945515,0.0,1,2026-08-19T14:08:17.085216,A
2017,15,00-0032423,T.Davis,WR,GB,2.2034501933765407,0.0,1,2026-08-19T14:08:17.085216,A
2017,15,00-0032464,K.Raymond,WR,NYG,3.347654416900994,0.0,1,2026-08-19T14:08:17.085216,A
2017,15,00-0032475,T.McEvoy,WR,SEA,1.2777663629045748,0.9,1,2026-08-19T14:08:17.085216,A
2017,15,00-0032543,A.Erickson,WR,CIN,1.5408190061584053,2.1,1,2026-08-19T14:08:17.085216,A
2017,15,00-0032626,G.Allison,WR,GB,3.93356965324939,6.3,1,2026-08-19T14:08:17.085216,A
2017,15,00-0032659,Ro.Lewis,WR,NYG,6.356500622434808,11.4,1,2026-08-19T14:08:17.085216,A
2017,15,00-0032688,R.Chosen,WR,NYJ,13.521450884393031,9.0,1,2026-08-19T14:08:17.085216,A
2017,15,00-0032760,J.Doctson,WR,WAS,5.007000848159073,2.2,1,2026-08-19T14:08:17.085216,A
2017,15,00-0032765,M.Thomas,WR,NO,17.315082965296103,24.3,1,2026-08-19T14:08:17.085216,A
2017,15,00-0032775,D.Robinson,WR,KC,3.375350819479549,0.0,1,2026-08-19T14:08:17.085216,A
2017,15,00-0032791,J.Grant,WR,MIA,3.252152383735841,3.0,1,2026-08-19T14:08:17.085216,A
2017,15,00-0032881,T.Lewis,WR,NO,5.180471738862426,0.6,1,2026-08-19T14:08:17.085216,A
2017,15,00-0032926,K.Brent,WR,IND,0.16244701078887908,0.0,1,2026-08-19T14:08:17.085216,A
2017,15,00-0032935,J.Holton,WR,LV,5.418296667001211,0.0,1,2026-08-19T14:08:17.085216,A
2017,15,00-0032951,L.Treadwell,WR,MIN,5.560741258810861,0.0,1,2026-08-19T14:08:17.085216,A
2017,15,00-0032966,C.Coleman,WR,CLE,8.914111229919268,2.6,1,2026-08-19T14:08:17.085216,A
2017,15,00-0032977,R.Higgins,WR,CLE,4.6680705952923915,3.0,1,2026-08-19T14:08:17.085216,A
2017,15,00-0033006,J.Mickens,WR,JAX,1.4644030986448866,22.1,1,2026-08-19T14:08:17.085216,A
2017,15,00-0033040,T.Hill,WR,KC,13.998925152173854,19.8,1,2026-08-19T14:08:17.085216,A
2017,15,00-0033079,R.Louis,WR,CLE,2.310479463721647,0.0,1,2026-08-19T14:08:17.085216,A
2017,15,00-0033094,M.Hall,WR,ATL,3.0347155359096716,0.0,1,2026-08-19T14:08:17.085216,A
2017,15,00-0033111,P.Cooper,WR,LA,2.8695558167644717,0.0,1,2026-08-19T14:08:17.085216,A
2017,15,00-0033114,M.Thomas,WR,LA,2.070163437546988,0.0,1,2026-08-19T14:08:17.085216,A
2017,15,00-0033127,W.Fuller,WR,HOU,10.973291055934485,9.4,1,2026-08-19T14:08:17.085216,A
2017,15,00-0033266,J.Natson,WR,NYJ,1.6650964534456003,4.4,1,2026-08-19T14:08:17.085216,A
2017,15,00-0033292,T.Taylor,WR,SF,7.345933802398001,8.0,1,2026-08-19T14:08:17.085216,A
2017,15,00-0033307,K.Bourne,WR,SF,4.2368771687661235,12.5,1,2026-08-19T14:08:17.085216,A
2017,15,00-0033449,I.Whitney,WR,LV,2.1132115462513186,0.0,1,2026-08-19T14:08:17.085216,A
2017,15,00-0033536,M.Williams,WR,LAC,6.273003233816027,0.0,1,2026-08-19T14:08:17.085216,A
2017,15,00-0033555,M.Hollins,WR,PHI,4.409651595553645,0.0,1,2026-08-19T14:08:17.085216,A
2017,15,00-0033562,R.Switzer,WR,DAL,1.2326834098694923,0.0,1,2026-08-19T14:08:17.085216,A
2017,15,00-0033572,J.Agnew,WR,DET,2.6340021455797062,1.6,1,2026-08-19T14:08:17.085216,A
2017,15,00-0033591,N.Brown,WR,DAL,3.026247331200802,1.8,1,2026-08-19T14:08:17.085216,A
2017,15,00-0033681,K.Cole,WR,JAX,6.295275741241948,31.6,1,2026-08-19T14:08:17.085216,A
2017,15,00-0033839,D.Westbrook,WR,JAX,8.44975754901407,4.1,1,2026-08-19T14:08:17.085216,A
2017,15,00-0033840,C.Hansen,WR,NYJ,2.1174784947043905,5.1,1,2026-08-19T14:08:17.085216,A
2017,15,00-0033855,C.Thompson,WR,HOU,1.6659214633673658,0.0,1,2026-08-19T14:08:17.085216,A
2017,15,00-0033857,J.Smith-Schuster,WR,PIT,9.327710305755973,17.4,1,2026-08-19T14:08:17.085216,A
2017,15,00-0033859,J.Malone,WR,CIN,2.4948728106239524,0.4,1,2026-08-19T14:08:17.085216,A
2017,15,00-0033871,C.Davis,WR,TEN,8.81753431733121,5.8,1,2026-08-19T14:08:17.085216,A
2017,15,00-0033891,Z.Jones,WR,BUF,7.089957509221677,0.0,1,2026-08-19T14:08:17.085216,A
2017,15,00-0033911,T.Taylor,WR,TEN,4.016534663490341,0.8,1,2026-08-19T14:08:17.085216,A
2017,15,00-0033916,A.Stewart,WR,NYJ,0.2821009015140598,0.0,1,2026-08-19T14:08:17.085216,A
2017,15,00-0033921,C.Godwin,WR,TB,7.560974980914498,2.8,1,2026-08-19T14:08:17.085216,A
2017,15,00-0033932,K.Golladay,WR,DET,8.244882340346997,6.9,1,2026-08-19T14:08:17.085216,A
2017,15,00-0033933,C.Williams,WR,ARI,2.6316909792384378,0.0,1,2026-08-19T14:08:17.085216,A
2017,15,00-0033937,A.Darboh,WR,SEA,0.0,1.8,1,2026-08-19T14:08:17.085216,A
2017,15,00-0033943,J.Reynolds,WR,LA,6.388490516375715,0.0,1,2026-08-19T14:08:17.085216,A
2017,15,00-0021547,A.Gates,TE,LAC,4.71489980756003,8.0,1,2026-08-19T14:08:17.085216,A
2017,15,00-0022127,J.Witten,TE,DAL,9.738149573182621,8.7,1,2026-08-19T14:08:17.085216,A
2017,15,00-0022943,B.Watson,TE,BAL,7.979348391319665,17.4,1,2026-08-19T14:08:17.085216,A
2017,15,00-0024221,V.Davis,TE,WAS,8.846333476784489,1.8,1,2026-08-19T14:08:17.085216,A
2017,15,00-0024243,M.Lewis,TE,JAX,6.3487700718650295,3.8,1,2026-08-19T14:08:17.085216,A
2017,15,00-0024268,A.Fasano,TE,MIA,3.366338536438032,3.5,1,2026-08-19T14:08:17.085216,A
2017,15,00-0024389,De.Walker,TE,TEN,12.071001220017848,12.7,1,2026-08-19T14:08:17.085216,A
2017,15,00-0025418,G.Olsen,TE,CAR,4.249570363797297,26.6,1,2026-08-19T14:08:17.085216,A
2017,15,00-0025549,B.Celek,TE,PHI,3.491382292325791,0.0,1,2026-08-19T14:08:17.085216,A
2017,15,00-0027061,J.Cook,TE,LV,10.001071831945247,3.7,1,2026-08-19T14:08:17.085216,A
2017,15,00-0027215,L.Paulsen,TE,SF,0.6116160330172624,0.0,1,2026-08-19T14:08:17.085216,A
2017,15,00-0027321,J.Cumberland,TE,LAC,0.20924791529130382,0.0,1,2026-08-19T14:08:17.085216,A
2017,15,00-0027656,R.Gronkowski,TE,NE,14.1750788056728,25.8,1,2026-08-19T14:08:17.085216,A
2017,15,00-0027675,E.Dickson,TE,CAR,4.639512616670458,0.0,1,2026-08-19T14:08:17.085216,A
2017,15,00-0027696,J.Graham,TE,SEA,8.944684995336248,0.9,1,2026-08-19T14:08:17.085216,A
2017,15,00-0027732,M.Hoomanawanui,TE,NO,3.3667116324568407,0.0,1,2026-08-19T14:08:17.085216,A
2017,15,00-0027981,K.Rudolph,TE,MIN,7.995213105616205,9.7,1,2026-08-19T14:08:17.085216,A
2017,15,00-0027985,L.Kendricks,TE,GB,3.5129124967461065,1.5,1,2026-08-19T14:08:17.085216,A
2017,15,00-0028042,L.Stocker,TE,TEN,0.7502401539068828,0.0,1,2026-08-19T14:08:17.085216,A
2017,15,00-0028067,J.Thomas,TE,MIA,7.530591764293763,3.5,1,2026-08-19T14:08:17.085216,A
2017,15,00-0028093,N.Paul,TE,WAS,4.408364661643587,2.1,1,2026-08-19T14:08:17.085216,A
2017,15,00-0028097,L.Smith,TE,LV,1.2645165555442759,1.3,1,2026-08-19T14:08:17.085216,A
2017,15,00-0028112,C.Clay,TE,BUF,9.81318440287738,11.8,1,2026-08-19T14:08:17.085216,A
2017,15,00-0028142,V.Green,TE,DEN,4.695381782462471,0.0,1,2026-08-19T14:08:17.085216,A
2017,15,00-0028903,G.Celek,TE,SF,5.898156132902141,15.3,1,2026-08-19T14:08:17.085216,A
2017,15,00-0029119,D.Carrier,TE,LA,1.2367035687468908,1.4,1,2026-08-19T14:08:17.085216,A
2017,15,00-0029391,S.McGrath,TE,LAC,0.0782961181461368,0.0,1,2026-08-19T14:08:17.085216,A
2017,15,00-0029414,O.Charles,TE,KC,0.49543718269298476,2.8,1,2026-08-19T14:08:17.085216,A
2017,15,00-0029587,R.Ellison,TE,NYG,4.526401304773445,0.0,1,2026-08-19T14:08:17.085216,A
2017,15,00-0029634,J.Hanna,TE,DAL,2.461204637125545,4.1,1,2026-08-19T14:08:17.085216,A
2017,15,00-0029689,D.Allen,TE,NE,4.617252615866332,2.0,1,2026-08-19T14:08:17.085216,A
2017,15,00-0029738,D.Fells,TE,DET,4.071107966938029,0.0,1,2026-08-19T14:08:17.085216,A
2017,15,00-0029793,B.Williams,TE,IND,2.3894714828983137,0.0,1,2026-08-19T14:08:17.085216,A
2017,15,00-0029878,M.Gray,TE,MIA,0.7052766006138955,0.7,1,2026-08-19T14:08:17.085216,A
2017,15,00-0030061,Z.Ertz,TE,PHI,11.77714364228192,17.6,1,2026-08-19T14:08:17.085216,A
2017,15,00-0030089,L.Willson,TE,SEA,1.5078023837904166,9.6,1,2026-08-19T14:08:17.085216,A
2017,15,00-0030155,D.Harris,TE,KC,2.9292787803136493,1.7,1,2026-08-19T14:08:17.085216,A
2017,15,00-0030181,J.Doyle,TE,IND,9.259955405219555,11.7,1,2026-08-19T14:08:17.085216,A
2017,15,00-0030216,J.Hill,TE,NO,4.576653294333047,3.2,1,2026-08-19T14:08:17.085216,A
2017,15,00-0030422,D.Sims,TE,CHI,4.724552731663974,1.9,1,2026-08-19T14:08:17.085216,A
2017,15,00-0030443,L.Toilolo,TE,ATL,3.7651519597454715,0.0,1,2026-08-19T14:08:17.085216,A
2017,15,00-0030506,T.Kelce,TE,KC,14.535157640751034,10.6,1,2026-08-19T14:08:17.085216,A
2017,15,00-0030710,T.Burton,TE,PHI,6.0140643126416045,9.5,1,2026-08-19T14:08:17.085216,A
2017,15,00-0030780,R.Hewitt,TE,CIN,1.1631238103508894,0.0,1,2026-08-19T14:08:17.085216,A
2017,15,00-0031035,X.Grimble,TE,PIT,1.444833174049468,1.8,1,2026-08-19T14:08:17.085216,A
2017,15,00-0031044,T.Niklas,TE,ARI,1.9217477423920046,7.1,1,2026-08-19T14:08:17.085216,A
2017,15,00-0031260,L.Thomas,TE,BUF,1.5322385207702152,0.0,1,2026-08-19T14:08:17.085216,A
2017,15,00-0031273,C.Brate,TE,TB,7.323379170758652,8.9,1,2026-08-19T14:08:17.085216,A
2017,15,00-0031384,R.Rodgers,TE,GB,3.239868304465581,17.7,1,2026-08-19T14:08:17.085216,A
2017,15,00-0031387,E.Ebron,TE,DET,9.3766515835915,14.3,1,2026-08-19T14:08:17.085216,A
2017,15,00-0031418,A.Seferian-Jenkins,TE,NYJ,7.616143651145087,3.3,1,2026-08-19T14:08:17.085216,A
2017,15,00-0031484,C.Manhertz,TE,CAR,1.0848283679382584,0.0,1,2026-08-19T14:08:17.085216,A
2017,15,00-0031533,R.Telfer,TE,CLE,1.4062787890987678,0.0,1,2026-08-19T14:08:17.085216,A
2017,15,00-0031558,M.Williams,TE,BAL,3.08348897056256,0.4,1,2026-08-19T14:08:17.085216,A
2017,15,00-0031598,N.Boyle,TE,BAL,3.547562115670032,1.9,1,2026-08-19T14:08:17.085216,A
2017,15,00-0031690,E.Tomlinson,TE,NYJ,1.1460729356329606,0.0,1,2026-08-19T14:08:17.085216,A
2017,15,00-0031884,G.Holmes,TE,ARI,3.921097398044693,0.0,1,2026-08-19T14:08:17.085216,A
2017,15,00-0031951,J.O'Shaughnessy,TE,JAX,3.2533519765305656,2.5,1,2026-08-19T14:08:17.085216,A
2017,15,00-0032055,D.Funchess,TE,CAR,15.534773293042877,2.9,1,2026-08-19T14:08:17.085216,A
2017,15,00-0032098,D.Brown,TE,CHI,2.7879480560094563,6.2,1,2026-08-19T14:08:17.085216,A
2017,15,00-0032117,N.O'Leary,TE,BUF,3.9087073513158472,5.3,1,2026-08-19T14:08:17.085216,A
2017,15,00-0032134,C.Uzomah,TE,CIN,2.1701204403892986,6.4,1,2026-08-19T14:08:17.085216,A
2017,15,00-0032135,J.James,TE,PIT,8.294815001095886,2.7,1,2026-08-19T14:08:17.085216,A
2017,15,00-0032139,B.Koyack,TE,JAX,0.8086260785353916,1.0,1,2026-08-19T14:08:17.085216,A
2017,15,00-0032141,G.Swaim,TE,DAL,1.0762205148994095,0.0,1,2026-08-19T14:08:17.085216,A
2017,15,00-0032214,T.Kroft,TE,CIN,5.489160211548897,2.1,1,2026-08-19T14:08:17.085216,A
2017,15,00-0032227,J.Heuerman,TE,DEN,3.9450738329911785,12.4,1,2026-08-19T14:08:17.085216,A
2017,15,00-0032319,R.Travis,TE,IND,2.050765667851676,5.3,1,2026-08-19T14:08:17.085216,A
2017,15,00-0032392,A.Hooper,TE,ATL,8.981177400662423,3.2,1,2026-08-19T14:08:17.085216,A
2017,15,00-0032394,N.Vannett,TE,SEA,2.980257250018282,0.0,1,2026-08-19T14:08:17.085216,A
2017,15,00-0032429,J.Adams,TE,NYG,0.6417368806565158,0.0,1,2026-08-19T14:08:17.085216,A
2017,15,00-0032430,D.Morgan,TE,MIN,2.3474981017682763,0.0,1,2026-08-19T14:08:17.085216,A
2017,15,00-0032689,Jason Vander Laan,TE,IND,3.4654395434698393,0.0,1,2026-08-19T14:08:17.085216,A
2017,15,00-0032725,S.Anderson,TE,HOU,6.024682474046448,0.0,1,2026-08-19T14:08:17.085216,A
2017,15,00-0032745,A.Cross,TE,TB,0.9204269768062965,3.3,1,2026-08-19T14:08:17.085216,A
2017,15,00-0033043,A.Traylor,TE,DEN,2.351203516101881,0.0,1,2026-08-19T14:08:17.085216,A
2017,15,00-0033080,S.DeValve,TE,CLE,4.296916858008679,5.2,1,2026-08-19T14:08:17.085216,A
2017,15,00-0033090,H.Henry,TE,LAC,10.23285940513888,5.8,1,2026-08-19T14:08:17.085216,A
2017,15,00-0033095,G.Griffin,TE,NO,2.060112722731866,0.0,1,2026-08-19T14:08:17.085216,A
2017,15,00-0033110,T.Higbee,TE,LA,4.10760778058686,2.2,1,2026-08-19T14:08:17.085216,A
2017,15,00-0033288,G.Kittle,TE,SF,4.832098529682417,9.2,1,2026-08-19T14:08:17.085216,A
2017,15,00-0033338,C.Carter,TE,CIN,0.7031661225788974,0.0,1,2026-08-19T14:08:17.085216,A
2017,15,00-0033387,J.Hollister,TE,NE,0.8277483274400623,0.0,1,2026-08-19T14:08:17.085216,A
2017,15,00-0033421,A.Auclair,TE,TB,1.5356433232075015,2.4,1,2026-08-19T14:08:17.085216,A
2017,15,00-0033528,J.Sprinkle,TE,WAS,1.5459647273741632,0.0,1,2026-08-19T14:08:17.085216,A
2017,15,00-0033559,M.Roberts,TE,DET,1.180774772023242,0.0,1,2026-08-19T14:08:17.085216,A
2017,15,00-0033576,E.Saubert,TE,ATL,0.664602276762143,0.0,1,2026-08-19T14:08:17.085216,A
2017,15,00-0033611,R.Seals-Jones,TE,ARI,8.96279538711281,3.1,1,2026-08-19T14:08:17.085216,A
2017,15,00-0033858,J.Smith,TE,TEN,2.060819240326027,1.5,1,2026-08-19T14:08:17.085216,A
2017,15,00-0033879,O.Howard,TE,TB,7.663560044365754,10.0,1,2026-08-19T14:08:17.085216,A
2017,15,00-0033881,E.Engram,TE,NYG,10.604237996855492,18.1,1,2026-08-19T14:08:17.085216,A
2017,15,00-0033885,D.Njoku,TE,CLE,7.632964125613142,0.0,1,2026-08-19T14:08:17.085216,A
2017,15,00-0033895,G.Everett,TE,LA,5.122606301165414,0.0,1,2026-08-19T14:08:17.085216,A
2017,16,00-0023500,F.Gore,RB,IND,10.164265297472541,16.6,1,2026-08-19T14:08:17.085216,A
2017,16,00-0025399,M.Lynch,RB,LV,11.780435182536328,9.2,1,2026-08-19T14:08:17.085216,A
2017,16,00-0026019,D.Woodhead,RB,BAL,8.584282287076325,9.1,1,2026-08-19T14:08:17.085216,A
2017,16,00-0026153,J.Stewart,RB,CAR,14.715299084824977,2.8,1,2026-08-19T14:08:17.085216,A
2017,16,00-0026184,M.Forte,RB,NYJ,8.683892505008384,1.6,1,2026-08-19T14:08:17.085216,A
2017,16,00-0027029,L.McCoy,RB,BUF,16.257092027277384,19.7,1,2026-08-19T14:08:17.085216,A
2017,16,00-0027325,L.Blount,RB,PHI,7.623420978875701,2.5,1,2026-08-19T14:08:17.085216,A
2017,16,00-0027966,M.Ingram,RB,NO,17.466514773564867,15.6,1,2026-08-19T14:08:17.085216,A
2017,16,00-0027994,S.Vereen,RB,NYG,6.976163136425092,0.0,1,2026-08-19T14:08:17.085216,A
2017,16,00-0028009,D.Murray,RB,TEN,13.956634531632394,14.9,1,2026-08-19T14:08:17.085216,A
2017,16,00-0028011,S.Ridley,RB,PIT,4.667110340136208,2.8,1,2026-08-19T14:08:17.085216,A
2017,16,00-0028064,B.Powell,RB,NYJ,8.99867404120688,20.5,1,2026-08-19T14:08:17.085216,A
2017,16,00-0028083,J.Rodgers,RB,TB,2.653090564400008,0.2,1,2026-08-19T14:08:17.085216,A
2017,16,00-0028087,D.Lewis,RB,NE,12.575545274536443,32.3,1,2026-08-19T14:08:17.085216,A
2017,16,00-0029205,T.Cadet,RB,BUF,5.631433004437703,0.0,1,2026-08-19T14:08:17.085216,A
2017,16,00-0029239,B.Bolden,RB,NE,4.409109230611588,2.0,1,2026-08-19T14:08:17.085216,A
2017,16,00-0029613,D.Martin,RB,TB,7.763133440511853,0.7,1,2026-08-19T14:08:17.085216,A
2017,16,00-0029615,L.Miller,RB,HOU,11.520798525312689,7.5,1,2026-08-19T14:08:17.085216,A
2017,16,00-0029731,F.Whittaker,RB,CAR,4.0813736733202175,1.9,1,2026-08-19T14:08:17.085216,A
2017,16,00-0029795,B.Cunningham,RB,CHI,5.296110913189686,8.2,1,2026-08-19T14:08:17.085216,A
2017,16,00-0029854,C.Anderson,RB,DEN,14.200682057240318,26.3,1,2026-08-19T14:08:17.085216,A
2017,16,00-0030107,T.Riddick,RB,DET,13.75380415467085,6.9,1,2026-08-19T14:08:17.085216,A
2017,16,00-0030117,K.Williams,RB,ARI,7.641071402093831,8.5,1,2026-08-19T14:08:17.085216,A
2017,16,00-0030287,A.Ellington,RB,HOU,6.512374662450683,0.0,1,2026-08-19T14:08:17.085216,A
2017,16,00-0030433,M.Gillislee,RB,NE,7.564576705536817,11.3,1,2026-08-19T14:08:17.085216,A
2017,16,00-0030456,G.Bernard,RB,CIN,15.538712299736467,29.8,1,2026-08-19T14:08:17.085216,A
2017,16,00-0030465,K.Barner,RB,PHI,4.425100471010276,0.0,1,2026-08-19T14:08:17.085216,A
2017,16,00-0030496,L.Bell,RB,PIT,20.575140624861824,20.7,1,2026-08-19T14:08:17.085216,A
2017,16,00-0030513,L.Murray,RB,MIN,12.232202178426162,8.5,1,2026-08-19T14:08:17.085216,A
2017,16,00-0030578,C.Patterson,RB,LV,6.503678058866081,1.7,1,2026-08-19T14:08:17.085216,A
2017,16,00-0030656,I.Crowell,RB,CLE,11.06643720497195,5.3,1,2026-08-19T14:08:17.085216,A
2017,16,00-0030668,C.West,RB,KC,6.867183258079924,5.8,1,2026-08-19T14:08:17.085216,A
2017,16,00-0030711,D.Fluellen,RB,TEN,0.8135632002081412,0.0,1,2026-08-19T14:08:17.085216,A
2017,16,00-0030860,O.Darkwa,RB,NYG,6.867239642345719,1.0,1,2026-08-19T14:08:17.085216,A
2017,16,00-0031045,C.Hyde,RB,SF,13.669332561567474,16.3,1,2026-08-19T14:08:17.085216,A
2017,16,00-0031075,A.Blue,RB,HOU,6.565206614627508,10.8,1,2026-08-19T14:08:17.085216,A
2017,16,00-0031102,K.Bibbs,RB,WAS,7.2282118646989675,7.4,1,2026-08-19T14:08:17.085216,A
2017,16,00-0031277,B.Oliver,RB,LAC,2.560120475337524,0.9,1,2026-08-19T14:08:17.085216,A
2017,16,00-0031285,D.Freeman,RB,ATL,16.5004371172875,5.6,1,2026-08-19T14:08:17.085216,A
2017,16,00-0031332,F.Toussaint,RB,PIT,0.6000241284692434,0.0,1,2026-08-19T14:08:17.085216,A
2017,16,00-0031376,J.McKinnon,RB,MIN,14.04714992800885,6.1,1,2026-08-19T14:08:17.085216,A
2017,16,00-0031390,C.Sims,RB,TB,5.919915333839157,2.9,1,2026-08-19T14:08:17.085216,A
2017,16,00-0031577,J.Allen,RB,BAL,10.081054663847675,5.7,1,2026-08-19T14:08:17.085216,A
2017,16,00-0031590,J.Ajayi,RB,PHI,11.83935326638951,13.3,1,2026-08-19T14:08:17.085216,A
2017,16,00-0031806,M.Brown,RB,LA,5.016452919037487,0.4,1,2026-08-19T14:08:17.085216,A
2017,16,00-0031897,T.Rawls,RB,SEA,0.9351751718320319,2.0,1,2026-08-19T14:08:17.085216,A
2017,16,00-0031900,R.Smith,RB,DAL,9.37646836766462,6.3,1,2026-08-19T14:08:17.085216,A
2017,16,00-0032058,T.Coleman,RB,ATL,10.631471737447532,15.2,1,2026-08-19T14:08:17.085216,A
2017,16,00-0032063,M.Davis,RB,SEA,10.342899348576426,8.3,1,2026-08-19T14:08:17.085216,A
2017,16,00-0032104,A.Abdullah,RB,DET,9.104747506659532,3.6,1,2026-08-19T14:08:17.085216,A
2017,16,00-0032144,M.Gordon,RB,LAC,19.178193289633818,21.8,1,2026-08-19T14:08:17.085216,A
2017,16,00-0032209,T.Yeldon,RB,JAX,9.324811864460429,20.7,1,2026-08-19T14:08:17.085216,A
2017,16,00-0032241,T.Gurley,RB,LA,18.524355917745016,49.6,1,2026-08-19T14:08:17.085216,A
2017,16,00-0032257,D.Johnson,RB,CLE,13.505710677504673,17.1,1,2026-08-19T14:08:17.085216,A
2017,16,00-0032298,B.Hill,RB,ARI,0.6377467399753901,-0.2,1,2026-08-19T14:08:17.085216,A
2017,16,00-0032417,P.Perkins,RB,NYG,3.6185706802603357,1.0,1,2026-08-19T14:08:17.085216,A
2017,16,00-0032426,A.Collins,RB,BAL,13.91908979002879,9.6,1,2026-08-19T14:08:17.085216,A
2017,16,00-0032577,D.Foster,RB,ARI,7.519148462524269,5.4,1,2026-08-19T14:08:17.085216,A
2017,16,00-0032741,P.Barber,RB,TB,10.291330642717218,7.5,1,2026-08-19T14:08:17.085216,A
2017,16,00-0032780,J.Howard,RB,CHI,13.664250569929008,16.4,1,2026-08-19T14:08:17.085216,A
2017,16,00-0032813,E.Penny,RB,ARI,5.647669679585883,5.8,1,2026-08-19T14:08:17.085216,A
2017,16,00-0032940,D.Washington,RB,LV,5.234799392415648,0.9,1,2026-08-19T14:08:17.085216,A
2017,16,00-0032972,D.Booker,RB,DEN,6.892009565840157,10.1,1,2026-08-19T14:08:17.085216,A
2017,16,00-0033025,J.Richard,RB,LV,3.744499017531461,3.6,1,2026-08-19T14:08:17.085216,A
2017,16,00-0033045,E.Elliott,RB,DAL,19.920033338160685,15.8,1,2026-08-19T14:08:17.085216,A
2017,16,00-0033118,K.Drake,RB,MIA,17.190816610618747,5.7,1,2026-08-19T14:08:17.085216,A
2017,16,00-0033293,A.Jones,RB,GB,7.068294498365097,1.3,1,2026-08-19T14:08:17.085216,A
2017,16,00-0033295,E.McGuire,RB,NYJ,2.790488746911707,-2.0,1,2026-08-19T14:08:17.085216,A
2017,16,00-0033308,M.Breida,RB,SF,6.72567799139815,15.2,1,2026-08-19T14:08:17.085216,A
2017,16,00-0033526,S.Perine,RB,WAS,9.957604503140537,8.4,1,2026-08-19T14:08:17.085216,A
2017,16,00-0033556,T.Cohen,RB,CHI,9.483775590474227,4.1,1,2026-08-19T14:08:17.085216,A
2017,16,00-0033567,B.Hill,RB,CIN,3.9673976979710224,6.1,1,2026-08-19T14:08:17.085216,A
2017,16,00-0033581,D.Henderson,RB,DEN,1.8612317674490477,1.4,1,2026-08-19T14:08:17.085216,A
2017,16,00-0033596,M.Dayes,RB,CLE,1.626768682915782,0.4,1,2026-08-19T14:08:17.085216,A
2017,16,00-0033725,C.Clement,RB,PHI,6.5375155049748015,3.0,1,2026-08-19T14:08:17.085216,A
2017,16,00-0033748,Ti.Green,RB,DET,6.711919906392831,10.3,1,2026-08-19T14:08:17.085216,A
2017,16,00-0033856,L.Fournette,RB,JAX,17.495988943648356,16.0,1,2026-08-19T14:08:17.085216,A
2017,16,00-0033897,J.Mixon,RB,CIN,10.484730025521554,5.2,1,2026-08-19T14:08:17.085216,A
2017,16,00-0033906,A.Kamara,RB,NO,15.49868433672805,16.0,1,2026-08-19T14:08:17.085216,A
2017,16,00-0033923,K.Hunt,RB,KC,21.138093064490068,20.6,1,2026-08-19T14:08:17.085216,A
2017,16,00-0033948,J.Williams,RB,GB,12.228841806862997,5.8,1,2026-08-19T14:08:17.085216,A
2017,16,00-0033950,W.Gallman,RB,NYG,8.426430331482774,12.2,1,2026-08-19T14:08:17.085216,A
2017,16,00-0033951,M.Mack,RB,IND,6.871413725578353,7.4,1,2026-08-19T14:08:17.085216,A
2017,16,00-0022921,L.Fitzgerald,WR,ARI,16.74317221728804,27.7,1,2026-08-19T14:08:17.085216,A
2017,16,00-0025396,T.Ginn,WR,NO,10.27532048911862,19.0,1,2026-08-19T14:08:17.085216,A
2017,16,00-0026035,D.Amendola,WR,NE,11.027694614979692,5.8,1,2026-08-19T14:08:17.085216,A
2017,16,00-0026176,J.Nelson,WR,GB,9.957081826296406,4.1,1,2026-08-19T14:08:17.085216,A
2017,16,00-0026293,M.Slater,WR,NE,1.0941225234676368,0.0,1,2026-08-19T14:08:17.085216,A
2017,16,00-0026901,M.Wallace,WR,BAL,10.311343779051406,10.0,1,2026-08-19T14:08:17.085216,A
2017,16,00-0026983,D.Heyward-Bey,WR,PIT,4.018141614215301,0.0,1,2026-08-19T14:08:17.085216,A
2017,16,00-0026986,M.Crabtree,WR,LV,14.149609395002921,0.0,1,2026-08-19T14:08:17.085216,A
2017,16,00-0027006,K.Britt,WR,NE,7.4636527180966095,2.6,1,2026-08-19T14:08:17.085216,A
2017,16,00-0027057,B.Tate,WR,BUF,2.202633443138131,1.4,1,2026-08-19T14:08:17.085216,A
2017,16,00-0027089,L.Murphy,WR,SF,2.9893970422814613,2.7,1,2026-08-19T14:08:17.085216,A
2017,16,00-0027681,B.LaFell,WR,CIN,9.317569488589015,4.8,1,2026-08-19T14:08:17.085216,A
2017,16,00-0027690,E.Decker,WR,TEN,8.221259097953014,13.3,1,2026-08-19T14:08:17.085216,A
2017,16,00-0027874,D.Thomas,WR,DEN,14.31142496991435,9.2,1,2026-08-19T14:08:17.085216,A
2017,16,00-0027891,G.Tate,WR,DET,10.358841133309532,4.4,1,2026-08-19T14:08:17.085216,A
2017,16,00-0027902,D.Bryant,WR,DAL,12.073179266162674,5.3,1,2026-08-19T14:08:17.085216,A
2017,16,00-0027942,A.Green,WR,CIN,14.66528189940038,14.1,1,2026-08-19T14:08:17.085216,A
2017,16,00-0027944,J.Jones,WR,ATL,16.201048743368883,21.9,1,2026-08-19T14:08:17.085216,A
2017,16,00-0027996,T.Smith,WR,PHI,9.057188579835312,1.5,1,2026-08-19T14:08:17.085216,A
2017,16,00-0028002,R.Cobb,WR,GB,11.40019812079239,5.6,1,2026-08-19T14:08:17.085216,A
2017,16,00-0028116,A.Robinson,WR,SF,3.085179310585402,2.2,1,2026-08-19T14:08:17.085216,A
2017,16,00-0028411,D.Inman,WR,CHI,3.711791490882527,3.9,1,2026-08-19T14:08:17.085216,A
2017,16,00-0028434,D.Baldwin,WR,SEA,12.002056321880486,13.5,1,2026-08-19T14:08:17.085216,A
2017,16,00-0028497,K.Aiken,WR,IND,1.055133199912634,0.0,1,2026-08-19T14:08:17.085216,A
2017,16,00-0029000,C.Beasley,WR,DAL,7.843760803402728,3.2,1,2026-08-19T14:08:17.085216,A
2017,16,00-0029137,A.Jeffery,WR,PHI,11.704045334293188,0.0,1,2026-08-19T14:08:17.085216,A
2017,16,00-0029159,J.Kearse,WR,NYJ,10.583665956798281,9.2,1,2026-08-19T14:08:17.085216,A
2017,16,00-0029269,T.Benjamin,WR,LAC,7.8597046145039045,-0.4,1,2026-08-19T14:08:17.085216,A
2017,16,00-0029293,M.Jones,WR,DET,11.772757197315753,8.0,1,2026-08-19T14:08:17.085216,A
2017,16,00-0029319,J.Bellamy,WR,CHI,7.2847439200047095,7.9,1,2026-08-19T14:08:17.085216,A
2017,16,00-0029388,D.Thompson,WR,BUF,5.575998699613901,13.1,1,2026-08-19T14:08:17.085216,A
2017,16,00-0029394,B.Bersin,WR,CAR,1.6699970662879582,7.5,1,2026-08-19T14:08:17.085216,A
2017,16,00-0029572,J.Wright,WR,MIN,5.450676065107792,1.8,1,2026-08-19T14:08:17.085216,A
2017,16,00-0029580,R.Matthews,WR,TEN,9.736609987623533,6.8,1,2026-08-19T14:08:17.085216,A
2017,16,00-0029608,T.Hilton,WR,IND,10.480173387526971,16.0,1,2026-08-19T14:08:17.085216,A
2017,16,00-0029632,M.Sanu,WR,ATL,11.107436954925417,7.1,1,2026-08-19T14:08:17.085216,A
2017,16,00-0029638,M.Floyd,WR,MIN,4.218923726037306,1.0,1,2026-08-19T14:08:17.085216,A
2017,16,00-0029640,B.Quick,WR,WAS,3.4679501385605165,1.9,1,2026-08-19T14:08:17.085216,A
2017,16,00-0029664,J.Gordon,WR,CLE,11.724876596299824,3.9,1,2026-08-19T14:08:17.085216,A
2017,16,00-0029708,K.Wright,WR,CHI,12.018318109488693,6.7,1,2026-08-19T14:08:17.085216,A
2017,16,00-0030035,A.Thielen,WR,MIN,12.532584749458227,4.4,1,2026-08-19T14:08:17.085216,A
2017,16,00-0030068,M.Goodwin,WR,SF,13.351477305888483,6.7,1,2026-08-19T14:08:17.085216,A
2017,16,00-0030085,K.Stills,WR,MIA,10.250401778524061,7.4,1,2026-08-19T14:08:17.085216,A
2017,16,00-0030279,K.Allen,WR,LAC,15.999534475246982,11.3,1,2026-08-19T14:08:17.085216,A
2017,16,00-0030290,C.Hamilton,WR,HOU,3.939710140873199,0.0,1,2026-08-19T14:08:17.085216,A
2017,16,00-0030300,J.Brown,WR,ARI,6.014988650592402,4.7,1,2026-08-19T14:08:17.085216,A
2017,16,00-0030431,R.Woods,WR,LA,15.486293393443754,6.3,1,2026-08-19T14:08:17.085216,A
2017,16,00-0030460,M.Wheaton,WR,CHI,2.981145127850164,0.0,1,2026-08-19T14:08:17.085216,A
2017,16,00-0030521,J.Hunter,WR,PIT,2.7278909005877807,7.5,1,2026-08-19T14:08:17.085216,A
2017,16,00-0030525,T.Austin,WR,LA,2.491328197212986,0.0,1,2026-08-19T14:08:17.085216,A
2017,16,00-0030542,T.Williams,WR,DAL,10.403554704976582,8.3,1,2026-08-19T14:08:17.085216,A
2017,16,00-0030564,D.Hopkins,WR,HOU,18.659431706606824,16.5,1,2026-08-19T14:08:17.085216,A
2017,16,00-0030663,W.Snead,WR,NO,5.583500528642871,1.6,1,2026-08-19T14:08:17.085216,A
2017,16,00-0030669,A.Wilson,WR,KC,7.937638627430033,6.6,1,2026-08-19T14:08:17.085216,A
2017,16,00-0030670,B.Fowler,WR,DEN,3.797391175347008,0.0,1,2026-08-19T14:08:17.085216,A
2017,16,00-0030737,F.Martino,WR,TB,1.8896185536430279,7.7,1,2026-08-19T14:08:17.085216,A
2017,16,00-0030801,B.Coleman,WR,NO,7.517755236862612,0.0,1,2026-08-19T14:08:17.085216,A
2017,16,00-0031001,J.Janis,WR,GB,1.0239172967063814,2.2,1,2026-08-19T14:08:17.085216,A
2017,16,00-0031025,M.Campanaro,WR,BAL,2.9765261105136696,11.0,1,2026-08-19T14:08:17.085216,A
2017,16,00-0031051,J.Brown,WR,ARI,5.333664381802166,10.8,1,2026-08-19T14:08:17.085216,A
2017,16,00-0031060,D.Thomas,WR,KC,3.1896147088679676,0.0,1,2026-08-19T14:08:17.085216,A
2017,16,00-0031068,R.Grant,WR,WAS,8.26899188736093,12.5,1,2026-08-19T14:08:17.085216,A
2017,16,00-0031166,S.Roberts,WR,LV,7.415852941624657,5.3,1,2026-08-19T14:08:17.085216,A
2017,16,00-0031228,T.Gabriel,WR,ATL,5.607834734087913,4.2,1,2026-08-19T14:08:17.085216,A
2017,16,00-0031236,B.Cooks,WR,NE,12.493472668875409,4.5,1,2026-08-19T14:08:17.085216,A
2017,16,00-0031257,P.Richardson,WR,SEA,9.579741762530688,4.1,1,2026-08-19T14:08:17.085216,A
2017,16,00-0031325,S.Watkins,WR,LA,11.396399635076602,12.0,1,2026-08-19T14:08:17.085216,A
2017,16,00-0031359,K.Benjamin,WR,BUF,7.950196289198731,12.0,1,2026-08-19T14:08:17.085216,A
2017,16,00-0031373,M.Bryant,WR,PIT,9.859826581297442,9.8,1,2026-08-19T14:08:17.085216,A
2017,16,00-0031382,J.Landry,WR,MIA,14.3171446950986,8.1,1,2026-08-19T14:08:17.085216,A
2017,16,00-0031408,M.Evans,WR,TB,12.22454935117093,16.7,1,2026-08-19T14:08:17.085216,A
2017,16,00-0031544,A.Cooper,WR,LV,5.833917117629301,15.6,1,2026-08-19T14:08:17.085216,A
2017,16,00-0031547,D.Parker,WR,MIA,8.235054878385302,11.3,1,2026-08-19T14:08:17.085216,A
2017,16,00-0031549,N.Agholor,WR,PHI,13.161528612510716,7.5,1,2026-08-19T14:08:17.085216,A
2017,16,00-0031560,J.Strong,WR,JAX,2.5437938927215464,12.8,1,2026-08-19T14:08:17.085216,A
2017,16,00-0031570,J.Hardy,WR,ATL,4.606639302807411,2.0,1,2026-08-19T14:08:17.085216,A
2017,16,00-0031588,S.Diggs,WR,MIN,12.289418288021672,17.3,1,2026-08-19T14:08:17.085216,A
2017,16,00-0031697,J.Taylor,WR,DEN,0.7718359175474754,3.2,1,2026-08-19T14:08:17.085216,A
2017,16,00-0031782,E.Rogers,WR,PIT,6.367537950394039,1.6,1,2026-08-19T14:08:17.085216,A
2017,16,00-0031868,D.Byrd,WR,CAR,7.821383953311746,4.1,1,2026-08-19T14:08:17.085216,A
2017,16,00-0031941,J.Crowder,WR,WAS,10.585194147565835,14.7,1,2026-08-19T14:08:17.085216,A
2017,16,00-0032009,A.Humphries,WR,TB,8.513913130471995,8.1,1,2026-08-19T14:08:17.085216,A
2017,16,00-0032054,B.Perriman,WR,BAL,3.671510353286514,3.4,1,2026-08-19T14:08:17.085216,A
2017,16,00-0032112,J.Nelson,WR,ARI,7.594110211972215,0.0,1,2026-08-19T14:08:17.085216,A
2017,16,00-0032115,K.Clay,WR,CAR,2.750009447822478,4.4,1,2026-08-19T14:08:17.085216,A
2017,16,00-0032160,T.Williams,WR,LAC,9.491653534730641,10.0,1,2026-08-19T14:08:17.085216,A
2017,16,00-0032166,S.Coates,WR,CLE,3.230229036884925,0.0,1,2026-08-19T14:08:17.085216,A
2017,16,00-0032208,P.Dorsett,WR,NE,3.9837727803532093,3.4,1,2026-08-19T14:08:17.085216,A
2017,16,00-0032211,T.Lockett,WR,SEA,9.610188347250208,1.9,1,2026-08-19T14:08:17.085216,A
2017,16,00-0032355,C.Rogers,WR,IND,5.816647199025541,2.9,1,2026-08-19T14:08:17.085216,A
2017,16,00-0032385,S.Shepard,WR,NYG,13.134857088847182,9.5,1,2026-08-19T14:08:17.085216,A
2017,16,00-0032398,C.Moore,WR,BAL,6.310765436649504,4.9,1,2026-08-19T14:08:17.085216,A
2017,16,00-0032423,T.Davis,WR,GB,1.4017551898149823,0.0,1,2026-08-19T14:08:17.085216,A
2017,16,00-0032475,T.McEvoy,WR,SEA,1.5864796344053849,0.0,1,2026-08-19T14:08:17.085216,A
2017,16,00-0032488,Mose Frazier,WR,CAR,3.519415057986512,0.0,1,2026-08-19T14:08:17.085216,A
2017,16,00-0032626,G.Allison,WR,GB,5.772458032584827,1.9,1,2026-08-19T14:08:17.085216,A
2017,16,00-0032659,Ro.Lewis,WR,NYG,7.311774141443373,8.0,1,2026-08-19T14:08:17.085216,A
2017,16,00-0032688,R.Chosen,WR,NYJ,13.53569257115808,10.1,1,2026-08-19T14:08:17.085216,A
2017,16,00-0032760,J.Doctson,WR,WAS,4.626661162251272,14.1,1,2026-08-19T14:08:17.085216,A
2017,16,00-0032765,M.Thomas,WR,NO,18.216760487753163,10.6,1,2026-08-19T14:08:17.085216,A
2017,16,00-0032775,D.Robinson,WR,KC,3.4936606600260554,0.0,1,2026-08-19T14:08:17.085216,A
2017,16,00-0032791,J.Grant,WR,MIA,2.6839336384894414,21.0,1,2026-08-19T14:08:17.085216,A
2017,16,00-0032839,H.Sharp,WR,NYG,0.7718490436229899,4.5,1,2026-08-19T14:08:17.085216,A
2017,16,00-0032881,T.Lewis,WR,NO,4.934678843761757,0.0,1,2026-08-19T14:08:17.085216,A
2017,16,00-0032926,K.Brent,WR,IND,0.0,0.0,1,2026-08-19T14:08:17.085216,A
2017,16,00-0032935,J.Holton,WR,LV,2.2775807171322153,0.0,1,2026-08-19T14:08:17.085216,A
2017,16,00-0032951,L.Treadwell,WR,MIN,4.704636855585674,0.0,1,2026-08-19T14:08:17.085216,A
2017,16,00-0032966,C.Coleman,WR,CLE,7.9655250749056785,1.3,1,2026-08-19T14:08:17.085216,A
2017,16,00-0032977,R.Higgins,WR,CLE,4.398401704147763,2.0,1,2026-08-19T14:08:17.085216,A
2017,16,00-0033006,J.Mickens,WR,JAX,4.938201413796627,1.5,1,2026-08-19T14:08:17.085216,A
2017,16,00-0033009,T.Boyd,WR,CIN,6.625591298343365,8.9,1,2026-08-19T14:08:17.085216,A
2017,16,00-0033040,T.Hill,WR,KC,14.27221790079436,16.8,1,2026-08-19T14:08:17.085216,A
2017,16,00-0033060,L.Carroo,WR,MIA,0.6354833287862712,0.0,1,2026-08-19T14:08:17.085216,A
2017,16,00-0033069,B.Miller,WR,HOU,4.484006613020231,1.5,1,2026-08-19T14:08:17.085216,A
2017,16,00-0033079,R.Louis,WR,CLE,2.033380245981202,4.5,1,2026-08-19T14:08:17.085216,A
2017,16,00-0033094,M.Hall,WR,ATL,2.602009377652595,0.0,1,2026-08-19T14:08:17.085216,A
2017,16,00-0033111,P.Cooper,WR,LA,2.7633457198478775,0.0,1,2026-08-19T14:08:17.085216,A
2017,16,00-0033114,M.Thomas,WR,LA,2.8560876559467525,0.0,1,2026-08-19T14:08:17.085216,A
2017,16,00-0033127,W.Fuller,WR,HOU,11.238388644762551,2.0,1,2026-08-19T14:08:17.085216,A
2017,16,00-0033266,J.Natson,WR,NYJ,1.774046102624999,0.0,1,2026-08-19T14:08:17.085216,A
2017,16,00-0033292,T.Taylor,WR,SF,7.398258809208332,10.9,1,2026-08-19T14:08:17.085216,A
2017,16,00-0033307,K.Bourne,WR,SF,5.135267555030573,2.2,1,2026-08-19T14:08:17.085216,A
2017,16,00-0033352,M.Clark,WR,GB,2.7792139732405574,6.6,1,2026-08-19T14:08:17.085216,A
2017,16,00-0033434,B.Wilson,WR,TB,0.5049015256071329,8.8,1,2026-08-19T14:08:17.085216,A
2017,16,00-0033464,J.Chesson,WR,KC,0.615578179086526,0.0,1,2026-08-19T14:08:17.085216,A
2017,16,00-0033466,I.McKenzie,WR,DEN,2.009544089112169,1.8,1,2026-08-19T14:08:17.085216,A
2017,16,00-0033536,M.Williams,WR,LAC,4.344372509419946,0.0,1,2026-08-19T14:08:17.085216,A
2017,16,00-0033555,M.Hollins,WR,PHI,2.7519106392514834,0.0,1,2026-08-19T14:08:17.085216,A
2017,16,00-0033562,R.Switzer,WR,DAL,1.609677918454997,0.0,1,2026-08-19T14:08:17.085216,A
2017,16,00-0033591,N.Brown,WR,DAL,3.4861545778371044,0.0,1,2026-08-19T14:08:17.085216,A
2017,16,00-0033681,K.Cole,WR,JAX,8.737327201289785,16.8,1,2026-08-19T14:08:17.085216,A
2017,16,00-0033717,T.Rudolph,WR,NYG,2.2982490541549785,1.6,1,2026-08-19T14:08:17.085216,A
2017,16,00-0033839,D.Westbrook,WR,JAX,6.349093288557263,11.4,1,2026-08-19T14:08:17.085216,A
2017,16,00-0033840,C.Hansen,WR,NYJ,2.5677171385030544,0.0,1,2026-08-19T14:08:17.085216,A
2017,16,00-0033857,J.Smith-Schuster,WR,PIT,11.319709024884986,19.5,1,2026-08-19T14:08:17.085216,A
2017,16,00-0033859,J.Malone,WR,CIN,2.629785124795334,-0.2,1,2026-08-19T14:08:17.085216,A
2017,16,00-0033871,C.Davis,WR,TEN,7.936182967160588,15.1,1,2026-08-19T14:08:17.085216,A
2017,16,00-0033891,Z.Jones,WR,BUF,5.497466748733683,0.0,1,2026-08-19T14:08:17.085216,A
2017,16,00-0033911,T.Taylor,WR,TEN,2.6598441831356934,0.0,1,2026-08-19T14:08:17.085216,A
2017,16,00-0033916,A.Stewart,WR,NYJ,0.0032666692932465935,0.0,1,2026-08-19T14:08:17.085216,A
2017,16,00-0033921,C.Godwin,WR,TB,7.123124713247213,12.8,1,2026-08-19T14:08:17.085216,A
2017,16,00-0033932,K.Golladay,WR,DET,7.894805448618772,6.8,1,2026-08-19T14:08:17.085216,A
2017,16,00-0033937,A.Darboh,WR,SEA,1.5338145474116545,0.0,1,2026-08-19T14:08:17.085216,A
2017,16,00-0033943,J.Reynolds,WR,LA,4.610105204795709,0.0,1,2026-08-19T14:08:17.085216,A
2017,16,00-0021547,A.Gates,TE,LAC,5.755398556676293,20.1,1,2026-08-19T14:08:17.085216,A
2017,16,00-0022127,J.Witten,TE,DAL,9.530879142939977,8.9,1,2026-08-19T14:08:17.085216,A
2017,16,00-0022943,B.Watson,TE,BAL,8.227729787458946,9.0,1,2026-08-19T14:08:17.085216,A
2017,16,00-0024221,V.Davis,TE,WAS,9.715392985278074,12.2,1,2026-08-19T14:08:17.085216,A
2017,16,00-0024243,M.Lewis,TE,JAX,5.6506410915715595,3.2,1,2026-08-19T14:08:17.085216,A
2017,16,00-0024268,A.Fasano,TE,MIA,3.4382821500429235,0.0,1,2026-08-19T14:08:17.085216,A
2017,16,00-0024389,De.Walker,TE,TEN,12.284883207779007,6.3,1,2026-08-19T14:08:17.085216,A
2017,16,00-0025418,G.Olsen,TE,CAR,10.367406401317684,5.7,1,2026-08-19T14:08:17.085216,A
2017,16,00-0025549,B.Celek,TE,PHI,2.870184870649649,2.2,1,2026-08-19T14:08:17.085216,A
2017,16,00-0027061,J.Cook,TE,LV,8.913223832604702,2.5,1,2026-08-19T14:08:17.085216,A
2017,16,00-0027139,J.Phillips,TE,NO,2.851868568158768,0.0,1,2026-08-19T14:08:17.085216,A
2017,16,00-0027215,L.Paulsen,TE,SF,0.7397283639952539,0.0,1,2026-08-19T14:08:17.085216,A
2017,16,00-0027321,J.Cumberland,TE,LAC,0.5958660064041609,0.0,1,2026-08-19T14:08:17.085216,A
2017,16,00-0027656,R.Gronkowski,TE,NE,17.527345857016115,17.7,1,2026-08-19T14:08:17.085216,A
2017,16,00-0027675,E.Dickson,TE,CAR,4.079994223091009,0.0,1,2026-08-19T14:08:17.085216,A
2017,16,00-0027696,J.Graham,TE,SEA,8.79759554254297,7.3,1,2026-08-19T14:08:17.085216,A
2017,16,00-0027873,J.Gresham,TE,ARI,6.9908874154419305,1.4,1,2026-08-19T14:08:17.085216,A
2017,16,00-0027981,K.Rudolph,TE,MIN,7.306295919294697,1.6,1,2026-08-19T14:08:17.085216,A
2017,16,00-0027985,L.Kendricks,TE,GB,3.5701521015404283,7.6,1,2026-08-19T14:08:17.085216,A
2017,16,00-0028042,L.Stocker,TE,TEN,2.1586745252590758,0.0,1,2026-08-19T14:08:17.085216,A
2017,16,00-0028093,N.Paul,TE,WAS,3.032143791616837,0.0,1,2026-08-19T14:08:17.085216,A
2017,16,00-0028097,L.Smith,TE,LV,1.2608895746251267,3.6,1,2026-08-19T14:08:17.085216,A
2017,16,00-0028112,C.Clay,TE,BUF,10.795114577002213,7.7,1,2026-08-19T14:08:17.085216,A
2017,16,00-0028142,V.Green,TE,DEN,3.9668375074925173,0.0,1,2026-08-19T14:08:17.085216,A
2017,16,00-0028903,G.Celek,TE,SF,5.134051320844561,0.0,1,2026-08-19T14:08:17.085216,A
2017,16,00-0029119,D.Carrier,TE,LA,2.344493144530813,0.0,1,2026-08-19T14:08:17.085216,A
2017,16,00-0029391,S.McGrath,TE,LAC,0.4443022895362137,4.6,1,2026-08-19T14:08:17.085216,A
2017,16,00-0029414,O.Charles,TE,KC,1.1270615618738689,4.5,1,2026-08-19T14:08:17.085216,A
2017,16,00-0029587,R.Ellison,TE,NYG,3.534047594130022,10.0,1,2026-08-19T14:08:17.085216,A
2017,16,00-0029634,J.Hanna,TE,DAL,3.852311551759616,0.0,1,2026-08-19T14:08:17.085216,A
2017,16,00-0029689,D.Allen,TE,NE,3.4213099476351228,4.6,1,2026-08-19T14:08:17.085216,A
2017,16,00-0029738,D.Fells,TE,DET,3.048401214058493,0.0,1,2026-08-19T14:08:17.085216,A
2017,16,00-0029878,M.Gray,TE,MIA,0.41779215968482675,0.0,1,2026-08-19T14:08:17.085216,A
2017,16,00-0030061,Z.Ertz,TE,PHI,12.586026687687406,17.1,1,2026-08-19T14:08:17.085216,A
2017,16,00-0030089,L.Willson,TE,SEA,3.2891569532054796,2.9,1,2026-08-19T14:08:17.085216,A
2017,16,00-0030155,D.Harris,TE,KC,3.3674751631684745,7.4,1,2026-08-19T14:08:17.085216,A
2017,16,00-0030181,J.Doyle,TE,IND,8.942336436460367,9.1,1,2026-08-19T14:08:17.085216,A
2017,16,00-0030216,J.Hill,TE,NO,4.236264562358755,3.1,1,2026-08-19T14:08:17.085216,A
2017,16,00-0030422,D.Sims,TE,CHI,4.9327896206337005,3.4,1,2026-08-19T14:08:17.085216,A
2017,16,00-0030443,L.Toilolo,TE,ATL,3.969009297900497,0.0,1,2026-08-19T14:08:17.085216,A
2017,16,00-0030470,V.McDonald,TE,PIT,5.778627546101098,9.2,1,2026-08-19T14:08:17.085216,A
2017,16,00-0030506,T.Kelce,TE,KC,15.546445014266956,14.7,1,2026-08-19T14:08:17.085216,A
2017,16,00-0030710,T.Burton,TE,PHI,5.3623770615018,0.0,1,2026-08-19T14:08:17.085216,A
2017,16,00-0030780,R.Hewitt,TE,CIN,1.4765510458851205,0.0,1,2026-08-19T14:08:17.085216,A
2017,16,00-0031035,X.Grimble,TE,PIT,1.982641140843235,0.0,1,2026-08-19T14:08:17.085216,A
2017,16,00-0031273,C.Brate,TE,TB,8.55551533602377,4.3,1,2026-08-19T14:08:17.085216,A
2017,16,00-0031384,R.Rodgers,TE,GB,4.186657498165099,0.0,1,2026-08-19T14:08:17.085216,A
2017,16,00-0031387,E.Ebron,TE,DET,9.711175701253369,19.3,1,2026-08-19T14:08:17.085216,A
2017,16,00-0031418,A.Seferian-Jenkins,TE,NYJ,5.999050600857653,6.1,1,2026-08-19T14:08:17.085216,A
2017,16,00-0031484,C.Manhertz,TE,CAR,1.5346663121615425,0.0,1,2026-08-19T14:08:17.085216,A
2017,16,00-0031533,R.Telfer,TE,CLE,0.9625698782240711,0.0,1,2026-08-19T14:08:17.085216,A
2017,16,00-0031558,M.Williams,TE,BAL,2.59551961575964,8.6,1,2026-08-19T14:08:17.085216,A
2017,16,00-0031598,N.Boyle,TE,BAL,3.9484985722830466,3.9,1,2026-08-19T14:08:17.085216,A
2017,16,00-0031609,A.Derby,TE,MIA,1.937406980837241,2.1,1,2026-08-19T14:08:17.085216,A
2017,16,00-0031690,E.Tomlinson,TE,NYJ,0.8052076033143232,0.0,1,2026-08-19T14:08:17.085216,A
2017,16,00-0031744,M.LaCosse,TE,DEN,0.0,0.0,1,2026-08-19T14:08:17.085216,A
2017,16,00-0031788,M.Lengel,TE,CLE,0.32025097583981765,0.0,1,2026-08-19T14:08:17.085216,A
2017,16,00-0031884,G.Holmes,TE,ARI,1.3497249060395617,0.0,1,2026-08-19T14:08:17.085216,A
2017,16,00-0031922,K.Lee,TE,BUF,0.22476112870871065,0.0,1,2026-08-19T14:08:17.085216,A
2017,16,00-0031951,J.O'Shaughnessy,TE,JAX,3.140666870953292,14.9,1,2026-08-19T14:08:17.085216,A
2017,16,00-0032055,D.Funchess,TE,CAR,12.847402531399197,4.1,1,2026-08-19T14:08:17.085216,A
2017,16,00-0032098,D.Brown,TE,CHI,3.669746146338976,0.0,1,2026-08-19T14:08:17.085216,A
2017,16,00-0032117,N.O'Leary,TE,BUF,3.024860146569278,0.0,1,2026-08-19T14:08:17.085216,A
2017,16,00-0032134,C.Uzomah,TE,CIN,4.297012212872606,7.1,1,2026-08-19T14:08:17.085216,A
2017,16,00-0032135,J.James,TE,PIT,9.089322341150568,0.0,1,2026-08-19T14:08:17.085216,A
2017,16,00-0032139,B.Koyack,TE,JAX,1.1747991957432689,3.0,1,2026-08-19T14:08:17.085216,A
2017,16,00-0032141,G.Swaim,TE,DAL,1.116065188926064,0.0,1,2026-08-19T14:08:17.085216,A
2017,16,00-0032214,T.Kroft,TE,CIN,5.8984871890300505,1.3,1,2026-08-19T14:08:17.085216,A
2017,16,00-0032227,J.Heuerman,TE,DEN,4.5720494055985075,0.0,1,2026-08-19T14:08:17.085216,A
2017,16,00-0032319,R.Travis,TE,IND,2.302085190265684,0.0,1,2026-08-19T14:08:17.085216,A
2017,16,00-0032392,A.Hooper,TE,ATL,7.665426935234017,4.8,1,2026-08-19T14:08:17.085216,A
2017,16,00-0032394,N.Vannett,TE,SEA,2.366985522377898,0.0,1,2026-08-19T14:08:17.085216,A
2017,16,00-0032429,J.Adams,TE,NYG,0.9320039129963336,7.1,1,2026-08-19T14:08:17.085216,A
2017,16,00-0032430,D.Morgan,TE,MIN,1.2383136333414482,4.6,1,2026-08-19T14:08:17.085216,A
2017,16,00-0032650,R.Malleck,TE,HOU,1.9895651644977417,1.3,1,2026-08-19T14:08:17.085216,A
2017,16,00-0032661,B.Braunecker,TE,CHI,2.6607969312267707,0.0,1,2026-08-19T14:08:17.085216,A
2017,16,00-0032725,S.Anderson,TE,HOU,5.765569793447452,0.0,1,2026-08-19T14:08:17.085216,A
2017,16,00-0033043,A.Traylor,TE,DEN,0.9180469653830212,2.4,1,2026-08-19T14:08:17.085216,A
2017,16,00-0033080,S.DeValve,TE,CLE,4.531725253261348,4.2,1,2026-08-19T14:08:17.085216,A
2017,16,00-0033110,T.Higbee,TE,LA,3.5573915103596923,3.5,1,2026-08-19T14:08:17.085216,A
2017,16,00-0033258,D.Daniels,TE,IND,0.7192619251956375,0.0,1,2026-08-19T14:08:17.085216,A
2017,16,00-0033288,G.Kittle,TE,SF,5.729247108943586,13.2,1,2026-08-19T14:08:17.085216,A
2017,16,00-0033387,J.Hollister,TE,NE,1.1977818980781418,2.0,1,2026-08-19T14:08:17.085216,A
2017,16,00-0033421,A.Auclair,TE,TB,1.8896896150459694,0.0,1,2026-08-19T14:08:17.085216,A
2017,16,00-0033439,P.Brown,TE,LV,3.6864421803481147,0.0,1,2026-08-19T14:08:17.085216,A
2017,16,00-0033528,J.Sprinkle,TE,WAS,1.2773129872107565,1.6,1,2026-08-19T14:08:17.085216,A
2017,16,00-0033559,M.Roberts,TE,DET,1.2240851112434412,0.0,1,2026-08-19T14:08:17.085216,A
2017,16,00-0033611,R.Seals-Jones,TE,ARI,8.500723068542866,0.0,1,2026-08-19T14:08:17.085216,A
2017,16,00-0033858,J.Smith,TE,TEN,2.5112678538454687,2.3,1,2026-08-19T14:08:17.085216,A
2017,16,00-0033881,E.Engram,TE,NYG,11.65103461148476,2.2,1,2026-08-19T14:08:17.085216,A
2017,16,00-0033885,D.Njoku,TE,CLE,6.852644215357969,2.3,1,2026-08-19T14:08:17.085216,A
2017,16,00-0033895,G.Everett,TE,LA,4.749391824684423,0.0,1,2026-08-19T14:08:17.085216,A
2017,17,00-0023500,F.Gore,RB,IND,13.473866651140092,14.1,1,2026-08-19T14:08:17.085216,A
2017,17,00-0025399,M.Lynch,RB,LV,12.358436876918159,13.9,1,2026-08-19T14:08:17.085216,A
2017,17,00-0026019,D.Woodhead,RB,BAL,9.097546302863462,5.9,1,2026-08-19T14:08:17.085216,A
2017,17,00-0027029,L.McCoy,RB,BUF,17.909977336953336,5.2,1,2026-08-19T14:08:17.085216,A
2017,17,00-0027325,L.Blount,RB,PHI,6.262759946454969,5.8,1,2026-08-19T14:08:17.085216,A
2017,17,00-0027966,M.Ingram,RB,NO,15.29427217854363,9.4,1,2026-08-19T14:08:17.085216,A
2017,17,00-0027994,S.Vereen,RB,NYG,4.942078585202339,1.4,1,2026-08-19T14:08:17.085216,A
2017,17,00-0028011,S.Ridley,RB,PIT,7.185102889239582,14.0,1,2026-08-19T14:08:17.085216,A
2017,17,00-0028064,B.Powell,RB,NYJ,10.094195304349952,6.6,1,2026-08-19T14:08:17.085216,A
2017,17,00-0028074,A.Sherman,RB,KC,1.5591525086222346,15.1,1,2026-08-19T14:08:17.085216,A
2017,17,00-0028083,J.Rodgers,RB,TB,1.4342947136624422,4.0,1,2026-08-19T14:08:17.085216,A
2017,17,00-0028087,D.Lewis,RB,NE,16.991099947177677,31.3,1,2026-08-19T14:08:17.085216,A
2017,17,00-0029004,L.Dunbar,RB,LA,3.6967891074683736,9.1,1,2026-08-19T14:08:17.085216,A
2017,17,00-0029141,A.Morris,RB,DAL,11.10983260286717,0.1,1,2026-08-19T14:08:17.085216,A
2017,17,00-0029239,B.Bolden,RB,NE,5.334412403604525,6.3,1,2026-08-19T14:08:17.085216,A
2017,17,00-0029613,D.Martin,RB,TB,5.738973352552057,-0.3,1,2026-08-19T14:08:17.085216,A
2017,17,00-0029615,L.Miller,RB,HOU,9.522707666332089,3.7,1,2026-08-19T14:08:17.085216,A
2017,17,00-0029731,F.Whittaker,RB,CAR,3.4674846033991127,1.9,1,2026-08-19T14:08:17.085216,A
2017,17,00-0029795,B.Cunningham,RB,CHI,3.9930024489700506,1.6,1,2026-08-19T14:08:17.085216,A
2017,17,00-0029854,C.Anderson,RB,DEN,15.358424092685722,6.1,1,2026-08-19T14:08:17.085216,A
2017,17,00-0030107,T.Riddick,RB,DET,13.911641192680362,4.2,1,2026-08-19T14:08:17.085216,A
2017,17,00-0030117,K.Williams,RB,ARI,7.099642765735974,9.1,1,2026-08-19T14:08:17.085216,A
2017,17,00-0030287,A.Ellington,RB,HOU,4.411249347809427,0.0,1,2026-08-19T14:08:17.085216,A
2017,17,00-0030456,G.Bernard,RB,CIN,16.203200716816177,13.0,1,2026-08-19T14:08:17.085216,A
2017,17,00-0030465,K.Barner,RB,PHI,2.4209591170777696,2.2,1,2026-08-19T14:08:17.085216,A
2017,17,00-0030513,L.Murray,RB,MIN,13.148918653085422,24.4,1,2026-08-19T14:08:17.085216,A
2017,17,00-0030578,C.Patterson,RB,LV,4.435218383565413,1.4,1,2026-08-19T14:08:17.085216,A
2017,17,00-0030656,I.Crowell,RB,CLE,12.779883909082594,2.1,1,2026-08-19T14:08:17.085216,A
2017,17,00-0030711,D.Fluellen,RB,TEN,1.595359061662776,0.0,1,2026-08-19T14:08:17.085216,A
2017,17,00-0030860,O.Darkwa,RB,NYG,4.9485329778499745,21.4,1,2026-08-19T14:08:17.085216,A
2017,17,00-0031045,C.Hyde,RB,SF,15.294478271290242,21.8,1,2026-08-19T14:08:17.085216,A
2017,17,00-0031075,A.Blue,RB,HOU,7.554838656713734,17.5,1,2026-08-19T14:08:17.085216,A
2017,17,00-0031085,J.Prosch,RB,HOU,1.7936772815190665,1.9,1,2026-08-19T14:08:17.085216,A
2017,17,00-0031102,K.Bibbs,RB,WAS,9.938391570523716,18.0,1,2026-08-19T14:08:17.085216,A
2017,17,00-0031209,S.Perry,RB,MIA,1.4542616654748186,2.1,1,2026-08-19T14:08:17.085216,A
2017,17,00-0031277,B.Oliver,RB,LAC,4.656342497151597,2.9,1,2026-08-19T14:08:17.085216,A
2017,17,00-0031285,D.Freeman,RB,ATL,15.604393875449354,25.8,1,2026-08-19T14:08:17.085216,A
2017,17,00-0031332,F.Toussaint,RB,PIT,1.9864830853047408,5.1,1,2026-08-19T14:08:17.085216,A
2017,17,00-0031376,J.McKinnon,RB,MIN,12.303603839790881,4.4,1,2026-08-19T14:08:17.085216,A
2017,17,00-0031390,C.Sims,RB,TB,5.110979847736926,0.6,1,2026-08-19T14:08:17.085216,A
2017,17,00-0031577,J.Allen,RB,BAL,9.230389212847552,3.7,1,2026-08-19T14:08:17.085216,A
2017,17,00-0031599,C.Artis-Payne,RB,CAR,3.4834669700503036,1.6,1,2026-08-19T14:08:17.085216,A
2017,17,00-0031743,A.Hunt,RB,KC,0.0,3.9,1,2026-08-19T14:08:17.085216,A
2017,17,00-0031806,M.Brown,RB,LA,2.1716743694362695,10.1,1,2026-08-19T14:08:17.085216,A
2017,17,00-0031897,T.Rawls,RB,SEA,3.3397339673004742,4.8,1,2026-08-19T14:08:17.085216,A
2017,17,00-0031959,M.Murphy,RB,BUF,1.4713906802260897,6.8,1,2026-08-19T14:08:17.085216,A
2017,17,00-0032058,T.Coleman,RB,ATL,11.208391655152516,5.7,1,2026-08-19T14:08:17.085216,A
2017,17,00-0032063,M.Davis,RB,SEA,12.669392511854236,8.4,1,2026-08-19T14:08:17.085216,A
2017,17,00-0032104,A.Abdullah,RB,DET,9.510994730376783,9.9,1,2026-08-19T14:08:17.085216,A
2017,17,00-0032144,M.Gordon,RB,LAC,16.16825912941687,18.4,1,2026-08-19T14:08:17.085216,A
2017,17,00-0032209,T.Yeldon,RB,JAX,12.011459931415098,1.3,1,2026-08-19T14:08:17.085216,A
2017,17,00-0032257,D.Johnson,RB,CLE,13.385562626340986,19.5,1,2026-08-19T14:08:17.085216,A
2017,17,00-0032417,P.Perkins,RB,NYG,3.035235890493454,2.8,1,2026-08-19T14:08:17.085216,A
2017,17,00-0032426,A.Collins,RB,BAL,14.445799760275397,17.6,1,2026-08-19T14:08:17.085216,A
2017,17,00-0032577,D.Foster,RB,ARI,4.4272192690605845,3.0,1,2026-08-19T14:08:17.085216,A
2017,17,00-0032602,J.McKissic,RB,SEA,10.212540250311042,5.9,1,2026-08-19T14:08:17.085216,A
2017,17,00-0032741,P.Barber,RB,TB,8.178961597257269,16.9,1,2026-08-19T14:08:17.085216,A
2017,17,00-0032780,J.Howard,RB,CHI,12.172786674937111,2.4,1,2026-08-19T14:08:17.085216,A
2017,17,00-0032782,W.Smallwood,RB,PHI,3.970596952348478,6.0,1,2026-08-19T14:08:17.085216,A
2017,17,00-0032813,E.Penny,RB,ARI,3.0559767132883686,9.9,1,2026-08-19T14:08:17.085216,A
2017,17,00-0032940,D.Washington,RB,LV,6.300948289450621,2.3,1,2026-08-19T14:08:17.085216,A
2017,17,00-0032972,D.Booker,RB,DEN,10.646438357038043,5.6,1,2026-08-19T14:08:17.085216,A
2017,17,00-0033025,J.Richard,RB,LV,4.509773460126943,1.6,1,2026-08-19T14:08:17.085216,A
2017,17,00-0033045,E.Elliott,RB,DAL,20.699871554192562,17.1,1,2026-08-19T14:08:17.085216,A
2017,17,00-0033118,K.Drake,RB,MIA,15.960098482964995,12.0,1,2026-08-19T14:08:17.085216,A
2017,17,00-0033295,E.McGuire,RB,NYJ,4.089584255659115,4.0,1,2026-08-19T14:08:17.085216,A
2017,17,00-0033304,D.Mays,RB,GB,2.1659648648845136,3.2,1,2026-08-19T14:08:17.085216,A
2017,17,00-0033308,M.Breida,RB,SF,8.215209283928509,11.4,1,2026-08-19T14:08:17.085216,A
2017,17,00-0033413,D.Smith,RB,MIA,3.744731335591286,5.7,1,2026-08-19T14:08:17.085216,A
2017,17,00-0033526,S.Perine,RB,WAS,12.358515676413926,0.3,1,2026-08-19T14:08:17.085216,A
2017,17,00-0033556,T.Cohen,RB,CHI,6.084003312264666,8.7,1,2026-08-19T14:08:17.085216,A
2017,17,00-0033581,D.Henderson,RB,DEN,1.4113057279668757,11.4,1,2026-08-19T14:08:17.085216,A
2017,17,00-0033725,C.Clement,RB,PHI,6.12440496434284,0.0,1,2026-08-19T14:08:17.085216,A
2017,17,00-0033748,Ti.Green,RB,DET,5.881245605731552,5.5,1,2026-08-19T14:08:17.085216,A
2017,17,00-0033854,D.Ogunbowale,RB,WAS,5.915628601637328,0.0,1,2026-08-19T14:08:17.085216,A
2017,17,00-0033856,L.Fournette,RB,JAX,16.217722303274485,17.6,1,2026-08-19T14:08:17.085216,A
2017,17,00-0033897,J.Mixon,RB,CIN,6.1345660685215195,8.7,1,2026-08-19T14:08:17.085216,A
2017,17,00-0033906,A.Kamara,RB,NO,16.685695620806975,24.8,1,2026-08-19T14:08:17.085216,A
2017,17,00-0033923,K.Hunt,RB,KC,19.317748858473276,9.5,1,2026-08-19T14:08:17.085216,A
2017,17,00-0033948,J.Williams,RB,GB,13.65975559285056,14.3,1,2026-08-19T14:08:17.085216,A
2017,17,00-0033950,W.Gallman,RB,NYG,12.09447607988687,8.9,1,2026-08-19T14:08:17.085216,A
2017,17,00-0033951,M.Mack,RB,IND,7.031971521176426,11.8,1,2026-08-19T14:08:17.085216,A
2017,17,00-0022921,L.Fitzgerald,WR,ARI,17.047701232530258,13.5,1,2026-08-19T14:08:17.085216,A
2017,17,00-0024535,E.Weems,WR,TEN,1.4122054299059046,0.0,1,2026-08-19T14:08:17.085216,A
2017,17,00-0025396,T.Ginn,WR,NO,9.328567190694187,6.5,1,2026-08-19T14:08:17.085216,A
2017,17,00-0026035,D.Amendola,WR,NE,10.187214633750369,8.3,1,2026-08-19T14:08:17.085216,A
2017,17,00-0026901,M.Wallace,WR,BAL,9.337053137293651,15.0,1,2026-08-19T14:08:17.085216,A
2017,17,00-0026983,D.Heyward-Bey,WR,PIT,2.7359699219808116,8.9,1,2026-08-19T14:08:17.085216,A
2017,17,00-0026986,M.Crabtree,WR,LV,14.417258699861382,3.7,1,2026-08-19T14:08:17.085216,A
2017,17,00-0027006,K.Britt,WR,NE,6.794853008816534,0.0,1,2026-08-19T14:08:17.085216,A
2017,17,00-0027057,B.Tate,WR,BUF,3.4756750658674966,0.0,1,2026-08-19T14:08:17.085216,A
2017,17,00-0027089,L.Murphy,WR,SF,2.6952677264878786,1.6,1,2026-08-19T14:08:17.085216,A
2017,17,00-0027681,B.LaFell,WR,CIN,8.462349511297209,5.5,1,2026-08-19T14:08:17.085216,A
2017,17,00-0027690,E.Decker,WR,TEN,9.041337105002444,4.8,1,2026-08-19T14:08:17.085216,A
2017,17,00-0027691,A.Roberts,WR,ATL,2.6147531609850927,0.0,1,2026-08-19T14:08:17.085216,A
2017,17,00-0027874,D.Thomas,WR,DEN,14.078061830919744,17.7,1,2026-08-19T14:08:17.085216,A
2017,17,00-0027891,G.Tate,WR,DET,9.90957925961021,23.4,1,2026-08-19T14:08:17.085216,A
2017,17,00-0027902,D.Bryant,WR,DAL,10.133038786955387,5.4,1,2026-08-19T14:08:17.085216,A
2017,17,00-0027942,A.Green,WR,CIN,13.24086630325781,3.7,1,2026-08-19T14:08:17.085216,A
2017,17,00-0027944,J.Jones,WR,ATL,17.660438111520534,13.0,1,2026-08-19T14:08:17.085216,A
2017,17,00-0027996,T.Smith,WR,PHI,8.513527599231624,0.0,1,2026-08-19T14:08:17.085216,A
2017,17,00-0028002,R.Cobb,WR,GB,13.334626526095413,15.3,1,2026-08-19T14:08:17.085216,A
2017,17,00-0028116,A.Robinson,WR,SF,4.602808774762664,8.2,1,2026-08-19T14:08:17.085216,A
2017,17,00-0028411,D.Inman,WR,CHI,4.800988249127046,14.4,1,2026-08-19T14:08:17.085216,A
2017,17,00-0028434,D.Baldwin,WR,SEA,11.495721989069008,25.0,1,2026-08-19T14:08:17.085216,A
2017,17,00-0028497,K.Aiken,WR,IND,2.8292796337406845,1.2,1,2026-08-19T14:08:17.085216,A
2017,17,00-0029137,A.Jeffery,WR,PHI,10.805403595548391,1.8,1,2026-08-19T14:08:17.085216,A
2017,17,00-0029159,J.Kearse,WR,NYJ,10.786009758482452,10.9,1,2026-08-19T14:08:17.085216,A
2017,17,00-0029269,T.Benjamin,WR,LAC,7.76700380602688,20.0,1,2026-08-19T14:08:17.085216,A
2017,17,00-0029293,M.Jones,WR,DET,12.069525350874056,18.1,1,2026-08-19T14:08:17.085216,A
2017,17,00-0029319,J.Bellamy,WR,CHI,7.080998144790925,4.6,1,2026-08-19T14:08:17.085216,A
2017,17,00-0029388,D.Thompson,WR,BUF,4.406309325572191,4.3,1,2026-08-19T14:08:17.085216,A
2017,17,00-0029394,B.Bersin,WR,CAR,3.203806135423432,5.6,1,2026-08-19T14:08:17.085216,A
2017,17,00-0029572,J.Wright,WR,MIN,5.418828699946241,0.0,1,2026-08-19T14:08:17.085216,A
2017,17,00-0029580,R.Matthews,WR,TEN,9.167866472203205,1.7,1,2026-08-19T14:08:17.085216,A
2017,17,00-0029608,T.Hilton,WR,IND,14.115394074202035,4.4,1,2026-08-19T14:08:17.085216,A
2017,17,00-0029632,M.Sanu,WR,ATL,12.288697245107059,14.1,1,2026-08-19T14:08:17.085216,A
2017,17,00-0029638,M.Floyd,WR,MIN,3.9354178554388373,0.0,1,2026-08-19T14:08:17.085216,A
2017,17,00-0029640,B.Quick,WR,WAS,2.6412422737136563,0.0,1,2026-08-19T14:08:17.085216,A
2017,17,00-0029664,J.Gordon,WR,CLE,10.66546093476778,15.5,1,2026-08-19T14:08:17.085216,A
2017,17,00-0029708,K.Wright,WR,CHI,12.809837852081277,7.9,1,2026-08-19T14:08:17.085216,A
2017,17,00-0030035,A.Thielen,WR,MIN,12.888362802398376,12.1,1,2026-08-19T14:08:17.085216,A
2017,17,00-0030068,M.Goodwin,WR,SF,13.1420797598958,11.8,1,2026-08-19T14:08:17.085216,A
2017,17,00-0030085,K.Stills,WR,MIA,7.907022142066516,6.4,1,2026-08-19T14:08:17.085216,A
2017,17,00-0030147,R.Shepard,WR,CAR,4.4502749096118,0.0,1,2026-08-19T14:08:17.085216,A
2017,17,00-0030279,K.Allen,WR,LAC,15.820845382261847,28.3,1,2026-08-19T14:08:17.085216,A
2017,17,00-0030290,C.Hamilton,WR,HOU,1.7775450878919052,1.8,1,2026-08-19T14:08:17.085216,A
2017,17,00-0030300,J.Brown,WR,ARI,6.407797716166794,9.5,1,2026-08-19T14:08:17.085216,A
2017,17,00-0030460,M.Wheaton,WR,CHI,2.4995839453435833,0.0,1,2026-08-19T14:08:17.085216,A
2017,17,00-0030516,B.Butler,WR,DAL,3.759892575131849,13.0,1,2026-08-19T14:08:17.085216,A
2017,17,00-0030521,J.Hunter,WR,PIT,2.216052852053119,0.0,1,2026-08-19T14:08:17.085216,A
2017,17,00-0030525,T.Austin,WR,LA,2.487468032588626,6.8,1,2026-08-19T14:08:17.085216,A
2017,17,00-0030542,T.Williams,WR,DAL,9.736418379737694,3.4,1,2026-08-19T14:08:17.085216,A
2017,17,00-0030663,W.Snead,WR,NO,5.407521964859154,0.0,1,2026-08-19T14:08:17.085216,A
2017,17,00-0030669,A.Wilson,WR,KC,7.6562317262396204,24.7,1,2026-08-19T14:08:17.085216,A
2017,17,00-0030670,B.Fowler,WR,DEN,4.202119351548922,9.6,1,2026-08-19T14:08:17.085216,A
2017,17,00-0030737,F.Martino,WR,TB,2.917954800410574,1.9,1,2026-08-19T14:08:17.085216,A
2017,17,00-0030801,B.Coleman,WR,NO,5.788225901574414,0.0,1,2026-08-19T14:08:17.085216,A
2017,17,00-0030821,A.Hurns,WR,JAX,10.61464769989505,6.8,1,2026-08-19T14:08:17.085216,A
2017,17,00-0031001,J.Janis,WR,GB,2.9597228846325914,1.0,1,2026-08-19T14:08:17.085216,A
2017,17,00-0031025,M.Campanaro,WR,BAL,4.076250013809453,6.6,1,2026-08-19T14:08:17.085216,A
2017,17,00-0031051,J.Brown,WR,ARI,5.4968020789513945,0.0,1,2026-08-19T14:08:17.085216,A
2017,17,00-0031060,D.Thomas,WR,KC,2.6838965096219334,0.0,1,2026-08-19T14:08:17.085216,A
2017,17,00-0031068,R.Grant,WR,WAS,6.670982547693919,4.3,1,2026-08-19T14:08:17.085216,A
2017,17,00-0031166,S.Roberts,WR,LV,7.905127763450038,9.8,1,2026-08-19T14:08:17.085216,A
2017,17,00-0031228,T.Gabriel,WR,ATL,6.328011432493826,0.0,1,2026-08-19T14:08:17.085216,A
2017,17,00-0031236,B.Cooks,WR,NE,12.301035504422705,19.7,1,2026-08-19T14:08:17.085216,A
2017,17,00-0031257,P.Richardson,WR,SEA,9.334783215088414,0.0,1,2026-08-19T14:08:17.085216,A
2017,17,00-0031359,K.Benjamin,WR,BUF,10.749069640120982,4.7,1,2026-08-19T14:08:17.085216,A
2017,17,00-0031373,M.Bryant,WR,PIT,9.559053653732512,12.5,1,2026-08-19T14:08:17.085216,A
2017,17,00-0031382,J.Landry,WR,MIA,14.343138688377003,24.2,1,2026-08-19T14:08:17.085216,A
2017,17,00-0031408,M.Evans,WR,TB,13.174322923802922,10.5,1,2026-08-19T14:08:17.085216,A
2017,17,00-0031544,A.Cooper,WR,LV,9.098421012726881,20.5,1,2026-08-19T14:08:17.085216,A
2017,17,00-0031547,D.Parker,WR,MIA,9.77069127864605,12.4,1,2026-08-19T14:08:17.085216,A
2017,17,00-0031549,N.Agholor,WR,PHI,12.243127289246807,4.8,1,2026-08-19T14:08:17.085216,A
2017,17,00-0031570,J.Hardy,WR,ATL,5.1539730892928475,5.2,1,2026-08-19T14:08:17.085216,A
2017,17,00-0031588,S.Diggs,WR,MIN,14.219497567535392,17.7,1,2026-08-19T14:08:17.085216,A
2017,17,00-0031697,J.Taylor,WR,DEN,2.3413484626134164,12.5,1,2026-08-19T14:08:17.085216,A
2017,17,00-0031782,E.Rogers,WR,PIT,6.848330964236189,1.1,1,2026-08-19T14:08:17.085216,A
2017,17,00-0031941,J.Crowder,WR,WAS,10.377267139344355,5.4,1,2026-08-19T14:08:17.085216,A
2017,17,00-0032009,A.Humphries,WR,TB,7.896018381961783,17.2,1,2026-08-19T14:08:17.085216,A
2017,17,00-0032112,J.Nelson,WR,ARI,4.487102864404836,2.8,1,2026-08-19T14:08:17.085216,A
2017,17,00-0032115,K.Clay,WR,CAR,3.7268358124535363,2.3,1,2026-08-19T14:08:17.085216,A
2017,17,00-0032160,T.Williams,WR,LAC,10.613083062096552,15.7,1,2026-08-19T14:08:17.085216,A
2017,17,00-0032166,S.Coates,WR,CLE,2.5701971911037,0.0,1,2026-08-19T14:08:17.085216,A
2017,17,00-0032208,P.Dorsett,WR,NE,3.8317793421778585,5.6,1,2026-08-19T14:08:17.085216,A
2017,17,00-0032211,T.Lockett,WR,SEA,8.723362444078317,5.5,1,2026-08-19T14:08:17.085216,A
2017,17,00-0032355,C.Rogers,WR,IND,6.047881059025464,5.9,1,2026-08-19T14:08:17.085216,A
2017,17,00-0032362,M.Harris,WR,WAS,1.3226224163304914,0.0,1,2026-08-19T14:08:17.085216,A
2017,17,00-0032398,C.Moore,WR,BAL,6.166694638817654,7.6,1,2026-08-19T14:08:17.085216,A
2017,17,00-0032423,T.Davis,WR,GB,2.802651003120337,8.6,1,2026-08-19T14:08:17.085216,A
2017,17,00-0032626,G.Allison,WR,GB,5.594124566227547,3.5,1,2026-08-19T14:08:17.085216,A
2017,17,00-0032688,R.Chosen,WR,NYJ,12.755900674162362,1.3,1,2026-08-19T14:08:17.085216,A
2017,17,00-0032707,A.Jones,WR,DET,1.9414769468426247,0.0,1,2026-08-19T14:08:17.085216,A
2017,17,00-0032760,J.Doctson,WR,WAS,5.895767884126448,7.7,1,2026-08-19T14:08:17.085216,A
2017,17,00-0032765,M.Thomas,WR,NO,16.935473527233025,15.4,1,2026-08-19T14:08:17.085216,A
2017,17,00-0032775,D.Robinson,WR,KC,2.3983545283446355,7.1,1,2026-08-19T14:08:17.085216,A
2017,17,00-0032791,J.Grant,WR,MIA,5.069874528451063,5.6,1,2026-08-19T14:08:17.085216,A
2017,17,00-0032839,H.Sharp,WR,NYG,0.6885142895672931,11.9,1,2026-08-19T14:08:17.085216,A
2017,17,00-0032881,T.Lewis,WR,NO,3.8594929229771995,0.0,1,2026-08-19T14:08:17.085216,A
2017,17,00-0032926,K.Brent,WR,IND,0.5978360082588512,0.0,1,2026-08-19T14:08:17.085216,A
2017,17,00-0032935,J.Holton,WR,LV,1.73570454494459,0.0,1,2026-08-19T14:08:17.085216,A
2017,17,00-0032951,L.Treadwell,WR,MIN,5.049688880752587,4.6,1,2026-08-19T14:08:17.085216,A
2017,17,00-0032966,C.Coleman,WR,CLE,8.734787282892194,2.8,1,2026-08-19T14:08:17.085216,A
2017,17,00-0032977,R.Higgins,WR,CLE,5.14219923588128,21.8,1,2026-08-19T14:08:17.085216,A
2017,17,00-0032980,M.Johnson,WR,PHI,0.7769086012554501,3.3,1,2026-08-19T14:08:17.085216,A
2017,17,00-0033006,J.Mickens,WR,JAX,4.924438057219699,0.0,1,2026-08-19T14:08:17.085216,A
2017,17,00-0033009,T.Boyd,WR,CIN,6.737987425274663,20.1,1,2026-08-19T14:08:17.085216,A
2017,17,00-0033069,B.Miller,WR,HOU,5.19738401636152,2.9,1,2026-08-19T14:08:17.085216,A
2017,17,00-0033079,R.Louis,WR,CLE,3.2284983816821198,0.0,1,2026-08-19T14:08:17.085216,A
2017,17,00-0033087,M.Bundy,WR,NYG,2.4229537695479366,0.0,1,2026-08-19T14:08:17.085216,A
2017,17,00-0033111,P.Cooper,WR,LA,2.088848685340959,5.0,1,2026-08-19T14:08:17.085216,A
2017,17,00-0033114,M.Thomas,WR,LA,2.3981234137159038,10.5,1,2026-08-19T14:08:17.085216,A
2017,17,00-0033127,W.Fuller,WR,HOU,11.644405784747866,3.7,1,2026-08-19T14:08:17.085216,A
2017,17,00-0033266,J.Natson,WR,NYJ,1.8136754146287024,0.0,1,2026-08-19T14:08:17.085216,A
2017,17,00-0033292,T.Taylor,WR,SF,7.291470422545746,4.9,1,2026-08-19T14:08:17.085216,A
2017,17,00-0033307,K.Bourne,WR,SF,6.032513980224353,4.8,1,2026-08-19T14:08:17.085216,A
2017,17,00-0033352,M.Clark,WR,GB,5.59509150710095,1.5,1,2026-08-19T14:08:17.085216,A
2017,17,00-0033366,Quincy Adeboyejo,WR,BAL,2.8024587579949722,0.0,1,2026-08-19T14:08:17.085216,A
2017,17,00-0033434,B.Wilson,WR,TB,1.0642496092930211,0.4,1,2026-08-19T14:08:17.085216,A
2017,17,00-0033464,J.Chesson,WR,KC,0.13976957689823416,1.8,1,2026-08-19T14:08:17.085216,A
2017,17,00-0033466,I.McKenzie,WR,DEN,2.4153127138052377,1.7,1,2026-08-19T14:08:17.085216,A
2017,17,00-0033536,M.Williams,WR,LAC,5.560833121178934,1.8,1,2026-08-19T14:08:17.085216,A
2017,17,00-0033555,M.Hollins,WR,PHI,2.1776956701757926,5.5,1,2026-08-19T14:08:17.085216,A
2017,17,00-0033562,R.Switzer,WR,DAL,0.7435728994360207,7.2,1,2026-08-19T14:08:17.085216,A
2017,17,00-0033573,S.Gibson,WR,PHI,0.0,3.1,1,2026-08-19T14:08:17.085216,A
2017,17,00-0033589,D.Moore,WR,SEA,6.080984730463977,0.0,1,2026-08-19T14:08:17.085216,A
2017,17,00-0033591,N.Brown,WR,DAL,2.4005550275277017,0.0,1,2026-08-19T14:08:17.085216,A
2017,17,00-0033681,K.Cole,WR,JAX,9.896389000163353,5.3,1,2026-08-19T14:08:17.085216,A
2017,17,00-0033717,T.Rudolph,WR,NYG,1.9755554138720082,3.9,1,2026-08-19T14:08:17.085216,A
2017,17,00-0033839,D.Westbrook,WR,JAX,5.28011733501624,1.9,1,2026-08-19T14:08:17.085216,A
2017,17,00-0033840,C.Hansen,WR,NYJ,1.6261156179193414,2.5,1,2026-08-19T14:08:17.085216,A
2017,17,00-0033855,C.Thompson,WR,HOU,1.0435929484395305,8.4,1,2026-08-19T14:08:17.085216,A
2017,17,00-0033857,J.Smith-Schuster,WR,PIT,10.451385505200935,29.3,1,2026-08-19T14:08:17.085216,A
2017,17,00-0033859,J.Malone,WR,CIN,1.0157469035735027,0.0,1,2026-08-19T14:08:17.085216,A
2017,17,00-0033871,C.Davis,WR,TEN,9.075594182438426,0.0,1,2026-08-19T14:08:17.085216,A
2017,17,00-0033891,Z.Jones,WR,BUF,4.772299667010417,4.5,1,2026-08-19T14:08:17.085216,A
2017,17,00-0033911,T.Taylor,WR,TEN,1.946321990319087,0.5,1,2026-08-19T14:08:17.085216,A
2017,17,00-0033916,A.Stewart,WR,NYJ,0.003183542515189597,5.6,1,2026-08-19T14:08:17.085216,A
2017,17,00-0033921,C.Godwin,WR,TB,6.945579095402884,24.1,1,2026-08-19T14:08:17.085216,A
2017,17,00-0033932,K.Golladay,WR,DET,9.785039698693959,16.0,1,2026-08-19T14:08:17.085216,A
2017,17,00-0033937,A.Darboh,WR,SEA,0.9904816421902384,1.5,1,2026-08-19T14:08:17.085216,A
2017,17,00-0033943,J.Reynolds,WR,LA,3.17528617206806,3.6,1,2026-08-19T14:08:17.085216,A
2017,17,00-0021547,A.Gates,TE,LAC,8.0606834899264,8.6,1,2026-08-19T14:08:17.085216,A
2017,17,00-0022127,J.Witten,TE,DAL,9.816072337359511,3.7,1,2026-08-19T14:08:17.085216,A
2017,17,00-0022943,B.Watson,TE,BAL,9.365589898225975,13.1,1,2026-08-19T14:08:17.085216,A
2017,17,00-0024221,V.Davis,TE,WAS,9.678224275840002,4.0,1,2026-08-19T14:08:17.085216,A
2017,17,00-0024243,M.Lewis,TE,JAX,5.026480543341901,3.3,1,2026-08-19T14:08:17.085216,A
2017,17,00-0024268,A.Fasano,TE,MIA,2.698947685336516,1.1,1,2026-08-19T14:08:17.085216,A
2017,17,00-0024389,De.Walker,TE,TEN,11.480375626969849,4.9,1,2026-08-19T14:08:17.085216,A
2017,17,00-0025418,G.Olsen,TE,CAR,11.136213454903665,2.0,1,2026-08-19T14:08:17.085216,A
2017,17,00-0025549,B.Celek,TE,PHI,2.9580577393923466,4.3,1,2026-08-19T14:08:17.085216,A
2017,17,00-0027061,J.Cook,TE,LV,8.091070019507764,6.5,1,2026-08-19T14:08:17.085216,A
2017,17,00-0027215,L.Paulsen,TE,SF,1.084831502282843,0.0,1,2026-08-19T14:08:17.085216,A
2017,17,00-0027321,J.Cumberland,TE,LAC,0.3294540653557904,0.0,1,2026-08-19T14:08:17.085216,A
2017,17,00-0027656,R.Gronkowski,TE,NE,17.039675694950827,0.0,1,2026-08-19T14:08:17.085216,A
2017,17,00-0027675,E.Dickson,TE,CAR,2.211274250638016,4.2,1,2026-08-19T14:08:17.085216,A
2017,17,00-0027696,J.Graham,TE,SEA,7.2500091010827195,7.5,1,2026-08-19T14:08:17.085216,A
2017,17,00-0027873,J.Gresham,TE,ARI,5.934216004757355,5.4,1,2026-08-19T14:08:17.085216,A
2017,17,00-0027981,K.Rudolph,TE,MIN,7.841631435348029,1.3,1,2026-08-19T14:08:17.085216,A
2017,17,00-0027985,L.Kendricks,TE,GB,6.606602937064934,0.0,1,2026-08-19T14:08:17.085216,A
2017,17,00-0028042,L.Stocker,TE,TEN,1.911072477470928,2.2,1,2026-08-19T14:08:17.085216,A
2017,17,00-0028093,N.Paul,TE,WAS,3.467118885751022,1.0,1,2026-08-19T14:08:17.085216,A
2017,17,00-0028097,L.Smith,TE,LV,3.064997049697145,0.0,1,2026-08-19T14:08:17.085216,A
2017,17,00-0028112,C.Clay,TE,BUF,12.123931994759976,12.4,1,2026-08-19T14:08:17.085216,A
2017,17,00-0028142,V.Green,TE,DEN,3.1491618783518383,1.6,1,2026-08-19T14:08:17.085216,A
2017,17,00-0028903,G.Celek,TE,SF,4.093771917566471,3.8,1,2026-08-19T14:08:17.085216,A
2017,17,00-0028987,P.Supernaw,TE,TEN,1.5069813336587834,0.0,1,2026-08-19T14:08:17.085216,A
2017,17,00-0029119,D.Carrier,TE,LA,0.928622774728887,3.0,1,2026-08-19T14:08:17.085216,A
2017,17,00-0029391,S.McGrath,TE,LAC,1.8727357737711035,0.0,1,2026-08-19T14:08:17.085216,A
2017,17,00-0029414,O.Charles,TE,KC,1.6428005727945565,0.0,1,2026-08-19T14:08:17.085216,A
2017,17,00-0029587,R.Ellison,TE,NYG,5.496809299093567,11.3,1,2026-08-19T14:08:17.085216,A
2017,17,00-0029634,J.Hanna,TE,DAL,3.514108559388773,2.3,1,2026-08-19T14:08:17.085216,A
2017,17,00-0029689,D.Allen,TE,NE,4.466633073107503,0.0,1,2026-08-19T14:08:17.085216,A
2017,17,00-0029738,D.Fells,TE,DET,2.6513216229023326,2.2,1,2026-08-19T14:08:17.085216,A
2017,17,00-0029878,M.Gray,TE,MIA,0.10876411845878564,0.2,1,2026-08-19T14:08:17.085216,A
2017,17,00-0030061,Z.Ertz,TE,PHI,13.299101911383918,4.4,1,2026-08-19T14:08:17.085216,A
2017,17,00-0030089,L.Willson,TE,SEA,4.224649844587814,0.0,1,2026-08-19T14:08:17.085216,A
2017,17,00-0030155,D.Harris,TE,KC,4.665612993605115,10.3,1,2026-08-19T14:08:17.085216,A
2017,17,00-0030181,J.Doyle,TE,IND,11.009419403373261,13.8,1,2026-08-19T14:08:17.085216,A
2017,17,00-0030216,J.Hill,TE,NO,4.696999358909636,1.8,1,2026-08-19T14:08:17.085216,A
2017,17,00-0030422,D.Sims,TE,CHI,4.8112394924013255,0.0,1,2026-08-19T14:08:17.085216,A
2017,17,00-0030470,V.McDonald,TE,PIT,6.641009963417948,1.5,1,2026-08-19T14:08:17.085216,A
2017,17,00-0030710,T.Burton,TE,PHI,3.1307925176029063,1.9,1,2026-08-19T14:08:17.085216,A
2017,17,00-0030780,R.Hewitt,TE,CIN,1.327300572302656,0.0,1,2026-08-19T14:08:17.085216,A
2017,17,00-0031035,X.Grimble,TE,PIT,1.3323941793597527,1.2,1,2026-08-19T14:08:17.085216,A
2017,17,00-0031044,T.Niklas,TE,ARI,3.168077708074098,0.0,1,2026-08-19T14:08:17.085216,A
2017,17,00-0031273,C.Brate,TE,TB,8.204686135996553,6.7,1,2026-08-19T14:08:17.085216,A
2017,17,00-0031387,E.Ebron,TE,DET,11.241078209072526,1.9,1,2026-08-19T14:08:17.085216,A
2017,17,00-0031484,C.Manhertz,TE,CAR,0.5835002003818404,0.0,1,2026-08-19T14:08:17.085216,A
2017,17,00-0031533,R.Telfer,TE,CLE,1.35456132282425,0.0,1,2026-08-19T14:08:17.085216,A
2017,17,00-0031558,M.Williams,TE,BAL,3.2698095363036708,0.0,1,2026-08-19T14:08:17.085216,A
2017,17,00-0031598,N.Boyle,TE,BAL,4.506259570707534,4.4,1,2026-08-19T14:08:17.085216,A
2017,17,00-0031609,A.Derby,TE,MIA,3.666911359887151,1.9,1,2026-08-19T14:08:17.085216,A
2017,17,00-0031690,E.Tomlinson,TE,NYJ,1.1277646012223794,3.0,1,2026-08-19T14:08:17.085216,A
2017,17,00-0031744,M.LaCosse,TE,DEN,0.0,0.0,1,2026-08-19T14:08:17.085216,A
2017,17,00-0031922,K.Lee,TE,BUF,0.03046518824063771,0.0,1,2026-08-19T14:08:17.085216,A
2017,17,00-0031951,J.O'Shaughnessy,TE,JAX,4.255470862770659,0.0,1,2026-08-19T14:08:17.085216,A
2017,17,00-0032055,D.Funchess,TE,CAR,10.7136704359583,12.8,1,2026-08-19T14:08:17.085216,A
2017,17,00-0032098,D.Brown,TE,CHI,3.021374960455719,0.0,1,2026-08-19T14:08:17.085216,A
2017,17,00-0032117,N.O'Leary,TE,BUF,2.363228919325174,9.6,1,2026-08-19T14:08:17.085216,A
2017,17,00-0032120,N.Sterling,TE,NYJ,0.9148439626291605,12.4,1,2026-08-19T14:08:17.085216,A
2017,17,00-0032134,C.Uzomah,TE,CIN,3.213722414363861,1.7,1,2026-08-19T14:08:17.085216,A
2017,17,00-0032135,J.James,TE,PIT,8.37295123149668,2.9,1,2026-08-19T14:08:17.085216,A
2017,17,00-0032139,B.Koyack,TE,JAX,1.703996073404915,0.0,1,2026-08-19T14:08:17.085216,A
2017,17,00-0032141,G.Swaim,TE,DAL,0.8808418097201262,0.0,1,2026-08-19T14:08:17.085216,A
2017,17,00-0032214,T.Kroft,TE,CIN,6.14245754823998,23.3,1,2026-08-19T14:08:17.085216,A
2017,17,00-0032227,J.Heuerman,TE,DEN,5.703699985943658,1.9,1,2026-08-19T14:08:17.085216,A
2017,17,00-0032319,R.Travis,TE,IND,3.0740412661124745,0.0,1,2026-08-19T14:08:17.085216,A
2017,17,00-0032392,A.Hooper,TE,ATL,7.660102888575328,6.5,1,2026-08-19T14:08:17.085216,A
2017,17,00-0032429,J.Adams,TE,NYG,2.591874806514538,0.0,1,2026-08-19T14:08:17.085216,A
2017,17,00-0032430,D.Morgan,TE,MIN,3.0831307969373385,6.5,1,2026-08-19T14:08:17.085216,A
2017,17,00-0032508,H.Valles,TE,DET,0.2552956196657467,0.0,1,2026-08-19T14:08:17.085216,A
2017,17,00-0032650,R.Malleck,TE,HOU,1.2741950654810026,0.0,1,2026-08-19T14:08:17.085216,A
2017,17,00-0032661,B.Braunecker,TE,CHI,3.0441759572972664,0.0,1,2026-08-19T14:08:17.085216,A
2017,17,00-0032725,S.Anderson,TE,HOU,3.8411539771359546,1.4,1,2026-08-19T14:08:17.085216,A
2017,17,00-0032745,A.Cross,TE,TB,1.365950670952188,2.1,1,2026-08-19T14:08:17.085216,A
2017,17,00-0032932,Ryan O'Malley,TE,NYG,0.1895020358097979,0.0,1,2026-08-19T14:08:17.085216,A
2017,17,00-0033043,A.Traylor,TE,DEN,0.7852719774815635,0.0,1,2026-08-19T14:08:17.085216,A
2017,17,00-0033080,S.DeValve,TE,CLE,4.760529945554126,0.0,1,2026-08-19T14:08:17.085216,A
2017,17,00-0033095,G.Griffin,TE,NO,0.9233840355284146,1.4,1,2026-08-19T14:08:17.085216,A
2017,17,00-0033110,T.Higbee,TE,LA,3.3519400610441057,0.0,1,2026-08-19T14:08:17.085216,A
2017,17,00-0033258,D.Daniels,TE,IND,1.7202249297058412,0.0,1,2026-08-19T14:08:17.085216,A
2017,17,00-0033288,G.Kittle,TE,SF,6.374075149167762,14.0,1,2026-08-19T14:08:17.085216,A
2017,17,00-0033387,J.Hollister,TE,NE,2.05514849319053,0.0,1,2026-08-19T14:08:17.085216,A
2017,17,00-0033421,A.Auclair,TE,TB,1.6609743636059213,0.0,1,2026-08-19T14:08:17.085216,A
2017,17,00-0033439,P.Brown,TE,LV,1.3521735444329597,0.0,1,2026-08-19T14:08:17.085216,A
2017,17,00-0033514,E.Byrd,TE,GB,3.087748828330097,5.1,1,2026-08-19T14:08:17.085216,A
2017,17,00-0033528,J.Sprinkle,TE,WAS,1.8069646979141598,0.0,1,2026-08-19T14:08:17.085216,A
2017,17,00-0033576,E.Saubert,TE,ATL,1.0182781503592433,0.0,1,2026-08-19T14:08:17.085216,A
2017,17,00-0033611,R.Seals-Jones,TE,ARI,6.16269723096738,0.0,1,2026-08-19T14:08:17.085216,A
2017,17,00-0033742,T.Swoopes,TE,SEA,3.677482743270878,0.0,1,2026-08-19T14:08:17.085216,A
2017,17,00-0033858,J.Smith,TE,TEN,3.4746501070470757,4.2,1,2026-08-19T14:08:17.085216,A
2017,17,00-0033885,D.Njoku,TE,CLE,5.972388073316997,5.8,1,2026-08-19T14:08:17.085216,A
2017,17,00-0033895,G.Everett,TE,LA,3.192361516393504,2.6,1,2026-08-19T14:08:17.085216,A
2017,18,00-0026153,J.Stewart,RB,CAR,12.912107956190406,5.1,1,2026-08-19T14:08:17.085216,A
2017,18,00-0027029,L.McCoy,RB,BUF,12.973028411143131,17.9,1,2026-08-19T14:08:17.085216,A
2017,18,00-0027531,C.Ivory,RB,JAX,9.123765928090057,0.2,1,2026-08-19T14:08:17.085216,A
2017,18,00-0027966,M.Ingram,RB,NO,15.51316333307278,4.5,1,2026-08-19T14:08:17.085216,A
2017,18,00-0029731,F.Whittaker,RB,CAR,3.8601464063224182,0.3,1,2026-08-19T14:08:17.085216,A
2017,18,00-0030668,C.West,RB,KC,6.512004218474321,2.1,1,2026-08-19T14:08:17.085216,A
2017,18,00-0031285,D.Freeman,RB,ATL,15.986155928015929,13.9,1,2026-08-19T14:08:17.085216,A
2017,18,00-0031731,C.Grant,RB,JAX,7.094156253563494,0.3,1,2026-08-19T14:08:17.085216,A
2017,18,00-0031806,M.Brown,RB,LA,9.162551054136113,1.4,1,2026-08-19T14:08:17.085216,A
2017,18,00-0032058,T.Coleman,RB,ATL,11.015368825054113,9.8,1,2026-08-19T14:08:17.085216,A
2017,18,00-0032241,T.Gurley,RB,LA,23.14224563918956,15.1,1,2026-08-19T14:08:17.085216,A
2017,18,00-0033856,L.Fournette,RB,JAX,18.02433140616857,10.8,1,2026-08-19T14:08:17.085216,A
2017,18,00-0033906,A.Kamara,RB,NO,18.49032600952644,10.3,1,2026-08-19T14:08:17.085216,A
2017,18,00-0033923,K.Hunt,RB,KC,16.222703995539746,13.7,1,2026-08-19T14:08:17.085216,A
2017,18,00-0025396,T.Ginn,WR,NO,10.134623739423253,21.5,1,2026-08-19T14:08:17.085216,A
2017,18,00-0027690,E.Decker,WR,TEN,10.080400429260497,10.1,1,2026-08-19T14:08:17.085216,A
2017,18,00-0027944,J.Jones,WR,ATL,14.96619736837009,25.7,1,2026-08-19T14:08:17.085216,A
2017,18,00-0029388,D.Thompson,WR,BUF,4.206259033106018,5.2,1,2026-08-19T14:08:17.085216,A
2017,18,00-0029394,B.Bersin,WR,CAR,3.2096515959404712,4.7,1,2026-08-19T14:08:17.085216,A
2017,18,00-0029580,R.Matthews,WR,TEN,8.718159263814835,2.5,1,2026-08-19T14:08:17.085216,A
2017,18,00-0029632,M.Sanu,WR,ATL,11.906078676617653,11.5,1,2026-08-19T14:08:17.085216,A
2017,18,00-0030147,R.Shepard,WR,CAR,2.3709825135378546,0.0,1,2026-08-19T14:08:17.085216,A
2017,18,00-0030431,R.Woods,WR,LA,15.101731409935407,23.2,1,2026-08-19T14:08:17.085216,A
2017,18,00-0030663,W.Snead,WR,NO,4.708073869265004,1.7,1,2026-08-19T14:08:17.085216,A
2017,18,00-0030669,A.Wilson,WR,KC,8.34131566626222,4.6,1,2026-08-19T14:08:17.085216,A
2017,18,00-0030801,B.Coleman,WR,NO,4.938650807571598,8.4,1,2026-08-19T14:08:17.085216,A
2017,18,00-0030821,A.Hurns,WR,JAX,9.382074635509337,0.0,1,2026-08-19T14:08:17.085216,A
2017,18,00-0031325,S.Watkins,WR,LA,12.148625799293724,3.3,1,2026-08-19T14:08:17.085216,A
2017,18,00-0031359,K.Benjamin,WR,BUF,8.346955875106811,1.9,1,2026-08-19T14:08:17.085216,A
2017,18,00-0031431,M.Lee,WR,JAX,6.576141685121119,0.5,1,2026-08-19T14:08:17.085216,A
2017,18,00-0031570,J.Hardy,WR,ATL,6.49412870918953,1.3,1,2026-08-19T14:08:17.085216,A
2017,18,00-0032115,K.Clay,WR,CAR,4.399023984044867,6.2,1,2026-08-19T14:08:17.085216,A
2017,18,00-0032765,M.Thomas,WR,NO,16.57168110257975,21.1,1,2026-08-19T14:08:17.085216,A
2017,18,00-0032775,D.Robinson,WR,KC,6.29252066775463,15.7,1,2026-08-19T14:08:17.085216,A
2017,18,00-0032881,T.Lewis,WR,NO,3.3237488234010346,-0.4,1,2026-08-19T14:08:17.085216,A
2017,18,00-0033040,T.Hill,WR,KC,13.468383553519558,17.1,1,2026-08-19T14:08:17.085216,A
2017,18,00-0033681,K.Cole,WR,JAX,10.416343798861535,0.0,1,2026-08-19T14:08:17.085216,A
2017,18,00-0033839,D.Westbrook,WR,JAX,5.800235980163417,9.8,1,2026-08-19T14:08:17.085216,A
2017,18,00-0033871,C.Davis,WR,TEN,8.277701099115822,7.5,1,2026-08-19T14:08:17.085216,A
2017,18,00-0033891,Z.Jones,WR,BUF,5.5955153525401755,4.0,1,2026-08-19T14:08:17.085216,A
2017,18,00-0033911,T.Taylor,WR,TEN,0.8454706587302567,1.4,1,2026-08-19T14:08:17.085216,A
2017,18,00-0024243,M.Lewis,TE,JAX,6.110699695765621,4.7,1,2026-08-19T14:08:17.085216,A
2017,18,00-0024389,De.Walker,TE,TEN,10.34050815305576,13.4,1,2026-08-19T14:08:17.085216,A
2017,18,00-0025418,G.Olsen,TE,CAR,13.711633466207994,24.7,1,2026-08-19T14:08:17.085216,A
2017,18,00-0027675,E.Dickson,TE,CAR,2.9063637093160346,1.3,1,2026-08-19T14:08:17.085216,A
2017,18,00-0028112,C.Clay,TE,BUF,11.834205135146092,4.5,1,2026-08-19T14:08:17.085216,A
2017,18,00-0029414,O.Charles,TE,KC,2.9851016194775157,0.0,1,2026-08-19T14:08:17.085216,A
2017,18,00-0030155,D.Harris,TE,KC,5.804015749430595,4.2,1,2026-08-19T14:08:17.085216,A
2017,18,00-0030216,J.Hill,TE,NO,4.4300106299248,13.9,1,2026-08-19T14:08:17.085216,A
2017,18,00-0030506,T.Kelce,TE,KC,14.445364935399743,16.6,1,2026-08-19T14:08:17.085216,A
2017,18,00-0031260,L.Thomas,TE,BUF,0.9730687356694748,1.5,1,2026-08-19T14:08:17.085216,A
2017,18,00-0032055,D.Funchess,TE,CAR,9.014324880649479,11.9,1,2026-08-19T14:08:17.085216,A
2017,18,00-0032117,N.O'Leary,TE,BUF,2.6929031752585937,4.2,1,2026-08-19T14:08:17.085216,A
2017,18,00-0032139,B.Koyack,TE,JAX,1.7125860175943588,7.1,1,2026-08-19T14:08:17.085216,A
2017,18,00-0032392,A.Hooper,TE,ATL,6.558006664221278,4.5,1,2026-08-19T14:08:17.085216,A
2017,18,00-0033110,T.Higbee,TE,LA,2.9599685449854514,2.1,1,2026-08-19T14:08:17.085216,A
2017,18,00-0033858,J.Smith,TE,TEN,5.228845653645293,3.5,1,2026-08-19T14:08:17.085216,A
2017,18,00-0033895,G.Everett,TE,LA,5.698988628489934,1.4,1,2026-08-19T14:08:17.085216,A
2017,19,00-0027325,L.Blount,RB,PHI,5.999248613778989,7.9,1,2026-08-19T14:08:17.085216,A
2017,19,00-0027966,M.Ingram,RB,NO,10.567260415476497,3.8,1,2026-08-19T14:08:17.085216,A
2017,19,00-0028087,D.Lewis,RB,NE,17.830593122874426,23.1,1,2026-08-19T14:08:17.085216,A
2017,19,00-0029239,B.Bolden,RB,NE,8.584562638720175,8.7,1,2026-08-19T14:08:17.085216,A
2017,19,00-0030496,L.Bell,RB,PIT,21.673174298710737,36.5,1,2026-08-19T14:08:17.085216,A
2017,19,00-0030513,L.Murray,RB,MIN,12.206894908431641,14.7,1,2026-08-19T14:08:17.085216,A
2017,19,00-0031062,J.White,RB,NE,8.61357731856251,20.0,1,2026-08-19T14:08:17.085216,A
2017,19,00-0031285,D.Freeman,RB,ATL,11.568762658240905,14.3,1,2026-08-19T14:08:17.085216,A
2017,19,00-0031376,J.McKinnon,RB,MIN,11.880866924358964,13.0,1,2026-08-19T14:08:17.085216,A
2017,19,00-0031590,J.Ajayi,RB,PHI,9.838108238338386,10.8,1,2026-08-19T14:08:17.085216,A
2017,19,00-0031682,T.Ward,RB,ATL,3.139750165735297,0.0,1,2026-08-19T14:08:17.085216,A
2017,19,00-0032058,T.Coleman,RB,ATL,9.399658265837761,10.3,1,2026-08-19T14:08:17.085216,A
2017,19,00-0032209,T.Yeldon,RB,JAX,10.858171114388563,16.7,1,2026-08-19T14:08:17.085216,A
2017,19,00-0033725,C.Clement,RB,PHI,4.206022755423024,8.6,1,2026-08-19T14:08:17.085216,A
2017,19,00-0033856,L.Fournette,RB,JAX,13.709233101929648,31.9,1,2026-08-19T14:08:17.085216,A
2017,19,00-0033906,A.Kamara,RB,NO,13.252728805157973,20.5,1,2026-08-19T14:08:17.085216,A
2017,19,00-0025396,T.Ginn,WR,NO,9.693459619584686,16.3,1,2026-08-19T14:08:17.085216,A
2017,19,00-0026035,D.Amendola,WR,NE,9.603036839429635,22.2,1,2026-08-19T14:08:17.085216,A
2017,19,00-0026983,D.Heyward-Bey,WR,PIT,3.240433791106328,0.0,1,2026-08-19T14:08:17.085216,A
2017,19,00-0027690,E.Decker,WR,TEN,8.260935099644652,14.5,1,2026-08-19T14:08:17.085216,A
2017,19,00-0027793,A.Brown,WR,PIT,16.3333175890141,32.2,1,2026-08-19T14:08:17.085216,A
2017,19,00-0027944,J.Jones,WR,ATL,14.416324096213138,19.1,1,2026-08-19T14:08:17.085216,A
2017,19,00-0027996,T.Smith,WR,PHI,5.957659858350409,6.9,1,2026-08-19T14:08:17.085216,A
2017,19,00-0028237,C.Hogan,WR,NE,10.431529649461401,7.4,1,2026-08-19T14:08:17.085216,A
2017,19,00-0029137,A.Jeffery,WR,PHI,8.288215726468055,10.1,1,2026-08-19T14:08:17.085216,A
2017,19,00-0029572,J.Wright,WR,MIN,4.496995239396735,8.6,1,2026-08-19T14:08:17.085216,A
2017,19,00-0029580,R.Matthews,WR,TEN,5.339524920704433,5.7,1,2026-08-19T14:08:17.085216,A
2017,19,00-0029632,M.Sanu,WR,ATL,10.888212249178242,8.0,1,2026-08-19T14:08:17.085216,A
2017,19,00-0029638,M.Floyd,WR,MIN,4.421765045227637,0.0,1,2026-08-19T14:08:17.085216,A
2017,19,00-0029848,N.Williams,WR,ATL,6.600488595179282,0.0,1,2026-08-19T14:08:17.085216,A
2017,19,00-0030035,A.Thielen,WR,MIN,12.175370615208193,13.4,1,2026-08-19T14:08:17.085216,A
2017,19,00-0030663,W.Snead,WR,NO,3.0684258839855714,3.8,1,2026-08-19T14:08:17.085216,A
2017,19,00-0030821,A.Hurns,WR,JAX,7.533286541594809,2.2,1,2026-08-19T14:08:17.085216,A
2017,19,00-0031228,T.Gabriel,WR,ATL,4.494431607717001,2.4,1,2026-08-19T14:08:17.085216,A
2017,19,00-0031236,B.Cooks,WR,NE,13.122816033589082,6.2,1,2026-08-19T14:08:17.085216,A
2017,19,00-0031373,M.Bryant,WR,PIT,10.186074042372791,15.8,1,2026-08-19T14:08:17.085216,A
2017,19,00-0031431,M.Lee,WR,JAX,6.011074168953544,5.8,1,2026-08-19T14:08:17.085216,A
2017,19,00-0031549,N.Agholor,WR,PHI,10.212402860320221,7.4,1,2026-08-19T14:08:17.085216,A
2017,19,00-0031570,J.Hardy,WR,ATL,3.440199576240956,0.0,1,2026-08-19T14:08:17.085216,A
2017,19,00-0031588,S.Diggs,WR,MIN,13.813992522674754,25.7,1,2026-08-19T14:08:17.085216,A
2017,19,00-0031782,E.Rogers,WR,PIT,6.19418955550138,9.2,1,2026-08-19T14:08:17.085216,A
2017,19,00-0032765,M.Thomas,WR,NO,14.5206087457472,27.5,1,2026-08-19T14:08:17.085216,A
2017,19,00-0033555,M.Hollins,WR,PHI,4.411492218607363,1.9,1,2026-08-19T14:08:17.085216,A
2017,19,00-0033681,K.Cole,WR,JAX,6.394340232682688,5.5,1,2026-08-19T14:08:17.085216,A
2017,19,00-0033839,D.Westbrook,WR,JAX,6.237100221689528,1.8,1,2026-08-19T14:08:17.085216,A
2017,19,00-0033857,J.Smith-Schuster,WR,PIT,13.722535250403787,9.5,1,2026-08-19T14:08:17.085216,A
2017,19,00-0033871,C.Davis,WR,TEN,8.03738917329289,23.3,1,2026-08-19T14:08:17.085216,A
2017,19,00-0033911,T.Taylor,WR,TEN,0.9976777190277761,1.5,1,2026-08-19T14:08:17.085216,A
2017,19,00-0024243,M.Lewis,TE,JAX,4.875461361055674,0.0,1,2026-08-19T14:08:17.085216,A
2017,19,00-0024389,De.Walker,TE,TEN,9.585657163752128,9.9,1,2026-08-19T14:08:17.085216,A
2017,19,00-0025549,B.Celek,TE,PHI,4.023984612153697,1.6,1,2026-08-19T14:08:17.085216,A
2017,19,00-0027656,R.Gronkowski,TE,NE,13.332152956087645,20.1,1,2026-08-19T14:08:17.085216,A
2017,19,00-0027981,K.Rudolph,TE,MIN,7.161199692867956,7.8,1,2026-08-19T14:08:17.085216,A
2017,19,00-0030061,Z.Ertz,TE,PHI,11.77674626773403,6.2,1,2026-08-19T14:08:17.085216,A
2017,19,00-0030216,J.Hill,TE,NO,4.203884051579942,8.4,1,2026-08-19T14:08:17.085216,A
2017,19,00-0030443,L.Toilolo,TE,ATL,1.9462617141830811,2.2,1,2026-08-19T14:08:17.085216,A
2017,19,00-0030470,V.McDonald,TE,PIT,6.172793242780009,21.2,1,2026-08-19T14:08:17.085216,A
2017,19,00-0030710,T.Burton,TE,PHI,3.0638871442254967,0.0,1,2026-08-19T14:08:17.085216,A
2017,19,00-0031035,X.Grimble,TE,PIT,0.8816023599975374,0.0,1,2026-08-19T14:08:17.085216,A
2017,19,00-0031951,J.O'Shaughnessy,TE,JAX,3.14497940181526,2.9,1,2026-08-19T14:08:17.085216,A
2017,19,00-0032135,J.James,TE,PIT,6.948976878036001,2.2,1,2026-08-19T14:08:17.085216,A
2017,19,00-0032139,B.Koyack,TE,JAX,1.228556248871802,3.1,1,2026-08-19T14:08:17.085216,A
2017,19,00-0032392,A.Hooper,TE,ATL,6.654514127228696,1.3,1,2026-08-19T14:08:17.085216,A
2017,19,00-0033387,J.Hollister,TE,NE,1.9432125918468277,1.0,1,2026-08-19T14:08:17.085216,A
2017,19,00-0033858,J.Smith,TE,TEN,5.142094020542191,1.4,1,2026-08-19T14:08:17.085216,A
2017,20,00-0027325,L.Blount,RB,PHI,6.0025761443666115,8.1,1,2026-08-19T14:08:17.085216,A
2017,20,00-0028087,D.Lewis,RB,NE,15.309902981310588,11.6,1,2026-08-19T14:08:17.085216,A
2017,20,00-0030288,R.Burkhead,RB,NE,10.206428516025351,0.5,1,2026-08-19T14:08:17.085216,A
2017,20,00-0030513,L.Murray,RB,MIN,10.431902685382239,4.9,1,2026-08-19T14:08:17.085216,A
2017,20,00-0031062,J.White,RB,NE,8.184558949794738,11.6,1,2026-08-19T14:08:17.085216,A
2017,20,00-0031376,J.McKinnon,RB,MIN,7.79454251543883,23.6,1,2026-08-19T14:08:17.085216,A
2017,20,00-0031590,J.Ajayi,RB,PHI,9.234425725484211,12.9,1,2026-08-19T14:08:17.085216,A
2017,20,00-0031731,C.Grant,RB,JAX,4.3117651966568715,9.1,1,2026-08-19T14:08:17.085216,A
2017,20,00-0032209,T.Yeldon,RB,JAX,8.842943884058206,5.1,1,2026-08-19T14:08:17.085216,A
2017,20,00-0033725,C.Clement,RB,PHI,4.46476129986968,3.8,1,2026-08-19T14:08:17.085216,A
2017,20,00-0033856,L.Fournette,RB,JAX,15.403905491165627,16.9,1,2026-08-19T14:08:17.085216,A
2017,20,00-0026035,D.Amendola,WR,NE,11.188993493583327,28.5,1,2026-08-19T14:08:17.085216,A
2017,20,00-0027996,T.Smith,WR,PHI,7.035556862885376,17.9,1,2026-08-19T14:08:17.085216,A
2017,20,00-0028237,C.Hogan,WR,NE,7.2700944091434465,4.0,1,2026-08-19T14:08:17.085216,A
2017,20,00-0029137,A.Jeffery,WR,PHI,8.446834507804242,25.5,1,2026-08-19T14:08:17.085216,A
2017,20,00-0029572,J.Wright,WR,MIN,5.170705766540093,8.5,1,2026-08-19T14:08:17.085216,A
2017,20,00-0030035,A.Thielen,WR,MIN,9.709184415511888,5.8,1,2026-08-19T14:08:17.085216,A
2017,20,00-0030821,A.Hurns,WR,JAX,6.968932472525188,14.0,1,2026-08-19T14:08:17.085216,A
2017,20,00-0031236,B.Cooks,WR,NE,11.52208342992709,16.0,1,2026-08-19T14:08:17.085216,A
2017,20,00-0031431,M.Lee,WR,JAX,7.0126575798074375,8.1,1,2026-08-19T14:08:17.085216,A
2017,20,00-0031549,N.Agholor,WR,PHI,8.733600058065964,8.9,1,2026-08-19T14:08:17.085216,A
2017,20,00-0031588,S.Diggs,WR,MIN,12.912360498153733,15.0,1,2026-08-19T14:08:17.085216,A
2017,20,00-0032208,P.Dorsett,WR,NE,5.241544580668665,4.1,1,2026-08-19T14:08:17.085216,A
2017,20,00-0032951,L.Treadwell,WR,MIN,4.490311063614712,0.0,1,2026-08-19T14:08:17.085216,A
2017,20,00-0033555,M.Hollins,WR,PHI,4.02301202938732,0.0,1,2026-08-19T14:08:17.085216,A
2017,20,00-0033681,K.Cole,WR,JAX,5.873487276871563,5.7,1,2026-08-19T14:08:17.085216,A
2017,20,00-0033839,D.Westbrook,WR,JAX,5.763764409597384,3.9,1,2026-08-19T14:08:17.085216,A
2017,20,00-0024243,M.Lewis,TE,JAX,5.065566162671271,7.4,1,2026-08-19T14:08:17.085216,A
2017,20,00-0025549,B.Celek,TE,PHI,3.622017911688672,0.0,1,2026-08-19T14:08:17.085216,A
2017,20,00-0027656,R.Gronkowski,TE,NE,10.989211885459891,3.1,1,2026-08-19T14:08:17.085216,A
2017,20,00-0027981,K.Rudolph,TE,MIN,8.223590135878958,9.5,1,2026-08-19T14:08:17.085216,A
2017,20,00-0030061,Z.Ertz,TE,PHI,10.80296716217231,17.3,1,2026-08-19T14:08:17.085216,A
2017,20,00-0030710,T.Burton,TE,PHI,2.5199664210721853,2.2,1,2026-08-19T14:08:17.085216,A
2017,20,00-0031951,J.O'Shaughnessy,TE,JAX,3.5015765329527175,1.4,1,2026-08-19T14:08:17.085216,A
2017,20,00-0032139,B.Koyack,TE,JAX,1.9803065292063402,0.0,1,2026-08-19T14:08:17.085216,A
2017,21,00-0027325,L.Blount,RB,PHI,6.586923519620691,15.0,1,2026-08-19T14:08:17.085216,A
2017,21,00-0028087,D.Lewis,RB,NE,14.787260953148074,3.9,1,2026-08-19T14:08:17.085216,A
2017,21,00-0030288,R.Burkhead,RB,NE,8.56245596802325,7.4,1,2026-08-19T14:08:17.085216,A
2017,21,00-0031062,J.White,RB,NE,8.918573746134594,14.6,1,2026-08-19T14:08:17.085216,A
2017,21,00-0031590,J.Ajayi,RB,PHI,10.415439489685882,5.7,1,2026-08-19T14:08:17.085216,A
2017,21,00-0033725,C.Clement,RB,PHI,4.497245866947014,20.8,1,2026-08-19T14:08:17.085216,A
2017,21,00-0026035,D.Amendola,WR,NE,12.346051847310171,23.2,1,2026-08-19T14:08:17.085216,A
2017,21,00-0027996,T.Smith,WR,PHI,8.333584371031865,9.9,1,2026-08-19T14:08:17.085216,A
2017,21,00-0028237,C.Hogan,WR,NE,6.466717611257046,25.2,1,2026-08-19T14:08:17.085216,A
2017,21,00-0029137,A.Jeffery,WR,PHI,10.378718087506416,16.3,1,2026-08-19T14:08:17.085216,A
2017,21,00-0031236,B.Cooks,WR,NE,11.936421834324063,3.4,1,2026-08-19T14:08:17.085216,A
2017,21,00-0031549,N.Agholor,WR,PHI,8.636075015801556,18.3,1,2026-08-19T14:08:17.085216,A
2017,21,00-0032208,P.Dorsett,WR,NE,3.894263483918539,2.9,1,2026-08-19T14:08:17.085216,A
2017,21,00-0027656,R.Gronkowski,TE,NE,10.619133180452279,32.6,1,2026-08-19T14:08:17.085216,A
2017,21,00-0030061,Z.Ertz,TE,PHI,10.418862572223967,19.7,1,2026-08-19T14:08:17.085216,A
2017,21,00-0030710,T.Burton,TE,PHI,2.9653967772979435,4.0,1,2026-08-19T14:08:17.085216,A
