{
  "qb_target": "fp",
  "selection_method": "holdout_owner_fp_objective",
  "rmse_fp_model": 7.653345233320595,
  "rmse_util_model_as_fp": 7.742565502725205,
  "mae_fp_model": 5.96924872241691,
  "mae_util_model_as_fp": 6.375367625635716,
  "r2_fp_model": 0.17717519048041352,
  "r2_util_model_as_fp": 0.15787890640608604
}