{
  "qb_target": "fp",
  "selection_method": "holdout_owner_fp_objective",
  "rmse_fp_model": 7.535881992504315,
  "rmse_util_model_as_fp": 7.551308143947967,
  "mae_fp_model": 5.882716138461631,
  "mae_util_model_as_fp": 6.017455871667333,
  "r2_fp_model": 0.17011632433759805,
  "r2_util_model_as_fp": 0.1667152588216999
}