{
  "RB": {
    "snap_share": 0.03,
    "rush_share": 0.03,
    "target_share": 0.14541374461474732,
    "redzone_share": 0.16026293094872746,
    "touch_share": 0.49476596275125323,
    "high_value_touch": 0.139557361685272
  },
  "WR": {
    "target_share": 0.4772249447282957,
    "air_yards_share": 0.34926095979906874,
    "snap_share": 0.029999999999999992,
    "redzone_targets": 0.10309703459029133,
    "route_participation": 0.0,
    "high_value_touch": 0.040417060882344105
  },
  "TE": {
    "target_share": 0.10196323631642723,
    "snap_share": 0.03,
    "redzone_targets": 0.06429506169122168,
    "air_yards_share": 0.24534460977820727,
    "inline_rate": 0.5323478260313685,
    "high_value_touch": 0.026049266182775293
  },
  "QB": {
    "dropback_rate": 0.27620361164032936,
    "rush_attempt_share": 0.22657546932994233,
    "redzone_opportunity": 0.2048722702114958,
    "play_volume": 0.2923486488182325
  }
}