{
  "RB": {
    "snap_share": 0.030000000000000002,
    "rush_share": 0.030000000000000002,
    "target_share": 0.13871428176728148,
    "redzone_share": 0.1684804634046999,
    "touch_share": 0.4869987553089228,
    "high_value_touch": 0.1458064995190959
  },
  "WR": {
    "target_share": 0.4668686665277054,
    "air_yards_share": 0.35511269488290675,
    "snap_share": 0.03,
    "redzone_targets": 0.10976681410133833,
    "route_participation": 0.0,
    "high_value_touch": 0.038251824488049486
  },
  "TE": {
    "target_share": 0.18662783172850395,
    "snap_share": 0.03,
    "redzone_targets": 0.09167137482325566,
    "air_yards_share": 0.2448423177787851,
    "inline_rate": 0.41608603765680197,
    "high_value_touch": 0.030772438012653336
  },
  "QB": {
    "dropback_rate": 0.284788583293903,
    "rush_attempt_share": 0.23200973524263774,
    "redzone_opportunity": 0.1917201763385411,
    "play_volume": 0.2914815051249182
  }
}