player_id,season,week,team,position,is_cold_start,fold,arm,actual_share,predicted_share,role_tier
00-0022942,2025,15,IND,QB,1,0,ridge_blend_renorm,1.0,0.0,QB4
00-0022942,2025,16,IND,QB,1,0,ridge_blend_renorm,1.0,0.75,QB1
00-0022942,2025,17,IND,QB,1,0,ridge_blend_renorm,1.0,1.0,QB1
00-0022942,2025,18,IND,QB,0,0,ridge_blend_renorm,0.0,1.0,QB1
00-0023459,2025,1,PIT,QB,1,0,ridge_blend_renorm,1.0,0.6923076923076923,QB1
00-0023459,2025,2,PIT,QB,1,0,ridge_blend_renorm,1.0,0.6923076923076923,QB1
00-0023459,2025,3,PIT,QB,1,0,ridge_blend_renorm,1.0,0.6923076923076923,QB1
00-0023459,2025,4,PIT,QB,0,0,ridge_blend_renorm,1.0,1.0,QB1
00-0023459,2025,6,PIT,QB,0,0,ridge_blend_renorm,1.0,1.0,QB1
00-0023459,2025,7,PIT,QB,0,0,ridge_blend_renorm,1.0,1.0,QB1
00-0023459,2025,8,PIT,QB,0,0,ridge_blend_renorm,1.0,1.0,QB1
00-0023459,2025,9,PIT,QB,0,0,ridge_blend_renorm,1.0,1.0,QB1
00-0023459,2025,10,PIT,QB,0,0,ridge_blend_renorm,1.0,1.0,QB1
00-0023459,2025,11,PIT,QB,0,0,ridge_blend_renorm,0.5,1.0,QB1
00-0023459,2025,12,PIT,QB,0,0,ridge_blend_renorm,0.0,0.8333333333333334,QB1
00-0023459,2025,13,PIT,QB,0,0,ridge_blend_renorm,0.0,0.5,QB1
00-0023459,2025,14,PIT,QB,0,0,ridge_blend_renorm,1.0,0.25,QB2
00-0023459,2025,15,PIT,QB,0,0,ridge_blend_renorm,1.0,0.5,QB1
00-0023459,2025,16,PIT,QB,0,0,ridge_blend_renorm,1.0,1.0,QB1
00-0023459,2025,17,PIT,QB,0,0,ridge_blend_renorm,0.0,1.0,QB1
00-0023459,2025,18,PIT,QB,0,0,ridge_blend_renorm,1.0,1.0,QB1
00-0026158,2025,1,CLE,QB,1,0,ridge_blend_renorm,1.0,0.5423728813559322,QB1
00-0026158,2025,2,CLE,QB,1,0,ridge_blend_renorm,0.5,0.5423728813559322,QB1
00-0026158,2025,3,CLE,QB,1,0,ridge_blend_renorm,0.0,0.3918367346938776,QB1
00-0026158,2025,4,CLE,QB,0,0,ridge_blend_renorm,0.0,0.75,QB1
00-0026158,2025,5,CLE,QB,0,0,ridge_blend_renorm,0.0,0.5,QB1
00-0026158,2025,6,CIN,QB,0,0,ridge_blend_renorm,1.0,0.0,QB2
00-0026158,2025,7,CIN,QB,0,0,ridge_blend_renorm,1.0,0.5,QB2
00-0026158,2025,8,CIN,QB,0,0,ridge_blend_renorm,1.0,0.6666666666666666,QB1
00-0026158,2025,9,CIN,QB,0,0,ridge_blend_renorm,1.0,1.0,QB1
00-0026158,2025,11,CIN,QB,0,0,ridge_blend_renorm,1.0,1.0,QB1
00-0026158,2025,12,CIN,QB,0,0,ridge_blend_renorm,1.0,1.0,QB1
00-0026158,2025,13,CIN,QB,0,0,ridge_blend_renorm,0.0,1.0,QB1
00-0026158,2025,14,CIN,QB,0,0,ridge_blend_renorm,0.0,0.6666666666666666,QB1
00-0026158,2025,15,CIN,QB,0,0,ridge_blend_renorm,0.0,0.33333333333333337,QB2
00-0026158,2025,16,CIN,QB,0,0,ridge_blend_renorm,0.0,0.0,QB2
00-0026158,2025,17,CIN,QB,0,0,ridge_blend_renorm,0.0,0.0,QB2
00-0026158,2025,18,CIN,QB,0,0,ridge_blend_renorm,0.0,0.0,QB2
00-0026300,2025,1,WAS,QB,1,0,ridge_blend_renorm,0.0,0.0,QB1
00-0026300,2025,2,WAS,QB,1,0,ridge_blend_renorm,0.0,0.0,QB2
00-0026300,2025,3,WAS,QB,1,0,ridge_blend_renorm,0.0,0.0,QB2
00-0026300,2025,4,WAS,QB,0,0,ridge_blend_renorm,0.0,0.0,QB3
00-0026300,2025,5,WAS,QB,0,0,ridge_blend_renorm,0.0,0.0,QB3
00-0026300,2025,6,WAS,QB,0,0,ridge_blend_renorm,0.0,0.0,QB3
00-0026300,2025,7,WAS,QB,0,0,ridge_blend_renorm,0.0,0.0,QB3
00-0026300,2025,8,WAS,QB,0,0,ridge_blend_renorm,0.0,0.0,QB3
00-0026300,2025,9,WAS,QB,0,0,ridge_blend_renorm,0.0,0.0,QB3
00-0026300,2025,10,WAS,QB,0,0,ridge_blend_renorm,0.0,0.0,QB3
00-0026300,2025,11,WAS,QB,0,0,ridge_blend_renorm,0.0,0.0,QB3
00-0026300,2025,13,WAS,QB,0,0,ridge_blend_renorm,0.0,0.0,QB3
00-0026300,2025,14,WAS,QB,0,0,ridge_blend_renorm,0.0,0.0,QB2
00-0026300,2025,15,WAS,QB,0,0,ridge_blend_renorm,0.0,0.0,QB3
00-0026300,2025,16,WAS,QB,0,0,ridge_blend_renorm,0.0,0.0,QB3
00-0026300,2025,17,WAS,QB,0,0,ridge_blend_renorm,0.0,0.0,QB3
00-0026300,2025,18,WAS,QB,0,0,ridge_blend_renorm,1.0,0.0,QB2
00-0026498,2025,1,LA,QB,1,0,ridge_blend_renorm,1.0,0.9090909090909091,QB1
00-0026498,2025,2,LA,QB,1,0,ridge_blend_renorm,1.0,0.9090909090909091,QB1
00-0026498,2025,3,LA,QB,1,0,ridge_blend_renorm,1.0,0.9090909090909091,QB1
00-0026498,2025,4,LA,QB,0,0,ridge_blend_renorm,1.0,1.0,QB1
00-0026498,2025,5,LA,QB,0,0,ridge_blend_renorm,1.0,1.0,QB1
00-0026498,2025,6,LA,QB,0,0,ridge_blend_renorm,1.0,1.0,QB1
00-0026498,2025,7,LA,QB,0,0,ridge_blend_renorm,1.0,1.0,QB1
00-0026498,2025,9,LA,QB,0,0,ridge_blend_renorm,1.0,1.0,QB1
00-0026498,2025,10,LA,QB,0,0,ridge_blend_renorm,1.0,1.0,QB1
00-0026498,2025,11,LA,QB,0,0,ridge_blend_renorm,1.0,1.0,QB1
00-0026498,2025,12,LA,QB,0,0,ridge_blend_renorm,1.0,1.0,QB1
00-0026498,2025,13,LA,QB,0,0,ridge_blend_renorm,1.0,1.0,QB1
00-0026498,2025,14,LA,QB,0,0,ridge_blend_renorm,1.0,1.0,QB1
00-0026498,2025,15,LA,QB,0,0,ridge_blend_renorm,1.0,1.0,QB1
00-0026498,2025,16,LA,QB,0,0,ridge_blend_renorm,1.0,1.0,QB1
00-0026498,2025,17,LA,QB,0,0,ridge_blend_renorm,1.0,1.0,QB1
00-0026498,2025,18,LA,QB,0,0,ridge_blend_renorm,1.0,1.0,QB1
00-0027973,2025,1,CAR,QB,1,0,ridge_blend_renorm,0.0,0.23076923076923075,QB1
00-0027973,2025,2,CAR,QB,1,0,ridge_blend_renorm,0.0,0.23076923076923075,QB2
00-0027973,2025,3,CAR,QB,1,0,ridge_blend_renorm,0.0,0.23076923076923075,QB2
00-0027973,2025,4,CAR,QB,0,0,ridge_blend_renorm,0.5,0.0,QB2
00-0027973,2025,5,CAR,QB,0,0,ridge_blend_renorm,0.0,0.25,QB2
00-0027973,2025,6,CAR,QB,0,0,ridge_blend_renorm,0.0,0.25,QB2
00-0027973,2025,7,CAR,QB,0,0,ridge_blend_renorm,0.0,0.16666666666666666,QB2
00-0027973,2025,8,CAR,QB,0,0,ridge_blend_renorm,0.0,0.0,QB2
00-0027973,2025,9,CAR,QB,0,0,ridge_blend_renorm,0.0,0.0,QB2
00-0027973,2025,10,CAR,QB,0,0,ridge_blend_renorm,0.0,0.0,QB2
00-0027973,2025,11,CAR,QB,0,0,ridge_blend_renorm,0.0,0.0,QB2
00-0027973,2025,12,CAR,QB,0,0,ridge_blend_renorm,0.0,0.0,QB2
00-0027973,2025,13,CAR,QB,0,0,ridge_blend_renorm,0.0,0.0,QB2
00-0027973,2025,15,CAR,QB,0,0,ridge_blend_renorm,0.0,0.0,QB2
00-0027973,2025,16,CAR,QB,0,0,ridge_blend_renorm,0.0,0.0,QB2
00-0027973,2025,17,CAR,QB,0,0,ridge_blend_renorm,0.0,0.0,QB2
00-0027973,2025,18,CAR,QB,0,0,ridge_blend_renorm,0.0,0.0,QB2
00-0028118,2025,1,NYJ,QB,1,0,ridge_blend_renorm,0.0,0.2727272727272727,QB1
00-0028118,2025,2,NYJ,QB,1,0,ridge_blend_renorm,1.0,0.2727272727272727,QB2
00-0028118,2025,3,NYJ,QB,1,0,ridge_blend_renorm,1.0,0.2727272727272727,QB2
00-0028118,2025,4,NYJ,QB,0,0,ridge_blend_renorm,0.0,0.6666666666666666,QB2
00-0028118,2025,5,NYJ,QB,0,0,ridge_blend_renorm,0.0,0.6666666666666666,QB2
00-0028118,2025,6,NYJ,QB,0,0,ridge_blend_renorm,0.0,0.33333333333333337,QB2
00-0028118,2025,7,NYJ,QB,0,0,ridge_blend_renorm,0.0,0.0,QB2
00-0028118,2025,8,NYJ,QB,0,0,ridge_blend_renorm,0.0,0.0,QB2
00-0028118,2025,10,NYJ,QB,0,0,ridge_blend_renorm,0.0,0.0,QB2
00-0028118,2025,11,NYJ,QB,0,0,ridge_blend_renorm,0.0,0.0,QB2
00-0028118,2025,12,NYJ,QB,0,0,ridge_blend_renorm,1.0,0.0,QB2
00-0028118,2025,13,NYJ,QB,0,0,ridge_blend_renorm,1.0,0.33333333333333337,QB2
00-0028118,2025,14,NYJ,QB,0,0,ridge_blend_renorm,0.0,0.6666666666666666,QB1
00-0028118,2025,15,NYJ,QB,0,0,ridge_blend_renorm,0.0,1.0,QB1
00-0028118,2025,16,NYJ,QB,0,0,ridge_blend_renorm,0.0,0.5,QB2
00-0028118,2025,17,NYJ,QB,0,0,ridge_blend_renorm,0.0,0.0,QB2
00-0028118,2025,18,NYJ,QB,0,0,ridge_blend_renorm,0.0,0.0,QB2
00-0028986,2025,1,CHI,QB,1,0,ridge_blend_renorm,0.0,0.0,QB1
00-0028986,2025,2,CHI,QB,1,0,ridge_blend_renorm,0.0,0.0,QB2
00-0028986,2025,3,CHI,QB,1,0,ridge_blend_renorm,0.0,0.0,QB3
00-0028986,2025,4,CHI,QB,0,0,ridge_blend_renorm,0.0,0.0,QB3
00-0028986,2025,6,CHI,QB,0,0,ridge_blend_renorm,0.0,0.0,QB3
00-0028986,2025,7,CHI,QB,0,0,ridge_blend_renorm,0.0,0.0,QB2
00-0028986,2025,8,CHI,QB,0,0,ridge_blend_renorm,0.0,0.0,QB2
00-0028986,2025,9,CHI,QB,0,0,ridge_blend_renorm,0.0,0.0,QB2
00-0028986,2025,10,CHI,QB,0,0,ridge_blend_renorm,0.0,0.0,QB3
00-0028986,2025,11,CHI,QB,0,0,ridge_blend_renorm,0.0,0.0,QB3
00-0028986,2025,12,CHI,QB,0,0,ridge_blend_renorm,0.0,0.0,QB3
00-0028986,2025,13,CHI,QB,0,0,ridge_blend_renorm,0.0,0.0,QB3
00-0028986,2025,14,CHI,QB,0,0,ridge_blend_renorm,0.0,0.0,QB3
00-0028986,2025,15,CHI,QB,0,0,ridge_blend_renorm,0.0,0.0,QB2
00-0028986,2025,16,CHI,QB,0,0,ridge_blend_renorm,0.0,0.0,QB2
00-0028986,2025,17,CHI,QB,0,0,ridge_blend_renorm,0.0,0.0,QB2
00-0028986,2025,18,CHI,QB,0,0,ridge_blend_renorm,0.0,0.0,QB2
00-0029263,2025,1,NYG,QB,1,0,ridge_blend_renorm,0.0,0.6,QB1
00-0029263,2025,2,NYG,QB,1,0,ridge_blend_renorm,1.0,0.6,QB1
00-0029263,2025,3,NYG,QB,1,0,ridge_blend_renorm,0.0,0.6,QB1
00-0029263,2025,4,NYG,QB,0,0,ridge_blend_renorm,0.0,1.0,QB1
00-0029263,2025,5,NYG,QB,0,0,ridge_blend_renorm,0.0,0.5,QB1
00-0029263,2025,6,NYG,QB,0,0,ridge_blend_renorm,0.0,0.0,QB2
00-0029263,2025,7,NYG,QB,0,0,ridge_blend_renorm,0.0,0.0,QB2
00-0029263,2025,8,NYG,QB,0,0,ridge_blend_renorm,0.0,0.0,QB2
00-0029263,2025,9,NYG,QB,0,0,ridge_blend_renorm,0.0,0.0,QB2
00-0029263,2025,10,NYG,QB,0,0,ridge_blend_renorm,0.0,0.0,QB2
00-0029263,2025,11,NYG,QB,0,0,ridge_blend_renorm,0.0,0.0,QB2
00-0029263,2025,12,NYG,QB,0,0,ridge_blend_renorm,0.0,0.0,QB3
00-0029263,2025,13,NYG,QB,0,0,ridge_blend_renorm,0.0,0.0,QB3
00-0029263,2025,15,NYG,QB,0,0,ridge_blend_renorm,0.0,0.0,QB3
00-0029263,2025,16,NYG,QB,0,0,ridge_blend_renorm,0.0,0.0,QB3
00-0029263,2025,17,NYG,QB,0,0,ridge_blend_renorm,0.0,0.0,QB3
00-0029263,2025,18,NYG,QB,0,0,ridge_blend_renorm,0.0,0.0,QB3
00-0029604,2025,1,ATL,QB,1,0,ridge_blend_renorm,0.0,0.8181818181818181,QB1
00-0029604,2025,2,ATL,QB,1,0,ridge_blend_renorm,0.0,0.8181818181818181,QB2
00-0029604,2025,3,ATL,QB,1,0,ridge_blend_renorm,0.0,0.8181818181818181,QB2
00-0029604,2025,4,ATL,QB,0,0,ridge_blend_renorm,0.0,0.0,QB2
00-0029604,2025,6,ATL,QB,0,0,ridge_blend_renorm,0.0,0.0,QB2
00-0029604,2025,7,ATL,QB,0,0,ridge_blend_renorm,0.0,0.0,QB2
00-0029604,2025,8,ATL,QB,0,0,ridge_blend_renorm,0.0,0.0,QB2
00-0029604,2025,9,ATL,QB,0,0,ridge_blend_renorm,0.0,0.0,QB2
00-0029604,2025,10,ATL,QB,0,0,ridge_blend_renorm,0.0,0.0,QB2
00-0029604,2025,11,ATL,QB,0,0,ridge_blend_renorm,0.0,0.0,QB2
00-0029604,2025,12,ATL,QB,0,0,ridge_blend_renorm,1.0,0.0,QB2
00-0029604,2025,13,ATL,QB,0,0,ridge_blend_renorm,1.0,0.5,QB2
00-0029604,2025,14,ATL,QB,0,0,ridge_blend_renorm,0.0,1.0,QB1
00-0029604,2025,15,ATL,QB,0,0,ridge_blend_renorm,1.0,1.0,QB1
00-0029604,2025,16,ATL,QB,0,0,ridge_blend_renorm,1.0,1.0,QB1
00-0029604,2025,17,ATL,QB,0,0,ridge_blend_renorm,1.0,1.0,QB1
00-0029604,2025,18,ATL,QB,0,0,ridge_blend_renorm,1.0,1.0,QB1
00-0030565,2025,1,LV,QB,1,0,ridge_blend_renorm,1.0,0.6902654867256637,QB1
00-0030565,2025,2,LV,QB,1,0,ridge_blend_renorm,0.0,0.6902654867256637,QB1
00-0030565,2025,3,LV,QB,1,0,ridge_blend_renorm,1.0,0.6902654867256637,QB1
00-0030565,2025,4,LV,QB,0,0,ridge_blend_renorm,1.0,1.0,QB1
00-0030565,2025,5,LV,QB,0,0,ridge_blend_renorm,0.0,1.0,QB1
00-0030565,2025,6,LV,QB,0,0,ridge_blend_renorm,1.0,1.0,QB1
00-0030565,2025,7,LV,QB,0,0,ridge_blend_renorm,0.0,1.0,QB1
00-0030565,2025,9,LV,QB,0,0,ridge_blend_renorm,1.0,1.0,QB1
00-0030565,2025,10,LV,QB,0,0,ridge_blend_renorm,0.0,1.0,QB1
00-0030565,2025,11,LV,QB,0,0,ridge_blend_renorm,1.0,1.0,QB1
00-0030565,2025,12,LV,QB,0,0,ridge_blend_renorm,1.0,1.0,QB1
00-0030565,2025,13,LV,QB,0,0,ridge_blend_renorm,1.0,1.0,QB1
00-0030565,2025,14,LV,QB,0,0,ridge_blend_renorm,0.5,1.0,QB1
00-0030565,2025,15,LV,QB,0,0,ridge_blend_renorm,0.0,0.8333333333333334,QB1
00-0030565,2025,16,LV,QB,0,0,ridge_blend_renorm,1.0,0.75,QB1
00-0030565,2025,17,LV,QB,0,0,ridge_blend_renorm,1.0,0.75,QB1
00-0030565,2025,18,LV,QB,0,0,ridge_blend_renorm,0.0,1.0,QB1
00-0031237,2025,1,TB,QB,1,0,ridge_blend_renorm,0.0,0.0,QB1
00-0031237,2025,2,TB,QB,1,0,ridge_blend_renorm,0.0,0.0,QB2
00-0031237,2025,3,TB,QB,1,0,ridge_blend_renorm,0.0,0.0,QB2
00-0031237,2025,4,TB,QB,0,0,ridge_blend_renorm,0.0,0.0,QB2
00-0031237,2025,5,TB,QB,0,0,ridge_blend_renorm,0.0,0.0,QB2
00-0031237,2025,6,TB,QB,0,0,ridge_blend_renorm,0.0,0.0,QB2
00-0031237,2025,7,TB,QB,0,0,ridge_blend_renorm,0.0,0.0,QB2
00-0031237,2025,8,TB,QB,0,0,ridge_blend_renorm,0.0,0.0,QB2
00-0031237,2025,10,TB,QB,0,0,ridge_blend_renorm,0.0,0.0,QB2
00-0031237,2025,11,TB,QB,0,0,ridge_blend_renorm,0.0,0.0,QB2
00-0031237,2025,12,TB,QB,0,0,ridge_blend_renorm,0.0,0.0,QB2
00-0031237,2025,13,TB,QB,0,0,ridge_blend_renorm,0.0,0.0,QB2
00-0031237,2025,14,TB,QB,0,0,ridge_blend_renorm,0.0,0.0,QB2
00-0031237,2025,15,TB,QB,0,0,ridge_blend_renorm,0.0,0.0,QB2
00-0031237,2025,16,TB,QB,0,0,ridge_blend_renorm,0.0,0.0,QB2
00-0031237,2025,17,TB,QB,0,0,ridge_blend_renorm,0.0,0.0,QB2
00-0031237,2025,18,TB,QB,0,0,ridge_blend_renorm,0.0,0.0,QB2
00-0031280,2025,1,NO,QB,1,0,ridge_blend_renorm,0.0,0.6666666666666666,QB2
00-0031280,2025,2,NO,QB,1,0,ridge_blend_renorm,0.0,0.6666666666666666,QB3
00-0031280,2025,3,NO,QB,1,0,ridge_blend_renorm,0.0,0.6666666666666666,QB3
00-0031280,2025,4,NO,QB,0,0,ridge_blend_renorm,0.0,0.0,QB3
00-0031280,2025,5,NO,QB,0,0,ridge_blend_renorm,0.0,0.0,QB3
00-0031280,2025,6,NO,QB,0,0,ridge_blend_renorm,0.0,0.0,QB4
00-0031280,2025,7,NO,QB,0,0,ridge_blend_renorm,0.0,0.0,QB3
00-0031280,2025,8,NO,QB,0,0,ridge_blend_renorm,0.0,0.0,QB3
00-0031280,2025,9,NO,QB,0,0,ridge_blend_renorm,0.0,0.0,QB4
00-0031280,2025,10,NO,QB,0,0,ridge_blend_renorm,0.0,0.0,QB4
00-0031280,2025,12,NO,QB,0,0,ridge_blend_renorm,0.0,0.0,QB4
00-0031280,2025,13,NO,QB,0,0,ridge_blend_renorm,0.0,0.0,QB3
00-0031280,2025,14,NO,QB,0,0,ridge_blend_renorm,0.0,0.0,QB3
00-0031280,2025,15,NO,QB,0,0,ridge_blend_renorm,0.0,0.0,QB3
00-0031280,2025,16,NO,QB,0,0,ridge_blend_renorm,0.0,0.0,QB4
00-0031280,2025,17,NO,QB,0,0,ridge_blend_renorm,0.0,0.0,QB4
00-0031280,2025,18,NO,QB,0,0,ridge_blend_renorm,0.0,0.0,QB4
00-0031345,2025,1,LA,QB,1,0,ridge_blend_renorm,0.0,0.0909090909090909,QB2
00-0031345,2025,2,LA,QB,1,0,ridge_blend_renorm,0.0,0.0909090909090909,QB2
00-0031345,2025,3,LA,QB,1,0,ridge_blend_renorm,0.0,0.0909090909090909,QB2
00-0031345,2025,4,LA,QB,0,0,ridge_blend_renorm,0.0,0.0,QB2
00-0031345,2025,5,LA,QB,0,0,ridge_blend_renorm,0.0,0.0,QB2
00-0031345,2025,6,LA,QB,0,0,ridge_blend_renorm,0.0,0.0,QB2
00-0031345,2025,7,LA,QB,0,0,ridge_blend_renorm,0.0,0.0,QB2
00-0031345,2025,9,LA,QB,0,0,ridge_blend_renorm,0.0,0.0,QB2
00-0031345,2025,10,LA,QB,0,0,ridge_blend_renorm,0.0,0.0,QB2
00-0031345,2025,11,LA,QB,0,0,ridge_blend_renorm,0.0,0.0,QB2
00-0031345,2025,12,LA,QB,0,0,ridge_blend_renorm,0.0,0.0,QB2
00-0031345,2025,13,LA,QB,0,0,ridge_blend_renorm,0.0,0.0,QB2
00-0031345,2025,14,LA,QB,0,0,ridge_blend_renorm,0.0,0.0,QB2
00-0031345,2025,15,LA,QB,0,0,ridge_blend_renorm,0.0,0.0,QB2
00-0031345,2025,16,LA,QB,0,0,ridge_blend_renorm,0.0,0.0,QB2
00-0031345,2025,17,LA,QB,0,0,ridge_blend_renorm,0.0,0.0,QB2
00-0031345,2025,18,LA,QB,0,0,ridge_blend_renorm,0.0,0.0,QB2
00-0031503,2025,1,NYG,QB,1,0,ridge_blend_renorm,0.0,0.4,QB2
00-0031503,2025,2,NYG,QB,1,0,ridge_blend_renorm,0.0,0.4,QB2
00-0031503,2025,3,NYG,QB,1,0,ridge_blend_renorm,0.0,0.4,QB3
00-0031503,2025,4,NYG,QB,0,0,ridge_blend_renorm,0.0,0.0,QB3
00-0031503,2025,5,NYG,QB,0,0,ridge_blend_renorm,0.0,0.0,QB3
00-0031503,2025,6,NYG,QB,0,0,ridge_blend_renorm,0.0,0.0,QB3
00-0031503,2025,7,NYG,QB,0,0,ridge_blend_renorm,0.0,0.0,QB3
00-0031503,2025,8,NYG,QB,0,0,ridge_blend_renorm,0.0,0.0,QB3
00-0031503,2025,9,NYG,QB,0,0,ridge_blend_renorm,0.0,0.0,QB3
00-0031503,2025,10,NYG,QB,0,0,ridge_blend_renorm,0.0,0.0,QB3
00-0031503,2025,11,NYG,QB,0,0,ridge_blend_renorm,0.0,0.0,QB3
00-0031503,2025,12,NYG,QB,0,0,ridge_blend_renorm,0.6666666666666666,0.0,QB2
00-0031503,2025,13,NYG,QB,0,0,ridge_blend_renorm,0.0,1.0,QB1
00-0031503,2025,15,NYG,QB,0,0,ridge_blend_renorm,0.0,0.39999999999999997,QB1
00-0031503,2025,16,NYG,QB,0,0,ridge_blend_renorm,0.0,0.25,QB2
00-0031503,2025,17,NYG,QB,0,0,ridge_blend_renorm,0.0,0.0,QB2
00-0031503,2025,18,NYG,QB,0,0,ridge_blend_renorm,0.0,0.0,QB2
00-0031800,2025,1,LAC,QB,1,0,ridge_blend_renorm,0.0,0.0,QB1
00-0032156,2025,1,TEN,QB,1,0,ridge_blend_renorm,0.0,0.0,QB1
00-0032156,2025,2,TEN,QB,1,0,ridge_blend_renorm,0.0,0.0,QB2
00-0032156,2025,3,TEN,QB,1,0,ridge_blend_renorm,0.0,0.0,QB2
00-0032156,2025,4,TEN,QB,0,0,ridge_blend_renorm,0.0,0.0,QB2
00-0032156,2025,5,TEN,QB,0,0,ridge_blend_renorm,0.0,0.0,QB2
00-0032156,2025,6,TEN,QB,0,0,ridge_blend_renorm,0.0,0.0,QB2
00-0032156,2025,7,TEN,QB,0,0,ridge_blend_renorm,0.0,0.0,QB2
00-0032156,2025,8,TEN,QB,0,0,ridge_blend_renorm,0.0,0.0,QB2
00-0032156,2025,9,TEN,QB,0,0,ridge_blend_renorm,0.0,0.0,QB2
00-0032156,2025,11,TEN,QB,0,0,ridge_blend_renorm,0.0,0.0,QB2
00-0032156,2025,12,TEN,QB,0,0,ridge_blend_renorm,0.0,0.0,QB2
00-0032156,2025,13,TEN,QB,0,0,ridge_blend_renorm,0.0,0.0,QB2
00-0032156,2025,14,TEN,QB,0,0,ridge_blend_renorm,0.0,0.0,QB2
00-0032156,2025,15,TEN,QB,0,0,ridge_blend_renorm,0.0,0.0,QB2
00-0032156,2025,16,TEN,QB,0,0,ridge_blend_renorm,0.0,0.0,QB2
00-0032156,2025,17,TEN,QB,0,0,ridge_blend_renorm,0.0,0.0,QB2
00-0032156,2025,18,TEN,QB,0,0,ridge_blend_renorm,0.0,0.0,QB2
00-0032268,2025,1,WAS,QB,1,0,ridge_blend_renorm,0.0,0.14285714285714285,QB2
00-0032268,2025,2,WAS,QB,1,0,ridge_blend_renorm,0.0,0.14285714285714285,QB3
00-0032268,2025,3,WAS,QB,1,0,ridge_blend_renorm,1.0,0.14285714285714285,QB3
00-0032268,2025,4,WAS,QB,0,0,ridge_blend_renorm,1.0,0.3333333333333333,QB2
00-0032268,2025,5,WAS,QB,0,0,ridge_blend_renorm,0.0,0.6666666666666666,QB1
00-0032268,2025,6,WAS,QB,0,0,ridge_blend_renorm,0.0,0.6666666666666666,QB1
00-0032268,2025,7,WAS,QB,0,0,ridge_blend_renorm,0.0,0.3333333333333333,QB2
00-0032268,2025,8,WAS,QB,0,0,ridge_blend_renorm,1.0,0.0,QB2
00-0032268,2025,9,WAS,QB,0,0,ridge_blend_renorm,0.0,0.3333333333333333,QB2
00-0032268,2025,10,WAS,QB,0,0,ridge_blend_renorm,1.0,0.5,QB2
00-0032268,2025,11,WAS,QB,0,0,ridge_blend_renorm,1.0,1.0,QB1
00-0032268,2025,13,WAS,QB,0,0,ridge_blend_renorm,1.0,1.0,QB1
00-0032268,2025,14,WAS,QB,0,0,ridge_blend_renorm,0.0,1.0,QB1
00-0032268,2025,15,WAS,QB,0,0,ridge_blend_renorm,1.0,1.0,QB1
00-0032268,2025,16,WAS,QB,0,0,ridge_blend_renorm,0.0,1.0,QB1
00-0032268,2025,17,WAS,QB,0,0,ridge_blend_renorm,0.0,1.0,QB1
00-0032268,2025,18,WAS,QB,0,0,ridge_blend_renorm,0.0,1.0,QB1
00-0032434,2025,1,TEN,QB,1,0,ridge_blend_renorm,0.0,0.09999999999999999,QB2
00-0032434,2025,2,TEN,QB,1,0,ridge_blend_renorm,0.0,0.09999999999999999,QB3
00-0032434,2025,3,TEN,QB,1,0,ridge_blend_renorm,0.0,0.05405405405405405,QB3
00-0032434,2025,4,TEN,QB,0,0,ridge_blend_renorm,0.0,0.0,QB3
00-0032434,2025,5,TEN,QB,0,0,ridge_blend_renorm,0.0,0.0,QB3
00-0032434,2025,6,TEN,QB,0,0,ridge_blend_renorm,0.0,0.0,QB3
00-0032434,2025,7,TEN,QB,0,0,ridge_blend_renorm,0.0,0.0,QB3
00-0032434,2025,8,TEN,QB,0,0,ridge_blend_renorm,0.0,0.0,QB3
00-0032434,2025,9,TEN,QB,0,0,ridge_blend_renorm,0.0,0.0,QB3
00-0032434,2025,11,TEN,QB,0,0,ridge_blend_renorm,0.0,0.0,QB3
00-0032434,2025,12,TEN,QB,0,0,ridge_blend_renorm,0.0,0.0,QB3
00-0032434,2025,13,TEN,QB,0,0,ridge_blend_renorm,0.0,0.0,QB3
00-0032434,2025,14,TEN,QB,0,0,ridge_blend_renorm,0.0,0.0,QB3
00-0032434,2025,15,TEN,QB,0,0,ridge_blend_renorm,0.0,0.0,QB3
00-0032434,2025,16,TEN,QB,0,0,ridge_blend_renorm,0.0,0.0,QB3
00-0032434,2025,17,TEN,QB,0,0,ridge_blend_renorm,0.0,0.0,QB3
00-0032434,2025,18,TEN,QB,0,0,ridge_blend_renorm,0.0,0.0,QB3
00-0032436,2025,1,LV,QB,1,0,ridge_blend_renorm,0.0,0.0,QB2
00-0032436,2025,2,LV,QB,1,0,ridge_blend_renorm,0.0,0.0,QB2
00-0032436,2025,3,LV,QB,1,0,ridge_blend_renorm,0.0,0.0,QB2
00-0032436,2025,4,LV,QB,0,0,ridge_blend_renorm,0.0,0.0,QB2
00-0032436,2025,5,LV,QB,0,0,ridge_blend_renorm,0.0,0.0,QB2
00-0032436,2025,6,LV,QB,0,0,ridge_blend_renorm,0.0,0.0,QB2
00-0032436,2025,10,ARI,QB,0,0,ridge_blend_renorm,0.0,0.0,QB2
00-0032436,2025,11,ARI,QB,0,0,ridge_blend_renorm,0.0,0.0,QB3
00-0032436,2025,12,ARI,QB,0,0,ridge_blend_renorm,0.0,0.0,QB3
00-0032436,2025,13,ARI,QB,0,0,ridge_blend_renorm,0.0,0.0,QB3
00-0032436,2025,14,ARI,QB,0,0,ridge_blend_renorm,0.0,0.0,QB3
00-0032436,2025,15,ARI,QB,0,0,ridge_blend_renorm,0.0,0.0,QB3
00-0032436,2025,16,ARI,QB,0,0,ridge_blend_renorm,0.0,0.0,QB2
00-0032436,2025,17,WAS,QB,0,0,ridge_blend_renorm,0.0,0.0,QB4
00-0032436,2025,18,WAS,QB,0,0,ridge_blend_renorm,0.0,0.0,QB3
00-0032950,2025,1,MIN,QB,1,0,ridge_blend_renorm,0.0,0.0,QB1
00-0032950,2025,2,MIN,QB,1,0,ridge_blend_renorm,0.0,0.0,QB2
00-0032950,2025,3,MIN,QB,1,0,ridge_blend_renorm,1.0,0.0,QB2
00-0032950,2025,4,MIN,QB,0,0,ridge_blend_renorm,1.0,0.425,QB2
00-0032950,2025,5,MIN,QB,0,0,ridge_blend_renorm,0.5,1.0,QB1
00-0032950,2025,7,MIN,QB,0,0,ridge_blend_renorm,0.0,1.0,QB1
00-0032950,2025,8,MIN,QB,0,0,ridge_blend_renorm,1.0,1.0,QB1
00-0032950,2025,9,MIN,QB,0,0,ridge_blend_renorm,0.0,1.0,QB1
00-0032950,2025,10,MIN,QB,0,0,ridge_blend_renorm,0.0,0.5,QB1
00-0032950,2025,11,MIN,QB,0,0,ridge_blend_renorm,0.0,0.33333333333333337,QB2
00-0032950,2025,12,MIN,QB,0,0,ridge_blend_renorm,0.0,0.0,QB2
00-0032950,2025,13,MIN,QB,0,0,ridge_blend_renorm,0.0,0.0,QB2
00-0032950,2025,14,MIN,QB,0,0,ridge_blend_renorm,0.0,0.0,QB3
00-0032950,2025,15,MIN,QB,0,0,ridge_blend_renorm,0.0,0.0,QB3
00-0032950,2025,16,MIN,QB,0,0,ridge_blend_renorm,0.0,0.0,QB3
00-0032950,2025,17,MIN,QB,0,0,ridge_blend_renorm,0.0,0.0,QB3
00-0032950,2025,18,MIN,QB,0,0,ridge_blend_renorm,0.0,0.0,QB3
00-0033077,2025,1,DAL,QB,1,0,ridge_blend_renorm,0.0,0.8666666666666666,QB1
00-0033077,2025,2,DAL,QB,1,0,ridge_blend_renorm,1.0,0.8666666666666666,QB1
00-0033077,2025,3,DAL,QB,1,0,ridge_blend_renorm,1.0,0.8666666666666666,QB1
00-0033077,2025,4,DAL,QB,0,0,ridge_blend_renorm,1.0,1.0,QB1
00-0033077,2025,5,DAL,QB,0,0,ridge_blend_renorm,1.0,1.0,QB1
00-0033077,2025,6,DAL,QB,0,0,ridge_blend_renorm,1.0,1.0,QB1
00-0033077,2025,7,DAL,QB,0,0,ridge_blend_renorm,1.0,1.0,QB1
00-0033077,2025,8,DAL,QB,0,0,ridge_blend_renorm,0.0,1.0,QB1
00-0033077,2025,9,DAL,QB,0,0,ridge_blend_renorm,1.0,0.6666666666666666,QB1
00-0033077,2025,11,DAL,QB,0,0,ridge_blend_renorm,1.0,0.6666666666666666,QB1
00-0033077,2025,12,DAL,QB,0,0,ridge_blend_renorm,1.0,0.6666666666666666,QB1
00-0033077,2025,13,DAL,QB,0,0,ridge_blend_renorm,1.0,1.0,QB1
00-0033077,2025,14,DAL,QB,0,0,ridge_blend_renorm,1.0,1.0,QB1
00-0033077,2025,15,DAL,QB,0,0,ridge_blend_renorm,0.0,1.0,QB1
00-0033077,2025,16,DAL,QB,0,0,ridge_blend_renorm,1.0,1.0,QB1
00-0033077,2025,17,DAL,QB,0,0,ridge_blend_renorm,1.0,1.0,QB1
00-0033077,2025,18,DAL,QB,0,0,ridge_blend_renorm,0.0,1.0,QB1
00-0033106,2025,1,DET,QB,1,0,ridge_blend_renorm,1.0,1.0,QB1
00-0033106,2025,2,DET,QB,1,0,ridge_blend_renorm,1.0,1.0,QB1
00-0033106,2025,3,DET,QB,1,0,ridge_blend_renorm,1.0,1.0,QB1
00-0033106,2025,4,DET,QB,0,0,ridge_blend_renorm,1.0,1.0,QB1
00-0033106,2025,5,DET,QB,0,0,ridge_blend_renorm,0.75,1.0,QB1
00-0033106,2025,6,DET,QB,0,0,ridge_blend_renorm,1.0,1.0,QB1
00-0033106,2025,7,DET,QB,0,0,ridge_blend_renorm,1.0,1.0,QB1
00-0033106,2025,9,DET,QB,0,0,ridge_blend_renorm,1.0,1.0,QB1
00-0033106,2025,10,DET,QB,0,0,ridge_blend_renorm,1.0,1.0,QB1
00-0033106,2025,11,DET,QB,0,0,ridge_blend_renorm,1.0,1.0,QB1
00-0033106,2025,12,DET,QB,0,0,ridge_blend_renorm,1.0,1.0,QB1
00-0033106,2025,13,DET,QB,0,0,ridge_blend_renorm,1.0,1.0,QB1
00-0033106,2025,14,DET,QB,0,0,ridge_blend_renorm,1.0,1.0,QB1
00-0033106,2025,15,DET,QB,0,0,ridge_blend_renorm,1.0,1.0,QB1
00-0033106,2025,16,DET,QB,0,0,ridge_blend_renorm,1.0,1.0,QB1
00-0033106,2025,17,DET,QB,0,0,ridge_blend_renorm,1.0,1.0,QB1
00-0033106,2025,18,DET,QB,0,0,ridge_blend_renorm,1.0,1.0,QB1
00-0033119,2025,1,ARI,QB,1,0,ridge_blend_renorm,0.0,0.125,QB1
00-0033119,2025,2,ARI,QB,1,0,ridge_blend_renorm,0.0,0.125,QB2
00-0033119,2025,3,ARI,QB,1,0,ridge_blend_renorm,0.0,0.125,QB2
00-0033119,2025,4,ARI,QB,0,0,ridge_blend_renorm,0.0,0.0,QB2
00-0033119,2025,5,ARI,QB,0,0,ridge_blend_renorm,0.0,0.0,QB2
00-0033119,2025,6,ARI,QB,0,0,ridge_blend_renorm,1.0,0.0,QB2
00-0033119,2025,7,ARI,QB,0,0,ridge_blend_renorm,1.0,0.5,QB2
00-0033119,2025,9,ARI,QB,0,0,ridge_blend_renorm,1.0,1.0,QB1
00-0033119,2025,10,ARI,QB,0,0,ridge_blend_renorm,1.0,1.0,QB1
00-0033119,2025,11,ARI,QB,0,0,ridge_blend_renorm,1.0,1.0,QB1
00-0033119,2025,12,ARI,QB,0,0,ridge_blend_renorm,1.0,1.0,QB1
00-0033119,2025,13,ARI,QB,0,0,ridge_blend_renorm,1.0,1.0,QB1
00-0033119,2025,14,ARI,QB,0,0,ridge_blend_renorm,1.0,1.0,QB1
00-0033119,2025,15,ARI,QB,0,0,ridge_blend_renorm,1.0,1.0,QB1
00-0033119,2025,16,ARI,QB,0,0,ridge_blend_renorm,1.0,1.0,QB1
00-0033119,2025,17,ARI,QB,0,0,ridge_blend_renorm,1.0,1.0,QB1
00-0033119,2025,18,ARI,QB,0,0,ridge_blend_renorm,1.0,1.0,QB1
00-0033319,2025,1,JAX,QB,1,0,ridge_blend_renorm,0.0,0.0,QB1
00-0033319,2025,2,JAX,QB,1,0,ridge_blend_renorm,0.0,0.0,QB2
00-0033319,2025,3,JAX,QB,1,0,ridge_blend_renorm,0.0,0.0,QB2
00-0033319,2025,4,JAX,QB,0,0,ridge_blend_renorm,0.0,0.0,QB2
00-0033319,2025,5,JAX,QB,0,0,ridge_blend_renorm,0.0,0.0,QB2
00-0033319,2025,6,JAX,QB,0,0,ridge_blend_renorm,0.0,0.0,QB2
00-0033319,2025,7,JAX,QB,0,0,ridge_blend_renorm,0.0,0.0,QB2
00-0033319,2025,9,JAX,QB,0,0,ridge_blend_renorm,0.0,0.0,QB2
00-0033319,2025,10,JAX,QB,0,0,ridge_blend_renorm,0.0,0.0,QB2
00-0033319,2025,11,JAX,QB,0,0,ridge_blend_renorm,0.0,0.0,QB2
00-0033319,2025,12,JAX,QB,0,0,ridge_blend_renorm,0.0,0.0,QB2
00-0033319,2025,13,JAX,QB,0,0,ridge_blend_renorm,0.0,0.0,QB2
00-0033319,2025,14,JAX,QB,0,0,ridge_blend_renorm,0.0,0.0,QB2
00-0033319,2025,15,JAX,QB,0,0,ridge_blend_renorm,0.0,0.0,QB2
00-0033319,2025,16,JAX,QB,0,0,ridge_blend_renorm,0.0,0.0,QB2
00-0033319,2025,17,JAX,QB,0,0,ridge_blend_renorm,0.0,0.0,QB2
00-0033319,2025,18,JAX,QB,0,0,ridge_blend_renorm,0.0,0.0,QB2
00-0033357,2025,1,NO,QB,1,0,ridge_blend_renorm,0.0,0.0,QB1
00-0033357,2025,2,NO,QB,1,0,ridge_blend_renorm,0.0,0.0,QB2
00-0033357,2025,3,NO,QB,1,0,ridge_blend_renorm,0.0,0.0,QB2
00-0033357,2025,4,NO,QB,0,0,ridge_blend_renorm,0.0,0.0,QB4
00-0033357,2025,5,NO,QB,0,0,ridge_blend_renorm,0.0,0.0,QB4
00-0033357,2025,6,NO,QB,0,0,ridge_blend_renorm,0.0,0.0,QB2
00-0033357,2025,7,NO,QB,0,0,ridge_blend_renorm,0.0,0.0,QB2
00-0033357,2025,8,NO,QB,0,0,ridge_blend_renorm,0.0,0.0,QB2
00-0033357,2025,9,NO,QB,0,0,ridge_blend_renorm,0.0,0.0,QB3
00-0033357,2025,10,NO,QB,0,0,ridge_blend_renorm,0.0,0.0,QB3
00-0033357,2025,12,NO,QB,0,0,ridge_blend_renorm,0.0,0.0,QB2
00-0033357,2025,13,NO,QB,0,0,ridge_blend_renorm,0.0,0.0,QB2
00-0033357,2025,14,NO,QB,0,0,ridge_blend_renorm,0.0,0.0,QB2
00-0033357,2025,15,NO,QB,0,0,ridge_blend_renorm,0.0,0.0,QB2
00-0033357,2025,16,NO,QB,0,0,ridge_blend_renorm,0.5,0.0,QB2
00-0033357,2025,17,NO,QB,0,0,ridge_blend_renorm,0.0,0.25,QB2
00-0033357,2025,18,NO,QB,0,0,ridge_blend_renorm,0.0,0.16666666666666666,QB2
00-0033537,2025,1,CLE,QB,1,0,ridge_blend_renorm,0.0,0.3615819209039548,QB2
00-0033537,2025,2,CLE,QB,1,0,ridge_blend_renorm,0.0,0.3615819209039548,QB2
00-0033537,2025,3,CLE,QB,1,0,ridge_blend_renorm,0.0,0.26122448979591834,QB3
00-0033537,2025,4,CLE,QB,0,0,ridge_blend_renorm,0.0,0.0,QB3
00-0033537,2025,5,CLE,QB,0,0,ridge_blend_renorm,0.0,0.0,QB3
00-0033537,2025,6,CLE,QB,0,0,ridge_blend_renorm,0.0,0.0,QB2
00-0033537,2025,7,CLE,QB,0,0,ridge_blend_renorm,0.0,0.0,QB2
00-0033537,2025,8,CLE,QB,0,0,ridge_blend_renorm,0.0,0.0,QB2
00-0033537,2025,10,CLE,QB,0,0,ridge_blend_renorm,0.0,0.0,QB2
00-0033537,2025,11,CLE,QB,0,0,ridge_blend_renorm,0.0,0.0,QB2
00-0033537,2025,12,CLE,QB,0,0,ridge_blend_renorm,0.0,0.0,QB3
00-0033537,2025,13,CLE,QB,0,0,ridge_blend_renorm,0.0,0.0,QB3
00-0033537,2025,14,CLE,QB,0,0,ridge_blend_renorm,0.0,0.0,QB3
00-0033537,2025,15,CLE,QB,0,0,ridge_blend_renorm,0.0,0.0,QB3
00-0033537,2025,16,CLE,QB,0,0,ridge_blend_renorm,0.0,0.0,QB3
00-0033537,2025,17,CLE,QB,0,0,ridge_blend_renorm,0.0,0.0,QB3
00-0033537,2025,18,CLE,QB,0,0,ridge_blend_renorm,0.0,0.0,QB3
00-0033662,2025,1,BAL,QB,1,0,ridge_blend_renorm,0.0,0.2727272727272727,QB1
00-0033662,2025,2,BAL,QB,1,0,ridge_blend_renorm,0.0,0.2727272727272727,QB2
00-0033662,2025,3,BAL,QB,1,0,ridge_blend_renorm,0.0,0.2727272727272727,QB2
00-0033662,2025,4,BAL,QB,0,0,ridge_blend_renorm,0.0,0.0,QB2
00-0033662,2025,5,BAL,QB,0,0,ridge_blend_renorm,0.0,0.0,QB2
00-0033662,2025,6,BAL,QB,0,0,ridge_blend_renorm,0.0,0.0,QB2
00-0033662,2025,8,BAL,QB,0,0,ridge_blend_renorm,0.0,0.0,QB1
00-0033662,2025,9,BAL,QB,0,0,ridge_blend_renorm,0.0,0.0,QB1
00-0033662,2025,10,BAL,QB,0,0,ridge_blend_renorm,0.0,0.0,QB3
00-0033662,2025,11,BAL,QB,0,0,ridge_blend_renorm,0.0,0.0,QB3
00-0033662,2025,12,BAL,QB,0,0,ridge_blend_renorm,0.0,0.0,QB2
00-0033662,2025,13,BAL,QB,0,0,ridge_blend_renorm,0.0,0.0,QB2
00-0033662,2025,14,BAL,QB,0,0,ridge_blend_renorm,0.0,0.0,QB2
00-0033662,2025,15,BAL,QB,0,0,ridge_blend_renorm,0.0,0.0,QB2
00-0033662,2025,16,BAL,QB,0,0,ridge_blend_renorm,0.0,0.0,QB3
00-0033662,2025,17,BAL,QB,0,0,ridge_blend_renorm,0.0,0.0,QB3
00-0033662,2025,18,BAL,QB,0,0,ridge_blend_renorm,0.0,0.0,QB3
00-0033869,2025,1,BUF,QB,1,0,ridge_blend_renorm,0.0,0.0888888888888889,QB1
00-0033869,2025,2,BUF,QB,1,0,ridge_blend_renorm,0.0,0.0888888888888889,QB2
00-0033869,2025,3,BUF,QB,1,0,ridge_blend_renorm,0.0,0.0888888888888889,QB2
00-0033869,2025,4,BUF,QB,0,0,ridge_blend_renorm,0.0,0.0,QB2
00-0033869,2025,5,BUF,QB,0,0,ridge_blend_renorm,0.0,0.0,QB2
00-0033869,2025,6,BUF,QB,0,0,ridge_blend_renorm,0.0,0.0,QB2
00-0033869,2025,8,BUF,QB,0,0,ridge_blend_renorm,0.0,0.0,QB2
00-0033869,2025,9,BUF,QB,0,0,ridge_blend_renorm,0.0,0.0,QB2
00-0033869,2025,10,BUF,QB,0,0,ridge_blend_renorm,0.0,0.0,QB2
00-0033869,2025,11,BUF,QB,0,0,ridge_blend_renorm,0.0,0.0,QB2
00-0033869,2025,12,BUF,QB,0,0,ridge_blend_renorm,0.0,0.0,QB2
00-0033869,2025,13,BUF,QB,0,0,ridge_blend_renorm,0.0,0.0,QB2
00-0033869,2025,14,BUF,QB,0,0,ridge_blend_renorm,0.0,0.0,QB2
00-0033869,2025,15,BUF,QB,0,0,ridge_blend_renorm,0.0,0.0,QB2
00-0033869,2025,16,BUF,QB,0,0,ridge_blend_renorm,0.0,0.0,QB2
00-0033869,2025,17,BUF,QB,0,0,ridge_blend_renorm,0.0,0.0,QB2
00-0033869,2025,18,BUF,QB,0,0,ridge_blend_renorm,1.0,0.0,QB2
00-0033873,2025,1,KC,QB,1,0,ridge_blend_renorm,1.0,0.6829268292682927,QB1
00-0033873,2025,2,KC,QB,1,0,ridge_blend_renorm,1.0,0.6829268292682927,QB1
00-0033873,2025,3,KC,QB,1,0,ridge_blend_renorm,1.0,0.6829268292682927,QB1
00-0033873,2025,4,KC,QB,0,0,ridge_blend_renorm,1.0,1.0,QB1
00-0033873,2025,5,KC,QB,0,0,ridge_blend_renorm,1.0,1.0,QB1
00-0033873,2025,6,KC,QB,0,0,ridge_blend_renorm,1.0,1.0,QB1
00-0033873,2025,7,KC,QB,0,0,ridge_blend_renorm,1.0,1.0,QB1
00-0033873,2025,8,KC,QB,0,0,ridge_blend_renorm,1.0,1.0,QB1
00-0033873,2025,9,KC,QB,0,0,ridge_blend_renorm,0.0,1.0,QB1
00-0033873,2025,11,KC,QB,0,0,ridge_blend_renorm,1.0,1.0,QB1
00-0033873,2025,12,KC,QB,0,0,ridge_blend_renorm,0.0,1.0,QB1
00-0033873,2025,13,KC,QB,0,0,ridge_blend_renorm,1.0,1.0,QB1
00-0033873,2025,14,KC,QB,0,0,ridge_blend_renorm,0.0,1.0,QB1
00-0033873,2025,15,KC,QB,0,0,ridge_blend_renorm,0.0,1.0,QB1
00-0033873,2025,16,KC,QB,0,0,ridge_blend_renorm,0.0,1.0,QB1
00-0033873,2025,17,KC,QB,0,0,ridge_blend_renorm,0.0,0.0,QB1
00-0033873,2025,18,KC,QB,0,0,ridge_blend_renorm,0.0,0.0,QB2
00-0033936,2025,1,DET,QB,1,0,ridge_blend_renorm,0.0,0.0,QB2
00-0033936,2025,2,DET,QB,1,0,ridge_blend_renorm,0.0,0.0,QB2
00-0033936,2025,3,DET,QB,1,0,ridge_blend_renorm,0.0,0.0,QB3
00-0033936,2025,4,DET,QB,0,0,ridge_blend_renorm,0.0,0.0,QB3
00-0033936,2025,5,DET,QB,0,0,ridge_blend_renorm,0.0,0.0,QB3
00-0033936,2025,6,DET,QB,0,0,ridge_blend_renorm,0.0,0.0,QB3
00-0033936,2025,7,DET,QB,0,0,ridge_blend_renorm,0.0,0.0,QB3
00-0033936,2025,9,DET,QB,0,0,ridge_blend_renorm,0.0,0.0,QB2
00-0033936,2025,10,DET,QB,0,0,ridge_blend_renorm,0.0,0.0,QB2
00-0033936,2025,11,DET,QB,0,0,ridge_blend_renorm,0.0,0.0,QB3
00-0033936,2025,12,DET,QB,0,0,ridge_blend_renorm,0.0,0.0,QB3
00-0033936,2025,13,DET,QB,0,0,ridge_blend_renorm,0.0,0.0,QB3
00-0033936,2025,14,DET,QB,0,0,ridge_blend_renorm,0.0,0.0,QB2
00-0033936,2025,15,DET,QB,0,0,ridge_blend_renorm,0.0,0.0,QB2
00-0033936,2025,16,DET,QB,0,0,ridge_blend_renorm,0.0,0.0,QB2
00-0033936,2025,17,DET,QB,0,0,ridge_blend_renorm,0.0,0.0,QB2
00-0033936,2025,18,DET,QB,0,0,ridge_blend_renorm,0.0,0.0,QB2
00-0033949,2025,1,NE,QB,1,0,ridge_blend_renorm,0.0,0.0909090909090909,QB1
00-0033949,2025,2,NE,QB,1,0,ridge_blend_renorm,0.0,0.0909090909090909,QB2
00-0033949,2025,3,NE,QB,1,0,ridge_blend_renorm,0.0,0.0909090909090909,QB2
00-0033949,2025,4,NE,QB,0,0,ridge_blend_renorm,0.0,0.0,QB2
00-0033949,2025,5,NE,QB,0,0,ridge_blend_renorm,0.0,0.0,QB2
00-0033949,2025,6,NE,QB,0,0,ridge_blend_renorm,0.0,0.0,QB2
00-0033949,2025,7,NE,QB,0,0,ridge_blend_renorm,0.0,0.0,QB2
00-0033949,2025,8,NE,QB,0,0,ridge_blend_renorm,0.0,0.0,QB2
00-0033949,2025,9,NE,QB,0,0,ridge_blend_renorm,0.0,0.0,QB2
00-0033949,2025,10,NE,QB,0,0,ridge_blend_renorm,0.0,0.0,QB2
00-0033949,2025,11,NE,QB,0,0,ridge_blend_renorm,0.0,0.0,QB2
00-0033949,2025,12,NE,QB,0,0,ridge_blend_renorm,0.0,0.0,QB2
00-0033949,2025,13,NE,QB,0,0,ridge_blend_renorm,0.0,0.0,QB2
00-0033949,2025,15,NE,QB,0,0,ridge_blend_renorm,0.0,0.0,QB2
00-0033949,2025,16,NE,QB,0,0,ridge_blend_renorm,0.0,0.0,QB2
00-0033949,2025,17,NE,QB,0,0,ridge_blend_renorm,0.0,0.0,QB2
00-0033949,2025,18,NE,QB,0,0,ridge_blend_renorm,0.0,0.0,QB2
00-0034401,2025,1,BUF,QB,1,0,ridge_blend_renorm,0.0,0.0,QB2
00-0034401,2025,3,CIN,QB,1,0,ridge_blend_renorm,0.0,0.0,QB3
00-0034401,2025,4,CIN,QB,1,0,ridge_blend_renorm,0.0,0.0,QB4
00-0034401,2025,5,CIN,QB,0,0,ridge_blend_renorm,0.0,0.0,QB4
00-0034401,2025,6,CIN,QB,0,0,ridge_blend_renorm,0.0,0.0,QB4
00-0034401,2025,8,CAR,QB,0,0,ridge_blend_renorm,0.0,0.0,QB3
00-0034401,2025,9,CAR,QB,0,0,ridge_blend_renorm,0.0,0.0,QB3
00-0034401,2025,10,CAR,QB,0,0,ridge_blend_renorm,0.0,0.0,QB3
00-0034401,2025,11,CAR,QB,0,0,ridge_blend_renorm,0.0,0.0,QB3
00-0034401,2025,12,CAR,QB,0,0,ridge_blend_renorm,0.0,0.0,QB3
00-0034401,2025,13,CAR,QB,0,0,ridge_blend_renorm,0.0,0.0,QB3
00-0034401,2025,15,CAR,QB,0,0,ridge_blend_renorm,0.0,0.0,QB3
00-0034401,2025,16,CAR,QB,0,0,ridge_blend_renorm,0.0,0.0,QB3
00-0034401,2025,17,CAR,QB,0,0,ridge_blend_renorm,0.0,0.0,QB3
00-0034401,2025,18,CAR,QB,0,0,ridge_blend_renorm,0.0,0.0,QB3
00-0034438,2025,2,PIT,QB,1,0,ridge_blend_renorm,0.0,0.0,QB4
00-0034438,2025,3,PIT,QB,1,0,ridge_blend_renorm,0.0,0.0,QB3
00-0034438,2025,4,PIT,QB,1,0,ridge_blend_renorm,0.0,0.0,QB3
00-0034438,2025,6,PIT,QB,0,0,ridge_blend_renorm,0.0,0.0,QB3
00-0034438,2025,7,PIT,QB,0,0,ridge_blend_renorm,0.0,0.0,QB3
00-0034438,2025,8,PIT,QB,0,0,ridge_blend_renorm,0.0,0.0,QB3
00-0034438,2025,17,ARI,QB,0,0,ridge_blend_renorm,0.0,0.0,QB2
00-0034438,2025,18,ARI,QB,0,0,ridge_blend_renorm,0.0,0.0,QB2
00-0034577,2025,1,DET,QB,1,0,ridge_blend_renorm,0.0,0.0,QB3
00-0034577,2025,2,DET,QB,1,0,ridge_blend_renorm,0.0,0.0,QB3
00-0034577,2025,3,DET,QB,1,0,ridge_blend_renorm,0.0,0.0,QB2
00-0034577,2025,4,DET,QB,0,0,ridge_blend_renorm,0.0,0.0,QB2
00-0034577,2025,5,DET,QB,0,0,ridge_blend_renorm,0.0,0.0,QB2
00-0034577,2025,6,DET,QB,0,0,ridge_blend_renorm,0.0,0.0,QB2
00-0034577,2025,7,DET,QB,0,0,ridge_blend_renorm,0.0,0.0,QB2
00-0034577,2025,9,DET,QB,0,0,ridge_blend_renorm,0.0,0.0,QB3
00-0034577,2025,10,DET,QB,0,0,ridge_blend_renorm,0.0,0.0,QB3
00-0034577,2025,11,DET,QB,0,0,ridge_blend_renorm,0.0,0.0,QB2
00-0034577,2025,12,DET,QB,0,0,ridge_blend_renorm,0.0,0.0,QB2
00-0034577,2025,13,DET,QB,0,0,ridge_blend_renorm,0.0,0.0,QB2
00-0034577,2025,14,DET,QB,0,0,ridge_blend_renorm,0.0,0.0,QB3
00-0034577,2025,15,DET,QB,0,0,ridge_blend_renorm,0.0,0.0,QB3
00-0034577,2025,16,DET,QB,0,0,ridge_blend_renorm,0.0,0.0,QB3
00-0034577,2025,17,DET,QB,0,0,ridge_blend_renorm,0.0,0.0,QB3
00-0034577,2025,18,DET,QB,0,0,ridge_blend_renorm,0.0,0.0,QB3
00-0034771,2025,1,PIT,QB,1,0,ridge_blend_renorm,0.0,0.3076923076923077,QB2
00-0034771,2025,2,PIT,QB,1,0,ridge_blend_renorm,0.0,0.3076923076923077,QB2
00-0034771,2025,3,PIT,QB,1,0,ridge_blend_renorm,0.0,0.3076923076923077,QB2
00-0034771,2025,4,PIT,QB,0,0,ridge_blend_renorm,0.0,0.0,QB2
00-0034771,2025,6,PIT,QB,0,0,ridge_blend_renorm,0.0,0.0,QB2
00-0034771,2025,7,PIT,QB,0,0,ridge_blend_renorm,0.0,0.0,QB2
00-0034771,2025,8,PIT,QB,0,0,ridge_blend_renorm,0.0,0.0,QB2
00-0034771,2025,9,PIT,QB,0,0,ridge_blend_renorm,0.0,0.0,QB2
00-0034771,2025,10,PIT,QB,0,0,ridge_blend_renorm,0.0,0.0,QB2
00-0034771,2025,11,PIT,QB,0,0,ridge_blend_renorm,0.5,0.0,QB2
00-0034771,2025,12,PIT,QB,0,0,ridge_blend_renorm,1.0,0.16666666666666666,QB2
00-0034771,2025,13,PIT,QB,0,0,ridge_blend_renorm,0.0,0.5,QB2
00-0034771,2025,14,PIT,QB,0,0,ridge_blend_renorm,0.0,0.75,QB1
00-0034771,2025,15,PIT,QB,0,0,ridge_blend_renorm,0.0,0.5,QB2
00-0034771,2025,16,PIT,QB,0,0,ridge_blend_renorm,0.0,0.0,QB2
00-0034771,2025,17,PIT,QB,0,0,ridge_blend_renorm,0.0,0.0,QB2
00-0034771,2025,18,PIT,QB,0,0,ridge_blend_renorm,0.0,0.0,QB2
00-0034796,2025,1,BAL,QB,1,0,ridge_blend_renorm,1.0,0.6181818181818182,QB2
00-0034796,2025,2,BAL,QB,1,0,ridge_blend_renorm,1.0,0.6181818181818182,QB1
00-0034796,2025,3,BAL,QB,1,0,ridge_blend_renorm,1.0,0.6181818181818182,QB1
00-0034796,2025,4,BAL,QB,0,0,ridge_blend_renorm,1.0,1.0,QB1
00-0034796,2025,5,BAL,QB,0,0,ridge_blend_renorm,0.0,1.0,QB1
00-0034796,2025,6,BAL,QB,0,0,ridge_blend_renorm,0.0,1.0,QB1
00-0034796,2025,8,BAL,QB,0,0,ridge_blend_renorm,0.0,1.0,QB2
00-0034796,2025,9,BAL,QB,0,0,ridge_blend_renorm,1.0,0.0,QB3
00-0034796,2025,10,BAL,QB,0,0,ridge_blend_renorm,1.0,0.5,QB2
00-0034796,2025,11,BAL,QB,0,0,ridge_blend_renorm,0.0,0.6666666666666666,QB1
00-0034796,2025,12,BAL,QB,0,0,ridge_blend_renorm,0.0,1.0,QB1
00-0034796,2025,13,BAL,QB,0,0,ridge_blend_renorm,0.0,1.0,QB1
00-0034796,2025,14,BAL,QB,0,0,ridge_blend_renorm,1.0,0.0,QB1
00-0034796,2025,15,BAL,QB,0,0,ridge_blend_renorm,1.0,1.0,QB1
00-0034796,2025,16,BAL,QB,0,0,ridge_blend_renorm,0.0,1.0,QB1
00-0034796,2025,17,BAL,QB,0,0,ridge_blend_renorm,0.0,1.0,QB1
00-0034796,2025,18,BAL,QB,0,0,ridge_blend_renorm,1.0,0.5,QB2
00-0034855,2025,1,TB,QB,1,0,ridge_blend_renorm,1.0,1.0,QB2
00-0034855,2025,2,TB,QB,1,0,ridge_blend_renorm,1.0,1.0,QB1
00-0034855,2025,3,TB,QB,1,0,ridge_blend_renorm,1.0,1.0,QB1
00-0034855,2025,4,TB,QB,0,0,ridge_blend_renorm,1.0,1.0,QB1
00-0034855,2025,5,TB,QB,0,0,ridge_blend_renorm,1.0,1.0,QB1
00-0034855,2025,6,TB,QB,0,0,ridge_blend_renorm,1.0,1.0,QB1
00-0034855,2025,7,TB,QB,0,0,ridge_blend_renorm,1.0,1.0,QB1
00-0034855,2025,8,TB,QB,0,0,ridge_blend_renorm,0.0,1.0,QB1
00-0034855,2025,10,TB,QB,0,0,ridge_blend_renorm,1.0,1.0,QB1
00-0034855,2025,11,TB,QB,0,0,ridge_blend_renorm,1.0,1.0,QB1
00-0034855,2025,12,TB,QB,0,0,ridge_blend_renorm,1.0,1.0,QB1
00-0034855,2025,13,TB,QB,0,0,ridge_blend_renorm,1.0,1.0,QB1
00-0034855,2025,14,TB,QB,0,0,ridge_blend_renorm,1.0,1.0,QB1
00-0034855,2025,15,TB,QB,0,0,ridge_blend_renorm,1.0,1.0,QB1
00-0034855,2025,16,TB,QB,0,0,ridge_blend_renorm,1.0,1.0,QB1
00-0034855,2025,17,TB,QB,0,0,ridge_blend_renorm,1.0,1.0,QB1
00-0034855,2025,18,TB,QB,0,0,ridge_blend_renorm,1.0,1.0,QB1
00-0034857,2025,1,BUF,QB,1,0,ridge_blend_renorm,1.0,0.9111111111111112,QB3
00-0034857,2025,2,BUF,QB,1,0,ridge_blend_renorm,0.0,0.9111111111111112,QB1
00-0034857,2025,3,BUF,QB,1,0,ridge_blend_renorm,1.0,0.9111111111111112,QB1
00-0034857,2025,4,BUF,QB,0,0,ridge_blend_renorm,1.0,1.0,QB1
00-0034857,2025,5,BUF,QB,0,0,ridge_blend_renorm,1.0,1.0,QB1
00-0034857,2025,6,BUF,QB,0,0,ridge_blend_renorm,1.0,1.0,QB1
00-0034857,2025,8,BUF,QB,0,0,ridge_blend_renorm,1.0,1.0,QB1
00-0034857,2025,9,BUF,QB,0,0,ridge_blend_renorm,1.0,1.0,QB1
00-0034857,2025,10,BUF,QB,0,0,ridge_blend_renorm,1.0,1.0,QB1
00-0034857,2025,11,BUF,QB,0,0,ridge_blend_renorm,1.0,1.0,QB1
00-0034857,2025,12,BUF,QB,0,0,ridge_blend_renorm,0.0,1.0,QB1
00-0034857,2025,13,BUF,QB,0,0,ridge_blend_renorm,1.0,1.0,QB1
00-0034857,2025,14,BUF,QB,0,0,ridge_blend_renorm,1.0,1.0,QB1
00-0034857,2025,15,BUF,QB,0,0,ridge_blend_renorm,1.0,1.0,QB1
00-0034857,2025,16,BUF,QB,0,0,ridge_blend_renorm,0.0,1.0,QB1
00-0034857,2025,17,BUF,QB,0,0,ridge_blend_renorm,0.0,1.0,QB1
00-0034857,2025,18,BUF,QB,0,0,ridge_blend_renorm,0.0,1.0,QB1
00-0034869,2025,1,SEA,QB,1,0,ridge_blend_renorm,0.0,0.8235294117647058,QB1
00-0034869,2025,2,SEA,QB,1,0,ridge_blend_renorm,1.0,0.8235294117647058,QB1
00-0034869,2025,3,SEA,QB,1,0,ridge_blend_renorm,1.0,0.8235294117647058,QB1
00-0034869,2025,4,SEA,QB,0,0,ridge_blend_renorm,1.0,1.0,QB1
00-0034869,2025,5,SEA,QB,0,0,ridge_blend_renorm,1.0,1.0,QB1
00-0034869,2025,6,SEA,QB,0,0,ridge_blend_renorm,1.0,1.0,QB1
00-0034869,2025,7,SEA,QB,0,0,ridge_blend_renorm,1.0,1.0,QB1
00-0034869,2025,9,SEA,QB,0,0,ridge_blend_renorm,1.0,1.0,QB1
00-0034869,2025,10,SEA,QB,0,0,ridge_blend_renorm,1.0,1.0,QB1
00-0034869,2025,11,SEA,QB,0,0,ridge_blend_renorm,0.0,1.0,QB1
00-0034869,2025,12,SEA,QB,0,0,ridge_blend_renorm,1.0,1.0,QB1
00-0034869,2025,13,SEA,QB,0,0,ridge_blend_renorm,0.0,1.0,QB1
00-0034869,2025,14,SEA,QB,0,0,ridge_blend_renorm,1.0,1.0,QB1
00-0034869,2025,15,SEA,QB,0,0,ridge_blend_renorm,0.0,1.0,QB1
00-0034869,2025,16,SEA,QB,0,0,ridge_blend_renorm,1.0,1.0,QB1
00-0034869,2025,17,SEA,QB,0,0,ridge_blend_renorm,1.0,1.0,QB1
00-0034869,2025,18,SEA,QB,0,0,ridge_blend_renorm,0.0,1.0,QB1
00-0034899,2025,1,JAX,QB,1,0,ridge_blend_renorm,0.0,0.0,QB2
00-0034899,2025,9,MIN,QB,1,0,ridge_blend_renorm,0.0,0.0,QB3
00-0034899,2025,10,MIN,QB,1,0,ridge_blend_renorm,0.0,0.0,QB4
00-0034899,2025,11,MIN,QB,0,0,ridge_blend_renorm,0.0,0.0,QB4
00-0034899,2025,12,MIN,QB,0,0,ridge_blend_renorm,0.0,0.0,QB3
00-0034899,2025,13,MIN,QB,0,0,ridge_blend_renorm,0.0,0.0,QB3
00-0034899,2025,14,MIN,QB,0,0,ridge_blend_renorm,0.0,0.0,QB4
00-0034899,2025,15,MIN,QB,0,0,ridge_blend_renorm,0.0,0.0,QB4
00-0034899,2025,16,MIN,QB,0,0,ridge_blend_renorm,0.0,0.0,QB4
00-0034899,2025,17,MIN,QB,0,0,ridge_blend_renorm,0.0,0.0,QB4
00-0034899,2025,18,MIN,QB,0,0,ridge_blend_renorm,0.0,0.0,QB4
00-0034955,2025,1,CIN,QB,1,0,ridge_blend_renorm,0.0,0.0,QB1
00-0034955,2025,2,CIN,QB,1,0,ridge_blend_renorm,0.0,0.0,QB2
00-0034955,2025,3,CIN,QB,1,0,ridge_blend_renorm,0.0,0.0,QB4
00-0034955,2025,4,CIN,QB,0,0,ridge_blend_renorm,0.0,0.0,QB3
00-0034955,2025,5,CIN,QB,0,0,ridge_blend_renorm,0.0,0.0,QB3
00-0034955,2025,6,CIN,QB,0,0,ridge_blend_renorm,0.0,0.0,QB3
00-0034955,2025,7,IND,QB,0,0,ridge_blend_renorm,0.0,0.0,QB3
00-0034955,2025,8,IND,QB,0,0,ridge_blend_renorm,0.0,0.0,QB3
00-0034955,2025,9,IND,QB,0,0,ridge_blend_renorm,0.0,0.0,QB3
00-0034955,2025,10,IND,QB,0,0,ridge_blend_renorm,0.0,0.0,QB3
00-0034955,2025,12,IND,QB,0,0,ridge_blend_renorm,0.0,0.0,QB3
00-0034955,2025,13,IND,QB,0,0,ridge_blend_renorm,0.0,0.0,QB2
00-0034955,2025,14,IND,QB,0,0,ridge_blend_renorm,0.0,0.0,QB2
00-0034955,2025,15,IND,QB,0,0,ridge_blend_renorm,0.0,0.0,QB3
00-0034955,2025,16,IND,QB,0,0,ridge_blend_renorm,0.0,0.0,QB4
00-0034955,2025,17,MIN,QB,0,0,ridge_blend_renorm,0.0,0.0,QB4
00-0034955,2025,18,MIN,QB,0,0,ridge_blend_renorm,0.0,0.0,QB4
00-0035100,2025,1,CIN,QB,1,0,ridge_blend_renorm,0.0,0.0,QB2
00-0035100,2025,2,CIN,QB,1,0,ridge_blend_renorm,0.6666666666666666,0.0,QB3
00-0035100,2025,3,CIN,QB,1,0,ridge_blend_renorm,1.0,0.0,QB2
00-0035100,2025,4,CIN,QB,0,0,ridge_blend_renorm,0.0,0.5555555555555556,QB1
00-0035100,2025,5,CIN,QB,0,0,ridge_blend_renorm,1.0,0.8333333333333334,QB1
00-0035100,2025,6,CIN,QB,0,0,ridge_blend_renorm,0.0,1.0,QB1
00-0035100,2025,7,CIN,QB,0,0,ridge_blend_renorm,0.0,0.5,QB1
00-0035100,2025,8,CIN,QB,0,0,ridge_blend_renorm,0.0,0.3333333333333333,QB2
00-0035100,2025,9,CIN,QB,0,0,ridge_blend_renorm,0.0,0.0,QB2
00-0035100,2025,11,CIN,QB,0,0,ridge_blend_renorm,0.0,0.0,QB2
00-0035100,2025,12,CIN,QB,0,0,ridge_blend_renorm,0.0,0.0,QB2
00-0035100,2025,13,CIN,QB,0,0,ridge_blend_renorm,0.0,0.0,QB2
00-0035100,2025,14,CIN,QB,0,0,ridge_blend_renorm,0.0,0.0,QB3
00-0035100,2025,15,CIN,QB,0,0,ridge_blend_renorm,0.0,0.0,QB3
00-0035100,2025,16,CIN,QB,0,0,ridge_blend_renorm,0.0,0.0,QB3
00-0035100,2025,17,CIN,QB,0,0,ridge_blend_renorm,0.0,0.0,QB3
00-0035100,2025,18,CIN,QB,0,0,ridge_blend_renorm,0.0,0.0,QB3
00-0035228,2025,1,ARI,QB,1,0,ridge_blend_renorm,1.0,0.875,QB2
00-0035228,2025,2,ARI,QB,1,0,ridge_blend_renorm,1.0,0.875,QB1
00-0035228,2025,3,ARI,QB,1,0,ridge_blend_renorm,1.0,0.875,QB1
00-0035228,2025,4,ARI,QB,0,0,ridge_blend_renorm,1.0,1.0,QB1
00-0035228,2025,5,ARI,QB,0,0,ridge_blend_renorm,0.0,1.0,QB1
00-0035228,2025,6,ARI,QB,0,0,ridge_blend_renorm,0.0,1.0,QB1
00-0035228,2025,7,ARI,QB,0,0,ridge_blend_renorm,0.0,0.5,QB1
00-0035228,2025,9,ARI,QB,0,0,ridge_blend_renorm,0.0,0.0,QB2
00-0035228,2025,10,ARI,QB,0,0,ridge_blend_renorm,0.0,0.0,QB3
00-0035228,2025,11,ARI,QB,0,0,ridge_blend_renorm,0.0,0.0,QB4
00-0035228,2025,12,ARI,QB,0,0,ridge_blend_renorm,0.0,0.0,QB4
00-0035228,2025,13,ARI,QB,0,0,ridge_blend_renorm,0.0,0.0,QB4
00-0035228,2025,14,ARI,QB,0,0,ridge_blend_renorm,0.0,0.0,QB4
00-0035228,2025,15,ARI,QB,0,0,ridge_blend_renorm,0.0,0.0,QB4
00-0035228,2025,16,ARI,QB,0,0,ridge_blend_renorm,0.0,0.0,QB3
00-0035228,2025,17,ARI,QB,0,0,ridge_blend_renorm,0.0,0.0,QB3
00-0035228,2025,18,ARI,QB,0,0,ridge_blend_renorm,0.0,0.0,QB3
00-0035251,2025,1,DAL,QB,1,0,ridge_blend_renorm,0.0,0.0,QB2
00-0035251,2025,2,DAL,QB,1,0,ridge_blend_renorm,0.0,0.0,QB2
00-0035251,2025,3,DAL,QB,1,0,ridge_blend_renorm,0.0,0.0,QB2
00-0035251,2025,4,DAL,QB,0,0,ridge_blend_renorm,0.0,0.0,QB3
00-0035251,2025,5,DAL,QB,0,0,ridge_blend_renorm,0.0,0.0,QB3
00-0035251,2025,6,DAL,QB,0,0,ridge_blend_renorm,0.0,0.0,QB3
00-0035251,2025,7,DAL,QB,0,0,ridge_blend_renorm,0.0,0.0,QB2
00-0035251,2025,8,DAL,QB,0,0,ridge_blend_renorm,0.0,0.0,QB2
00-0035251,2025,9,DAL,QB,0,0,ridge_blend_renorm,0.0,0.0,QB3
00-0035251,2025,11,DAL,QB,0,0,ridge_blend_renorm,0.0,0.0,QB3
00-0035251,2025,12,DAL,QB,0,0,ridge_blend_renorm,0.0,0.0,QB3
00-0035251,2025,13,DAL,QB,0,0,ridge_blend_renorm,0.0,0.0,QB2
00-0035251,2025,14,DAL,QB,0,0,ridge_blend_renorm,0.0,0.0,QB2
00-0035251,2025,15,DAL,QB,0,0,ridge_blend_renorm,0.0,0.0,QB2
00-0035251,2025,16,DAL,QB,0,0,ridge_blend_renorm,0.0,0.0,QB2
00-0035251,2025,17,DAL,QB,0,0,ridge_blend_renorm,0.0,0.0,QB3
00-0035251,2025,18,DAL,QB,0,0,ridge_blend_renorm,0.0,0.0,QB3
00-0035264,2025,1,DEN,QB,1,0,ridge_blend_renorm,0.0,0.0,QB2
00-0035264,2025,2,DEN,QB,1,0,ridge_blend_renorm,0.0,0.0,QB2
00-0035264,2025,3,DEN,QB,1,0,ridge_blend_renorm,0.0,0.0,QB2
00-0035264,2025,4,DEN,QB,0,0,ridge_blend_renorm,0.0,0.0,QB2
00-0035264,2025,5,DEN,QB,0,0,ridge_blend_renorm,0.0,0.0,QB2
00-0035264,2025,6,DEN,QB,0,0,ridge_blend_renorm,0.0,0.0,QB2
00-0035264,2025,7,DEN,QB,0,0,ridge_blend_renorm,0.0,0.0,QB2
00-0035264,2025,8,DEN,QB,0,0,ridge_blend_renorm,0.0,0.0,QB2
00-0035264,2025,9,DEN,QB,0,0,ridge_blend_renorm,0.0,0.0,QB2
00-0035264,2025,10,DEN,QB,0,0,ridge_blend_renorm,0.0,0.0,QB2
00-0035264,2025,11,DEN,QB,0,0,ridge_blend_renorm,0.0,0.0,QB2
00-0035264,2025,13,DEN,QB,0,0,ridge_blend_renorm,0.0,0.0,QB2
00-0035264,2025,14,DEN,QB,0,0,ridge_blend_renorm,0.0,0.0,QB2
00-0035264,2025,15,DEN,QB,0,0,ridge_blend_renorm,0.0,0.0,QB2
00-0035264,2025,16,DEN,QB,0,0,ridge_blend_renorm,0.0,0.0,QB2
00-0035264,2025,17,DEN,QB,0,0,ridge_blend_renorm,0.0,0.0,QB2
00-0035264,2025,18,DEN,QB,0,0,ridge_blend_renorm,0.0,0.0,QB2
00-0035282,2025,1,ATL,QB,1,0,ridge_blend_renorm,0.0,0.0,QB2
00-0035282,2025,2,ATL,QB,1,0,ridge_blend_renorm,0.0,0.0,QB3
00-0035282,2025,3,ATL,QB,1,0,ridge_blend_renorm,0.0,0.0,QB3
00-0035282,2025,4,ATL,QB,0,0,ridge_blend_renorm,0.0,0.0,QB3
00-0035282,2025,6,ATL,QB,0,0,ridge_blend_renorm,0.0,0.0,QB3
00-0035282,2025,7,ATL,QB,0,0,ridge_blend_renorm,0.0,0.0,QB3
00-0035282,2025,8,ATL,QB,0,0,ridge_blend_renorm,0.0,0.0,QB3
00-0035282,2025,9,ATL,QB,0,0,ridge_blend_renorm,0.0,0.0,QB3
00-0035282,2025,10,ATL,QB,0,0,ridge_blend_renorm,0.0,0.0,QB3
00-0035282,2025,11,ATL,QB,0,0,ridge_blend_renorm,0.0,0.0,QB3
00-0035282,2025,12,ATL,QB,0,0,ridge_blend_renorm,0.0,0.0,QB3
00-0035282,2025,13,ATL,QB,0,0,ridge_blend_renorm,0.0,0.0,QB3
00-0035282,2025,14,ATL,QB,0,0,ridge_blend_renorm,0.0,0.0,QB3
00-0035282,2025,15,ATL,QB,0,0,ridge_blend_renorm,0.0,0.0,QB2
00-0035282,2025,16,ATL,QB,0,0,ridge_blend_renorm,0.0,0.0,QB2
00-0035282,2025,17,ATL,QB,0,0,ridge_blend_renorm,0.0,0.0,QB2
00-0035282,2025,18,ATL,QB,0,0,ridge_blend_renorm,0.0,0.0,QB2
00-0035289,2025,1,KC,QB,1,0,ridge_blend_renorm,0.0,0.3170731707317073,QB2
00-0035289,2025,2,KC,QB,1,0,ridge_blend_renorm,0.0,0.3170731707317073,QB2
00-0035289,2025,3,KC,QB,1,0,ridge_blend_renorm,0.0,0.3170731707317073,QB2
00-0035289,2025,4,KC,QB,0,0,ridge_blend_renorm,0.0,0.0,QB2
00-0035289,2025,5,KC,QB,0,0,ridge_blend_renorm,0.0,0.0,QB2
00-0035289,2025,6,KC,QB,0,0,ridge_blend_renorm,0.0,0.0,QB2
00-0035289,2025,7,KC,QB,0,0,ridge_blend_renorm,0.0,0.0,QB2
00-0035289,2025,8,KC,QB,0,0,ridge_blend_renorm,0.0,0.0,QB2
00-0035289,2025,9,KC,QB,0,0,ridge_blend_renorm,0.0,0.0,QB2
00-0035289,2025,11,KC,QB,0,0,ridge_blend_renorm,0.0,0.0,QB2
00-0035289,2025,12,KC,QB,0,0,ridge_blend_renorm,0.0,0.0,QB2
00-0035289,2025,13,KC,QB,0,0,ridge_blend_renorm,0.0,0.0,QB2
00-0035289,2025,14,KC,QB,0,0,ridge_blend_renorm,0.0,0.0,QB2
00-0035289,2025,15,KC,QB,0,0,ridge_blend_renorm,0.0,0.0,QB2
00-0035289,2025,16,KC,QB,0,0,ridge_blend_renorm,0.0,0.0,QB2
00-0035289,2025,17,KC,QB,0,0,ridge_blend_renorm,0.0,0.0,QB3
00-0035289,2025,18,KC,QB,0,0,ridge_blend_renorm,0.0,0.0,QB3
00-0035704,2025,1,SEA,QB,1,0,ridge_blend_renorm,0.0,0.17647058823529413,QB2
00-0035704,2025,2,SEA,QB,1,0,ridge_blend_renorm,0.0,0.17647058823529413,QB3
00-0035704,2025,3,SEA,QB,1,0,ridge_blend_renorm,0.0,0.17647058823529413,QB3
00-0035704,2025,4,SEA,QB,0,0,ridge_blend_renorm,0.0,0.0,QB2
00-0035704,2025,5,SEA,QB,0,0,ridge_blend_renorm,0.0,0.0,QB2
00-0035704,2025,6,SEA,QB,0,0,ridge_blend_renorm,0.0,0.0,QB2
00-0035704,2025,7,SEA,QB,0,0,ridge_blend_renorm,0.0,0.0,QB3
00-0035704,2025,9,SEA,QB,0,0,ridge_blend_renorm,0.0,0.0,QB3
00-0035704,2025,10,SEA,QB,0,0,ridge_blend_renorm,0.0,0.0,QB2
00-0035704,2025,11,SEA,QB,0,0,ridge_blend_renorm,0.0,0.0,QB2
00-0035704,2025,12,SEA,QB,0,0,ridge_blend_renorm,0.0,0.0,QB2
00-0035704,2025,13,SEA,QB,0,0,ridge_blend_renorm,0.0,0.0,QB2
00-0035704,2025,14,SEA,QB,0,0,ridge_blend_renorm,0.0,0.0,QB2
00-0035704,2025,15,SEA,QB,0,0,ridge_blend_renorm,0.0,0.0,QB2
00-0035704,2025,16,SEA,QB,0,0,ridge_blend_renorm,0.0,0.0,QB2
00-0035704,2025,17,SEA,QB,0,0,ridge_blend_renorm,0.0,0.0,QB2
00-0035704,2025,18,SEA,QB,0,0,ridge_blend_renorm,0.0,0.0,QB2
00-0035710,2025,1,IND,QB,1,0,ridge_blend_renorm,1.0,0.39999999999999997,QB2
00-0035710,2025,2,IND,QB,1,0,ridge_blend_renorm,1.0,0.39999999999999997,QB1
00-0035710,2025,3,IND,QB,1,0,ridge_blend_renorm,1.0,0.39999999999999997,QB1
00-0035710,2025,4,IND,QB,0,0,ridge_blend_renorm,1.0,1.0,QB1
00-0035710,2025,5,IND,QB,0,0,ridge_blend_renorm,1.0,1.0,QB1
00-0035710,2025,6,IND,QB,0,0,ridge_blend_renorm,1.0,1.0,QB1
00-0035710,2025,7,IND,QB,0,0,ridge_blend_renorm,1.0,1.0,QB1
00-0035710,2025,8,IND,QB,0,0,ridge_blend_renorm,1.0,1.0,QB1
00-0035710,2025,9,IND,QB,0,0,ridge_blend_renorm,1.0,1.0,QB1
00-0035710,2025,10,IND,QB,0,0,ridge_blend_renorm,1.0,1.0,QB1
00-0035710,2025,12,IND,QB,0,0,ridge_blend_renorm,1.0,1.0,QB1
00-0035710,2025,13,IND,QB,0,0,ridge_blend_renorm,1.0,1.0,QB1
00-0035710,2025,14,IND,QB,0,0,ridge_blend_renorm,0.0,1.0,QB1
00-0035710,2025,15,IND,QB,0,0,ridge_blend_renorm,0.0,1.0,QB1
00-0035710,2025,16,IND,QB,0,0,ridge_blend_renorm,0.0,0.25,QB2
00-0035710,2025,17,IND,QB,0,0,ridge_blend_renorm,0.0,0.0,QB3
00-0035710,2025,18,IND,QB,0,0,ridge_blend_renorm,0.0,0.0,QB3
00-0035939,2025,1,CAR,QB,1,0,ridge_blend_renorm,0.0,0.0,QB4
00-0035993,2025,1,BAL,QB,1,0,ridge_blend_renorm,0.0,0.1090909090909091,QB3
00-0035993,2025,2,BAL,QB,1,0,ridge_blend_renorm,0.0,0.1090909090909091,QB3
00-0035993,2025,3,BAL,QB,1,0,ridge_blend_renorm,0.0,0.1090909090909091,QB3
00-0035993,2025,4,BAL,QB,0,0,ridge_blend_renorm,0.0,0.0,QB3
00-0035993,2025,5,BAL,QB,0,0,ridge_blend_renorm,0.0,0.0,QB3
00-0035993,2025,6,BAL,QB,0,0,ridge_blend_renorm,0.0,0.0,QB3
00-0035993,2025,8,BAL,QB,0,0,ridge_blend_renorm,1.0,0.0,QB3
00-0035993,2025,9,BAL,QB,0,0,ridge_blend_renorm,0.0,1.0,QB2
00-0035993,2025,10,BAL,QB,0,0,ridge_blend_renorm,0.0,0.5,QB1
00-0035993,2025,11,BAL,QB,0,0,ridge_blend_renorm,0.0,0.3333333333333333,QB2
00-0035993,2025,12,BAL,QB,0,0,ridge_blend_renorm,0.0,0.0,QB3
00-0035993,2025,13,BAL,QB,0,0,ridge_blend_renorm,0.0,0.0,QB3
00-0035993,2025,14,BAL,QB,0,0,ridge_blend_renorm,0.0,0.0,QB3
00-0035993,2025,15,BAL,QB,0,0,ridge_blend_renorm,0.0,0.0,QB3
00-0035993,2025,16,BAL,QB,0,0,ridge_blend_renorm,0.0,0.0,QB2
00-0035993,2025,17,BAL,QB,0,0,ridge_blend_renorm,1.0,0.0,QB2
00-0035993,2025,18,BAL,QB,0,0,ridge_blend_renorm,0.0,0.5,QB1
00-0036212,2025,1,MIA,QB,1,0,ridge_blend_renorm,1.0,1.0,QB1
00-0036212,2025,2,MIA,QB,1,0,ridge_blend_renorm,1.0,1.0,QB1
00-0036212,2025,3,MIA,QB,1,0,ridge_blend_renorm,1.0,1.0,QB1
00-0036212,2025,4,MIA,QB,0,0,ridge_blend_renorm,1.0,1.0,QB1
00-0036212,2025,5,MIA,QB,0,0,ridge_blend_renorm,1.0,1.0,QB1
00-0036212,2025,6,MIA,QB,0,0,ridge_blend_renorm,1.0,1.0,QB1
00-0036212,2025,7,MIA,QB,0,0,ridge_blend_renorm,0.0,1.0,QB1
00-0036212,2025,8,MIA,QB,0,0,ridge_blend_renorm,1.0,1.0,QB1
00-0036212,2025,9,MIA,QB,0,0,ridge_blend_renorm,0.0,1.0,QB1
00-0036212,2025,10,MIA,QB,0,0,ridge_blend_renorm,1.0,1.0,QB1
00-0036212,2025,11,MIA,QB,0,0,ridge_blend_renorm,0.0,1.0,QB1
00-0036212,2025,13,MIA,QB,0,0,ridge_blend_renorm,0.0,1.0,QB1
00-0036212,2025,14,MIA,QB,0,0,ridge_blend_renorm,1.0,1.0,QB1
00-0036212,2025,15,MIA,QB,0,0,ridge_blend_renorm,1.0,1.0,QB1
00-0036212,2025,16,MIA,QB,0,0,ridge_blend_renorm,0.0,1.0,QB1
00-0036212,2025,17,MIA,QB,0,0,ridge_blend_renorm,0.0,1.0,QB1
00-0036212,2025,18,MIA,QB,0,0,ridge_blend_renorm,0.0,0.5,QB2
00-0036264,2025,1,GB,QB,1,0,ridge_blend_renorm,1.0,0.7999999999999999,QB1
00-0036264,2025,2,GB,QB,1,0,ridge_blend_renorm,1.0,0.7999999999999999,QB1
00-0036264,2025,3,GB,QB,1,0,ridge_blend_renorm,1.0,0.7999999999999999,QB1
00-0036264,2025,4,GB,QB,0,0,ridge_blend_renorm,1.0,1.0,QB1
00-0036264,2025,6,GB,QB,0,0,ridge_blend_renorm,1.0,1.0,QB1
00-0036264,2025,7,GB,QB,0,0,ridge_blend_renorm,1.0,1.0,QB1
00-0036264,2025,8,GB,QB,0,0,ridge_blend_renorm,1.0,1.0,QB1
00-0036264,2025,9,GB,QB,0,0,ridge_blend_renorm,0.0,1.0,QB1
00-0036264,2025,10,GB,QB,0,0,ridge_blend_renorm,0.0,1.0,QB1
00-0036264,2025,11,GB,QB,0,0,ridge_blend_renorm,0.6666666666666666,1.0,QB1
00-0036264,2025,12,GB,QB,0,0,ridge_blend_renorm,0.0,0.6666666666666666,QB1
00-0036264,2025,13,GB,QB,0,0,ridge_blend_renorm,1.0,0.6666666666666666,QB1
00-0036264,2025,14,GB,QB,0,0,ridge_blend_renorm,1.0,0.8333333333333334,QB1
00-0036264,2025,15,GB,QB,0,0,ridge_blend_renorm,1.0,1.0,QB1
00-0036264,2025,16,GB,QB,0,0,ridge_blend_renorm,0.0,1.0,QB1
00-0036264,2025,17,GB,QB,0,0,ridge_blend_renorm,0.0,0.6666666666666666,QB1
00-0036264,2025,18,GB,QB,0,0,ridge_blend_renorm,0.0,0.33333333333333337,QB2
00-0036355,2025,1,LAC,QB,1,0,ridge_blend_renorm,1.0,1.0,QB2
00-0036355,2025,2,LAC,QB,1,0,ridge_blend_renorm,1.0,1.0,QB1
00-0036355,2025,3,LAC,QB,1,0,ridge_blend_renorm,1.0,1.0,QB1
00-0036355,2025,4,LAC,QB,0,0,ridge_blend_renorm,1.0,1.0,QB1
00-0036355,2025,5,LAC,QB,0,0,ridge_blend_renorm,1.0,1.0,QB1
00-0036355,2025,6,LAC,QB,0,0,ridge_blend_renorm,1.0,1.0,QB1
00-0036355,2025,7,LAC,QB,0,0,ridge_blend_renorm,1.0,1.0,QB1
00-0036355,2025,8,LAC,QB,0,0,ridge_blend_renorm,1.0,1.0,QB1
00-0036355,2025,9,LAC,QB,0,0,ridge_blend_renorm,1.0,1.0,QB1
00-0036355,2025,10,LAC,QB,0,0,ridge_blend_renorm,1.0,1.0,QB1
00-0036355,2025,11,LAC,QB,0,0,ridge_blend_renorm,0.0,1.0,QB1
00-0036355,2025,13,LAC,QB,0,0,ridge_blend_renorm,1.0,1.0,QB1
00-0036355,2025,14,LAC,QB,0,0,ridge_blend_renorm,1.0,1.0,QB1
00-0036355,2025,15,LAC,QB,0,0,ridge_blend_renorm,1.0,1.0,QB1
00-0036355,2025,16,LAC,QB,0,0,ridge_blend_renorm,1.0,1.0,QB1
00-0036355,2025,17,LAC,QB,0,0,ridge_blend_renorm,1.0,1.0,QB1
00-0036355,2025,18,LAC,QB,0,0,ridge_blend_renorm,0.0,1.0,QB1
00-0036384,2025,1,ATL,QB,1,0,ridge_blend_renorm,0.0,0.0,QB3
00-0036389,2025,1,PHI,QB,1,0,ridge_blend_renorm,0.0,0.8780487804878049,QB1
00-0036389,2025,2,PHI,QB,1,0,ridge_blend_renorm,0.0,0.8780487804878049,QB1
00-0036389,2025,3,PHI,QB,1,0,ridge_blend_renorm,1.0,0.8780487804878049,QB1
00-0036389,2025,4,PHI,QB,0,0,ridge_blend_renorm,1.0,1.0,QB1
00-0036389,2025,5,PHI,QB,0,0,ridge_blend_renorm,1.0,1.0,QB1
00-0036389,2025,6,PHI,QB,0,0,ridge_blend_renorm,1.0,1.0,QB1
00-0036389,2025,7,PHI,QB,0,0,ridge_blend_renorm,1.0,1.0,QB1
00-0036389,2025,8,PHI,QB,0,0,ridge_blend_renorm,1.0,1.0,QB1
00-0036389,2025,10,PHI,QB,0,0,ridge_blend_renorm,1.0,1.0,QB1
00-0036389,2025,11,PHI,QB,0,0,ridge_blend_renorm,0.0,1.0,QB1
00-0036389,2025,12,PHI,QB,0,0,ridge_blend_renorm,1.0,1.0,QB1
00-0036389,2025,13,PHI,QB,0,0,ridge_blend_renorm,1.0,1.0,QB1
00-0036389,2025,14,PHI,QB,0,0,ridge_blend_renorm,0.0,1.0,QB1
00-0036389,2025,15,PHI,QB,0,0,ridge_blend_renorm,1.0,1.0,QB1
00-0036389,2025,16,PHI,QB,0,0,ridge_blend_renorm,1.0,1.0,QB1
00-0036389,2025,17,PHI,QB,0,0,ridge_blend_renorm,1.0,1.0,QB1
00-0036389,2025,18,PHI,QB,0,0,ridge_blend_renorm,0.0,1.0,QB1
00-0036442,2025,1,CIN,QB,1,0,ridge_blend_renorm,1.0,0.8823529411764706,QB3
00-0036442,2025,2,CIN,QB,1,0,ridge_blend_renorm,0.3333333333333333,1.0,QB1
00-0036442,2025,3,CIN,QB,1,0,ridge_blend_renorm,0.0,1.0,QB1
00-0036442,2025,4,CIN,QB,0,0,ridge_blend_renorm,0.0,0.4444444444444445,QB2
00-0036442,2025,5,CIN,QB,0,0,ridge_blend_renorm,0.0,0.16666666666666669,QB2
00-0036442,2025,6,CIN,QB,0,0,ridge_blend_renorm,0.0,0.0,QB4
00-0036442,2025,7,CIN,QB,0,0,ridge_blend_renorm,0.0,0.0,QB3
00-0036442,2025,8,CIN,QB,0,0,ridge_blend_renorm,0.0,0.0,QB3
00-0036442,2025,9,CIN,QB,0,0,ridge_blend_renorm,0.0,0.0,QB3
00-0036442,2025,11,CIN,QB,0,0,ridge_blend_renorm,0.0,0.0,QB3
00-0036442,2025,12,CIN,QB,0,0,ridge_blend_renorm,0.0,0.0,QB3
00-0036442,2025,13,CIN,QB,0,0,ridge_blend_renorm,1.0,0.0,QB3
00-0036442,2025,14,CIN,QB,0,0,ridge_blend_renorm,1.0,0.3333333333333333,QB2
00-0036442,2025,15,CIN,QB,0,0,ridge_blend_renorm,0.0,0.6666666666666667,QB1
00-0036442,2025,16,CIN,QB,0,0,ridge_blend_renorm,1.0,1.0,QB1
00-0036442,2025,17,CIN,QB,0,0,ridge_blend_renorm,1.0,1.0,QB1
00-0036442,2025,18,CIN,QB,0,0,ridge_blend_renorm,1.0,1.0,QB1
00-0036679,2025,1,BUF,QB,1,0,ridge_blend_renorm,0.0,0.0,QB4
00-0036679,2025,2,BUF,QB,1,0,ridge_blend_renorm,0.0,0.0,QB3
00-0036679,2025,3,BUF,QB,1,0,ridge_blend_renorm,0.0,0.0,QB3
00-0036679,2025,4,BUF,QB,0,0,ridge_blend_renorm,0.0,0.0,QB3
00-0036679,2025,5,BUF,QB,0,0,ridge_blend_renorm,0.0,0.0,QB3
00-0036679,2025,6,BUF,QB,0,0,ridge_blend_renorm,0.0,0.0,QB3
00-0036679,2025,8,BUF,QB,0,0,ridge_blend_renorm,0.0,0.0,QB3
00-0036679,2025,9,BUF,QB,0,0,ridge_blend_renorm,0.0,0.0,QB3
00-0036679,2025,10,BUF,QB,0,0,ridge_blend_renorm,0.0,0.0,QB3
00-0036679,2025,11,BUF,QB,0,0,ridge_blend_renorm,0.0,0.0,QB3
00-0036679,2025,12,BUF,QB,0,0,ridge_blend_renorm,0.0,0.0,QB3
00-0036679,2025,13,BUF,QB,0,0,ridge_blend_renorm,0.0,0.0,QB3
00-0036679,2025,14,BUF,QB,0,0,ridge_blend_renorm,0.0,0.0,QB3
00-0036679,2025,15,BUF,QB,0,0,ridge_blend_renorm,0.0,0.0,QB3
00-0036679,2025,16,BUF,QB,0,0,ridge_blend_renorm,0.0,0.0,QB3
00-0036679,2025,17,KC,QB,0,0,ridge_blend_renorm,0.0,0.0,QB4
00-0036679,2025,18,KC,QB,0,0,ridge_blend_renorm,0.0,0.0,QB4
00-0036879,2025,1,DEN,QB,1,0,ridge_blend_renorm,0.0,0.0,QB3
00-0036879,2025,2,DEN,QB,1,0,ridge_blend_renorm,0.0,0.0,QB3
00-0036879,2025,3,DEN,QB,1,0,ridge_blend_renorm,0.0,0.0,QB3
00-0036879,2025,4,DEN,QB,0,0,ridge_blend_renorm,0.0,0.0,QB3
00-0036879,2025,5,DEN,QB,0,0,ridge_blend_renorm,0.0,0.0,QB3
00-0036879,2025,6,DEN,QB,0,0,ridge_blend_renorm,0.0,0.0,QB3
00-0036879,2025,7,DEN,QB,0,0,ridge_blend_renorm,0.0,0.0,QB3
00-0036879,2025,8,DEN,QB,0,0,ridge_blend_renorm,0.0,0.0,QB3
00-0036879,2025,9,DEN,QB,0,0,ridge_blend_renorm,0.0,0.0,QB3
00-0036879,2025,10,DEN,QB,0,0,ridge_blend_renorm,0.0,0.0,QB3
00-0036879,2025,11,DEN,QB,0,0,ridge_blend_renorm,0.0,0.0,QB3
00-0036879,2025,13,DEN,QB,0,0,ridge_blend_renorm,0.0,0.0,QB3
00-0036879,2025,14,DEN,QB,0,0,ridge_blend_renorm,0.0,0.0,QB3
00-0036879,2025,15,DEN,QB,0,0,ridge_blend_renorm,0.0,0.0,QB3
00-0036879,2025,16,DEN,QB,0,0,ridge_blend_renorm,0.0,0.0,QB3
00-0036879,2025,17,DEN,QB,0,0,ridge_blend_renorm,0.0,0.0,QB3
00-0036879,2025,18,DEN,QB,0,0,ridge_blend_renorm,0.0,0.0,QB3
00-0036898,2025,1,HOU,QB,1,0,ridge_blend_renorm,0.0,0.0,QB2
00-0036898,2025,2,HOU,QB,1,0,ridge_blend_renorm,0.0,0.0,QB2
00-0036898,2025,3,HOU,QB,1,0,ridge_blend_renorm,0.0,0.0,QB2
00-0036898,2025,4,HOU,QB,0,0,ridge_blend_renorm,0.0,0.0,QB2
00-0036898,2025,5,HOU,QB,0,0,ridge_blend_renorm,0.0,0.0,QB2
00-0036898,2025,7,HOU,QB,0,0,ridge_blend_renorm,0.0,0.0,QB2
00-0036898,2025,8,HOU,QB,0,0,ridge_blend_renorm,0.0,0.0,QB2
00-0036898,2025,9,HOU,QB,0,0,ridge_blend_renorm,0.0,0.0,QB2
00-0036898,2025,10,HOU,QB,0,0,ridge_blend_renorm,1.0,0.0,QB2
00-0036898,2025,11,HOU,QB,0,0,ridge_blend_renorm,1.0,0.5,QB1
00-0036898,2025,12,HOU,QB,0,0,ridge_blend_renorm,1.0,1.0,QB1
00-0036898,2025,13,HOU,QB,0,0,ridge_blend_renorm,0.0,1.0,QB1
00-0036898,2025,14,HOU,QB,0,0,ridge_blend_renorm,0.0,1.0,QB1
00-0036898,2025,15,HOU,QB,0,0,ridge_blend_renorm,0.0,0.5,QB2
00-0036898,2025,16,HOU,QB,0,0,ridge_blend_renorm,0.0,0.0,QB2
00-0036898,2025,17,HOU,QB,0,0,ridge_blend_renorm,0.0,0.0,QB2
00-0036898,2025,18,HOU,QB,0,0,ridge_blend_renorm,0.0,0.0,QB2
00-0036928,2025,1,TB,QB,1,0,ridge_blend_renorm,0.0,0.0,QB3
00-0036928,2025,12,ATL,QB,1,0,ridge_blend_renorm,0.0,0.0,QB4
00-0036928,2025,13,ATL,QB,1,0,ridge_blend_renorm,0.0,0.0,QB4
00-0036928,2025,14,ATL,QB,0,0,ridge_blend_renorm,0.0,0.0,QB4
00-0036928,2025,15,ATL,QB,0,0,ridge_blend_renorm,0.0,0.0,QB3
00-0036928,2025,16,ATL,QB,0,0,ridge_blend_renorm,0.0,0.0,QB3
00-0036928,2025,17,ATL,QB,0,0,ridge_blend_renorm,0.0,0.0,QB3
00-0036928,2025,18,ATL,QB,0,0,ridge_blend_renorm,0.0,0.0,QB3
00-0036945,2025,1,NYJ,QB,1,0,ridge_blend_renorm,1.0,0.7272727272727272,QB2
00-0036945,2025,2,NYJ,QB,1,0,ridge_blend_renorm,0.0,0.7272727272727272,QB1
00-0036945,2025,3,NYJ,QB,1,0,ridge_blend_renorm,0.0,0.7272727272727272,QB1
00-0036945,2025,4,NYJ,QB,0,0,ridge_blend_renorm,1.0,0.3333333333333333,QB1
00-0036945,2025,5,NYJ,QB,0,0,ridge_blend_renorm,1.0,0.3333333333333333,QB1
00-0036945,2025,6,NYJ,QB,0,0,ridge_blend_renorm,0.0,0.6666666666666667,QB1
00-0036945,2025,7,NYJ,QB,0,0,ridge_blend_renorm,0.0,1.0,QB1
00-0036945,2025,8,NYJ,QB,0,0,ridge_blend_renorm,0.5,1.0,QB1
00-0036945,2025,10,NYJ,QB,0,0,ridge_blend_renorm,1.0,1.0,QB1
00-0036945,2025,11,NYJ,QB,0,0,ridge_blend_renorm,1.0,1.0,QB1
00-0036945,2025,12,NYJ,QB,0,0,ridge_blend_renorm,0.0,1.0,QB1
00-0036945,2025,13,NYJ,QB,0,0,ridge_blend_renorm,0.0,0.6666666666666667,QB1
00-0036945,2025,14,NYJ,QB,0,0,ridge_blend_renorm,0.0,0.3333333333333333,QB2
00-0036945,2025,15,NYJ,QB,0,0,ridge_blend_renorm,0.0,0.0,QB3
00-0036945,2025,16,NYJ,QB,0,0,ridge_blend_renorm,0.0,0.0,QB3
00-0036945,2025,17,NYJ,QB,0,0,ridge_blend_renorm,0.0,0.0,QB3
00-0036945,2025,18,NYJ,QB,0,0,ridge_blend_renorm,0.0,0.0,QB3
00-0036971,2025,1,JAX,QB,1,0,ridge_blend_renorm,1.0,1.0,QB3
00-0036971,2025,2,JAX,QB,1,0,ridge_blend_renorm,1.0,1.0,QB1
00-0036971,2025,3,JAX,QB,1,0,ridge_blend_renorm,0.0,1.0,QB1
00-0036971,2025,4,JAX,QB,0,0,ridge_blend_renorm,1.0,1.0,QB1
00-0036971,2025,5,JAX,QB,0,0,ridge_blend_renorm,1.0,1.0,QB1
00-0036971,2025,6,JAX,QB,0,0,ridge_blend_renorm,1.0,1.0,QB1
00-0036971,2025,7,JAX,QB,0,0,ridge_blend_renorm,1.0,1.0,QB1
00-0036971,2025,9,JAX,QB,0,0,ridge_blend_renorm,0.0,1.0,QB1
00-0036971,2025,10,JAX,QB,0,0,ridge_blend_renorm,1.0,1.0,QB1
00-0036971,2025,11,JAX,QB,0,0,ridge_blend_renorm,1.0,1.0,QB1
00-0036971,2025,12,JAX,QB,0,0,ridge_blend_renorm,1.0,1.0,QB1
00-0036971,2025,13,JAX,QB,0,0,ridge_blend_renorm,1.0,1.0,QB1
00-0036971,2025,14,JAX,QB,0,0,ridge_blend_renorm,1.0,1.0,QB1
00-0036971,2025,15,JAX,QB,0,0,ridge_blend_renorm,1.0,1.0,QB1
00-0036971,2025,16,JAX,QB,0,0,ridge_blend_renorm,1.0,1.0,QB1
00-0036971,2025,17,JAX,QB,0,0,ridge_blend_renorm,0.0,1.0,QB1
00-0036971,2025,18,JAX,QB,0,0,ridge_blend_renorm,1.0,1.0,QB1
00-0036972,2025,1,SF,QB,1,0,ridge_blend_renorm,0.0,0.3125,QB1
00-0036972,2025,2,SF,QB,1,0,ridge_blend_renorm,1.0,0.3125,QB2
00-0036972,2025,3,SF,QB,1,0,ridge_blend_renorm,1.0,0.3125,QB1
00-0036972,2025,4,SF,QB,0,0,ridge_blend_renorm,0.0,0.6666666666666666,QB1
00-0036972,2025,5,SF,QB,0,0,ridge_blend_renorm,1.0,0.6666666666666666,QB1
00-0036972,2025,6,SF,QB,0,0,ridge_blend_renorm,0.0,0.6666666666666666,QB1
00-0036972,2025,7,SF,QB,0,0,ridge_blend_renorm,0.0,0.5,QB1
00-0036972,2025,8,SF,QB,0,0,ridge_blend_renorm,1.0,1.0,QB1
00-0036972,2025,9,SF,QB,0,0,ridge_blend_renorm,1.0,1.0,QB1
00-0036972,2025,10,SF,QB,0,0,ridge_blend_renorm,1.0,1.0,QB1
00-0036972,2025,11,SF,QB,0,0,ridge_blend_renorm,0.0,1.0,QB1
00-0036972,2025,12,SF,QB,0,0,ridge_blend_renorm,0.0,0.6666666666666666,QB1
00-0036972,2025,13,SF,QB,0,0,ridge_blend_renorm,0.0,0.33333333333333337,QB2
00-0036972,2025,15,SF,QB,0,0,ridge_blend_renorm,0.0,0.0,QB2
00-0036972,2025,16,SF,QB,0,0,ridge_blend_renorm,0.0,0.0,QB2
00-0036972,2025,17,SF,QB,0,0,ridge_blend_renorm,0.0,0.0,QB2
00-0036972,2025,18,SF,QB,0,0,ridge_blend_renorm,0.0,0.0,QB2
00-0037012,2025,1,LAC,QB,1,0,ridge_blend_renorm,0.0,0.0,QB3
00-0037012,2025,2,LAC,QB,1,0,ridge_blend_renorm,0.0,0.0,QB2
00-0037012,2025,3,LAC,QB,1,0,ridge_blend_renorm,0.0,0.0,QB2
00-0037012,2025,4,LAC,QB,0,0,ridge_blend_renorm,0.0,0.0,QB2
00-0037012,2025,5,LAC,QB,0,0,ridge_blend_renorm,0.0,0.0,QB2
00-0037012,2025,6,LAC,QB,0,0,ridge_blend_renorm,0.0,0.0,QB2
00-0037012,2025,7,LAC,QB,0,0,ridge_blend_renorm,0.0,0.0,QB2
00-0037012,2025,8,LAC,QB,0,0,ridge_blend_renorm,0.0,0.0,QB2
00-0037012,2025,9,LAC,QB,0,0,ridge_blend_renorm,0.0,0.0,QB2
00-0037012,2025,10,LAC,QB,0,0,ridge_blend_renorm,0.0,0.0,QB2
00-0037012,2025,11,LAC,QB,0,0,ridge_blend_renorm,0.0,0.0,QB2
00-0037012,2025,13,LAC,QB,0,0,ridge_blend_renorm,0.0,0.0,QB2
00-0037012,2025,14,LAC,QB,0,0,ridge_blend_renorm,0.0,0.0,QB2
00-0037012,2025,15,LAC,QB,0,0,ridge_blend_renorm,0.0,0.0,QB2
00-0037012,2025,16,LAC,QB,0,0,ridge_blend_renorm,0.0,0.0,QB2
00-0037012,2025,17,LAC,QB,0,0,ridge_blend_renorm,0.0,0.0,QB2
00-0037012,2025,18,LAC,QB,0,0,ridge_blend_renorm,0.0,0.0,QB2
00-0037013,2025,1,MIA,QB,1,0,ridge_blend_renorm,0.0,0.0,QB2
00-0037013,2025,2,MIA,QB,1,0,ridge_blend_renorm,0.0,0.0,QB2
00-0037013,2025,3,MIA,QB,1,0,ridge_blend_renorm,0.0,0.0,QB2
00-0037013,2025,4,MIA,QB,0,0,ridge_blend_renorm,0.0,0.0,QB2
00-0037013,2025,5,MIA,QB,0,0,ridge_blend_renorm,0.0,0.0,QB2
00-0037013,2025,6,MIA,QB,0,0,ridge_blend_renorm,0.0,0.0,QB2
00-0037013,2025,7,MIA,QB,0,0,ridge_blend_renorm,0.0,0.0,QB2
00-0037013,2025,8,MIA,QB,0,0,ridge_blend_renorm,0.0,0.0,QB3
00-0037013,2025,9,MIA,QB,0,0,ridge_blend_renorm,0.0,0.0,QB3
00-0037013,2025,10,MIA,QB,0,0,ridge_blend_renorm,0.0,0.0,QB3
00-0037013,2025,11,MIA,QB,0,0,ridge_blend_renorm,0.0,0.0,QB2
00-0037013,2025,13,MIA,QB,0,0,ridge_blend_renorm,0.0,0.0,QB2
00-0037013,2025,14,MIA,QB,0,0,ridge_blend_renorm,0.0,0.0,QB2
00-0037013,2025,15,MIA,QB,0,0,ridge_blend_renorm,0.0,0.0,QB2
00-0037013,2025,16,MIA,QB,0,0,ridge_blend_renorm,0.0,0.0,QB2
00-0037013,2025,17,MIA,QB,0,0,ridge_blend_renorm,0.0,0.0,QB3
00-0037013,2025,18,MIA,QB,0,0,ridge_blend_renorm,0.0,0.0,QB3
00-0037077,2025,1,PHI,QB,1,0,ridge_blend_renorm,0.0,0.0,QB2
00-0037077,2025,2,PHI,QB,1,0,ridge_blend_renorm,0.0,0.0,QB2
00-0037077,2025,3,PHI,QB,1,0,ridge_blend_renorm,0.0,0.0,QB2
00-0037077,2025,4,PHI,QB,0,0,ridge_blend_renorm,0.0,0.0,QB2
00-0037077,2025,5,PHI,QB,0,0,ridge_blend_renorm,0.0,0.0,QB2
00-0037077,2025,6,PHI,QB,0,0,ridge_blend_renorm,0.0,0.0,QB2
00-0037077,2025,7,PHI,QB,0,0,ridge_blend_renorm,0.0,0.0,QB2
00-0037077,2025,8,PHI,QB,0,0,ridge_blend_renorm,0.0,0.0,QB2
00-0037077,2025,10,PHI,QB,0,0,ridge_blend_renorm,0.0,0.0,QB3
00-0037077,2025,11,PHI,QB,0,0,ridge_blend_renorm,0.0,0.0,QB3
00-0037077,2025,12,PHI,QB,0,0,ridge_blend_renorm,0.0,0.0,QB3
00-0037077,2025,13,PHI,QB,0,0,ridge_blend_renorm,0.0,0.0,QB2
00-0037077,2025,14,PHI,QB,0,0,ridge_blend_renorm,0.0,0.0,QB2
00-0037077,2025,15,PHI,QB,0,0,ridge_blend_renorm,0.0,0.0,QB2
00-0037077,2025,16,PHI,QB,0,0,ridge_blend_renorm,0.0,0.0,QB3
00-0037077,2025,17,PHI,QB,0,0,ridge_blend_renorm,0.0,0.0,QB3
00-0037077,2025,18,PHI,QB,0,0,ridge_blend_renorm,0.0,0.0,QB3
00-0037324,2025,1,KC,QB,1,0,ridge_blend_renorm,0.0,0.0,QB3
00-0037324,2025,2,KC,QB,1,0,ridge_blend_renorm,0.0,0.0,QB3
00-0037324,2025,3,KC,QB,1,0,ridge_blend_renorm,0.0,0.0,QB3
00-0037324,2025,4,KC,QB,0,0,ridge_blend_renorm,0.0,0.0,QB3
00-0037324,2025,5,KC,QB,0,0,ridge_blend_renorm,0.0,0.0,QB3
00-0037324,2025,6,KC,QB,0,0,ridge_blend_renorm,0.0,0.0,QB3
00-0037324,2025,7,KC,QB,0,0,ridge_blend_renorm,0.0,0.0,QB3
00-0037324,2025,8,KC,QB,0,0,ridge_blend_renorm,0.0,0.0,QB3
00-0037324,2025,9,KC,QB,0,0,ridge_blend_renorm,0.0,0.0,QB3
00-0037324,2025,11,KC,QB,0,0,ridge_blend_renorm,0.0,0.0,QB3
00-0037324,2025,12,KC,QB,0,0,ridge_blend_renorm,0.0,0.0,QB3
00-0037324,2025,13,KC,QB,0,0,ridge_blend_renorm,0.0,0.0,QB3
00-0037324,2025,14,KC,QB,0,0,ridge_blend_renorm,0.0,0.0,QB3
00-0037324,2025,15,KC,QB,0,0,ridge_blend_renorm,0.0,0.0,QB3
00-0037324,2025,16,KC,QB,0,0,ridge_blend_renorm,0.0,0.0,QB3
00-0037324,2025,17,KC,QB,0,0,ridge_blend_renorm,1.0,0.0,QB2
00-0037324,2025,18,KC,QB,0,0,ridge_blend_renorm,0.0,1.0,QB1
00-0037327,2025,1,PIT,QB,1,0,ridge_blend_renorm,0.0,0.0,QB3
00-0037327,2025,2,PIT,QB,1,0,ridge_blend_renorm,0.0,0.0,QB3
00-0037327,2025,3,PIT,QB,1,0,ridge_blend_renorm,0.0,0.0,QB4
00-0037327,2025,4,PIT,QB,0,0,ridge_blend_renorm,0.0,0.0,QB4
00-0037327,2025,6,PIT,QB,0,0,ridge_blend_renorm,0.0,0.0,QB4
00-0037327,2025,7,PIT,QB,0,0,ridge_blend_renorm,0.0,0.0,QB4
00-0037327,2025,8,PIT,QB,0,0,ridge_blend_renorm,0.0,0.0,QB4
00-0037327,2025,9,PIT,QB,0,0,ridge_blend_renorm,0.0,0.0,QB3
00-0037327,2025,10,PIT,QB,0,0,ridge_blend_renorm,0.0,0.0,QB3
00-0037327,2025,11,PIT,QB,0,0,ridge_blend_renorm,0.0,0.0,QB3
00-0037327,2025,12,PIT,QB,0,0,ridge_blend_renorm,0.0,0.0,QB3
00-0037327,2025,13,PIT,QB,0,0,ridge_blend_renorm,0.0,0.0,QB3
00-0037327,2025,14,PIT,QB,0,0,ridge_blend_renorm,0.0,0.0,QB3
00-0037327,2025,15,PIT,QB,0,0,ridge_blend_renorm,0.0,0.0,QB3
00-0037327,2025,16,PIT,QB,0,0,ridge_blend_renorm,0.0,0.0,QB3
00-0037327,2025,17,PIT,QB,0,0,ridge_blend_renorm,0.0,0.0,QB3
00-0037327,2025,18,PIT,QB,0,0,ridge_blend_renorm,0.0,0.0,QB3
00-0037834,2025,1,SF,QB,1,0,ridge_blend_renorm,1.0,0.6875,QB2
00-0037834,2025,2,SF,QB,1,0,ridge_blend_renorm,0.0,0.6875,QB1
00-0037834,2025,3,SF,QB,1,0,ridge_blend_renorm,0.0,0.6875,QB2
00-0037834,2025,4,SF,QB,0,0,ridge_blend_renorm,1.0,0.3333333333333333,QB2
00-0037834,2025,5,SF,QB,0,0,ridge_blend_renorm,0.0,0.3333333333333333,QB2
00-0037834,2025,6,SF,QB,0,0,ridge_blend_renorm,0.0,0.3333333333333333,QB2
00-0037834,2025,7,SF,QB,0,0,ridge_blend_renorm,0.0,0.5,QB2
00-0037834,2025,8,SF,QB,0,0,ridge_blend_renorm,0.0,0.0,QB2
00-0037834,2025,9,SF,QB,0,0,ridge_blend_renorm,0.0,0.0,QB2
00-0037834,2025,10,SF,QB,0,0,ridge_blend_renorm,0.0,0.0,QB2
00-0037834,2025,11,SF,QB,0,0,ridge_blend_renorm,1.0,0.0,QB2
00-0037834,2025,12,SF,QB,0,0,ridge_blend_renorm,1.0,0.3333333333333333,QB2
00-0037834,2025,13,SF,QB,0,0,ridge_blend_renorm,1.0,0.6666666666666667,QB1
00-0037834,2025,15,SF,QB,0,0,ridge_blend_renorm,1.0,1.0,QB1
00-0037834,2025,16,SF,QB,0,0,ridge_blend_renorm,1.0,1.0,QB1
00-0037834,2025,17,SF,QB,0,0,ridge_blend_renorm,1.0,1.0,QB1
00-0037834,2025,18,SF,QB,0,0,ridge_blend_renorm,0.0,1.0,QB1
00-0038102,2025,1,LV,QB,1,0,ridge_blend_renorm,0.0,0.07079646017699115,QB3
00-0038102,2025,2,LV,QB,1,0,ridge_blend_renorm,0.0,0.07079646017699115,QB3
00-0038102,2025,3,LV,QB,1,0,ridge_blend_renorm,0.0,0.07079646017699115,QB3
00-0038102,2025,4,LV,QB,0,0,ridge_blend_renorm,0.0,0.0,QB3
00-0038102,2025,5,LV,QB,0,0,ridge_blend_renorm,0.0,0.0,QB3
00-0038102,2025,6,LV,QB,0,0,ridge_blend_renorm,0.0,0.0,QB3
00-0038102,2025,7,LV,QB,0,0,ridge_blend_renorm,0.0,0.0,QB2
00-0038102,2025,9,LV,QB,0,0,ridge_blend_renorm,0.0,0.0,QB2
00-0038102,2025,10,LV,QB,0,0,ridge_blend_renorm,0.0,0.0,QB2
00-0038102,2025,11,LV,QB,0,0,ridge_blend_renorm,0.0,0.0,QB2
00-0038102,2025,12,LV,QB,0,0,ridge_blend_renorm,0.0,0.0,QB2
00-0038102,2025,13,LV,QB,0,0,ridge_blend_renorm,0.0,0.0,QB2
00-0038102,2025,14,LV,QB,0,0,ridge_blend_renorm,0.5,0.0,QB2
00-0038102,2025,15,LV,QB,0,0,ridge_blend_renorm,0.0,0.16666666666666666,QB2
00-0038102,2025,16,LV,QB,0,0,ridge_blend_renorm,0.0,0.25,QB2
00-0038102,2025,17,LV,QB,0,0,ridge_blend_renorm,0.0,0.25,QB2
00-0038102,2025,18,LV,QB,0,0,ridge_blend_renorm,0.0,0.0,QB2
00-0038108,2025,1,CLE,QB,1,0,ridge_blend_renorm,0.0,0.096045197740113,QB3
00-0038108,2025,2,CLE,QB,1,0,ridge_blend_renorm,0.0,0.096045197740113,QB3
00-0038108,2025,3,CLE,QB,1,0,ridge_blend_renorm,0.0,0.06938775510204082,QB4
00-0038108,2025,4,CLE,QB,0,0,ridge_blend_renorm,0.0,0.0,QB4
00-0038108,2025,5,CLE,QB,0,0,ridge_blend_renorm,0.0,0.0,QB4
00-0038108,2025,6,CLE,QB,0,0,ridge_blend_renorm,0.0,0.0,QB3
00-0038108,2025,7,CLE,QB,0,0,ridge_blend_renorm,0.0,0.0,QB3
00-0038108,2025,8,CLE,QB,0,0,ridge_blend_renorm,0.0,0.0,QB3
00-0038108,2025,10,CLE,QB,0,0,ridge_blend_renorm,0.0,0.0,QB3
00-0038108,2025,11,CLE,QB,0,0,ridge_blend_renorm,0.0,0.0,QB3
00-0038108,2025,12,CLE,QB,0,0,ridge_blend_renorm,0.0,0.0,QB4
00-0038108,2025,13,CLE,QB,0,0,ridge_blend_renorm,0.0,0.0,QB4
00-0038108,2025,14,CLE,QB,0,0,ridge_blend_renorm,0.0,0.0,QB4
00-0038108,2025,15,CLE,QB,0,0,ridge_blend_renorm,0.0,0.0,QB4
00-0038108,2025,16,CLE,QB,0,0,ridge_blend_renorm,0.0,0.0,QB4
00-0038108,2025,17,CLE,QB,0,0,ridge_blend_renorm,0.0,0.0,QB4
00-0038108,2025,18,CLE,QB,0,0,ridge_blend_renorm,0.0,0.0,QB4
00-0038122,2025,1,CIN,QB,1,0,ridge_blend_renorm,0.0,0.11764705882352941,QB4
00-0038122,2025,3,MIN,QB,1,0,ridge_blend_renorm,0.0,1.0,QB3
00-0038122,2025,4,MIN,QB,1,0,ridge_blend_renorm,0.0,0.15,QB4
00-0038122,2025,5,MIN,QB,0,0,ridge_blend_renorm,0.0,0.0,QB4
00-0038122,2025,13,MIN,QB,0,0,ridge_blend_renorm,0.0,0.0,QB4
00-0038122,2025,14,MIN,QB,0,0,ridge_blend_renorm,0.0,0.0,QB4
00-0038122,2025,18,GB,QB,0,0,ridge_blend_renorm,0.0,0.0,QB4
00-0038128,2025,1,GB,QB,1,0,ridge_blend_renorm,0.0,0.19999999999999998,QB2
00-0038128,2025,2,GB,QB,1,0,ridge_blend_renorm,0.0,0.19999999999999998,QB2
00-0038128,2025,3,GB,QB,1,0,ridge_blend_renorm,0.0,0.19999999999999998,QB2
00-0038128,2025,4,GB,QB,0,0,ridge_blend_renorm,0.0,0.0,QB2
00-0038128,2025,6,GB,QB,0,0,ridge_blend_renorm,0.0,0.0,QB2
00-0038128,2025,7,GB,QB,0,0,ridge_blend_renorm,0.0,0.0,QB2
00-0038128,2025,8,GB,QB,0,0,ridge_blend_renorm,0.0,0.0,QB2
00-0038128,2025,9,GB,QB,0,0,ridge_blend_renorm,0.0,0.0,QB2
00-0038128,2025,10,GB,QB,0,0,ridge_blend_renorm,0.0,0.0,QB2
00-0038128,2025,11,GB,QB,0,0,ridge_blend_renorm,0.3333333333333333,0.0,QB2
00-0038128,2025,12,GB,QB,0,0,ridge_blend_renorm,0.0,0.3333333333333333,QB2
00-0038128,2025,13,GB,QB,0,0,ridge_blend_renorm,0.0,0.3333333333333333,QB2
00-0038128,2025,14,GB,QB,0,0,ridge_blend_renorm,0.0,0.16666666666666669,QB2
00-0038128,2025,15,GB,QB,0,0,ridge_blend_renorm,0.0,0.0,QB2
00-0038128,2025,16,GB,QB,0,0,ridge_blend_renorm,1.0,0.0,QB2
00-0038128,2025,17,GB,QB,0,0,ridge_blend_renorm,1.0,0.3333333333333333,QB2
00-0038128,2025,18,GB,QB,0,0,ridge_blend_renorm,0.0,0.6666666666666667,QB1
00-0038385,2025,1,LA,QB,1,0,ridge_blend_renorm,0.0,0.0,QB3
00-0038391,2025,1,GB,QB,1,0,ridge_blend_renorm,0.0,0.0,QB3
00-0038391,2025,3,CIN,QB,1,0,ridge_blend_renorm,0.0,0.0,QB4
00-0038391,2025,4,CIN,QB,1,0,ridge_blend_renorm,0.0,0.0,QB4
00-0038391,2025,5,CIN,QB,0,0,ridge_blend_renorm,0.0,0.0,QB4
00-0038391,2025,6,CIN,QB,0,0,ridge_blend_renorm,0.0,0.0,QB4
00-0038391,2025,7,CIN,QB,0,0,ridge_blend_renorm,0.0,0.0,QB4
00-0038391,2025,8,CIN,QB,0,0,ridge_blend_renorm,0.0,0.0,QB4
00-0038391,2025,9,CIN,QB,0,0,ridge_blend_renorm,0.0,0.0,QB4
00-0038391,2025,11,CIN,QB,0,0,ridge_blend_renorm,0.0,0.0,QB4
00-0038391,2025,12,CIN,QB,0,0,ridge_blend_renorm,0.0,0.0,QB4
00-0038391,2025,13,CIN,QB,0,0,ridge_blend_renorm,0.0,0.0,QB4
00-0038391,2025,14,CIN,QB,0,0,ridge_blend_renorm,0.0,0.0,QB4
00-0038391,2025,15,CIN,QB,0,0,ridge_blend_renorm,0.0,0.0,QB4
00-0038391,2025,16,CIN,QB,0,0,ridge_blend_renorm,0.0,0.0,QB4
00-0038391,2025,17,CIN,QB,0,0,ridge_blend_renorm,0.0,0.0,QB4
00-0038391,2025,18,CIN,QB,0,0,ridge_blend_renorm,0.0,0.0,QB4
00-0038400,2025,1,PHI,QB,1,0,ridge_blend_renorm,0.0,0.12195121951219509,QB3
00-0038400,2025,2,PHI,QB,1,0,ridge_blend_renorm,0.0,0.12195121951219509,QB3
00-0038400,2025,3,PHI,QB,1,0,ridge_blend_renorm,0.0,0.12195121951219509,QB3
00-0038400,2025,4,PHI,QB,0,0,ridge_blend_renorm,0.0,0.0,QB3
00-0038400,2025,5,PHI,QB,0,0,ridge_blend_renorm,0.0,0.0,QB3
00-0038400,2025,6,PHI,QB,0,0,ridge_blend_renorm,0.0,0.0,QB3
00-0038400,2025,7,PHI,QB,0,0,ridge_blend_renorm,0.0,0.0,QB3
00-0038400,2025,8,PHI,QB,0,0,ridge_blend_renorm,0.0,0.0,QB3
00-0038400,2025,10,PHI,QB,0,0,ridge_blend_renorm,0.0,0.0,QB2
00-0038400,2025,11,PHI,QB,0,0,ridge_blend_renorm,0.0,0.0,QB2
00-0038400,2025,12,PHI,QB,0,0,ridge_blend_renorm,0.0,0.0,QB2
00-0038400,2025,13,PHI,QB,0,0,ridge_blend_renorm,0.0,0.0,QB3
00-0038400,2025,14,PHI,QB,0,0,ridge_blend_renorm,0.0,0.0,QB3
00-0038400,2025,15,PHI,QB,0,0,ridge_blend_renorm,0.0,0.0,QB3
00-0038400,2025,16,PHI,QB,0,0,ridge_blend_renorm,0.0,0.0,QB2
00-0038400,2025,17,PHI,QB,0,0,ridge_blend_renorm,0.0,0.0,QB2
00-0038400,2025,18,PHI,QB,0,0,ridge_blend_renorm,1.0,0.0,QB2
00-0038416,2025,1,CHI,QB,1,0,ridge_blend_renorm,0.0,0.0,QB2
00-0038416,2025,2,CHI,QB,1,0,ridge_blend_renorm,0.0,0.0,QB3
00-0038416,2025,3,CHI,QB,1,0,ridge_blend_renorm,0.0,0.0,QB2
00-0038416,2025,4,CHI,QB,0,0,ridge_blend_renorm,0.0,0.0,QB2
00-0038416,2025,6,CHI,QB,0,0,ridge_blend_renorm,0.0,0.0,QB2
00-0038416,2025,7,CHI,QB,0,0,ridge_blend_renorm,0.0,0.0,QB3
00-0038416,2025,8,CHI,QB,0,0,ridge_blend_renorm,0.0,0.0,QB3
00-0038416,2025,9,CHI,QB,0,0,ridge_blend_renorm,0.0,0.0,QB3
00-0038416,2025,10,CHI,QB,0,0,ridge_blend_renorm,0.0,0.0,QB2
00-0038416,2025,11,CHI,QB,0,0,ridge_blend_renorm,0.0,0.0,QB2
00-0038416,2025,12,CHI,QB,0,0,ridge_blend_renorm,0.0,0.0,QB2
00-0038416,2025,13,CHI,QB,0,0,ridge_blend_renorm,0.0,0.0,QB2
00-0038416,2025,14,CHI,QB,0,0,ridge_blend_renorm,0.0,0.0,QB2
00-0038416,2025,15,CHI,QB,0,0,ridge_blend_renorm,0.0,0.0,QB3
00-0038416,2025,16,CHI,QB,0,0,ridge_blend_renorm,0.0,0.0,QB3
00-0038416,2025,17,CHI,QB,0,0,ridge_blend_renorm,0.0,0.0,QB3
00-0038416,2025,18,CHI,QB,0,0,ridge_blend_renorm,0.0,0.0,QB3
00-0038476,2025,1,NE,QB,1,0,ridge_blend_renorm,0.0,0.0,QB2
00-0038476,2025,2,NE,QB,1,0,ridge_blend_renorm,0.0,0.0,QB3
00-0038476,2025,3,NE,QB,1,0,ridge_blend_renorm,0.0,0.0,QB3
00-0038476,2025,4,NE,QB,0,0,ridge_blend_renorm,0.0,0.0,QB3
00-0038476,2025,5,NE,QB,0,0,ridge_blend_renorm,0.0,0.0,QB3
00-0038476,2025,6,NE,QB,0,0,ridge_blend_renorm,0.0,0.0,QB3
00-0038476,2025,7,NE,QB,0,0,ridge_blend_renorm,0.0,0.0,QB3
00-0038476,2025,8,NE,QB,0,0,ridge_blend_renorm,0.0,0.0,QB3
00-0038476,2025,9,NE,QB,0,0,ridge_blend_renorm,0.0,0.0,QB3
00-0038476,2025,10,NE,QB,0,0,ridge_blend_renorm,0.0,0.0,QB3
00-0038476,2025,11,NE,QB,0,0,ridge_blend_renorm,0.0,0.0,QB3
00-0038476,2025,12,NE,QB,0,0,ridge_blend_renorm,0.0,0.0,QB3
00-0038476,2025,13,NE,QB,0,0,ridge_blend_renorm,0.0,0.0,QB3
00-0038476,2025,15,NE,QB,0,0,ridge_blend_renorm,0.0,0.0,QB3
00-0038476,2025,16,NE,QB,0,0,ridge_blend_renorm,0.0,0.0,QB3
00-0038476,2025,17,NE,QB,0,0,ridge_blend_renorm,0.0,0.0,QB3
00-0038476,2025,18,NE,QB,0,0,ridge_blend_renorm,0.0,0.0,QB3
00-0038550,2025,1,CAR,QB,1,0,ridge_blend_renorm,0.0,0.0,QB2
00-0038550,2025,2,CAR,QB,1,0,ridge_blend_renorm,0.0,0.0,QB3
00-0038550,2025,3,CAR,QB,1,0,ridge_blend_renorm,0.0,0.0,QB3
00-0038550,2025,4,CAR,QB,0,0,ridge_blend_renorm,0.0,0.0,QB3
00-0038550,2025,5,CAR,QB,0,0,ridge_blend_renorm,0.0,0.0,QB3
00-0038550,2025,6,CAR,QB,0,0,ridge_blend_renorm,0.0,0.0,QB3
00-0038550,2025,7,CAR,QB,0,0,ridge_blend_renorm,0.0,0.0,QB3
00-0038550,2025,8,CAR,QB,0,0,ridge_blend_renorm,0.0,0.0,QB4
00-0038550,2025,9,CAR,QB,0,0,ridge_blend_renorm,0.0,0.0,QB4
00-0038550,2025,10,CAR,QB,0,0,ridge_blend_renorm,0.0,0.0,QB4
00-0038550,2025,16,NYJ,QB,0,0,ridge_blend_renorm,0.0,0.0,QB4
00-0038550,2025,17,NYJ,QB,0,0,ridge_blend_renorm,0.0,0.0,QB4
00-0038550,2025,18,NYJ,QB,0,0,ridge_blend_renorm,0.0,0.0,QB4
00-0038579,2025,1,LV,QB,1,0,ridge_blend_renorm,0.0,0.23893805309734512,QB4
00-0038579,2025,2,LV,QB,1,0,ridge_blend_renorm,0.0,0.23893805309734512,QB4
00-0038579,2025,3,LV,QB,1,0,ridge_blend_renorm,0.0,0.23893805309734512,QB4
00-0038579,2025,4,LV,QB,0,0,ridge_blend_renorm,0.0,0.0,QB4
00-0038579,2025,5,LV,QB,0,0,ridge_blend_renorm,0.0,0.0,QB4
00-0038579,2025,6,LV,QB,0,0,ridge_blend_renorm,0.0,0.0,QB4
00-0038579,2025,7,LV,QB,0,0,ridge_blend_renorm,0.0,0.0,QB3
00-0038579,2025,9,LV,QB,0,0,ridge_blend_renorm,0.0,0.0,QB3
00-0038579,2025,10,LV,QB,0,0,ridge_blend_renorm,0.0,0.0,QB3
00-0038579,2025,11,LV,QB,0,0,ridge_blend_renorm,0.0,0.0,QB3
00-0038579,2025,12,LV,QB,0,0,ridge_blend_renorm,0.0,0.0,QB3
00-0038579,2025,13,LV,QB,0,0,ridge_blend_renorm,0.0,0.0,QB3
00-0038579,2025,14,LV,QB,0,0,ridge_blend_renorm,0.0,0.0,QB3
00-0038579,2025,15,LV,QB,0,0,ridge_blend_renorm,0.0,0.0,QB3
00-0038579,2025,16,LV,QB,0,0,ridge_blend_renorm,0.0,0.0,QB3
00-0038579,2025,17,LV,QB,0,0,ridge_blend_renorm,0.0,0.0,QB3
00-0038579,2025,18,LV,QB,0,0,ridge_blend_renorm,0.0,0.0,QB3
00-0038582,2025,1,GB,QB,1,0,ridge_blend_renorm,0.0,0.0,QB4
00-0038582,2025,2,GB,QB,1,0,ridge_blend_renorm,0.0,0.0,QB3
00-0038582,2025,3,GB,QB,1,0,ridge_blend_renorm,0.0,0.0,QB3
00-0038582,2025,4,GB,QB,0,0,ridge_blend_renorm,0.0,0.0,QB3
00-0038582,2025,6,GB,QB,0,0,ridge_blend_renorm,0.0,0.0,QB3
00-0038582,2025,7,GB,QB,0,0,ridge_blend_renorm,0.0,0.0,QB3
00-0038582,2025,8,GB,QB,0,0,ridge_blend_renorm,0.0,0.0,QB3
00-0038582,2025,9,GB,QB,0,0,ridge_blend_renorm,0.0,0.0,QB3
00-0038582,2025,10,GB,QB,0,0,ridge_blend_renorm,0.0,0.0,QB3
00-0038582,2025,11,GB,QB,0,0,ridge_blend_renorm,0.0,0.0,QB3
00-0038582,2025,12,GB,QB,0,0,ridge_blend_renorm,0.0,0.0,QB3
00-0038582,2025,13,GB,QB,0,0,ridge_blend_renorm,0.0,0.0,QB3
00-0038582,2025,14,GB,QB,0,0,ridge_blend_renorm,0.0,0.0,QB3
00-0038582,2025,15,GB,QB,0,0,ridge_blend_renorm,0.0,0.0,QB3
00-0038582,2025,16,GB,QB,0,0,ridge_blend_renorm,0.0,0.0,QB3
00-0038582,2025,17,GB,QB,0,0,ridge_blend_renorm,0.0,0.0,QB3
00-0038582,2025,18,GB,QB,0,0,ridge_blend_renorm,0.0,0.0,QB3
00-0038583,2025,1,PHI,QB,1,0,ridge_blend_renorm,0.0,0.0,QB4
00-0038658,2025,1,SF,QB,1,0,ridge_blend_renorm,0.0,0.0,QB3
00-0038658,2025,2,SF,QB,1,0,ridge_blend_renorm,0.0,0.0,QB3
00-0038658,2025,3,SF,QB,1,0,ridge_blend_renorm,0.0,0.0,QB3
00-0038658,2025,4,SF,QB,0,0,ridge_blend_renorm,0.0,0.0,QB3
00-0038658,2025,5,SF,QB,0,0,ridge_blend_renorm,0.0,0.0,QB3
00-0038658,2025,6,SF,QB,0,0,ridge_blend_renorm,0.0,0.0,QB3
00-0038658,2025,7,SF,QB,0,0,ridge_blend_renorm,0.0,0.0,QB3
00-0038658,2025,8,SF,QB,0,0,ridge_blend_renorm,0.0,0.0,QB3
00-0038658,2025,9,SF,QB,0,0,ridge_blend_renorm,0.0,0.0,QB3
00-0038658,2025,10,SF,QB,0,0,ridge_blend_renorm,0.0,0.0,QB3
00-0038658,2025,11,SF,QB,0,0,ridge_blend_renorm,0.0,0.0,QB3
00-0038658,2025,12,SF,QB,0,0,ridge_blend_renorm,0.0,0.0,QB3
00-0038658,2025,13,SF,QB,0,0,ridge_blend_renorm,0.0,0.0,QB3
00-0038658,2025,15,NYJ,QB,0,0,ridge_blend_renorm,0.0,0.0,QB4
00-0038658,2025,16,SF,QB,0,0,ridge_blend_renorm,0.0,0.0,QB3
00-0038658,2025,17,SF,QB,0,0,ridge_blend_renorm,0.0,0.0,QB3
00-0038658,2025,18,SF,QB,0,0,ridge_blend_renorm,0.0,0.0,QB3
00-0038998,2025,1,NO,QB,1,0,ridge_blend_renorm,0.0,0.07407407407407407,QB3
00-0038998,2025,2,NO,QB,1,0,ridge_blend_renorm,0.0,0.07407407407407407,QB4
00-0038998,2025,3,NO,QB,1,0,ridge_blend_renorm,0.0,0.07407407407407407,QB4
00-0038998,2025,4,NO,QB,0,0,ridge_blend_renorm,0.0,0.0,QB4
00-0038998,2025,5,NO,QB,0,0,ridge_blend_renorm,0.0,0.0,QB4
00-0038998,2025,6,NO,QB,0,0,ridge_blend_renorm,0.0,0.0,QB4
00-0038998,2025,7,NO,QB,0,0,ridge_blend_renorm,0.0,0.0,QB4
00-0038998,2025,8,NO,QB,0,0,ridge_blend_renorm,0.0,0.0,QB4
00-0038998,2025,9,NO,QB,0,0,ridge_blend_renorm,0.0,0.0,QB4
00-0038998,2025,10,NO,QB,0,0,ridge_blend_renorm,0.0,0.0,QB4
00-0038998,2025,12,NO,QB,0,0,ridge_blend_renorm,0.0,0.0,QB4
00-0038998,2025,13,NO,QB,0,0,ridge_blend_renorm,0.0,0.0,QB4
00-0038998,2025,14,NO,QB,0,0,ridge_blend_renorm,0.0,0.0,QB4
00-0038998,2025,15,NO,QB,0,0,ridge_blend_renorm,0.0,0.0,QB4
00-0038998,2025,16,NO,QB,0,0,ridge_blend_renorm,0.0,0.0,QB4
00-0038998,2025,17,NO,QB,0,0,ridge_blend_renorm,0.0,0.0,QB4
00-0038998,2025,18,NO,QB,0,0,ridge_blend_renorm,0.0,0.0,QB4
00-0039107,2025,1,LA,QB,1,0,ridge_blend_renorm,0.0,0.0,QB4
00-0039107,2025,2,LA,QB,1,0,ridge_blend_renorm,0.0,0.0,QB3
00-0039107,2025,3,LA,QB,1,0,ridge_blend_renorm,0.0,0.0,QB3
00-0039107,2025,4,LA,QB,0,0,ridge_blend_renorm,0.0,0.0,QB3
00-0039107,2025,5,LA,QB,0,0,ridge_blend_renorm,0.0,0.0,QB3
00-0039107,2025,6,LA,QB,0,0,ridge_blend_renorm,0.0,0.0,QB3
00-0039107,2025,7,LA,QB,0,0,ridge_blend_renorm,0.0,0.0,QB3
00-0039107,2025,9,LA,QB,0,0,ridge_blend_renorm,0.0,0.0,QB3
00-0039107,2025,10,LA,QB,0,0,ridge_blend_renorm,0.0,0.0,QB3
00-0039107,2025,11,LA,QB,0,0,ridge_blend_renorm,0.0,0.0,QB3
00-0039107,2025,12,LA,QB,0,0,ridge_blend_renorm,0.0,0.0,QB3
00-0039107,2025,13,LA,QB,0,0,ridge_blend_renorm,0.0,0.0,QB3
00-0039107,2025,14,LA,QB,0,0,ridge_blend_renorm,0.0,0.0,QB3
00-0039107,2025,15,LA,QB,0,0,ridge_blend_renorm,0.0,0.0,QB3
00-0039107,2025,16,LA,QB,0,0,ridge_blend_renorm,0.0,0.0,QB3
00-0039107,2025,17,LA,QB,0,0,ridge_blend_renorm,0.0,0.0,QB3
00-0039107,2025,18,LA,QB,0,0,ridge_blend_renorm,0.0,0.0,QB3
00-0039150,2025,1,CAR,QB,1,0,ridge_blend_renorm,1.0,0.7692307692307692,QB3
00-0039150,2025,2,CAR,QB,1,0,ridge_blend_renorm,1.0,0.7692307692307692,QB1
00-0039150,2025,3,CAR,QB,1,0,ridge_blend_renorm,0.0,0.7692307692307692,QB1
00-0039150,2025,4,CAR,QB,0,0,ridge_blend_renorm,0.5,1.0,QB1
00-0039150,2025,5,CAR,QB,0,0,ridge_blend_renorm,1.0,0.75,QB1
00-0039150,2025,6,CAR,QB,0,0,ridge_blend_renorm,1.0,0.75,QB1
00-0039150,2025,7,CAR,QB,0,0,ridge_blend_renorm,1.0,0.8333333333333334,QB1
00-0039150,2025,8,CAR,QB,0,0,ridge_blend_renorm,0.0,1.0,QB1
00-0039150,2025,9,CAR,QB,0,0,ridge_blend_renorm,0.0,1.0,QB1
00-0039150,2025,10,CAR,QB,0,0,ridge_blend_renorm,0.0,1.0,QB1
00-0039150,2025,11,CAR,QB,0,0,ridge_blend_renorm,1.0,0.0,QB1
00-0039150,2025,12,CAR,QB,0,0,ridge_blend_renorm,1.0,1.0,QB1
00-0039150,2025,13,CAR,QB,0,0,ridge_blend_renorm,1.0,1.0,QB1
00-0039150,2025,15,CAR,QB,0,0,ridge_blend_renorm,1.0,1.0,QB1
00-0039150,2025,16,CAR,QB,0,0,ridge_blend_renorm,1.0,1.0,QB1
00-0039150,2025,17,CAR,QB,0,0,ridge_blend_renorm,0.0,1.0,QB1
00-0039150,2025,18,CAR,QB,0,0,ridge_blend_renorm,1.0,1.0,QB1
00-0039152,2025,1,TEN,QB,1,0,ridge_blend_renorm,0.0,0.9,QB3
00-0039152,2025,2,TEN,QB,1,0,ridge_blend_renorm,0.0,0.9,QB4
00-0039152,2025,3,TEN,QB,1,0,ridge_blend_renorm,0.0,0.48648648648648646,QB4
00-0039152,2025,4,TEN,QB,0,0,ridge_blend_renorm,0.0,0.0,QB4
00-0039152,2025,5,TEN,QB,0,0,ridge_blend_renorm,0.0,0.0,QB4
00-0039152,2025,6,TEN,QB,0,0,ridge_blend_renorm,0.0,0.0,QB4
00-0039152,2025,7,TEN,QB,0,0,ridge_blend_renorm,0.0,0.0,QB4
00-0039152,2025,8,TEN,QB,0,0,ridge_blend_renorm,0.0,0.0,QB4
00-0039152,2025,9,TEN,QB,0,0,ridge_blend_renorm,0.0,0.0,QB4
00-0039152,2025,11,TEN,QB,0,0,ridge_blend_renorm,0.0,0.0,QB4
00-0039152,2025,12,TEN,QB,0,0,ridge_blend_renorm,0.0,0.0,QB4
00-0039152,2025,13,TEN,QB,0,0,ridge_blend_renorm,0.0,0.0,QB4
00-0039152,2025,14,TEN,QB,0,0,ridge_blend_renorm,0.0,0.0,QB4
00-0039152,2025,15,TEN,QB,0,0,ridge_blend_renorm,0.0,0.0,QB4
00-0039152,2025,16,TEN,QB,0,0,ridge_blend_renorm,0.0,0.0,QB4
00-0039152,2025,17,TEN,QB,0,0,ridge_blend_renorm,0.0,0.0,QB4
00-0039152,2025,18,TEN,QB,0,0,ridge_blend_renorm,0.0,0.0,QB4
00-0039163,2025,1,HOU,QB,1,0,ridge_blend_renorm,0.0,1.0,QB1
00-0039163,2025,2,HOU,QB,1,0,ridge_blend_renorm,1.0,1.0,QB1
00-0039163,2025,3,HOU,QB,1,0,ridge_blend_renorm,1.0,1.0,QB1
00-0039163,2025,4,HOU,QB,0,0,ridge_blend_renorm,1.0,1.0,QB1
00-0039163,2025,5,HOU,QB,0,0,ridge_blend_renorm,1.0,1.0,QB1
00-0039163,2025,7,HOU,QB,0,0,ridge_blend_renorm,1.0,1.0,QB1
00-0039163,2025,8,HOU,QB,0,0,ridge_blend_renorm,1.0,1.0,QB1
00-0039163,2025,9,HOU,QB,0,0,ridge_blend_renorm,0.0,1.0,QB1
00-0039163,2025,10,HOU,QB,0,0,ridge_blend_renorm,0.0,1.0,QB1
00-0039163,2025,11,HOU,QB,0,0,ridge_blend_renorm,0.0,0.5,QB2
00-0039163,2025,12,HOU,QB,0,0,ridge_blend_renorm,0.0,0.0,QB2
00-0039163,2025,13,HOU,QB,0,0,ridge_blend_renorm,0.0,0.0,QB2
00-0039163,2025,14,HOU,QB,0,0,ridge_blend_renorm,1.0,0.0,QB2
00-0039163,2025,15,HOU,QB,0,0,ridge_blend_renorm,1.0,0.5,QB1
00-0039163,2025,16,HOU,QB,0,0,ridge_blend_renorm,1.0,1.0,QB1
00-0039163,2025,17,HOU,QB,0,0,ridge_blend_renorm,1.0,1.0,QB1
00-0039163,2025,18,HOU,QB,0,0,ridge_blend_renorm,1.0,1.0,QB1
00-0039164,2025,1,IND,QB,1,0,ridge_blend_renorm,0.0,0.6,QB1
00-0039164,2025,2,IND,QB,1,0,ridge_blend_renorm,0.0,0.6,QB2
00-0039164,2025,3,IND,QB,1,0,ridge_blend_renorm,0.0,0.6,QB2
00-0039164,2025,4,IND,QB,0,0,ridge_blend_renorm,0.0,0.0,QB2
00-0039164,2025,5,IND,QB,0,0,ridge_blend_renorm,0.0,0.0,QB2
00-0039164,2025,6,IND,QB,0,0,ridge_blend_renorm,0.0,0.0,QB2
00-0039164,2025,7,IND,QB,0,0,ridge_blend_renorm,0.0,0.0,QB2
00-0039164,2025,8,IND,QB,0,0,ridge_blend_renorm,0.0,0.0,QB2
00-0039164,2025,9,IND,QB,0,0,ridge_blend_renorm,0.0,0.0,QB4
00-0039164,2025,10,IND,QB,0,0,ridge_blend_renorm,0.0,0.0,QB4
00-0039164,2025,12,IND,QB,0,0,ridge_blend_renorm,0.0,0.0,QB4
00-0039164,2025,13,IND,QB,0,0,ridge_blend_renorm,0.0,0.0,QB3
00-0039164,2025,14,IND,QB,0,0,ridge_blend_renorm,0.0,0.0,QB3
00-0039164,2025,15,IND,QB,0,0,ridge_blend_renorm,0.0,0.0,QB4
00-0039164,2025,16,IND,QB,0,0,ridge_blend_renorm,0.0,0.0,QB4
00-0039164,2025,17,IND,QB,0,0,ridge_blend_renorm,0.0,0.0,QB4
00-0039164,2025,18,IND,QB,0,0,ridge_blend_renorm,0.0,0.0,QB4
00-0039331,2025,1,ATL,QB,1,0,ridge_blend_renorm,0.0,0.0,QB4
00-0039331,2025,2,ATL,QB,1,0,ridge_blend_renorm,0.0,0.0,QB4
00-0039331,2025,3,ATL,QB,1,0,ridge_blend_renorm,0.0,0.0,QB4
00-0039331,2025,4,ATL,QB,0,0,ridge_blend_renorm,0.0,0.0,QB4
00-0039331,2025,6,ATL,QB,0,0,ridge_blend_renorm,0.0,0.0,QB4
00-0039331,2025,7,ATL,QB,0,0,ridge_blend_renorm,0.0,0.0,QB4
00-0039331,2025,8,ATL,QB,0,0,ridge_blend_renorm,0.0,0.0,QB4
00-0039331,2025,9,ATL,QB,0,0,ridge_blend_renorm,0.0,0.0,QB4
00-0039331,2025,10,ATL,QB,0,0,ridge_blend_renorm,0.0,0.0,QB4
00-0039331,2025,11,ATL,QB,0,0,ridge_blend_renorm,0.0,0.0,QB4
00-0039331,2025,12,ATL,QB,0,0,ridge_blend_renorm,0.0,0.0,QB4
00-0039331,2025,13,ATL,QB,0,0,ridge_blend_renorm,0.0,0.0,QB4
00-0039331,2025,14,ATL,QB,0,0,ridge_blend_renorm,0.0,0.0,QB4
00-0039331,2025,15,ATL,QB,0,0,ridge_blend_renorm,0.0,0.0,QB4
00-0039331,2025,16,ATL,QB,0,0,ridge_blend_renorm,0.0,0.0,QB4
00-0039331,2025,17,ATL,QB,0,0,ridge_blend_renorm,0.0,0.0,QB4
00-0039331,2025,18,ATL,QB,0,0,ridge_blend_renorm,0.0,0.0,QB4
00-0039376,2025,1,NO,QB,1,0,ridge_blend_renorm,0.0,0.25925925925925924,QB4
00-0039376,2025,2,NO,QB,1,0,ridge_blend_renorm,1.0,0.25925925925925924,QB1
00-0039376,2025,3,NO,QB,1,0,ridge_blend_renorm,1.0,0.25925925925925924,QB1
00-0039376,2025,4,NO,QB,0,0,ridge_blend_renorm,1.0,1.0,QB1
00-0039376,2025,5,NO,QB,0,0,ridge_blend_renorm,1.0,1.0,QB1
00-0039376,2025,6,NO,QB,0,0,ridge_blend_renorm,0.0,1.0,QB1
00-0039376,2025,7,NO,QB,0,0,ridge_blend_renorm,1.0,1.0,QB1
00-0039376,2025,8,NO,QB,0,0,ridge_blend_renorm,0.0,1.0,QB1
00-0039376,2025,9,NO,QB,0,0,ridge_blend_renorm,0.0,1.0,QB1
00-0039376,2025,10,NO,QB,0,0,ridge_blend_renorm,0.0,0.5,QB1
00-0039376,2025,12,NO,QB,0,0,ridge_blend_renorm,0.0,0.0,QB3
00-0039376,2025,13,NO,QB,0,0,ridge_blend_renorm,0.0,0.0,QB4
00-0039376,2025,14,NO,QB,0,0,ridge_blend_renorm,0.0,0.0,QB4
00-0039376,2025,15,NO,QB,0,0,ridge_blend_renorm,0.0,0.0,QB4
00-0039376,2025,16,NO,QB,0,0,ridge_blend_renorm,0.0,0.0,QB3
00-0039376,2025,17,NO,QB,0,0,ridge_blend_renorm,0.0,0.0,QB3
00-0039376,2025,18,NO,QB,0,0,ridge_blend_renorm,0.0,0.0,QB3
00-0039398,2025,1,DAL,QB,1,0,ridge_blend_renorm,0.0,0.13333333333333333,QB3
00-0039398,2025,2,DAL,QB,1,0,ridge_blend_renorm,0.0,0.13333333333333333,QB3
00-0039398,2025,3,DAL,QB,1,0,ridge_blend_renorm,0.0,0.13333333333333333,QB3
00-0039398,2025,4,DAL,QB,0,0,ridge_blend_renorm,0.0,0.0,QB2
00-0039398,2025,5,DAL,QB,0,0,ridge_blend_renorm,0.0,0.0,QB2
00-0039398,2025,6,DAL,QB,0,0,ridge_blend_renorm,0.0,0.0,QB2
00-0039398,2025,7,DAL,QB,0,0,ridge_blend_renorm,0.0,0.0,QB3
00-0039398,2025,8,DAL,QB,0,0,ridge_blend_renorm,1.0,0.0,QB3
00-0039398,2025,9,DAL,QB,0,0,ridge_blend_renorm,0.0,0.3333333333333333,QB2
00-0039398,2025,11,DAL,QB,0,0,ridge_blend_renorm,0.0,0.3333333333333333,QB2
00-0039398,2025,12,DAL,QB,0,0,ridge_blend_renorm,0.0,0.3333333333333333,QB2
00-0039398,2025,13,DAL,QB,0,0,ridge_blend_renorm,0.0,0.0,QB3
00-0039398,2025,14,DAL,QB,0,0,ridge_blend_renorm,0.0,0.0,QB3
00-0039398,2025,15,DAL,QB,0,0,ridge_blend_renorm,0.0,0.0,QB3
00-0039398,2025,16,DAL,QB,0,0,ridge_blend_renorm,0.0,0.0,QB3
00-0039398,2025,17,DAL,QB,0,0,ridge_blend_renorm,0.0,0.0,QB2
00-0039398,2025,18,DAL,QB,0,0,ridge_blend_renorm,0.0,0.0,QB2
00-0039464,2025,1,CHI,QB,1,0,ridge_blend_renorm,0.0,0.0,QB3
00-0039501,2025,1,CAR,QB,1,0,ridge_blend_renorm,0.0,0.0,QB4
00-0039534,2025,1,SF,QB,1,0,ridge_blend_renorm,0.0,0.0,QB4
00-0039534,2025,5,JAX,QB,1,0,ridge_blend_renorm,0.0,0.0,QB3
00-0039534,2025,6,JAX,QB,1,0,ridge_blend_renorm,0.0,0.0,QB3
00-0039534,2025,7,JAX,QB,0,0,ridge_blend_renorm,0.0,0.0,QB3
00-0039534,2025,9,JAX,QB,0,0,ridge_blend_renorm,0.0,0.0,QB3
00-0039534,2025,10,JAX,QB,0,0,ridge_blend_renorm,0.0,0.0,QB3
00-0039534,2025,11,JAX,QB,0,0,ridge_blend_renorm,0.0,0.0,QB3
00-0039534,2025,12,JAX,QB,0,0,ridge_blend_renorm,0.0,0.0,QB3
00-0039534,2025,13,JAX,QB,0,0,ridge_blend_renorm,0.0,0.0,QB3
00-0039534,2025,14,JAX,QB,0,0,ridge_blend_renorm,0.0,0.0,QB3
00-0039534,2025,15,JAX,QB,0,0,ridge_blend_renorm,0.0,0.0,QB3
00-0039534,2025,16,JAX,QB,0,0,ridge_blend_renorm,0.0,0.0,QB3
00-0039534,2025,17,JAX,QB,0,0,ridge_blend_renorm,0.0,0.0,QB3
00-0039534,2025,18,JAX,QB,0,0,ridge_blend_renorm,0.0,0.0,QB3
00-0039575,2025,1,IND,QB,1,0,ridge_blend_renorm,0.0,0.0,QB3
00-0039577,2025,1,ARI,QB,1,0,ridge_blend_renorm,0.0,0.0,QB3
00-0039577,2025,2,ARI,QB,1,0,ridge_blend_renorm,0.0,0.0,QB3
00-0039577,2025,3,ARI,QB,1,0,ridge_blend_renorm,0.0,0.0,QB3
00-0039577,2025,4,ARI,QB,0,0,ridge_blend_renorm,0.0,0.0,QB3
00-0039577,2025,5,ARI,QB,0,0,ridge_blend_renorm,0.0,0.0,QB3
00-0039577,2025,6,ARI,QB,0,0,ridge_blend_renorm,0.0,0.0,QB3
00-0039577,2025,7,ARI,QB,0,0,ridge_blend_renorm,0.0,0.0,QB3
00-0039577,2025,9,ARI,QB,0,0,ridge_blend_renorm,0.0,0.0,QB3
00-0039577,2025,10,ARI,QB,0,0,ridge_blend_renorm,0.0,0.0,QB4
00-0039577,2025,11,ARI,QB,0,0,ridge_blend_renorm,0.0,0.0,QB2
00-0039577,2025,12,ARI,QB,0,0,ridge_blend_renorm,0.0,0.0,QB2
00-0039577,2025,13,ARI,QB,0,0,ridge_blend_renorm,0.0,0.0,QB2
00-0039577,2025,14,ARI,QB,0,0,ridge_blend_renorm,0.0,0.0,QB2
00-0039577,2025,15,ARI,QB,0,0,ridge_blend_renorm,0.0,0.0,QB2
00-0039577,2025,16,ARI,QB,0,0,ridge_blend_renorm,0.0,0.0,QB4
00-0039577,2025,17,ARI,QB,0,0,ridge_blend_renorm,0.0,0.0,QB4
00-0039577,2025,18,ARI,QB,0,0,ridge_blend_renorm,0.0,0.0,QB4
00-0039677,2025,1,WAS,QB,1,0,ridge_blend_renorm,0.0,0.0,QB3
00-0039677,2025,2,WAS,QB,1,0,ridge_blend_renorm,0.0,0.0,QB4
00-0039677,2025,3,WAS,QB,1,0,ridge_blend_renorm,0.0,0.0,QB4
00-0039677,2025,4,WAS,QB,0,0,ridge_blend_renorm,0.0,0.0,QB4
00-0039677,2025,5,WAS,QB,0,0,ridge_blend_renorm,0.0,0.0,QB4
00-0039677,2025,6,WAS,QB,0,0,ridge_blend_renorm,0.0,0.0,QB4
00-0039677,2025,7,WAS,QB,0,0,ridge_blend_renorm,0.0,0.0,QB4
00-0039677,2025,8,WAS,QB,0,0,ridge_blend_renorm,0.0,0.0,QB4
00-0039677,2025,9,WAS,QB,0,0,ridge_blend_renorm,0.0,0.0,QB4
00-0039677,2025,10,WAS,QB,0,0,ridge_blend_renorm,0.0,0.0,QB4
00-0039677,2025,11,WAS,QB,0,0,ridge_blend_renorm,0.0,0.0,QB4
00-0039677,2025,13,WAS,QB,0,0,ridge_blend_renorm,0.0,0.0,QB4
00-0039677,2025,14,WAS,QB,0,0,ridge_blend_renorm,0.0,0.0,QB3
00-0039677,2025,15,WAS,QB,0,0,ridge_blend_renorm,0.0,0.0,QB4
00-0039677,2025,16,WAS,QB,0,0,ridge_blend_renorm,0.0,0.0,QB4
00-0039677,2025,17,WAS,QB,0,0,ridge_blend_renorm,0.0,0.0,QB4
00-0039677,2025,18,WAS,QB,0,0,ridge_blend_renorm,0.0,0.0,QB4
00-0039699,2025,1,SF,QB,1,0,ridge_blend_renorm,0.0,0.0,QB4
00-0039732,2025,1,DEN,QB,1,0,ridge_blend_renorm,1.0,1.0,QB1
00-0039732,2025,2,DEN,QB,1,0,ridge_blend_renorm,1.0,1.0,QB1
00-0039732,2025,3,DEN,QB,1,0,ridge_blend_renorm,1.0,1.0,QB1
00-0039732,2025,4,DEN,QB,0,0,ridge_blend_renorm,1.0,1.0,QB1
00-0039732,2025,5,DEN,QB,0,0,ridge_blend_renorm,1.0,1.0,QB1
00-0039732,2025,6,DEN,QB,0,0,ridge_blend_renorm,1.0,1.0,QB1
00-0039732,2025,7,DEN,QB,0,0,ridge_blend_renorm,1.0,1.0,QB1
00-0039732,2025,8,DEN,QB,0,0,ridge_blend_renorm,1.0,1.0,QB1
00-0039732,2025,9,DEN,QB,0,0,ridge_blend_renorm,1.0,1.0,QB1
00-0039732,2025,10,DEN,QB,0,0,ridge_blend_renorm,1.0,1.0,QB1
00-0039732,2025,11,DEN,QB,0,0,ridge_blend_renorm,0.0,1.0,QB1
00-0039732,2025,13,DEN,QB,0,0,ridge_blend_renorm,1.0,1.0,QB1
00-0039732,2025,14,DEN,QB,0,0,ridge_blend_renorm,0.0,1.0,QB1
00-0039732,2025,15,DEN,QB,0,0,ridge_blend_renorm,1.0,1.0,QB1
00-0039732,2025,16,DEN,QB,0,0,ridge_blend_renorm,1.0,1.0,QB1
00-0039732,2025,17,DEN,QB,0,0,ridge_blend_renorm,1.0,1.0,QB1
00-0039732,2025,18,DEN,QB,0,0,ridge_blend_renorm,0.0,1.0,QB1
00-0039797,2025,1,NYJ,QB,1,0,ridge_blend_renorm,0.0,0.0,QB3
00-0039797,2025,2,NYJ,QB,1,0,ridge_blend_renorm,0.0,0.0,QB3
00-0039797,2025,3,NYJ,QB,1,0,ridge_blend_renorm,0.0,0.0,QB3
00-0039797,2025,4,NYJ,QB,0,0,ridge_blend_renorm,0.0,0.0,QB3
00-0039797,2025,5,NYJ,QB,0,0,ridge_blend_renorm,0.0,0.0,QB3
00-0039797,2025,6,NYJ,QB,0,0,ridge_blend_renorm,0.0,0.0,QB3
00-0039797,2025,7,NYJ,QB,0,0,ridge_blend_renorm,0.0,0.0,QB3
00-0039797,2025,8,NYJ,QB,0,0,ridge_blend_renorm,0.0,0.0,QB3
00-0039797,2025,10,NYJ,QB,0,0,ridge_blend_renorm,0.0,0.0,QB3
00-0039797,2025,11,NYJ,QB,0,0,ridge_blend_renorm,0.0,0.0,QB3
00-0039797,2025,12,NYJ,QB,0,0,ridge_blend_renorm,0.0,0.0,QB3
00-0039797,2025,13,NYJ,QB,0,0,ridge_blend_renorm,0.0,0.0,QB3
00-0039797,2025,14,NYJ,QB,0,0,ridge_blend_renorm,0.0,0.0,QB3
00-0039797,2025,15,NYJ,QB,0,0,ridge_blend_renorm,0.0,0.0,QB4
00-0039797,2025,16,NYJ,QB,0,0,ridge_blend_renorm,0.0,0.0,QB4
00-0039797,2025,17,NYJ,QB,0,0,ridge_blend_renorm,0.0,0.0,QB4
00-0039797,2025,18,NYJ,QB,0,0,ridge_blend_renorm,0.0,0.0,QB4
00-0039801,2025,1,BAL,QB,1,0,ridge_blend_renorm,0.0,0.0,QB4
00-0039851,2025,1,NE,QB,1,0,ridge_blend_renorm,1.0,0.9090909090909091,QB3
00-0039851,2025,2,NE,QB,1,0,ridge_blend_renorm,1.0,0.9090909090909091,QB1
00-0039851,2025,3,NE,QB,1,0,ridge_blend_renorm,1.0,0.9090909090909091,QB1
00-0039851,2025,4,NE,QB,0,0,ridge_blend_renorm,1.0,1.0,QB1
00-0039851,2025,5,NE,QB,0,0,ridge_blend_renorm,0.0,1.0,QB1
00-0039851,2025,6,NE,QB,0,0,ridge_blend_renorm,1.0,1.0,QB1
00-0039851,2025,7,NE,QB,0,0,ridge_blend_renorm,1.0,1.0,QB1
00-0039851,2025,8,NE,QB,0,0,ridge_blend_renorm,1.0,1.0,QB1
00-0039851,2025,9,NE,QB,0,0,ridge_blend_renorm,1.0,1.0,QB1
00-0039851,2025,10,NE,QB,0,0,ridge_blend_renorm,1.0,1.0,QB1
00-0039851,2025,11,NE,QB,0,0,ridge_blend_renorm,1.0,1.0,QB1
00-0039851,2025,12,NE,QB,0,0,ridge_blend_renorm,1.0,1.0,QB1
00-0039851,2025,13,NE,QB,0,0,ridge_blend_renorm,1.0,1.0,QB1
00-0039851,2025,15,NE,QB,0,0,ridge_blend_renorm,0.0,1.0,QB1
00-0039851,2025,16,NE,QB,0,0,ridge_blend_renorm,1.0,1.0,QB1
00-0039851,2025,17,NE,QB,0,0,ridge_blend_renorm,1.0,1.0,QB1
00-0039851,2025,18,NE,QB,0,0,ridge_blend_renorm,1.0,1.0,QB1
00-0039910,2025,1,WAS,QB,1,0,ridge_blend_renorm,1.0,0.8571428571428571,QB4
00-0039910,2025,2,WAS,QB,1,0,ridge_blend_renorm,1.0,0.8571428571428571,QB1
00-0039910,2025,3,WAS,QB,1,0,ridge_blend_renorm,0.0,0.8571428571428571,QB1
00-0039910,2025,4,WAS,QB,0,0,ridge_blend_renorm,0.0,0.6666666666666666,QB1
00-0039910,2025,5,WAS,QB,0,0,ridge_blend_renorm,1.0,0.3333333333333333,QB2
00-0039910,2025,6,WAS,QB,0,0,ridge_blend_renorm,1.0,0.3333333333333333,QB2
00-0039910,2025,7,WAS,QB,0,0,ridge_blend_renorm,1.0,0.6666666666666666,QB1
00-0039910,2025,8,WAS,QB,0,0,ridge_blend_renorm,0.0,1.0,QB1
00-0039910,2025,9,WAS,QB,0,0,ridge_blend_renorm,0.0,0.6666666666666666,QB1
00-0039910,2025,10,WAS,QB,0,0,ridge_blend_renorm,0.0,0.5,QB1
00-0039910,2025,11,WAS,QB,0,0,ridge_blend_renorm,0.0,0.0,QB2
00-0039910,2025,13,WAS,QB,0,0,ridge_blend_renorm,0.0,0.0,QB2
00-0039910,2025,14,WAS,QB,0,0,ridge_blend_renorm,0.0,0.0,QB4
00-0039910,2025,15,WAS,QB,0,0,ridge_blend_renorm,0.0,0.0,QB2
00-0039910,2025,16,WAS,QB,0,0,ridge_blend_renorm,0.0,0.0,QB2
00-0039910,2025,17,WAS,QB,0,0,ridge_blend_renorm,0.0,0.0,QB2
00-0039910,2025,18,WAS,QB,0,0,ridge_blend_renorm,0.0,0.0,QB4
00-0039917,2025,1,ATL,QB,1,0,ridge_blend_renorm,1.0,0.1818181818181818,QB4
00-0039917,2025,2,ATL,QB,1,0,ridge_blend_renorm,0.0,0.1818181818181818,QB1
00-0039917,2025,3,ATL,QB,1,0,ridge_blend_renorm,0.0,0.1818181818181818,QB1
00-0039917,2025,4,ATL,QB,0,0,ridge_blend_renorm,1.0,1.0,QB1
00-0039917,2025,6,ATL,QB,0,0,ridge_blend_renorm,1.0,1.0,QB1
00-0039917,2025,7,ATL,QB,0,0,ridge_blend_renorm,1.0,1.0,QB1
00-0039917,2025,8,ATL,QB,0,0,ridge_blend_renorm,0.0,1.0,QB1
00-0039917,2025,9,ATL,QB,0,0,ridge_blend_renorm,1.0,1.0,QB1
00-0039917,2025,10,ATL,QB,0,0,ridge_blend_renorm,1.0,1.0,QB1
00-0039917,2025,11,ATL,QB,0,0,ridge_blend_renorm,0.0,1.0,QB1
00-0039917,2025,12,ATL,QB,0,0,ridge_blend_renorm,0.0,1.0,QB1
00-0039917,2025,13,ATL,QB,0,0,ridge_blend_renorm,0.0,0.5,QB1
00-0039917,2025,14,ATL,QB,0,0,ridge_blend_renorm,0.0,0.0,QB2
00-0039917,2025,15,ATL,QB,0,0,ridge_blend_renorm,0.0,0.0,QB4
00-0039917,2025,16,ATL,QB,0,0,ridge_blend_renorm,0.0,0.0,QB4
00-0039917,2025,17,ATL,QB,0,0,ridge_blend_renorm,0.0,0.0,QB4
00-0039917,2025,18,ATL,QB,0,0,ridge_blend_renorm,0.0,0.0,QB4
00-0039918,2025,1,CHI,QB,1,0,ridge_blend_renorm,1.0,1.0,QB4
00-0039918,2025,2,CHI,QB,1,0,ridge_blend_renorm,1.0,1.0,QB1
00-0039918,2025,3,CHI,QB,1,0,ridge_blend_renorm,1.0,1.0,QB1
00-0039918,2025,4,CHI,QB,0,0,ridge_blend_renorm,1.0,1.0,QB1
00-0039918,2025,6,CHI,QB,0,0,ridge_blend_renorm,1.0,1.0,QB1
00-0039918,2025,7,CHI,QB,0,0,ridge_blend_renorm,0.0,1.0,QB1
00-0039918,2025,8,CHI,QB,0,0,ridge_blend_renorm,0.0,1.0,QB1
00-0039918,2025,9,CHI,QB,0,0,ridge_blend_renorm,0.75,1.0,QB1
00-0039918,2025,10,CHI,QB,0,0,ridge_blend_renorm,1.0,1.0,QB1
00-0039918,2025,11,CHI,QB,0,0,ridge_blend_renorm,0.0,1.0,QB1
00-0039918,2025,12,CHI,QB,0,0,ridge_blend_renorm,1.0,1.0,QB1
00-0039918,2025,13,CHI,QB,0,0,ridge_blend_renorm,1.0,1.0,QB1
00-0039918,2025,14,CHI,QB,0,0,ridge_blend_renorm,1.0,1.0,QB1
00-0039918,2025,15,CHI,QB,0,0,ridge_blend_renorm,1.0,1.0,QB1
00-0039918,2025,16,CHI,QB,0,0,ridge_blend_renorm,1.0,1.0,QB1
00-0039918,2025,17,CHI,QB,0,0,ridge_blend_renorm,1.0,1.0,QB1
00-0039918,2025,18,CHI,QB,0,0,ridge_blend_renorm,1.0,1.0,QB1
00-0039923,2025,1,MIN,QB,1,0,ridge_blend_renorm,1.0,0.0,QB2
00-0039923,2025,2,MIN,QB,1,0,ridge_blend_renorm,0.0,0.0,QB1
00-0039923,2025,3,MIN,QB,1,0,ridge_blend_renorm,0.0,0.0,QB1
00-0039923,2025,4,MIN,QB,0,0,ridge_blend_renorm,0.0,0.425,QB1
00-0039923,2025,5,MIN,QB,0,0,ridge_blend_renorm,0.0,0.0,QB2
00-0039923,2025,7,MIN,QB,0,0,ridge_blend_renorm,0.0,0.0,QB3
00-0039923,2025,8,MIN,QB,0,0,ridge_blend_renorm,0.0,0.0,QB3
00-0039923,2025,9,MIN,QB,0,0,ridge_blend_renorm,1.0,0.0,QB4
00-0039923,2025,10,MIN,QB,0,0,ridge_blend_renorm,1.0,0.5,QB2
00-0039923,2025,11,MIN,QB,0,0,ridge_blend_renorm,1.0,0.6666666666666667,QB1
00-0039923,2025,12,MIN,QB,0,0,ridge_blend_renorm,0.0,1.0,QB1
00-0039923,2025,13,MIN,QB,0,0,ridge_blend_renorm,0.0,1.0,QB1
00-0039923,2025,14,MIN,QB,0,0,ridge_blend_renorm,1.0,1.0,QB1
00-0039923,2025,15,MIN,QB,0,0,ridge_blend_renorm,1.0,1.0,QB1
00-0039923,2025,16,MIN,QB,0,0,ridge_blend_renorm,0.0,1.0,QB1
00-0039923,2025,17,MIN,QB,0,0,ridge_blend_renorm,0.0,1.0,QB1
00-0039923,2025,18,MIN,QB,0,0,ridge_blend_renorm,0.0,1.0,QB1
00-0040014,2025,1,PHI,QB,1,0,ridge_blend_renorm,0.0,0.0,QB4
00-0040014,2025,2,PHI,QB,1,0,ridge_blend_renorm,0.0,0.0,QB4
00-0040014,2025,3,PHI,QB,1,0,ridge_blend_renorm,0.0,0.0,QB4
00-0040014,2025,4,PHI,QB,0,0,ridge_blend_renorm,0.0,0.0,QB4
00-0040014,2025,5,PHI,QB,0,0,ridge_blend_renorm,0.0,0.0,QB4
00-0040014,2025,6,PHI,QB,0,0,ridge_blend_renorm,0.0,0.0,QB4
00-0040014,2025,7,PHI,QB,0,0,ridge_blend_renorm,0.0,0.0,QB4
00-0040014,2025,8,PHI,QB,0,0,ridge_blend_renorm,0.0,0.0,QB4
00-0040014,2025,10,PHI,QB,0,0,ridge_blend_renorm,0.0,0.0,QB4
00-0040014,2025,11,PHI,QB,0,0,ridge_blend_renorm,0.0,0.0,QB4
00-0040014,2025,12,PHI,QB,0,0,ridge_blend_renorm,0.0,0.0,QB4
00-0040014,2025,13,PHI,QB,0,0,ridge_blend_renorm,0.0,0.0,QB4
00-0040014,2025,14,PHI,QB,0,0,ridge_blend_renorm,0.0,0.0,QB4
00-0040014,2025,15,PHI,QB,0,0,ridge_blend_renorm,0.0,0.0,QB4
00-0040014,2025,16,PHI,QB,0,0,ridge_blend_renorm,0.0,0.0,QB4
00-0040014,2025,17,PHI,QB,0,0,ridge_blend_renorm,0.0,0.0,QB4
00-0040014,2025,18,PHI,QB,0,0,ridge_blend_renorm,0.0,0.0,QB4
00-0040203,2025,1,PIT,QB,1,0,ridge_blend_renorm,0.0,0.0,QB4
00-0040203,2025,2,PIT,QB,1,0,ridge_blend_renorm,0.0,0.0,QB4
00-0040203,2025,3,PIT,QB,1,0,ridge_blend_renorm,0.0,0.0,QB4
00-0040203,2025,4,PIT,QB,0,0,ridge_blend_renorm,0.0,0.0,QB4
00-0040203,2025,6,PIT,QB,0,0,ridge_blend_renorm,0.0,0.0,QB4
00-0040203,2025,7,PIT,QB,0,0,ridge_blend_renorm,0.0,0.0,QB4
00-0040203,2025,8,PIT,QB,0,0,ridge_blend_renorm,0.0,0.0,QB4
00-0040203,2025,9,PIT,QB,0,0,ridge_blend_renorm,0.0,0.0,QB4
00-0040203,2025,10,PIT,QB,0,0,ridge_blend_renorm,0.0,0.0,QB4
00-0040203,2025,11,PIT,QB,0,0,ridge_blend_renorm,0.0,0.0,QB4
00-0040203,2025,12,PIT,QB,0,0,ridge_blend_renorm,0.0,0.0,QB4
00-0040203,2025,13,PIT,QB,0,0,ridge_blend_renorm,0.0,0.0,QB4
00-0040203,2025,14,PIT,QB,0,0,ridge_blend_renorm,0.0,0.0,QB4
00-0040203,2025,15,PIT,QB,0,0,ridge_blend_renorm,0.0,0.0,QB4
00-0040203,2025,16,PIT,QB,0,0,ridge_blend_renorm,0.0,0.0,QB4
00-0040203,2025,17,PIT,QB,0,0,ridge_blend_renorm,0.0,0.0,QB4
00-0040203,2025,18,PIT,QB,0,0,ridge_blend_renorm,0.0,0.0,QB4
00-0040206,2025,1,IND,QB,1,0,ridge_blend_renorm,0.0,0.0,QB4
00-0040206,2025,2,IND,QB,1,0,ridge_blend_renorm,0.0,0.0,QB3
00-0040206,2025,3,IND,QB,1,0,ridge_blend_renorm,0.0,0.0,QB3
00-0040206,2025,4,IND,QB,0,0,ridge_blend_renorm,0.0,0.0,QB3
00-0040206,2025,5,IND,QB,0,0,ridge_blend_renorm,0.0,0.0,QB3
00-0040206,2025,6,IND,QB,0,0,ridge_blend_renorm,0.0,0.0,QB3
00-0040206,2025,7,IND,QB,0,0,ridge_blend_renorm,0.0,0.0,QB4
00-0040206,2025,8,IND,QB,0,0,ridge_blend_renorm,0.0,0.0,QB4
00-0040206,2025,9,IND,QB,0,0,ridge_blend_renorm,0.0,0.0,QB2
00-0040206,2025,10,IND,QB,0,0,ridge_blend_renorm,0.0,0.0,QB2
00-0040206,2025,12,IND,QB,0,0,ridge_blend_renorm,0.0,0.0,QB2
00-0040206,2025,13,IND,QB,0,0,ridge_blend_renorm,0.0,0.0,QB4
00-0040206,2025,14,IND,QB,0,0,ridge_blend_renorm,0.0,0.0,QB4
00-0040206,2025,15,IND,QB,0,0,ridge_blend_renorm,0.0,0.0,QB2
00-0040206,2025,16,IND,QB,0,0,ridge_blend_renorm,0.0,0.0,QB3
00-0040206,2025,17,IND,QB,0,0,ridge_blend_renorm,0.0,0.0,QB2
00-0040206,2025,18,IND,QB,0,0,ridge_blend_renorm,1.0,0.0,QB2
00-0040211,2025,1,HOU,QB,1,0,ridge_blend_renorm,0.0,0.0,QB3
00-0040211,2025,2,HOU,QB,1,0,ridge_blend_renorm,0.0,0.0,QB3
00-0040211,2025,3,HOU,QB,1,0,ridge_blend_renorm,0.0,0.0,QB3
00-0040211,2025,4,HOU,QB,0,0,ridge_blend_renorm,0.0,0.0,QB3
00-0040211,2025,5,HOU,QB,0,0,ridge_blend_renorm,0.0,0.0,QB3
00-0040211,2025,7,HOU,QB,0,0,ridge_blend_renorm,0.0,0.0,QB3
00-0040211,2025,8,HOU,QB,0,0,ridge_blend_renorm,0.0,0.0,QB3
00-0040211,2025,9,HOU,QB,0,0,ridge_blend_renorm,0.0,0.0,QB3
00-0040211,2025,10,HOU,QB,0,0,ridge_blend_renorm,0.0,0.0,QB3
00-0040211,2025,11,HOU,QB,0,0,ridge_blend_renorm,0.0,0.0,QB3
00-0040211,2025,12,HOU,QB,0,0,ridge_blend_renorm,0.0,0.0,QB3
00-0040211,2025,13,HOU,QB,0,0,ridge_blend_renorm,0.0,0.0,QB3
00-0040211,2025,14,HOU,QB,0,0,ridge_blend_renorm,0.0,0.0,QB3
00-0040211,2025,15,HOU,QB,0,0,ridge_blend_renorm,0.0,0.0,QB3
00-0040211,2025,16,HOU,QB,0,0,ridge_blend_renorm,0.0,0.0,QB3
00-0040211,2025,17,HOU,QB,0,0,ridge_blend_renorm,0.0,0.0,QB3
00-0040211,2025,18,HOU,QB,0,0,ridge_blend_renorm,0.0,0.0,QB3
00-0040222,2025,1,LV,QB,1,0,ridge_blend_renorm,0.0,0.0,QB4
00-0040222,2025,2,LV,QB,1,0,ridge_blend_renorm,0.0,0.0,QB4
00-0040222,2025,3,LV,QB,1,0,ridge_blend_renorm,0.0,0.0,QB4
00-0040222,2025,4,LV,QB,0,0,ridge_blend_renorm,0.0,0.0,QB4
00-0040222,2025,5,LV,QB,0,0,ridge_blend_renorm,0.0,0.0,QB4
00-0040222,2025,6,LV,QB,0,0,ridge_blend_renorm,0.0,0.0,QB4
00-0040222,2025,7,LV,QB,0,0,ridge_blend_renorm,0.0,0.0,QB4
00-0040222,2025,9,LV,QB,0,0,ridge_blend_renorm,0.0,0.0,QB4
00-0040222,2025,10,LV,QB,0,0,ridge_blend_renorm,0.0,0.0,QB4
00-0040222,2025,11,LV,QB,0,0,ridge_blend_renorm,0.0,0.0,QB4
00-0040222,2025,12,LV,QB,0,0,ridge_blend_renorm,0.0,0.0,QB4
00-0040222,2025,13,LV,QB,0,0,ridge_blend_renorm,0.0,0.0,QB4
00-0040222,2025,14,LV,QB,0,0,ridge_blend_renorm,0.0,0.0,QB4
00-0040222,2025,15,LV,QB,0,0,ridge_blend_renorm,0.0,0.0,QB4
00-0040222,2025,16,LV,QB,0,0,ridge_blend_renorm,0.0,0.0,QB4
00-0040222,2025,17,LV,QB,0,0,ridge_blend_renorm,0.0,0.0,QB4
00-0040222,2025,18,MIA,QB,0,0,ridge_blend_renorm,0.0,0.0,QB4
00-0040234,2025,1,MIA,QB,1,0,ridge_blend_renorm,0.0,0.0,QB3
00-0040234,2025,2,MIA,QB,1,0,ridge_blend_renorm,0.0,0.0,QB3
00-0040234,2025,3,MIA,QB,1,0,ridge_blend_renorm,0.0,0.0,QB3
00-0040234,2025,4,MIA,QB,0,0,ridge_blend_renorm,0.0,0.0,QB3
00-0040234,2025,5,MIA,QB,0,0,ridge_blend_renorm,0.0,0.0,QB3
00-0040234,2025,6,MIA,QB,0,0,ridge_blend_renorm,0.0,0.0,QB3
00-0040234,2025,7,MIA,QB,0,0,ridge_blend_renorm,0.0,0.0,QB3
00-0040234,2025,8,MIA,QB,0,0,ridge_blend_renorm,0.0,0.0,QB2
00-0040234,2025,9,MIA,QB,0,0,ridge_blend_renorm,0.0,0.0,QB2
00-0040234,2025,10,MIA,QB,0,0,ridge_blend_renorm,0.0,0.0,QB2
00-0040234,2025,11,MIA,QB,0,0,ridge_blend_renorm,0.0,0.0,QB3
00-0040234,2025,13,MIA,QB,0,0,ridge_blend_renorm,0.0,0.0,QB3
00-0040234,2025,14,MIA,QB,0,0,ridge_blend_renorm,0.0,0.0,QB3
00-0040234,2025,15,MIA,QB,0,0,ridge_blend_renorm,0.0,0.0,QB3
00-0040234,2025,16,MIA,QB,0,0,ridge_blend_renorm,0.0,0.0,QB3
00-0040234,2025,17,MIA,QB,0,0,ridge_blend_renorm,1.0,0.0,QB2
00-0040234,2025,18,MIA,QB,0,0,ridge_blend_renorm,1.0,0.5,QB1
00-0040330,2025,1,JAX,QB,1,0,ridge_blend_renorm,0.0,0.0,QB4
00-0040330,2025,2,JAX,QB,1,0,ridge_blend_renorm,0.0,0.0,QB3
00-0040330,2025,3,JAX,QB,1,0,ridge_blend_renorm,0.0,0.0,QB3
00-0040330,2025,4,JAX,QB,0,0,ridge_blend_renorm,0.0,0.0,QB3
00-0040330,2025,18,IND,QB,0,0,ridge_blend_renorm,0.0,0.0,QB4
00-0040378,2025,1,CIN,QB,1,0,ridge_blend_renorm,0.0,0.0,QB4
00-0040398,2025,1,NYJ,QB,1,0,ridge_blend_renorm,0.0,0.0,QB4
00-0040398,2025,2,NYJ,QB,1,0,ridge_blend_renorm,0.0,0.0,QB4
00-0040398,2025,3,NYJ,QB,1,0,ridge_blend_renorm,0.0,0.0,QB4
00-0040398,2025,4,NYJ,QB,0,0,ridge_blend_renorm,0.0,0.0,QB4
00-0040398,2025,5,NYJ,QB,0,0,ridge_blend_renorm,0.0,0.0,QB4
00-0040398,2025,6,NYJ,QB,0,0,ridge_blend_renorm,0.0,0.0,QB4
00-0040398,2025,7,NYJ,QB,0,0,ridge_blend_renorm,0.0,0.0,QB4
00-0040398,2025,8,NYJ,QB,0,0,ridge_blend_renorm,0.0,0.0,QB4
00-0040398,2025,10,NYJ,QB,0,0,ridge_blend_renorm,0.0,0.0,QB4
00-0040398,2025,11,NYJ,QB,0,0,ridge_blend_renorm,0.0,0.0,QB4
00-0040398,2025,12,NYJ,QB,0,0,ridge_blend_renorm,0.0,0.0,QB4
00-0040398,2025,13,NYJ,QB,0,0,ridge_blend_renorm,0.0,0.0,QB4
00-0040398,2025,14,NYJ,QB,0,0,ridge_blend_renorm,0.0,0.0,QB4
00-0040398,2025,15,NYJ,QB,0,0,ridge_blend_renorm,1.0,0.0,QB2
00-0040398,2025,16,NYJ,QB,0,0,ridge_blend_renorm,0.0,0.5,QB1
00-0040398,2025,17,NYJ,QB,0,0,ridge_blend_renorm,0.0,1.0,QB1
00-0040398,2025,18,NYJ,QB,0,0,ridge_blend_renorm,1.0,1.0,QB1
00-0040415,2025,1,TB,QB,1,0,ridge_blend_renorm,0.0,0.0,QB4
00-0040415,2025,2,TB,QB,1,0,ridge_blend_renorm,0.0,0.0,QB3
00-0040415,2025,3,TB,QB,1,0,ridge_blend_renorm,0.0,0.0,QB3
00-0040415,2025,4,TB,QB,0,0,ridge_blend_renorm,0.0,0.0,QB3
00-0040415,2025,5,TB,QB,0,0,ridge_blend_renorm,0.0,0.0,QB3
00-0040415,2025,6,TB,QB,0,0,ridge_blend_renorm,0.0,0.0,QB3
00-0040415,2025,7,TB,QB,0,0,ridge_blend_renorm,0.0,0.0,QB3
00-0040415,2025,8,TB,QB,0,0,ridge_blend_renorm,0.0,0.0,QB3
00-0040415,2025,10,TB,QB,0,0,ridge_blend_renorm,0.0,0.0,QB3
00-0040415,2025,11,TB,QB,0,0,ridge_blend_renorm,0.0,0.0,QB3
00-0040415,2025,12,TB,QB,0,0,ridge_blend_renorm,0.0,0.0,QB3
00-0040415,2025,13,TB,QB,0,0,ridge_blend_renorm,0.0,0.0,QB3
00-0040415,2025,14,TB,QB,0,0,ridge_blend_renorm,0.0,0.0,QB3
00-0040415,2025,15,TB,QB,0,0,ridge_blend_renorm,0.0,0.0,QB3
00-0040415,2025,16,TB,QB,0,0,ridge_blend_renorm,0.0,0.0,QB3
00-0040415,2025,17,TB,QB,0,0,ridge_blend_renorm,0.0,0.0,QB3
00-0040415,2025,18,TB,QB,0,0,ridge_blend_renorm,0.0,0.0,QB3
00-0040464,2025,1,LAC,QB,1,0,ridge_blend_renorm,0.0,0.0,QB4
00-0040464,2025,2,LAC,QB,1,0,ridge_blend_renorm,0.0,0.0,QB3
00-0040464,2025,3,LAC,QB,1,0,ridge_blend_renorm,0.0,0.0,QB3
00-0040464,2025,4,LAC,QB,0,0,ridge_blend_renorm,0.0,0.0,QB3
00-0040464,2025,5,LAC,QB,0,0,ridge_blend_renorm,0.0,0.0,QB3
00-0040464,2025,6,LAC,QB,0,0,ridge_blend_renorm,0.0,0.0,QB3
00-0040464,2025,7,LAC,QB,0,0,ridge_blend_renorm,0.0,0.0,QB3
00-0040464,2025,8,LAC,QB,0,0,ridge_blend_renorm,0.0,0.0,QB3
00-0040464,2025,9,LAC,QB,0,0,ridge_blend_renorm,0.0,0.0,QB3
00-0040464,2025,10,LAC,QB,0,0,ridge_blend_renorm,0.0,0.0,QB3
00-0040464,2025,11,LAC,QB,0,0,ridge_blend_renorm,0.0,0.0,QB3
00-0040464,2025,13,LAC,QB,0,0,ridge_blend_renorm,0.0,0.0,QB3
00-0040464,2025,14,LAC,QB,0,0,ridge_blend_renorm,0.0,0.0,QB3
00-0040464,2025,15,LAC,QB,0,0,ridge_blend_renorm,0.0,0.0,QB3
00-0040464,2025,16,LAC,QB,0,0,ridge_blend_renorm,0.0,0.0,QB3
00-0040464,2025,17,LAC,QB,0,0,ridge_blend_renorm,0.0,0.0,QB3
00-0040464,2025,18,LAC,QB,0,0,ridge_blend_renorm,0.0,0.0,QB3
00-0040494,2025,1,MIN,QB,1,0,ridge_blend_renorm,0.0,0.0,QB3
00-0040494,2025,2,MIN,QB,1,0,ridge_blend_renorm,0.0,0.0,QB3
00-0040494,2025,3,MIN,QB,1,0,ridge_blend_renorm,0.0,0.0,QB4
00-0040494,2025,4,MIN,QB,0,0,ridge_blend_renorm,0.0,0.0,QB3
00-0040494,2025,5,MIN,QB,0,0,ridge_blend_renorm,0.0,0.0,QB3
00-0040494,2025,7,MIN,QB,0,0,ridge_blend_renorm,0.0,0.0,QB2
00-0040494,2025,8,MIN,QB,0,0,ridge_blend_renorm,0.0,0.0,QB2
00-0040494,2025,9,MIN,QB,0,0,ridge_blend_renorm,0.0,0.0,QB2
00-0040494,2025,10,MIN,QB,0,0,ridge_blend_renorm,0.0,0.0,QB3
00-0040494,2025,11,MIN,QB,0,0,ridge_blend_renorm,0.0,0.0,QB3
00-0040494,2025,12,MIN,QB,0,0,ridge_blend_renorm,0.0,0.0,QB4
00-0040494,2025,13,MIN,QB,0,0,ridge_blend_renorm,0.0,0.0,QB4
00-0040494,2025,14,MIN,QB,0,0,ridge_blend_renorm,0.0,0.0,QB2
00-0040494,2025,15,MIN,QB,0,0,ridge_blend_renorm,0.0,0.0,QB2
00-0040494,2025,16,MIN,QB,0,0,ridge_blend_renorm,0.0,0.0,QB2
00-0040494,2025,17,MIN,QB,0,0,ridge_blend_renorm,0.0,0.0,QB2
00-0040494,2025,18,MIN,QB,0,0,ridge_blend_renorm,0.0,0.0,QB2
00-0040569,2025,1,NE,QB,1,0,ridge_blend_renorm,0.0,0.0,QB4
00-0040589,2025,1,SF,QB,1,0,ridge_blend_renorm,0.0,0.0,QB4
00-0040589,2025,2,SF,QB,1,0,ridge_blend_renorm,0.0,0.0,QB4
00-0040589,2025,3,SF,QB,1,0,ridge_blend_renorm,0.0,0.0,QB4
00-0040589,2025,4,SF,QB,0,0,ridge_blend_renorm,0.0,0.0,QB4
00-0040589,2025,5,SF,QB,0,0,ridge_blend_renorm,0.0,0.0,QB4
00-0040589,2025,6,SF,QB,0,0,ridge_blend_renorm,0.0,0.0,QB4
00-0040589,2025,7,SF,QB,0,0,ridge_blend_renorm,0.0,0.0,QB4
00-0040589,2025,8,SF,QB,0,0,ridge_blend_renorm,0.0,0.0,QB4
00-0040589,2025,9,SF,QB,0,0,ridge_blend_renorm,0.0,0.0,QB4
00-0040589,2025,10,SF,QB,0,0,ridge_blend_renorm,0.0,0.0,QB4
00-0040589,2025,11,SF,QB,0,0,ridge_blend_renorm,0.0,0.0,QB4
00-0040589,2025,12,SF,QB,0,0,ridge_blend_renorm,0.0,0.0,QB4
00-0040589,2025,13,SF,QB,0,0,ridge_blend_renorm,0.0,0.0,QB4
00-0040589,2025,15,SF,QB,0,0,ridge_blend_renorm,0.0,0.0,QB3
00-0040589,2025,16,SF,QB,0,0,ridge_blend_renorm,0.0,0.0,QB4
00-0040589,2025,17,SF,QB,0,0,ridge_blend_renorm,0.0,0.0,QB4
00-0040589,2025,18,SF,QB,0,0,ridge_blend_renorm,0.0,0.0,QB4
00-0040591,2025,1,GB,QB,1,0,ridge_blend_renorm,0.0,0.0,QB4
00-0040656,2025,1,NO,QB,1,0,ridge_blend_renorm,0.0,0.0,QB4
00-0040656,2025,2,NO,QB,1,0,ridge_blend_renorm,0.0,0.0,QB4
00-0040656,2025,3,NO,QB,1,0,ridge_blend_renorm,0.0,0.0,QB4
00-0040656,2025,4,NO,QB,0,0,ridge_blend_renorm,0.0,0.0,QB4
00-0040656,2025,5,NO,QB,0,0,ridge_blend_renorm,0.0,0.0,QB4
00-0040656,2025,6,NO,QB,0,0,ridge_blend_renorm,0.0,0.0,QB4
00-0040656,2025,7,NO,QB,0,0,ridge_blend_renorm,0.0,0.0,QB4
00-0040656,2025,8,NO,QB,0,0,ridge_blend_renorm,0.0,0.0,QB4
00-0040656,2025,9,NO,QB,0,0,ridge_blend_renorm,0.0,0.0,QB4
00-0040656,2025,10,NO,QB,0,0,ridge_blend_renorm,0.0,0.0,QB4
00-0040656,2025,12,NO,QB,0,0,ridge_blend_renorm,0.0,0.0,QB4
00-0040656,2025,13,NO,QB,0,0,ridge_blend_renorm,0.0,0.0,QB4
00-0040656,2025,14,NO,QB,0,0,ridge_blend_renorm,0.0,0.0,QB4
00-0040656,2025,15,NO,QB,0,0,ridge_blend_renorm,0.0,0.0,QB4
00-0040656,2025,16,NO,QB,0,0,ridge_blend_renorm,0.0,0.0,QB4
00-0040656,2025,17,NO,QB,0,0,ridge_blend_renorm,0.0,0.0,QB4
00-0040656,2025,18,NO,QB,0,0,ridge_blend_renorm,0.0,0.0,QB4
00-0040668,2025,1,CLE,QB,1,0,ridge_blend_renorm,0.0,0.0,QB4
00-0040668,2025,2,CLE,QB,1,0,ridge_blend_renorm,0.0,0.0,QB4
00-0040668,2025,3,CLE,QB,1,0,ridge_blend_renorm,0.0,0.0,QB4
00-0040668,2025,4,CLE,QB,0,0,ridge_blend_renorm,0.0,0.0,QB4
00-0040668,2025,5,CLE,QB,0,0,ridge_blend_renorm,0.0,0.0,QB4
00-0040668,2025,6,CLE,QB,0,0,ridge_blend_renorm,0.0,0.0,QB4
00-0040668,2025,7,CLE,QB,0,0,ridge_blend_renorm,0.0,0.0,QB4
00-0040668,2025,8,CLE,QB,0,0,ridge_blend_renorm,0.0,0.0,QB4
00-0040668,2025,10,CLE,QB,0,0,ridge_blend_renorm,0.0,0.0,QB4
00-0040668,2025,11,CLE,QB,0,0,ridge_blend_renorm,0.0,0.0,QB4
00-0040668,2025,12,CLE,QB,0,0,ridge_blend_renorm,1.0,0.0,QB2
00-0040668,2025,13,CLE,QB,0,0,ridge_blend_renorm,1.0,0.5,QB2
00-0040668,2025,14,CLE,QB,0,0,ridge_blend_renorm,1.0,1.0,QB1
00-0040668,2025,15,CLE,QB,0,0,ridge_blend_renorm,0.0,1.0,QB1
00-0040668,2025,16,CLE,QB,0,0,ridge_blend_renorm,1.0,1.0,QB1
00-0040668,2025,17,CLE,QB,0,0,ridge_blend_renorm,1.0,1.0,QB1
00-0040668,2025,18,CLE,QB,0,0,ridge_blend_renorm,0.0,1.0,QB1
00-0040673,2025,1,SEA,QB,1,0,ridge_blend_renorm,0.0,0.0,QB3
00-0040673,2025,2,SEA,QB,1,0,ridge_blend_renorm,0.0,0.0,QB2
00-0040673,2025,3,SEA,QB,1,0,ridge_blend_renorm,0.0,0.0,QB2
00-0040673,2025,4,SEA,QB,0,0,ridge_blend_renorm,0.0,0.0,QB3
00-0040673,2025,5,SEA,QB,0,0,ridge_blend_renorm,0.0,0.0,QB3
00-0040673,2025,6,SEA,QB,0,0,ridge_blend_renorm,0.0,0.0,QB3
00-0040673,2025,7,SEA,QB,0,0,ridge_blend_renorm,0.0,0.0,QB2
00-0040673,2025,9,SEA,QB,0,0,ridge_blend_renorm,0.0,0.0,QB2
00-0040673,2025,10,SEA,QB,0,0,ridge_blend_renorm,0.0,0.0,QB3
00-0040673,2025,11,SEA,QB,0,0,ridge_blend_renorm,0.0,0.0,QB3
00-0040673,2025,12,SEA,QB,0,0,ridge_blend_renorm,0.0,0.0,QB3
00-0040673,2025,13,SEA,QB,0,0,ridge_blend_renorm,0.0,0.0,QB3
00-0040673,2025,14,SEA,QB,0,0,ridge_blend_renorm,0.0,0.0,QB3
00-0040673,2025,15,SEA,QB,0,0,ridge_blend_renorm,0.0,0.0,QB3
00-0040673,2025,16,SEA,QB,0,0,ridge_blend_renorm,0.0,0.0,QB3
00-0040673,2025,17,SEA,QB,0,0,ridge_blend_renorm,0.0,0.0,QB3
00-0040673,2025,18,SEA,QB,0,0,ridge_blend_renorm,0.0,0.0,QB3
00-0040676,2025,1,TEN,QB,1,0,ridge_blend_renorm,0.0,0.0,QB4
00-0040676,2025,2,TEN,QB,1,0,ridge_blend_renorm,1.0,0.0,QB1
00-0040676,2025,3,TEN,QB,1,0,ridge_blend_renorm,1.0,0.45945945945945943,QB1
00-0040676,2025,4,TEN,QB,0,0,ridge_blend_renorm,0.0,1.0,QB1
00-0040676,2025,5,TEN,QB,0,0,ridge_blend_renorm,0.0,1.0,QB1
00-0040676,2025,6,TEN,QB,0,0,ridge_blend_renorm,1.0,1.0,QB1
00-0040676,2025,7,TEN,QB,0,0,ridge_blend_renorm,1.0,1.0,QB1
00-0040676,2025,8,TEN,QB,0,0,ridge_blend_renorm,1.0,1.0,QB1
00-0040676,2025,9,TEN,QB,0,0,ridge_blend_renorm,0.0,1.0,QB1
00-0040676,2025,11,TEN,QB,0,0,ridge_blend_renorm,1.0,1.0,QB1
00-0040676,2025,12,TEN,QB,0,0,ridge_blend_renorm,1.0,1.0,QB1
00-0040676,2025,13,TEN,QB,0,0,ridge_blend_renorm,0.0,1.0,QB1
00-0040676,2025,14,TEN,QB,0,0,ridge_blend_renorm,1.0,1.0,QB1
00-0040676,2025,15,TEN,QB,0,0,ridge_blend_renorm,1.0,1.0,QB1
00-0040676,2025,16,TEN,QB,0,0,ridge_blend_renorm,1.0,1.0,QB1
00-0040676,2025,17,TEN,QB,0,0,ridge_blend_renorm,1.0,1.0,QB1
00-0040676,2025,18,TEN,QB,0,0,ridge_blend_renorm,0.0,1.0,QB1
00-0040691,2025,1,NYG,QB,1,0,ridge_blend_renorm,0.0,0.0,QB3
00-0040691,2025,2,NYG,QB,1,0,ridge_blend_renorm,0.0,0.0,QB3
00-0040691,2025,3,NYG,QB,1,0,ridge_blend_renorm,0.0,0.0,QB2
00-0040691,2025,4,NYG,QB,0,0,ridge_blend_renorm,1.0,0.0,QB2
00-0040691,2025,5,NYG,QB,0,0,ridge_blend_renorm,1.0,0.5,QB2
00-0040691,2025,6,NYG,QB,0,0,ridge_blend_renorm,1.0,1.0,QB1
00-0040691,2025,7,NYG,QB,0,0,ridge_blend_renorm,1.0,1.0,QB1
00-0040691,2025,8,NYG,QB,0,0,ridge_blend_renorm,1.0,1.0,QB1
00-0040691,2025,9,NYG,QB,0,0,ridge_blend_renorm,1.0,1.0,QB1
00-0040691,2025,10,NYG,QB,0,0,ridge_blend_renorm,0.0,1.0,QB1
00-0040691,2025,11,NYG,QB,0,0,ridge_blend_renorm,0.0,1.0,QB1
00-0040691,2025,12,NYG,QB,0,0,ridge_blend_renorm,0.0,1.0,QB1
00-0040691,2025,13,NYG,QB,0,0,ridge_blend_renorm,1.0,0.0,QB2
00-0040691,2025,15,NYG,QB,0,0,ridge_blend_renorm,1.0,0.6,QB2
00-0040691,2025,16,NYG,QB,0,0,ridge_blend_renorm,0.0,0.75,QB1
00-0040691,2025,17,NYG,QB,0,0,ridge_blend_renorm,0.0,1.0,QB1
00-0040691,2025,18,NYG,QB,0,0,ridge_blend_renorm,1.0,1.0,QB1
00-0040704,2025,1,CLE,QB,1,0,ridge_blend_renorm,0.0,0.0,QB4
00-0040704,2025,2,CLE,QB,1,0,ridge_blend_renorm,0.5,0.0,QB4
00-0040704,2025,3,CLE,QB,1,0,ridge_blend_renorm,0.0,0.27755102040816326,QB2
00-0040704,2025,4,CLE,QB,0,0,ridge_blend_renorm,0.0,0.25,QB2
00-0040704,2025,5,CLE,QB,0,0,ridge_blend_renorm,1.0,0.5,QB2
00-0040704,2025,6,CLE,QB,0,0,ridge_blend_renorm,0.0,1.0,QB1
00-0040704,2025,7,CLE,QB,0,0,ridge_blend_renorm,0.0,1.0,QB1
00-0040704,2025,8,CLE,QB,0,0,ridge_blend_renorm,1.0,1.0,QB1
00-0040704,2025,10,CLE,QB,0,0,ridge_blend_renorm,1.0,1.0,QB1
00-0040704,2025,11,CLE,QB,0,0,ridge_blend_renorm,0.0,1.0,QB1
00-0040704,2025,12,CLE,QB,0,0,ridge_blend_renorm,0.0,1.0,QB1
00-0040704,2025,13,CLE,QB,0,0,ridge_blend_renorm,0.0,0.5,QB1
00-0040704,2025,14,CLE,QB,0,0,ridge_blend_renorm,0.0,0.0,QB2
00-0040704,2025,15,CLE,QB,0,0,ridge_blend_renorm,0.0,0.0,QB2
00-0040704,2025,16,CLE,QB,0,0,ridge_blend_renorm,0.0,0.0,QB2
00-0040704,2025,17,CLE,QB,0,0,ridge_blend_renorm,0.0,0.0,QB2
00-0040704,2025,18,CLE,QB,0,0,ridge_blend_renorm,0.0,0.0,QB2
00-0040743,2025,1,NO,QB,1,0,ridge_blend_renorm,0.0,0.0,QB4
00-0040743,2025,2,NO,QB,1,0,ridge_blend_renorm,0.0,0.0,QB4
00-0040743,2025,3,NO,QB,1,0,ridge_blend_renorm,0.0,0.0,QB4
00-0040743,2025,4,NO,QB,0,0,ridge_blend_renorm,0.0,0.0,QB2
00-0040743,2025,5,NO,QB,0,0,ridge_blend_renorm,0.0,0.0,QB2
00-0040743,2025,6,NO,QB,0,0,ridge_blend_renorm,0.0,0.0,QB3
00-0040743,2025,7,NO,QB,0,0,ridge_blend_renorm,0.0,0.0,QB4
00-0040743,2025,8,NO,QB,0,0,ridge_blend_renorm,0.0,0.0,QB4
00-0040743,2025,9,NO,QB,0,0,ridge_blend_renorm,1.0,0.0,QB2
00-0040743,2025,10,NO,QB,0,0,ridge_blend_renorm,1.0,0.5,QB2
00-0040743,2025,12,NO,QB,0,0,ridge_blend_renorm,0.0,1.0,QB1
00-0040743,2025,13,NO,QB,0,0,ridge_blend_renorm,1.0,1.0,QB1
00-0040743,2025,14,NO,QB,0,0,ridge_blend_renorm,0.0,1.0,QB1
00-0040743,2025,15,NO,QB,0,0,ridge_blend_renorm,1.0,1.0,QB1
00-0040743,2025,16,NO,QB,0,0,ridge_blend_renorm,0.5,1.0,QB1
00-0040743,2025,17,NO,QB,0,0,ridge_blend_renorm,1.0,0.75,QB1
00-0040743,2025,18,NO,QB,0,0,ridge_blend_renorm,1.0,0.8333333333333334,QB1
00-0022942,2025,15,IND,QB,1,0,xgb_blend_renorm,1.0,0.0,QB4
00-0022942,2025,16,IND,QB,1,0,xgb_blend_renorm,1.0,0.75,QB1
00-0022942,2025,17,IND,QB,1,0,xgb_blend_renorm,1.0,1.0,QB1
00-0022942,2025,18,IND,QB,0,0,xgb_blend_renorm,0.0,1.0,QB1
00-0023459,2025,1,PIT,QB,1,0,xgb_blend_renorm,1.0,0.6923076923076923,QB1
00-0023459,2025,2,PIT,QB,1,0,xgb_blend_renorm,1.0,0.6923076923076923,QB1
00-0023459,2025,3,PIT,QB,1,0,xgb_blend_renorm,1.0,0.6923076923076923,QB1
00-0023459,2025,4,PIT,QB,0,0,xgb_blend_renorm,1.0,1.0,QB1
00-0023459,2025,6,PIT,QB,0,0,xgb_blend_renorm,1.0,1.0,QB1
00-0023459,2025,7,PIT,QB,0,0,xgb_blend_renorm,1.0,1.0,QB1
00-0023459,2025,8,PIT,QB,0,0,xgb_blend_renorm,1.0,1.0,QB1
00-0023459,2025,9,PIT,QB,0,0,xgb_blend_renorm,1.0,1.0,QB1
00-0023459,2025,10,PIT,QB,0,0,xgb_blend_renorm,1.0,1.0,QB1
00-0023459,2025,11,PIT,QB,0,0,xgb_blend_renorm,0.5,1.0,QB1
00-0023459,2025,12,PIT,QB,0,0,xgb_blend_renorm,0.0,0.8333333333333334,QB1
00-0023459,2025,13,PIT,QB,0,0,xgb_blend_renorm,0.0,0.5,QB1
00-0023459,2025,14,PIT,QB,0,0,xgb_blend_renorm,1.0,0.25,QB2
00-0023459,2025,15,PIT,QB,0,0,xgb_blend_renorm,1.0,0.5,QB1
00-0023459,2025,16,PIT,QB,0,0,xgb_blend_renorm,1.0,1.0,QB1
00-0023459,2025,17,PIT,QB,0,0,xgb_blend_renorm,0.0,1.0,QB1
00-0023459,2025,18,PIT,QB,0,0,xgb_blend_renorm,1.0,1.0,QB1
00-0026158,2025,1,CLE,QB,1,0,xgb_blend_renorm,1.0,0.5423728813559322,QB1
00-0026158,2025,2,CLE,QB,1,0,xgb_blend_renorm,0.5,0.5423728813559322,QB1
00-0026158,2025,3,CLE,QB,1,0,xgb_blend_renorm,0.0,0.3918367346938776,QB1
00-0026158,2025,4,CLE,QB,0,0,xgb_blend_renorm,0.0,0.75,QB1
00-0026158,2025,5,CLE,QB,0,0,xgb_blend_renorm,0.0,0.5,QB1
00-0026158,2025,6,CIN,QB,0,0,xgb_blend_renorm,1.0,0.0,QB2
00-0026158,2025,7,CIN,QB,0,0,xgb_blend_renorm,1.0,0.5,QB2
00-0026158,2025,8,CIN,QB,0,0,xgb_blend_renorm,1.0,0.6666666666666666,QB1
00-0026158,2025,9,CIN,QB,0,0,xgb_blend_renorm,1.0,1.0,QB1
00-0026158,2025,11,CIN,QB,0,0,xgb_blend_renorm,1.0,1.0,QB1
00-0026158,2025,12,CIN,QB,0,0,xgb_blend_renorm,1.0,1.0,QB1
00-0026158,2025,13,CIN,QB,0,0,xgb_blend_renorm,0.0,1.0,QB1
00-0026158,2025,14,CIN,QB,0,0,xgb_blend_renorm,0.0,0.6666666666666666,QB1
00-0026158,2025,15,CIN,QB,0,0,xgb_blend_renorm,0.0,0.33333333333333337,QB2
00-0026158,2025,16,CIN,QB,0,0,xgb_blend_renorm,0.0,0.0,QB2
00-0026158,2025,17,CIN,QB,0,0,xgb_blend_renorm,0.0,0.0,QB2
00-0026158,2025,18,CIN,QB,0,0,xgb_blend_renorm,0.0,0.0,QB2
00-0026300,2025,1,WAS,QB,1,0,xgb_blend_renorm,0.0,0.0,QB1
00-0026300,2025,2,WAS,QB,1,0,xgb_blend_renorm,0.0,0.0,QB2
00-0026300,2025,3,WAS,QB,1,0,xgb_blend_renorm,0.0,0.0,QB2
00-0026300,2025,4,WAS,QB,0,0,xgb_blend_renorm,0.0,0.0,QB3
00-0026300,2025,5,WAS,QB,0,0,xgb_blend_renorm,0.0,0.0,QB3
00-0026300,2025,6,WAS,QB,0,0,xgb_blend_renorm,0.0,0.0,QB3
00-0026300,2025,7,WAS,QB,0,0,xgb_blend_renorm,0.0,0.0,QB3
00-0026300,2025,8,WAS,QB,0,0,xgb_blend_renorm,0.0,0.0,QB3
00-0026300,2025,9,WAS,QB,0,0,xgb_blend_renorm,0.0,0.0,QB3
00-0026300,2025,10,WAS,QB,0,0,xgb_blend_renorm,0.0,0.0,QB3
00-0026300,2025,11,WAS,QB,0,0,xgb_blend_renorm,0.0,0.0,QB3
00-0026300,2025,13,WAS,QB,0,0,xgb_blend_renorm,0.0,0.0,QB3
00-0026300,2025,14,WAS,QB,0,0,xgb_blend_renorm,0.0,0.0,QB2
00-0026300,2025,15,WAS,QB,0,0,xgb_blend_renorm,0.0,0.0,QB3
00-0026300,2025,16,WAS,QB,0,0,xgb_blend_renorm,0.0,0.0,QB3
00-0026300,2025,17,WAS,QB,0,0,xgb_blend_renorm,0.0,0.0,QB3
00-0026300,2025,18,WAS,QB,0,0,xgb_blend_renorm,1.0,0.0,QB2
00-0026498,2025,1,LA,QB,1,0,xgb_blend_renorm,1.0,0.9090909090909091,QB1
00-0026498,2025,2,LA,QB,1,0,xgb_blend_renorm,1.0,0.9090909090909091,QB1
00-0026498,2025,3,LA,QB,1,0,xgb_blend_renorm,1.0,0.9090909090909091,QB1
00-0026498,2025,4,LA,QB,0,0,xgb_blend_renorm,1.0,1.0,QB1
00-0026498,2025,5,LA,QB,0,0,xgb_blend_renorm,1.0,1.0,QB1
00-0026498,2025,6,LA,QB,0,0,xgb_blend_renorm,1.0,1.0,QB1
00-0026498,2025,7,LA,QB,0,0,xgb_blend_renorm,1.0,1.0,QB1
00-0026498,2025,9,LA,QB,0,0,xgb_blend_renorm,1.0,1.0,QB1
00-0026498,2025,10,LA,QB,0,0,xgb_blend_renorm,1.0,1.0,QB1
00-0026498,2025,11,LA,QB,0,0,xgb_blend_renorm,1.0,1.0,QB1
00-0026498,2025,12,LA,QB,0,0,xgb_blend_renorm,1.0,1.0,QB1
00-0026498,2025,13,LA,QB,0,0,xgb_blend_renorm,1.0,1.0,QB1
00-0026498,2025,14,LA,QB,0,0,xgb_blend_renorm,1.0,1.0,QB1
00-0026498,2025,15,LA,QB,0,0,xgb_blend_renorm,1.0,1.0,QB1
00-0026498,2025,16,LA,QB,0,0,xgb_blend_renorm,1.0,1.0,QB1
00-0026498,2025,17,LA,QB,0,0,xgb_blend_renorm,1.0,1.0,QB1
00-0026498,2025,18,LA,QB,0,0,xgb_blend_renorm,1.0,1.0,QB1
00-0027973,2025,1,CAR,QB,1,0,xgb_blend_renorm,0.0,0.23076923076923075,QB1
00-0027973,2025,2,CAR,QB,1,0,xgb_blend_renorm,0.0,0.23076923076923075,QB2
00-0027973,2025,3,CAR,QB,1,0,xgb_blend_renorm,0.0,0.23076923076923075,QB2
00-0027973,2025,4,CAR,QB,0,0,xgb_blend_renorm,0.5,0.0,QB2
00-0027973,2025,5,CAR,QB,0,0,xgb_blend_renorm,0.0,0.25,QB2
00-0027973,2025,6,CAR,QB,0,0,xgb_blend_renorm,0.0,0.25,QB2
00-0027973,2025,7,CAR,QB,0,0,xgb_blend_renorm,0.0,0.16666666666666666,QB2
00-0027973,2025,8,CAR,QB,0,0,xgb_blend_renorm,0.0,0.0,QB2
00-0027973,2025,9,CAR,QB,0,0,xgb_blend_renorm,0.0,0.0,QB2
00-0027973,2025,10,CAR,QB,0,0,xgb_blend_renorm,0.0,0.0,QB2
00-0027973,2025,11,CAR,QB,0,0,xgb_blend_renorm,0.0,0.0,QB2
00-0027973,2025,12,CAR,QB,0,0,xgb_blend_renorm,0.0,0.0,QB2
00-0027973,2025,13,CAR,QB,0,0,xgb_blend_renorm,0.0,0.0,QB2
00-0027973,2025,15,CAR,QB,0,0,xgb_blend_renorm,0.0,0.0,QB2
00-0027973,2025,16,CAR,QB,0,0,xgb_blend_renorm,0.0,0.0,QB2
00-0027973,2025,17,CAR,QB,0,0,xgb_blend_renorm,0.0,0.0,QB2
00-0027973,2025,18,CAR,QB,0,0,xgb_blend_renorm,0.0,0.0,QB2
00-0028118,2025,1,NYJ,QB,1,0,xgb_blend_renorm,0.0,0.2727272727272727,QB1
00-0028118,2025,2,NYJ,QB,1,0,xgb_blend_renorm,1.0,0.2727272727272727,QB2
00-0028118,2025,3,NYJ,QB,1,0,xgb_blend_renorm,1.0,0.2727272727272727,QB2
00-0028118,2025,4,NYJ,QB,0,0,xgb_blend_renorm,0.0,0.6666666666666666,QB2
00-0028118,2025,5,NYJ,QB,0,0,xgb_blend_renorm,0.0,0.6666666666666666,QB2
00-0028118,2025,6,NYJ,QB,0,0,xgb_blend_renorm,0.0,0.33333333333333337,QB2
00-0028118,2025,7,NYJ,QB,0,0,xgb_blend_renorm,0.0,0.0,QB2
00-0028118,2025,8,NYJ,QB,0,0,xgb_blend_renorm,0.0,0.0,QB2
00-0028118,2025,10,NYJ,QB,0,0,xgb_blend_renorm,0.0,0.0,QB2
00-0028118,2025,11,NYJ,QB,0,0,xgb_blend_renorm,0.0,0.0,QB2
00-0028118,2025,12,NYJ,QB,0,0,xgb_blend_renorm,1.0,0.0,QB2
00-0028118,2025,13,NYJ,QB,0,0,xgb_blend_renorm,1.0,0.33333333333333337,QB2
00-0028118,2025,14,NYJ,QB,0,0,xgb_blend_renorm,0.0,0.6666666666666666,QB1
00-0028118,2025,15,NYJ,QB,0,0,xgb_blend_renorm,0.0,1.0,QB1
00-0028118,2025,16,NYJ,QB,0,0,xgb_blend_renorm,0.0,0.5,QB2
00-0028118,2025,17,NYJ,QB,0,0,xgb_blend_renorm,0.0,0.0,QB2
00-0028118,2025,18,NYJ,QB,0,0,xgb_blend_renorm,0.0,0.0,QB2
00-0028986,2025,1,CHI,QB,1,0,xgb_blend_renorm,0.0,0.0,QB1
00-0028986,2025,2,CHI,QB,1,0,xgb_blend_renorm,0.0,0.0,QB2
00-0028986,2025,3,CHI,QB,1,0,xgb_blend_renorm,0.0,0.0,QB3
00-0028986,2025,4,CHI,QB,0,0,xgb_blend_renorm,0.0,0.0,QB3
00-0028986,2025,6,CHI,QB,0,0,xgb_blend_renorm,0.0,0.0,QB3
00-0028986,2025,7,CHI,QB,0,0,xgb_blend_renorm,0.0,0.0,QB2
00-0028986,2025,8,CHI,QB,0,0,xgb_blend_renorm,0.0,0.0,QB2
00-0028986,2025,9,CHI,QB,0,0,xgb_blend_renorm,0.0,0.0,QB2
00-0028986,2025,10,CHI,QB,0,0,xgb_blend_renorm,0.0,0.0,QB3
00-0028986,2025,11,CHI,QB,0,0,xgb_blend_renorm,0.0,0.0,QB3
00-0028986,2025,12,CHI,QB,0,0,xgb_blend_renorm,0.0,0.0,QB3
00-0028986,2025,13,CHI,QB,0,0,xgb_blend_renorm,0.0,0.0,QB3
00-0028986,2025,14,CHI,QB,0,0,xgb_blend_renorm,0.0,0.0,QB3
00-0028986,2025,15,CHI,QB,0,0,xgb_blend_renorm,0.0,0.0,QB2
00-0028986,2025,16,CHI,QB,0,0,xgb_blend_renorm,0.0,0.0,QB2
00-0028986,2025,17,CHI,QB,0,0,xgb_blend_renorm,0.0,0.0,QB2
00-0028986,2025,18,CHI,QB,0,0,xgb_blend_renorm,0.0,0.0,QB2
00-0029263,2025,1,NYG,QB,1,0,xgb_blend_renorm,0.0,0.6,QB1
00-0029263,2025,2,NYG,QB,1,0,xgb_blend_renorm,1.0,0.6,QB1
00-0029263,2025,3,NYG,QB,1,0,xgb_blend_renorm,0.0,0.6,QB1
00-0029263,2025,4,NYG,QB,0,0,xgb_blend_renorm,0.0,1.0,QB1
00-0029263,2025,5,NYG,QB,0,0,xgb_blend_renorm,0.0,0.5,QB1
00-0029263,2025,6,NYG,QB,0,0,xgb_blend_renorm,0.0,0.0,QB2
00-0029263,2025,7,NYG,QB,0,0,xgb_blend_renorm,0.0,0.0,QB2
00-0029263,2025,8,NYG,QB,0,0,xgb_blend_renorm,0.0,0.0,QB2
00-0029263,2025,9,NYG,QB,0,0,xgb_blend_renorm,0.0,0.0,QB2
00-0029263,2025,10,NYG,QB,0,0,xgb_blend_renorm,0.0,0.0,QB2
00-0029263,2025,11,NYG,QB,0,0,xgb_blend_renorm,0.0,0.0,QB2
00-0029263,2025,12,NYG,QB,0,0,xgb_blend_renorm,0.0,0.0,QB3
00-0029263,2025,13,NYG,QB,0,0,xgb_blend_renorm,0.0,0.0,QB3
00-0029263,2025,15,NYG,QB,0,0,xgb_blend_renorm,0.0,0.0,QB3
00-0029263,2025,16,NYG,QB,0,0,xgb_blend_renorm,0.0,0.0,QB3
00-0029263,2025,17,NYG,QB,0,0,xgb_blend_renorm,0.0,0.0,QB3
00-0029263,2025,18,NYG,QB,0,0,xgb_blend_renorm,0.0,0.0,QB3
00-0029604,2025,1,ATL,QB,1,0,xgb_blend_renorm,0.0,0.8181818181818181,QB1
00-0029604,2025,2,ATL,QB,1,0,xgb_blend_renorm,0.0,0.8181818181818181,QB2
00-0029604,2025,3,ATL,QB,1,0,xgb_blend_renorm,0.0,0.8181818181818181,QB2
00-0029604,2025,4,ATL,QB,0,0,xgb_blend_renorm,0.0,0.0,QB2
00-0029604,2025,6,ATL,QB,0,0,xgb_blend_renorm,0.0,0.0,QB2
00-0029604,2025,7,ATL,QB,0,0,xgb_blend_renorm,0.0,0.0,QB2
00-0029604,2025,8,ATL,QB,0,0,xgb_blend_renorm,0.0,0.0,QB2
00-0029604,2025,9,ATL,QB,0,0,xgb_blend_renorm,0.0,0.0,QB2
00-0029604,2025,10,ATL,QB,0,0,xgb_blend_renorm,0.0,0.0,QB2
00-0029604,2025,11,ATL,QB,0,0,xgb_blend_renorm,0.0,0.0,QB2
00-0029604,2025,12,ATL,QB,0,0,xgb_blend_renorm,1.0,0.0,QB2
00-0029604,2025,13,ATL,QB,0,0,xgb_blend_renorm,1.0,0.5,QB2
00-0029604,2025,14,ATL,QB,0,0,xgb_blend_renorm,0.0,1.0,QB1
00-0029604,2025,15,ATL,QB,0,0,xgb_blend_renorm,1.0,1.0,QB1
00-0029604,2025,16,ATL,QB,0,0,xgb_blend_renorm,1.0,1.0,QB1
00-0029604,2025,17,ATL,QB,0,0,xgb_blend_renorm,1.0,1.0,QB1
00-0029604,2025,18,ATL,QB,0,0,xgb_blend_renorm,1.0,1.0,QB1
00-0030565,2025,1,LV,QB,1,0,xgb_blend_renorm,1.0,0.6902654867256637,QB1
00-0030565,2025,2,LV,QB,1,0,xgb_blend_renorm,0.0,0.6902654867256637,QB1
00-0030565,2025,3,LV,QB,1,0,xgb_blend_renorm,1.0,0.6902654867256637,QB1
00-0030565,2025,4,LV,QB,0,0,xgb_blend_renorm,1.0,1.0,QB1
00-0030565,2025,5,LV,QB,0,0,xgb_blend_renorm,0.0,1.0,QB1
00-0030565,2025,6,LV,QB,0,0,xgb_blend_renorm,1.0,1.0,QB1
00-0030565,2025,7,LV,QB,0,0,xgb_blend_renorm,0.0,1.0,QB1
00-0030565,2025,9,LV,QB,0,0,xgb_blend_renorm,1.0,1.0,QB1
00-0030565,2025,10,LV,QB,0,0,xgb_blend_renorm,0.0,1.0,QB1
00-0030565,2025,11,LV,QB,0,0,xgb_blend_renorm,1.0,1.0,QB1
00-0030565,2025,12,LV,QB,0,0,xgb_blend_renorm,1.0,1.0,QB1
00-0030565,2025,13,LV,QB,0,0,xgb_blend_renorm,1.0,1.0,QB1
00-0030565,2025,14,LV,QB,0,0,xgb_blend_renorm,0.5,1.0,QB1
00-0030565,2025,15,LV,QB,0,0,xgb_blend_renorm,0.0,0.8333333333333334,QB1
00-0030565,2025,16,LV,QB,0,0,xgb_blend_renorm,1.0,0.75,QB1
00-0030565,2025,17,LV,QB,0,0,xgb_blend_renorm,1.0,0.75,QB1
00-0030565,2025,18,LV,QB,0,0,xgb_blend_renorm,0.0,1.0,QB1
00-0031237,2025,1,TB,QB,1,0,xgb_blend_renorm,0.0,0.0,QB1
00-0031237,2025,2,TB,QB,1,0,xgb_blend_renorm,0.0,0.0,QB2
00-0031237,2025,3,TB,QB,1,0,xgb_blend_renorm,0.0,0.0,QB2
00-0031237,2025,4,TB,QB,0,0,xgb_blend_renorm,0.0,0.0,QB2
00-0031237,2025,5,TB,QB,0,0,xgb_blend_renorm,0.0,0.0,QB2
00-0031237,2025,6,TB,QB,0,0,xgb_blend_renorm,0.0,0.0,QB2
00-0031237,2025,7,TB,QB,0,0,xgb_blend_renorm,0.0,0.0,QB2
00-0031237,2025,8,TB,QB,0,0,xgb_blend_renorm,0.0,0.0,QB2
00-0031237,2025,10,TB,QB,0,0,xgb_blend_renorm,0.0,0.0,QB2
00-0031237,2025,11,TB,QB,0,0,xgb_blend_renorm,0.0,0.0,QB2
00-0031237,2025,12,TB,QB,0,0,xgb_blend_renorm,0.0,0.0,QB2
00-0031237,2025,13,TB,QB,0,0,xgb_blend_renorm,0.0,0.0,QB2
00-0031237,2025,14,TB,QB,0,0,xgb_blend_renorm,0.0,0.0,QB2
00-0031237,2025,15,TB,QB,0,0,xgb_blend_renorm,0.0,0.0,QB2
00-0031237,2025,16,TB,QB,0,0,xgb_blend_renorm,0.0,0.0,QB2
00-0031237,2025,17,TB,QB,0,0,xgb_blend_renorm,0.0,0.0,QB2
00-0031237,2025,18,TB,QB,0,0,xgb_blend_renorm,0.0,0.0,QB2
00-0031280,2025,1,NO,QB,1,0,xgb_blend_renorm,0.0,0.6666666666666666,QB2
00-0031280,2025,2,NO,QB,1,0,xgb_blend_renorm,0.0,0.6666666666666666,QB3
00-0031280,2025,3,NO,QB,1,0,xgb_blend_renorm,0.0,0.6666666666666666,QB3
00-0031280,2025,4,NO,QB,0,0,xgb_blend_renorm,0.0,0.0,QB3
00-0031280,2025,5,NO,QB,0,0,xgb_blend_renorm,0.0,0.0,QB3
00-0031280,2025,6,NO,QB,0,0,xgb_blend_renorm,0.0,0.0,QB4
00-0031280,2025,7,NO,QB,0,0,xgb_blend_renorm,0.0,0.0,QB3
00-0031280,2025,8,NO,QB,0,0,xgb_blend_renorm,0.0,0.0,QB3
00-0031280,2025,9,NO,QB,0,0,xgb_blend_renorm,0.0,0.0,QB4
00-0031280,2025,10,NO,QB,0,0,xgb_blend_renorm,0.0,0.0,QB4
00-0031280,2025,12,NO,QB,0,0,xgb_blend_renorm,0.0,0.0,QB4
00-0031280,2025,13,NO,QB,0,0,xgb_blend_renorm,0.0,0.0,QB3
00-0031280,2025,14,NO,QB,0,0,xgb_blend_renorm,0.0,0.0,QB3
00-0031280,2025,15,NO,QB,0,0,xgb_blend_renorm,0.0,0.0,QB3
00-0031280,2025,16,NO,QB,0,0,xgb_blend_renorm,0.0,0.0,QB4
00-0031280,2025,17,NO,QB,0,0,xgb_blend_renorm,0.0,0.0,QB4
00-0031280,2025,18,NO,QB,0,0,xgb_blend_renorm,0.0,0.0,QB4
00-0031345,2025,1,LA,QB,1,0,xgb_blend_renorm,0.0,0.0909090909090909,QB2
00-0031345,2025,2,LA,QB,1,0,xgb_blend_renorm,0.0,0.0909090909090909,QB2
00-0031345,2025,3,LA,QB,1,0,xgb_blend_renorm,0.0,0.0909090909090909,QB2
00-0031345,2025,4,LA,QB,0,0,xgb_blend_renorm,0.0,0.0,QB2
00-0031345,2025,5,LA,QB,0,0,xgb_blend_renorm,0.0,0.0,QB2
00-0031345,2025,6,LA,QB,0,0,xgb_blend_renorm,0.0,0.0,QB2
00-0031345,2025,7,LA,QB,0,0,xgb_blend_renorm,0.0,0.0,QB2
00-0031345,2025,9,LA,QB,0,0,xgb_blend_renorm,0.0,0.0,QB2
00-0031345,2025,10,LA,QB,0,0,xgb_blend_renorm,0.0,0.0,QB2
00-0031345,2025,11,LA,QB,0,0,xgb_blend_renorm,0.0,0.0,QB2
00-0031345,2025,12,LA,QB,0,0,xgb_blend_renorm,0.0,0.0,QB2
00-0031345,2025,13,LA,QB,0,0,xgb_blend_renorm,0.0,0.0,QB2
00-0031345,2025,14,LA,QB,0,0,xgb_blend_renorm,0.0,0.0,QB2
00-0031345,2025,15,LA,QB,0,0,xgb_blend_renorm,0.0,0.0,QB2
00-0031345,2025,16,LA,QB,0,0,xgb_blend_renorm,0.0,0.0,QB2
00-0031345,2025,17,LA,QB,0,0,xgb_blend_renorm,0.0,0.0,QB2
00-0031345,2025,18,LA,QB,0,0,xgb_blend_renorm,0.0,0.0,QB2
00-0031503,2025,1,NYG,QB,1,0,xgb_blend_renorm,0.0,0.4,QB2
00-0031503,2025,2,NYG,QB,1,0,xgb_blend_renorm,0.0,0.4,QB2
00-0031503,2025,3,NYG,QB,1,0,xgb_blend_renorm,0.0,0.4,QB3
00-0031503,2025,4,NYG,QB,0,0,xgb_blend_renorm,0.0,0.0,QB3
00-0031503,2025,5,NYG,QB,0,0,xgb_blend_renorm,0.0,0.0,QB3
00-0031503,2025,6,NYG,QB,0,0,xgb_blend_renorm,0.0,0.0,QB3
00-0031503,2025,7,NYG,QB,0,0,xgb_blend_renorm,0.0,0.0,QB3
00-0031503,2025,8,NYG,QB,0,0,xgb_blend_renorm,0.0,0.0,QB3
00-0031503,2025,9,NYG,QB,0,0,xgb_blend_renorm,0.0,0.0,QB3
00-0031503,2025,10,NYG,QB,0,0,xgb_blend_renorm,0.0,0.0,QB3
00-0031503,2025,11,NYG,QB,0,0,xgb_blend_renorm,0.0,0.0,QB3
00-0031503,2025,12,NYG,QB,0,0,xgb_blend_renorm,0.6666666666666666,0.0,QB2
00-0031503,2025,13,NYG,QB,0,0,xgb_blend_renorm,0.0,1.0,QB1
00-0031503,2025,15,NYG,QB,0,0,xgb_blend_renorm,0.0,0.39999999999999997,QB1
00-0031503,2025,16,NYG,QB,0,0,xgb_blend_renorm,0.0,0.25,QB2
00-0031503,2025,17,NYG,QB,0,0,xgb_blend_renorm,0.0,0.0,QB2
00-0031503,2025,18,NYG,QB,0,0,xgb_blend_renorm,0.0,0.0,QB2
00-0031800,2025,1,LAC,QB,1,0,xgb_blend_renorm,0.0,0.0,QB1
00-0032156,2025,1,TEN,QB,1,0,xgb_blend_renorm,0.0,0.0,QB1
00-0032156,2025,2,TEN,QB,1,0,xgb_blend_renorm,0.0,0.0,QB2
00-0032156,2025,3,TEN,QB,1,0,xgb_blend_renorm,0.0,0.0,QB2
00-0032156,2025,4,TEN,QB,0,0,xgb_blend_renorm,0.0,0.0,QB2
00-0032156,2025,5,TEN,QB,0,0,xgb_blend_renorm,0.0,0.0,QB2
00-0032156,2025,6,TEN,QB,0,0,xgb_blend_renorm,0.0,0.0,QB2
00-0032156,2025,7,TEN,QB,0,0,xgb_blend_renorm,0.0,0.0,QB2
00-0032156,2025,8,TEN,QB,0,0,xgb_blend_renorm,0.0,0.0,QB2
00-0032156,2025,9,TEN,QB,0,0,xgb_blend_renorm,0.0,0.0,QB2
00-0032156,2025,11,TEN,QB,0,0,xgb_blend_renorm,0.0,0.0,QB2
00-0032156,2025,12,TEN,QB,0,0,xgb_blend_renorm,0.0,0.0,QB2
00-0032156,2025,13,TEN,QB,0,0,xgb_blend_renorm,0.0,0.0,QB2
00-0032156,2025,14,TEN,QB,0,0,xgb_blend_renorm,0.0,0.0,QB2
00-0032156,2025,15,TEN,QB,0,0,xgb_blend_renorm,0.0,0.0,QB2
00-0032156,2025,16,TEN,QB,0,0,xgb_blend_renorm,0.0,0.0,QB2
00-0032156,2025,17,TEN,QB,0,0,xgb_blend_renorm,0.0,0.0,QB2
00-0032156,2025,18,TEN,QB,0,0,xgb_blend_renorm,0.0,0.0,QB2
00-0032268,2025,1,WAS,QB,1,0,xgb_blend_renorm,0.0,0.14285714285714285,QB2
00-0032268,2025,2,WAS,QB,1,0,xgb_blend_renorm,0.0,0.14285714285714285,QB3
00-0032268,2025,3,WAS,QB,1,0,xgb_blend_renorm,1.0,0.14285714285714285,QB3
00-0032268,2025,4,WAS,QB,0,0,xgb_blend_renorm,1.0,0.3333333333333333,QB2
00-0032268,2025,5,WAS,QB,0,0,xgb_blend_renorm,0.0,0.6666666666666666,QB1
00-0032268,2025,6,WAS,QB,0,0,xgb_blend_renorm,0.0,0.6666666666666666,QB1
00-0032268,2025,7,WAS,QB,0,0,xgb_blend_renorm,0.0,0.3333333333333333,QB2
00-0032268,2025,8,WAS,QB,0,0,xgb_blend_renorm,1.0,0.0,QB2
00-0032268,2025,9,WAS,QB,0,0,xgb_blend_renorm,0.0,0.3333333333333333,QB2
00-0032268,2025,10,WAS,QB,0,0,xgb_blend_renorm,1.0,0.5,QB2
00-0032268,2025,11,WAS,QB,0,0,xgb_blend_renorm,1.0,1.0,QB1
00-0032268,2025,13,WAS,QB,0,0,xgb_blend_renorm,1.0,1.0,QB1
00-0032268,2025,14,WAS,QB,0,0,xgb_blend_renorm,0.0,1.0,QB1
00-0032268,2025,15,WAS,QB,0,0,xgb_blend_renorm,1.0,1.0,QB1
00-0032268,2025,16,WAS,QB,0,0,xgb_blend_renorm,0.0,1.0,QB1
00-0032268,2025,17,WAS,QB,0,0,xgb_blend_renorm,0.0,1.0,QB1
00-0032268,2025,18,WAS,QB,0,0,xgb_blend_renorm,0.0,1.0,QB1
00-0032434,2025,1,TEN,QB,1,0,xgb_blend_renorm,0.0,0.09999999999999999,QB2
00-0032434,2025,2,TEN,QB,1,0,xgb_blend_renorm,0.0,0.09999999999999999,QB3
00-0032434,2025,3,TEN,QB,1,0,xgb_blend_renorm,0.0,0.05405405405405405,QB3
00-0032434,2025,4,TEN,QB,0,0,xgb_blend_renorm,0.0,0.0,QB3
00-0032434,2025,5,TEN,QB,0,0,xgb_blend_renorm,0.0,0.0,QB3
00-0032434,2025,6,TEN,QB,0,0,xgb_blend_renorm,0.0,0.0,QB3
00-0032434,2025,7,TEN,QB,0,0,xgb_blend_renorm,0.0,0.0,QB3
00-0032434,2025,8,TEN,QB,0,0,xgb_blend_renorm,0.0,0.0,QB3
00-0032434,2025,9,TEN,QB,0,0,xgb_blend_renorm,0.0,0.0,QB3
00-0032434,2025,11,TEN,QB,0,0,xgb_blend_renorm,0.0,0.0,QB3
00-0032434,2025,12,TEN,QB,0,0,xgb_blend_renorm,0.0,0.0,QB3
00-0032434,2025,13,TEN,QB,0,0,xgb_blend_renorm,0.0,0.0,QB3
00-0032434,2025,14,TEN,QB,0,0,xgb_blend_renorm,0.0,0.0,QB3
00-0032434,2025,15,TEN,QB,0,0,xgb_blend_renorm,0.0,0.0,QB3
00-0032434,2025,16,TEN,QB,0,0,xgb_blend_renorm,0.0,0.0,QB3
00-0032434,2025,17,TEN,QB,0,0,xgb_blend_renorm,0.0,0.0,QB3
00-0032434,2025,18,TEN,QB,0,0,xgb_blend_renorm,0.0,0.0,QB3
00-0032436,2025,1,LV,QB,1,0,xgb_blend_renorm,0.0,0.0,QB2
00-0032436,2025,2,LV,QB,1,0,xgb_blend_renorm,0.0,0.0,QB2
00-0032436,2025,3,LV,QB,1,0,xgb_blend_renorm,0.0,0.0,QB2
00-0032436,2025,4,LV,QB,0,0,xgb_blend_renorm,0.0,0.0,QB2
00-0032436,2025,5,LV,QB,0,0,xgb_blend_renorm,0.0,0.0,QB2
00-0032436,2025,6,LV,QB,0,0,xgb_blend_renorm,0.0,0.0,QB2
00-0032436,2025,10,ARI,QB,0,0,xgb_blend_renorm,0.0,0.0,QB2
00-0032436,2025,11,ARI,QB,0,0,xgb_blend_renorm,0.0,0.0,QB3
00-0032436,2025,12,ARI,QB,0,0,xgb_blend_renorm,0.0,0.0,QB3
00-0032436,2025,13,ARI,QB,0,0,xgb_blend_renorm,0.0,0.0,QB3
00-0032436,2025,14,ARI,QB,0,0,xgb_blend_renorm,0.0,0.0,QB3
00-0032436,2025,15,ARI,QB,0,0,xgb_blend_renorm,0.0,0.0,QB3
00-0032436,2025,16,ARI,QB,0,0,xgb_blend_renorm,0.0,0.0,QB2
00-0032436,2025,17,WAS,QB,0,0,xgb_blend_renorm,0.0,0.0,QB4
00-0032436,2025,18,WAS,QB,0,0,xgb_blend_renorm,0.0,0.0,QB3
00-0032950,2025,1,MIN,QB,1,0,xgb_blend_renorm,0.0,0.0,QB1
00-0032950,2025,2,MIN,QB,1,0,xgb_blend_renorm,0.0,0.0,QB2
00-0032950,2025,3,MIN,QB,1,0,xgb_blend_renorm,1.0,0.0,QB2
00-0032950,2025,4,MIN,QB,0,0,xgb_blend_renorm,1.0,0.425,QB2
00-0032950,2025,5,MIN,QB,0,0,xgb_blend_renorm,0.5,1.0,QB1
00-0032950,2025,7,MIN,QB,0,0,xgb_blend_renorm,0.0,1.0,QB1
00-0032950,2025,8,MIN,QB,0,0,xgb_blend_renorm,1.0,1.0,QB1
00-0032950,2025,9,MIN,QB,0,0,xgb_blend_renorm,0.0,1.0,QB1
00-0032950,2025,10,MIN,QB,0,0,xgb_blend_renorm,0.0,0.5,QB1
00-0032950,2025,11,MIN,QB,0,0,xgb_blend_renorm,0.0,0.33333333333333337,QB2
00-0032950,2025,12,MIN,QB,0,0,xgb_blend_renorm,0.0,0.0,QB2
00-0032950,2025,13,MIN,QB,0,0,xgb_blend_renorm,0.0,0.0,QB2
00-0032950,2025,14,MIN,QB,0,0,xgb_blend_renorm,0.0,0.0,QB3
00-0032950,2025,15,MIN,QB,0,0,xgb_blend_renorm,0.0,0.0,QB3
00-0032950,2025,16,MIN,QB,0,0,xgb_blend_renorm,0.0,0.0,QB3
00-0032950,2025,17,MIN,QB,0,0,xgb_blend_renorm,0.0,0.0,QB3
00-0032950,2025,18,MIN,QB,0,0,xgb_blend_renorm,0.0,0.0,QB3
00-0033077,2025,1,DAL,QB,1,0,xgb_blend_renorm,0.0,0.8666666666666666,QB1
00-0033077,2025,2,DAL,QB,1,0,xgb_blend_renorm,1.0,0.8666666666666666,QB1
00-0033077,2025,3,DAL,QB,1,0,xgb_blend_renorm,1.0,0.8666666666666666,QB1
00-0033077,2025,4,DAL,QB,0,0,xgb_blend_renorm,1.0,1.0,QB1
00-0033077,2025,5,DAL,QB,0,0,xgb_blend_renorm,1.0,1.0,QB1
00-0033077,2025,6,DAL,QB,0,0,xgb_blend_renorm,1.0,1.0,QB1
00-0033077,2025,7,DAL,QB,0,0,xgb_blend_renorm,1.0,1.0,QB1
00-0033077,2025,8,DAL,QB,0,0,xgb_blend_renorm,0.0,1.0,QB1
00-0033077,2025,9,DAL,QB,0,0,xgb_blend_renorm,1.0,0.6666666666666666,QB1
00-0033077,2025,11,DAL,QB,0,0,xgb_blend_renorm,1.0,0.6666666666666666,QB1
00-0033077,2025,12,DAL,QB,0,0,xgb_blend_renorm,1.0,0.6666666666666666,QB1
00-0033077,2025,13,DAL,QB,0,0,xgb_blend_renorm,1.0,1.0,QB1
00-0033077,2025,14,DAL,QB,0,0,xgb_blend_renorm,1.0,1.0,QB1
00-0033077,2025,15,DAL,QB,0,0,xgb_blend_renorm,0.0,1.0,QB1
00-0033077,2025,16,DAL,QB,0,0,xgb_blend_renorm,1.0,1.0,QB1
00-0033077,2025,17,DAL,QB,0,0,xgb_blend_renorm,1.0,1.0,QB1
00-0033077,2025,18,DAL,QB,0,0,xgb_blend_renorm,0.0,1.0,QB1
00-0033106,2025,1,DET,QB,1,0,xgb_blend_renorm,1.0,1.0,QB1
00-0033106,2025,2,DET,QB,1,0,xgb_blend_renorm,1.0,1.0,QB1
00-0033106,2025,3,DET,QB,1,0,xgb_blend_renorm,1.0,1.0,QB1
00-0033106,2025,4,DET,QB,0,0,xgb_blend_renorm,1.0,1.0,QB1
00-0033106,2025,5,DET,QB,0,0,xgb_blend_renorm,0.75,1.0,QB1
00-0033106,2025,6,DET,QB,0,0,xgb_blend_renorm,1.0,1.0,QB1
00-0033106,2025,7,DET,QB,0,0,xgb_blend_renorm,1.0,1.0,QB1
00-0033106,2025,9,DET,QB,0,0,xgb_blend_renorm,1.0,1.0,QB1
00-0033106,2025,10,DET,QB,0,0,xgb_blend_renorm,1.0,1.0,QB1
00-0033106,2025,11,DET,QB,0,0,xgb_blend_renorm,1.0,1.0,QB1
00-0033106,2025,12,DET,QB,0,0,xgb_blend_renorm,1.0,1.0,QB1
00-0033106,2025,13,DET,QB,0,0,xgb_blend_renorm,1.0,1.0,QB1
00-0033106,2025,14,DET,QB,0,0,xgb_blend_renorm,1.0,1.0,QB1
00-0033106,2025,15,DET,QB,0,0,xgb_blend_renorm,1.0,1.0,QB1
00-0033106,2025,16,DET,QB,0,0,xgb_blend_renorm,1.0,1.0,QB1
00-0033106,2025,17,DET,QB,0,0,xgb_blend_renorm,1.0,1.0,QB1
00-0033106,2025,18,DET,QB,0,0,xgb_blend_renorm,1.0,1.0,QB1
00-0033119,2025,1,ARI,QB,1,0,xgb_blend_renorm,0.0,0.125,QB1
00-0033119,2025,2,ARI,QB,1,0,xgb_blend_renorm,0.0,0.125,QB2
00-0033119,2025,3,ARI,QB,1,0,xgb_blend_renorm,0.0,0.125,QB2
00-0033119,2025,4,ARI,QB,0,0,xgb_blend_renorm,0.0,0.0,QB2
00-0033119,2025,5,ARI,QB,0,0,xgb_blend_renorm,0.0,0.0,QB2
00-0033119,2025,6,ARI,QB,0,0,xgb_blend_renorm,1.0,0.0,QB2
00-0033119,2025,7,ARI,QB,0,0,xgb_blend_renorm,1.0,0.5,QB2
00-0033119,2025,9,ARI,QB,0,0,xgb_blend_renorm,1.0,1.0,QB1
00-0033119,2025,10,ARI,QB,0,0,xgb_blend_renorm,1.0,1.0,QB1
00-0033119,2025,11,ARI,QB,0,0,xgb_blend_renorm,1.0,1.0,QB1
00-0033119,2025,12,ARI,QB,0,0,xgb_blend_renorm,1.0,1.0,QB1
00-0033119,2025,13,ARI,QB,0,0,xgb_blend_renorm,1.0,1.0,QB1
00-0033119,2025,14,ARI,QB,0,0,xgb_blend_renorm,1.0,1.0,QB1
00-0033119,2025,15,ARI,QB,0,0,xgb_blend_renorm,1.0,1.0,QB1
00-0033119,2025,16,ARI,QB,0,0,xgb_blend_renorm,1.0,1.0,QB1
00-0033119,2025,17,ARI,QB,0,0,xgb_blend_renorm,1.0,1.0,QB1
00-0033119,2025,18,ARI,QB,0,0,xgb_blend_renorm,1.0,1.0,QB1
00-0033319,2025,1,JAX,QB,1,0,xgb_blend_renorm,0.0,0.0,QB1
00-0033319,2025,2,JAX,QB,1,0,xgb_blend_renorm,0.0,0.0,QB2
00-0033319,2025,3,JAX,QB,1,0,xgb_blend_renorm,0.0,0.0,QB2
00-0033319,2025,4,JAX,QB,0,0,xgb_blend_renorm,0.0,0.0,QB2
00-0033319,2025,5,JAX,QB,0,0,xgb_blend_renorm,0.0,0.0,QB2
00-0033319,2025,6,JAX,QB,0,0,xgb_blend_renorm,0.0,0.0,QB2
00-0033319,2025,7,JAX,QB,0,0,xgb_blend_renorm,0.0,0.0,QB2
00-0033319,2025,9,JAX,QB,0,0,xgb_blend_renorm,0.0,0.0,QB2
00-0033319,2025,10,JAX,QB,0,0,xgb_blend_renorm,0.0,0.0,QB2
00-0033319,2025,11,JAX,QB,0,0,xgb_blend_renorm,0.0,0.0,QB2
00-0033319,2025,12,JAX,QB,0,0,xgb_blend_renorm,0.0,0.0,QB2
00-0033319,2025,13,JAX,QB,0,0,xgb_blend_renorm,0.0,0.0,QB2
00-0033319,2025,14,JAX,QB,0,0,xgb_blend_renorm,0.0,0.0,QB2
00-0033319,2025,15,JAX,QB,0,0,xgb_blend_renorm,0.0,0.0,QB2
00-0033319,2025,16,JAX,QB,0,0,xgb_blend_renorm,0.0,0.0,QB2
00-0033319,2025,17,JAX,QB,0,0,xgb_blend_renorm,0.0,0.0,QB2
00-0033319,2025,18,JAX,QB,0,0,xgb_blend_renorm,0.0,0.0,QB2
00-0033357,2025,1,NO,QB,1,0,xgb_blend_renorm,0.0,0.0,QB1
00-0033357,2025,2,NO,QB,1,0,xgb_blend_renorm,0.0,0.0,QB2
00-0033357,2025,3,NO,QB,1,0,xgb_blend_renorm,0.0,0.0,QB2
00-0033357,2025,4,NO,QB,0,0,xgb_blend_renorm,0.0,0.0,QB4
00-0033357,2025,5,NO,QB,0,0,xgb_blend_renorm,0.0,0.0,QB4
00-0033357,2025,6,NO,QB,0,0,xgb_blend_renorm,0.0,0.0,QB2
00-0033357,2025,7,NO,QB,0,0,xgb_blend_renorm,0.0,0.0,QB2
00-0033357,2025,8,NO,QB,0,0,xgb_blend_renorm,0.0,0.0,QB2
00-0033357,2025,9,NO,QB,0,0,xgb_blend_renorm,0.0,0.0,QB3
00-0033357,2025,10,NO,QB,0,0,xgb_blend_renorm,0.0,0.0,QB3
00-0033357,2025,12,NO,QB,0,0,xgb_blend_renorm,0.0,0.0,QB2
00-0033357,2025,13,NO,QB,0,0,xgb_blend_renorm,0.0,0.0,QB2
00-0033357,2025,14,NO,QB,0,0,xgb_blend_renorm,0.0,0.0,QB2
00-0033357,2025,15,NO,QB,0,0,xgb_blend_renorm,0.0,0.0,QB2
00-0033357,2025,16,NO,QB,0,0,xgb_blend_renorm,0.5,0.0,QB2
00-0033357,2025,17,NO,QB,0,0,xgb_blend_renorm,0.0,0.25,QB2
00-0033357,2025,18,NO,QB,0,0,xgb_blend_renorm,0.0,0.16666666666666666,QB2
00-0033537,2025,1,CLE,QB,1,0,xgb_blend_renorm,0.0,0.3615819209039548,QB2
00-0033537,2025,2,CLE,QB,1,0,xgb_blend_renorm,0.0,0.3615819209039548,QB2
00-0033537,2025,3,CLE,QB,1,0,xgb_blend_renorm,0.0,0.26122448979591834,QB3
00-0033537,2025,4,CLE,QB,0,0,xgb_blend_renorm,0.0,0.0,QB3
00-0033537,2025,5,CLE,QB,0,0,xgb_blend_renorm,0.0,0.0,QB3
00-0033537,2025,6,CLE,QB,0,0,xgb_blend_renorm,0.0,0.0,QB2
00-0033537,2025,7,CLE,QB,0,0,xgb_blend_renorm,0.0,0.0,QB2
00-0033537,2025,8,CLE,QB,0,0,xgb_blend_renorm,0.0,0.0,QB2
00-0033537,2025,10,CLE,QB,0,0,xgb_blend_renorm,0.0,0.0,QB2
00-0033537,2025,11,CLE,QB,0,0,xgb_blend_renorm,0.0,0.0,QB2
00-0033537,2025,12,CLE,QB,0,0,xgb_blend_renorm,0.0,0.0,QB3
00-0033537,2025,13,CLE,QB,0,0,xgb_blend_renorm,0.0,0.0,QB3
00-0033537,2025,14,CLE,QB,0,0,xgb_blend_renorm,0.0,0.0,QB3
00-0033537,2025,15,CLE,QB,0,0,xgb_blend_renorm,0.0,0.0,QB3
00-0033537,2025,16,CLE,QB,0,0,xgb_blend_renorm,0.0,0.0,QB3
00-0033537,2025,17,CLE,QB,0,0,xgb_blend_renorm,0.0,0.0,QB3
00-0033537,2025,18,CLE,QB,0,0,xgb_blend_renorm,0.0,0.0,QB3
00-0033662,2025,1,BAL,QB,1,0,xgb_blend_renorm,0.0,0.2727272727272727,QB1
00-0033662,2025,2,BAL,QB,1,0,xgb_blend_renorm,0.0,0.2727272727272727,QB2
00-0033662,2025,3,BAL,QB,1,0,xgb_blend_renorm,0.0,0.2727272727272727,QB2
00-0033662,2025,4,BAL,QB,0,0,xgb_blend_renorm,0.0,0.0,QB2
00-0033662,2025,5,BAL,QB,0,0,xgb_blend_renorm,0.0,0.0,QB2
00-0033662,2025,6,BAL,QB,0,0,xgb_blend_renorm,0.0,0.0,QB2
00-0033662,2025,8,BAL,QB,0,0,xgb_blend_renorm,0.0,0.0,QB1
00-0033662,2025,9,BAL,QB,0,0,xgb_blend_renorm,0.0,0.0,QB1
00-0033662,2025,10,BAL,QB,0,0,xgb_blend_renorm,0.0,0.0,QB3
00-0033662,2025,11,BAL,QB,0,0,xgb_blend_renorm,0.0,0.0,QB3
00-0033662,2025,12,BAL,QB,0,0,xgb_blend_renorm,0.0,0.0,QB2
00-0033662,2025,13,BAL,QB,0,0,xgb_blend_renorm,0.0,0.0,QB2
00-0033662,2025,14,BAL,QB,0,0,xgb_blend_renorm,0.0,0.0,QB2
00-0033662,2025,15,BAL,QB,0,0,xgb_blend_renorm,0.0,0.0,QB2
00-0033662,2025,16,BAL,QB,0,0,xgb_blend_renorm,0.0,0.0,QB3
00-0033662,2025,17,BAL,QB,0,0,xgb_blend_renorm,0.0,0.0,QB3
00-0033662,2025,18,BAL,QB,0,0,xgb_blend_renorm,0.0,0.0,QB3
00-0033869,2025,1,BUF,QB,1,0,xgb_blend_renorm,0.0,0.0888888888888889,QB1
00-0033869,2025,2,BUF,QB,1,0,xgb_blend_renorm,0.0,0.0888888888888889,QB2
00-0033869,2025,3,BUF,QB,1,0,xgb_blend_renorm,0.0,0.0888888888888889,QB2
00-0033869,2025,4,BUF,QB,0,0,xgb_blend_renorm,0.0,0.0,QB2
00-0033869,2025,5,BUF,QB,0,0,xgb_blend_renorm,0.0,0.0,QB2
00-0033869,2025,6,BUF,QB,0,0,xgb_blend_renorm,0.0,0.0,QB2
00-0033869,2025,8,BUF,QB,0,0,xgb_blend_renorm,0.0,0.0,QB2
00-0033869,2025,9,BUF,QB,0,0,xgb_blend_renorm,0.0,0.0,QB2
00-0033869,2025,10,BUF,QB,0,0,xgb_blend_renorm,0.0,0.0,QB2
00-0033869,2025,11,BUF,QB,0,0,xgb_blend_renorm,0.0,0.0,QB2
00-0033869,2025,12,BUF,QB,0,0,xgb_blend_renorm,0.0,0.0,QB2
00-0033869,2025,13,BUF,QB,0,0,xgb_blend_renorm,0.0,0.0,QB2
00-0033869,2025,14,BUF,QB,0,0,xgb_blend_renorm,0.0,0.0,QB2
00-0033869,2025,15,BUF,QB,0,0,xgb_blend_renorm,0.0,0.0,QB2
00-0033869,2025,16,BUF,QB,0,0,xgb_blend_renorm,0.0,0.0,QB2
00-0033869,2025,17,BUF,QB,0,0,xgb_blend_renorm,0.0,0.0,QB2
00-0033869,2025,18,BUF,QB,0,0,xgb_blend_renorm,1.0,0.0,QB2
00-0033873,2025,1,KC,QB,1,0,xgb_blend_renorm,1.0,0.6829268292682927,QB1
00-0033873,2025,2,KC,QB,1,0,xgb_blend_renorm,1.0,0.6829268292682927,QB1
00-0033873,2025,3,KC,QB,1,0,xgb_blend_renorm,1.0,0.6829268292682927,QB1
00-0033873,2025,4,KC,QB,0,0,xgb_blend_renorm,1.0,1.0,QB1
00-0033873,2025,5,KC,QB,0,0,xgb_blend_renorm,1.0,1.0,QB1
00-0033873,2025,6,KC,QB,0,0,xgb_blend_renorm,1.0,1.0,QB1
00-0033873,2025,7,KC,QB,0,0,xgb_blend_renorm,1.0,1.0,QB1
00-0033873,2025,8,KC,QB,0,0,xgb_blend_renorm,1.0,1.0,QB1
00-0033873,2025,9,KC,QB,0,0,xgb_blend_renorm,0.0,1.0,QB1
00-0033873,2025,11,KC,QB,0,0,xgb_blend_renorm,1.0,1.0,QB1
00-0033873,2025,12,KC,QB,0,0,xgb_blend_renorm,0.0,1.0,QB1
00-0033873,2025,13,KC,QB,0,0,xgb_blend_renorm,1.0,1.0,QB1
00-0033873,2025,14,KC,QB,0,0,xgb_blend_renorm,0.0,1.0,QB1
00-0033873,2025,15,KC,QB,0,0,xgb_blend_renorm,0.0,1.0,QB1
00-0033873,2025,16,KC,QB,0,0,xgb_blend_renorm,0.0,1.0,QB1
00-0033873,2025,17,KC,QB,0,0,xgb_blend_renorm,0.0,0.0,QB1
00-0033873,2025,18,KC,QB,0,0,xgb_blend_renorm,0.0,0.0,QB2
00-0033936,2025,1,DET,QB,1,0,xgb_blend_renorm,0.0,0.0,QB2
00-0033936,2025,2,DET,QB,1,0,xgb_blend_renorm,0.0,0.0,QB2
00-0033936,2025,3,DET,QB,1,0,xgb_blend_renorm,0.0,0.0,QB3
00-0033936,2025,4,DET,QB,0,0,xgb_blend_renorm,0.0,0.0,QB3
00-0033936,2025,5,DET,QB,0,0,xgb_blend_renorm,0.0,0.0,QB3
00-0033936,2025,6,DET,QB,0,0,xgb_blend_renorm,0.0,0.0,QB3
00-0033936,2025,7,DET,QB,0,0,xgb_blend_renorm,0.0,0.0,QB3
00-0033936,2025,9,DET,QB,0,0,xgb_blend_renorm,0.0,0.0,QB2
00-0033936,2025,10,DET,QB,0,0,xgb_blend_renorm,0.0,0.0,QB2
00-0033936,2025,11,DET,QB,0,0,xgb_blend_renorm,0.0,0.0,QB3
00-0033936,2025,12,DET,QB,0,0,xgb_blend_renorm,0.0,0.0,QB3
00-0033936,2025,13,DET,QB,0,0,xgb_blend_renorm,0.0,0.0,QB3
00-0033936,2025,14,DET,QB,0,0,xgb_blend_renorm,0.0,0.0,QB2
00-0033936,2025,15,DET,QB,0,0,xgb_blend_renorm,0.0,0.0,QB2
00-0033936,2025,16,DET,QB,0,0,xgb_blend_renorm,0.0,0.0,QB2
00-0033936,2025,17,DET,QB,0,0,xgb_blend_renorm,0.0,0.0,QB2
00-0033936,2025,18,DET,QB,0,0,xgb_blend_renorm,0.0,0.0,QB2
00-0033949,2025,1,NE,QB,1,0,xgb_blend_renorm,0.0,0.0909090909090909,QB1
00-0033949,2025,2,NE,QB,1,0,xgb_blend_renorm,0.0,0.0909090909090909,QB2
00-0033949,2025,3,NE,QB,1,0,xgb_blend_renorm,0.0,0.0909090909090909,QB2
00-0033949,2025,4,NE,QB,0,0,xgb_blend_renorm,0.0,0.0,QB2
00-0033949,2025,5,NE,QB,0,0,xgb_blend_renorm,0.0,0.0,QB2
00-0033949,2025,6,NE,QB,0,0,xgb_blend_renorm,0.0,0.0,QB2
00-0033949,2025,7,NE,QB,0,0,xgb_blend_renorm,0.0,0.0,QB2
00-0033949,2025,8,NE,QB,0,0,xgb_blend_renorm,0.0,0.0,QB2
00-0033949,2025,9,NE,QB,0,0,xgb_blend_renorm,0.0,0.0,QB2
00-0033949,2025,10,NE,QB,0,0,xgb_blend_renorm,0.0,0.0,QB2
00-0033949,2025,11,NE,QB,0,0,xgb_blend_renorm,0.0,0.0,QB2
00-0033949,2025,12,NE,QB,0,0,xgb_blend_renorm,0.0,0.0,QB2
00-0033949,2025,13,NE,QB,0,0,xgb_blend_renorm,0.0,0.0,QB2
00-0033949,2025,15,NE,QB,0,0,xgb_blend_renorm,0.0,0.0,QB2
00-0033949,2025,16,NE,QB,0,0,xgb_blend_renorm,0.0,0.0,QB2
00-0033949,2025,17,NE,QB,0,0,xgb_blend_renorm,0.0,0.0,QB2
00-0033949,2025,18,NE,QB,0,0,xgb_blend_renorm,0.0,0.0,QB2
00-0034401,2025,1,BUF,QB,1,0,xgb_blend_renorm,0.0,0.0,QB2
00-0034401,2025,3,CIN,QB,1,0,xgb_blend_renorm,0.0,0.0,QB3
00-0034401,2025,4,CIN,QB,1,0,xgb_blend_renorm,0.0,0.0,QB4
00-0034401,2025,5,CIN,QB,0,0,xgb_blend_renorm,0.0,0.0,QB4
00-0034401,2025,6,CIN,QB,0,0,xgb_blend_renorm,0.0,0.0,QB4
00-0034401,2025,8,CAR,QB,0,0,xgb_blend_renorm,0.0,0.0,QB3
00-0034401,2025,9,CAR,QB,0,0,xgb_blend_renorm,0.0,0.0,QB3
00-0034401,2025,10,CAR,QB,0,0,xgb_blend_renorm,0.0,0.0,QB3
00-0034401,2025,11,CAR,QB,0,0,xgb_blend_renorm,0.0,0.0,QB3
00-0034401,2025,12,CAR,QB,0,0,xgb_blend_renorm,0.0,0.0,QB3
00-0034401,2025,13,CAR,QB,0,0,xgb_blend_renorm,0.0,0.0,QB3
00-0034401,2025,15,CAR,QB,0,0,xgb_blend_renorm,0.0,0.0,QB3
00-0034401,2025,16,CAR,QB,0,0,xgb_blend_renorm,0.0,0.0,QB3
00-0034401,2025,17,CAR,QB,0,0,xgb_blend_renorm,0.0,0.0,QB3
00-0034401,2025,18,CAR,QB,0,0,xgb_blend_renorm,0.0,0.0,QB3
00-0034438,2025,2,PIT,QB,1,0,xgb_blend_renorm,0.0,0.0,QB4
00-0034438,2025,3,PIT,QB,1,0,xgb_blend_renorm,0.0,0.0,QB3
00-0034438,2025,4,PIT,QB,1,0,xgb_blend_renorm,0.0,0.0,QB3
00-0034438,2025,6,PIT,QB,0,0,xgb_blend_renorm,0.0,0.0,QB3
00-0034438,2025,7,PIT,QB,0,0,xgb_blend_renorm,0.0,0.0,QB3
00-0034438,2025,8,PIT,QB,0,0,xgb_blend_renorm,0.0,0.0,QB3
00-0034438,2025,17,ARI,QB,0,0,xgb_blend_renorm,0.0,0.0,QB2
00-0034438,2025,18,ARI,QB,0,0,xgb_blend_renorm,0.0,0.0,QB2
00-0034577,2025,1,DET,QB,1,0,xgb_blend_renorm,0.0,0.0,QB3
00-0034577,2025,2,DET,QB,1,0,xgb_blend_renorm,0.0,0.0,QB3
00-0034577,2025,3,DET,QB,1,0,xgb_blend_renorm,0.0,0.0,QB2
00-0034577,2025,4,DET,QB,0,0,xgb_blend_renorm,0.0,0.0,QB2
00-0034577,2025,5,DET,QB,0,0,xgb_blend_renorm,0.0,0.0,QB2
00-0034577,2025,6,DET,QB,0,0,xgb_blend_renorm,0.0,0.0,QB2
00-0034577,2025,7,DET,QB,0,0,xgb_blend_renorm,0.0,0.0,QB2
00-0034577,2025,9,DET,QB,0,0,xgb_blend_renorm,0.0,0.0,QB3
00-0034577,2025,10,DET,QB,0,0,xgb_blend_renorm,0.0,0.0,QB3
00-0034577,2025,11,DET,QB,0,0,xgb_blend_renorm,0.0,0.0,QB2
00-0034577,2025,12,DET,QB,0,0,xgb_blend_renorm,0.0,0.0,QB2
00-0034577,2025,13,DET,QB,0,0,xgb_blend_renorm,0.0,0.0,QB2
00-0034577,2025,14,DET,QB,0,0,xgb_blend_renorm,0.0,0.0,QB3
00-0034577,2025,15,DET,QB,0,0,xgb_blend_renorm,0.0,0.0,QB3
00-0034577,2025,16,DET,QB,0,0,xgb_blend_renorm,0.0,0.0,QB3
00-0034577,2025,17,DET,QB,0,0,xgb_blend_renorm,0.0,0.0,QB3
00-0034577,2025,18,DET,QB,0,0,xgb_blend_renorm,0.0,0.0,QB3
00-0034771,2025,1,PIT,QB,1,0,xgb_blend_renorm,0.0,0.3076923076923077,QB2
00-0034771,2025,2,PIT,QB,1,0,xgb_blend_renorm,0.0,0.3076923076923077,QB2
00-0034771,2025,3,PIT,QB,1,0,xgb_blend_renorm,0.0,0.3076923076923077,QB2
00-0034771,2025,4,PIT,QB,0,0,xgb_blend_renorm,0.0,0.0,QB2
00-0034771,2025,6,PIT,QB,0,0,xgb_blend_renorm,0.0,0.0,QB2
00-0034771,2025,7,PIT,QB,0,0,xgb_blend_renorm,0.0,0.0,QB2
00-0034771,2025,8,PIT,QB,0,0,xgb_blend_renorm,0.0,0.0,QB2
00-0034771,2025,9,PIT,QB,0,0,xgb_blend_renorm,0.0,0.0,QB2
00-0034771,2025,10,PIT,QB,0,0,xgb_blend_renorm,0.0,0.0,QB2
00-0034771,2025,11,PIT,QB,0,0,xgb_blend_renorm,0.5,0.0,QB2
00-0034771,2025,12,PIT,QB,0,0,xgb_blend_renorm,1.0,0.16666666666666666,QB2
00-0034771,2025,13,PIT,QB,0,0,xgb_blend_renorm,0.0,0.5,QB2
00-0034771,2025,14,PIT,QB,0,0,xgb_blend_renorm,0.0,0.75,QB1
00-0034771,2025,15,PIT,QB,0,0,xgb_blend_renorm,0.0,0.5,QB2
00-0034771,2025,16,PIT,QB,0,0,xgb_blend_renorm,0.0,0.0,QB2
00-0034771,2025,17,PIT,QB,0,0,xgb_blend_renorm,0.0,0.0,QB2
00-0034771,2025,18,PIT,QB,0,0,xgb_blend_renorm,0.0,0.0,QB2
00-0034796,2025,1,BAL,QB,1,0,xgb_blend_renorm,1.0,0.6181818181818182,QB2
00-0034796,2025,2,BAL,QB,1,0,xgb_blend_renorm,1.0,0.6181818181818182,QB1
00-0034796,2025,3,BAL,QB,1,0,xgb_blend_renorm,1.0,0.6181818181818182,QB1
00-0034796,2025,4,BAL,QB,0,0,xgb_blend_renorm,1.0,1.0,QB1
00-0034796,2025,5,BAL,QB,0,0,xgb_blend_renorm,0.0,1.0,QB1
00-0034796,2025,6,BAL,QB,0,0,xgb_blend_renorm,0.0,1.0,QB1
00-0034796,2025,8,BAL,QB,0,0,xgb_blend_renorm,0.0,1.0,QB2
00-0034796,2025,9,BAL,QB,0,0,xgb_blend_renorm,1.0,0.0,QB3
00-0034796,2025,10,BAL,QB,0,0,xgb_blend_renorm,1.0,0.5,QB2
00-0034796,2025,11,BAL,QB,0,0,xgb_blend_renorm,0.0,0.6666666666666666,QB1
00-0034796,2025,12,BAL,QB,0,0,xgb_blend_renorm,0.0,1.0,QB1
00-0034796,2025,13,BAL,QB,0,0,xgb_blend_renorm,0.0,1.0,QB1
00-0034796,2025,14,BAL,QB,0,0,xgb_blend_renorm,1.0,0.0,QB1
00-0034796,2025,15,BAL,QB,0,0,xgb_blend_renorm,1.0,1.0,QB1
00-0034796,2025,16,BAL,QB,0,0,xgb_blend_renorm,0.0,1.0,QB1
00-0034796,2025,17,BAL,QB,0,0,xgb_blend_renorm,0.0,1.0,QB1
00-0034796,2025,18,BAL,QB,0,0,xgb_blend_renorm,1.0,0.5,QB2
00-0034855,2025,1,TB,QB,1,0,xgb_blend_renorm,1.0,1.0,QB2
00-0034855,2025,2,TB,QB,1,0,xgb_blend_renorm,1.0,1.0,QB1
00-0034855,2025,3,TB,QB,1,0,xgb_blend_renorm,1.0,1.0,QB1
00-0034855,2025,4,TB,QB,0,0,xgb_blend_renorm,1.0,1.0,QB1
00-0034855,2025,5,TB,QB,0,0,xgb_blend_renorm,1.0,1.0,QB1
00-0034855,2025,6,TB,QB,0,0,xgb_blend_renorm,1.0,1.0,QB1
00-0034855,2025,7,TB,QB,0,0,xgb_blend_renorm,1.0,1.0,QB1
00-0034855,2025,8,TB,QB,0,0,xgb_blend_renorm,0.0,1.0,QB1
00-0034855,2025,10,TB,QB,0,0,xgb_blend_renorm,1.0,1.0,QB1
00-0034855,2025,11,TB,QB,0,0,xgb_blend_renorm,1.0,1.0,QB1
00-0034855,2025,12,TB,QB,0,0,xgb_blend_renorm,1.0,1.0,QB1
00-0034855,2025,13,TB,QB,0,0,xgb_blend_renorm,1.0,1.0,QB1
00-0034855,2025,14,TB,QB,0,0,xgb_blend_renorm,1.0,1.0,QB1
00-0034855,2025,15,TB,QB,0,0,xgb_blend_renorm,1.0,1.0,QB1
00-0034855,2025,16,TB,QB,0,0,xgb_blend_renorm,1.0,1.0,QB1
00-0034855,2025,17,TB,QB,0,0,xgb_blend_renorm,1.0,1.0,QB1
00-0034855,2025,18,TB,QB,0,0,xgb_blend_renorm,1.0,1.0,QB1
00-0034857,2025,1,BUF,QB,1,0,xgb_blend_renorm,1.0,0.9111111111111112,QB3
00-0034857,2025,2,BUF,QB,1,0,xgb_blend_renorm,0.0,0.9111111111111112,QB1
00-0034857,2025,3,BUF,QB,1,0,xgb_blend_renorm,1.0,0.9111111111111112,QB1
00-0034857,2025,4,BUF,QB,0,0,xgb_blend_renorm,1.0,1.0,QB1
00-0034857,2025,5,BUF,QB,0,0,xgb_blend_renorm,1.0,1.0,QB1
00-0034857,2025,6,BUF,QB,0,0,xgb_blend_renorm,1.0,1.0,QB1
00-0034857,2025,8,BUF,QB,0,0,xgb_blend_renorm,1.0,1.0,QB1
00-0034857,2025,9,BUF,QB,0,0,xgb_blend_renorm,1.0,1.0,QB1
00-0034857,2025,10,BUF,QB,0,0,xgb_blend_renorm,1.0,1.0,QB1
00-0034857,2025,11,BUF,QB,0,0,xgb_blend_renorm,1.0,1.0,QB1
00-0034857,2025,12,BUF,QB,0,0,xgb_blend_renorm,0.0,1.0,QB1
00-0034857,2025,13,BUF,QB,0,0,xgb_blend_renorm,1.0,1.0,QB1
00-0034857,2025,14,BUF,QB,0,0,xgb_blend_renorm,1.0,1.0,QB1
00-0034857,2025,15,BUF,QB,0,0,xgb_blend_renorm,1.0,1.0,QB1
00-0034857,2025,16,BUF,QB,0,0,xgb_blend_renorm,0.0,1.0,QB1
00-0034857,2025,17,BUF,QB,0,0,xgb_blend_renorm,0.0,1.0,QB1
00-0034857,2025,18,BUF,QB,0,0,xgb_blend_renorm,0.0,1.0,QB1
00-0034869,2025,1,SEA,QB,1,0,xgb_blend_renorm,0.0,0.8235294117647058,QB1
00-0034869,2025,2,SEA,QB,1,0,xgb_blend_renorm,1.0,0.8235294117647058,QB1
00-0034869,2025,3,SEA,QB,1,0,xgb_blend_renorm,1.0,0.8235294117647058,QB1
00-0034869,2025,4,SEA,QB,0,0,xgb_blend_renorm,1.0,1.0,QB1
00-0034869,2025,5,SEA,QB,0,0,xgb_blend_renorm,1.0,1.0,QB1
00-0034869,2025,6,SEA,QB,0,0,xgb_blend_renorm,1.0,1.0,QB1
00-0034869,2025,7,SEA,QB,0,0,xgb_blend_renorm,1.0,1.0,QB1
00-0034869,2025,9,SEA,QB,0,0,xgb_blend_renorm,1.0,1.0,QB1
00-0034869,2025,10,SEA,QB,0,0,xgb_blend_renorm,1.0,1.0,QB1
00-0034869,2025,11,SEA,QB,0,0,xgb_blend_renorm,0.0,1.0,QB1
00-0034869,2025,12,SEA,QB,0,0,xgb_blend_renorm,1.0,1.0,QB1
00-0034869,2025,13,SEA,QB,0,0,xgb_blend_renorm,0.0,1.0,QB1
00-0034869,2025,14,SEA,QB,0,0,xgb_blend_renorm,1.0,1.0,QB1
00-0034869,2025,15,SEA,QB,0,0,xgb_blend_renorm,0.0,1.0,QB1
00-0034869,2025,16,SEA,QB,0,0,xgb_blend_renorm,1.0,1.0,QB1
00-0034869,2025,17,SEA,QB,0,0,xgb_blend_renorm,1.0,1.0,QB1
00-0034869,2025,18,SEA,QB,0,0,xgb_blend_renorm,0.0,1.0,QB1
00-0034899,2025,1,JAX,QB,1,0,xgb_blend_renorm,0.0,0.0,QB2
00-0034899,2025,9,MIN,QB,1,0,xgb_blend_renorm,0.0,0.0,QB3
00-0034899,2025,10,MIN,QB,1,0,xgb_blend_renorm,0.0,0.0,QB4
00-0034899,2025,11,MIN,QB,0,0,xgb_blend_renorm,0.0,0.0,QB4
00-0034899,2025,12,MIN,QB,0,0,xgb_blend_renorm,0.0,0.0,QB3
00-0034899,2025,13,MIN,QB,0,0,xgb_blend_renorm,0.0,0.0,QB3
00-0034899,2025,14,MIN,QB,0,0,xgb_blend_renorm,0.0,0.0,QB4
00-0034899,2025,15,MIN,QB,0,0,xgb_blend_renorm,0.0,0.0,QB4
00-0034899,2025,16,MIN,QB,0,0,xgb_blend_renorm,0.0,0.0,QB4
00-0034899,2025,17,MIN,QB,0,0,xgb_blend_renorm,0.0,0.0,QB4
00-0034899,2025,18,MIN,QB,0,0,xgb_blend_renorm,0.0,0.0,QB4
00-0034955,2025,1,CIN,QB,1,0,xgb_blend_renorm,0.0,0.0,QB1
00-0034955,2025,2,CIN,QB,1,0,xgb_blend_renorm,0.0,0.0,QB2
00-0034955,2025,3,CIN,QB,1,0,xgb_blend_renorm,0.0,0.0,QB4
00-0034955,2025,4,CIN,QB,0,0,xgb_blend_renorm,0.0,0.0,QB3
00-0034955,2025,5,CIN,QB,0,0,xgb_blend_renorm,0.0,0.0,QB3
00-0034955,2025,6,CIN,QB,0,0,xgb_blend_renorm,0.0,0.0,QB3
00-0034955,2025,7,IND,QB,0,0,xgb_blend_renorm,0.0,0.0,QB3
00-0034955,2025,8,IND,QB,0,0,xgb_blend_renorm,0.0,0.0,QB3
00-0034955,2025,9,IND,QB,0,0,xgb_blend_renorm,0.0,0.0,QB3
00-0034955,2025,10,IND,QB,0,0,xgb_blend_renorm,0.0,0.0,QB3
00-0034955,2025,12,IND,QB,0,0,xgb_blend_renorm,0.0,0.0,QB3
00-0034955,2025,13,IND,QB,0,0,xgb_blend_renorm,0.0,0.0,QB2
00-0034955,2025,14,IND,QB,0,0,xgb_blend_renorm,0.0,0.0,QB2
00-0034955,2025,15,IND,QB,0,0,xgb_blend_renorm,0.0,0.0,QB3
00-0034955,2025,16,IND,QB,0,0,xgb_blend_renorm,0.0,0.0,QB4
00-0034955,2025,17,MIN,QB,0,0,xgb_blend_renorm,0.0,0.0,QB4
00-0034955,2025,18,MIN,QB,0,0,xgb_blend_renorm,0.0,0.0,QB4
00-0035100,2025,1,CIN,QB,1,0,xgb_blend_renorm,0.0,0.0,QB2
00-0035100,2025,2,CIN,QB,1,0,xgb_blend_renorm,0.6666666666666666,0.0,QB3
00-0035100,2025,3,CIN,QB,1,0,xgb_blend_renorm,1.0,0.0,QB2
00-0035100,2025,4,CIN,QB,0,0,xgb_blend_renorm,0.0,0.5555555555555556,QB1
00-0035100,2025,5,CIN,QB,0,0,xgb_blend_renorm,1.0,0.8333333333333334,QB1
00-0035100,2025,6,CIN,QB,0,0,xgb_blend_renorm,0.0,1.0,QB1
00-0035100,2025,7,CIN,QB,0,0,xgb_blend_renorm,0.0,0.5,QB1
00-0035100,2025,8,CIN,QB,0,0,xgb_blend_renorm,0.0,0.3333333333333333,QB2
00-0035100,2025,9,CIN,QB,0,0,xgb_blend_renorm,0.0,0.0,QB2
00-0035100,2025,11,CIN,QB,0,0,xgb_blend_renorm,0.0,0.0,QB2
00-0035100,2025,12,CIN,QB,0,0,xgb_blend_renorm,0.0,0.0,QB2
00-0035100,2025,13,CIN,QB,0,0,xgb_blend_renorm,0.0,0.0,QB2
00-0035100,2025,14,CIN,QB,0,0,xgb_blend_renorm,0.0,0.0,QB3
00-0035100,2025,15,CIN,QB,0,0,xgb_blend_renorm,0.0,0.0,QB3
00-0035100,2025,16,CIN,QB,0,0,xgb_blend_renorm,0.0,0.0,QB3
00-0035100,2025,17,CIN,QB,0,0,xgb_blend_renorm,0.0,0.0,QB3
00-0035100,2025,18,CIN,QB,0,0,xgb_blend_renorm,0.0,0.0,QB3
00-0035228,2025,1,ARI,QB,1,0,xgb_blend_renorm,1.0,0.875,QB2
00-0035228,2025,2,ARI,QB,1,0,xgb_blend_renorm,1.0,0.875,QB1
00-0035228,2025,3,ARI,QB,1,0,xgb_blend_renorm,1.0,0.875,QB1
00-0035228,2025,4,ARI,QB,0,0,xgb_blend_renorm,1.0,1.0,QB1
00-0035228,2025,5,ARI,QB,0,0,xgb_blend_renorm,0.0,1.0,QB1
00-0035228,2025,6,ARI,QB,0,0,xgb_blend_renorm,0.0,1.0,QB1
00-0035228,2025,7,ARI,QB,0,0,xgb_blend_renorm,0.0,0.5,QB1
00-0035228,2025,9,ARI,QB,0,0,xgb_blend_renorm,0.0,0.0,QB2
00-0035228,2025,10,ARI,QB,0,0,xgb_blend_renorm,0.0,0.0,QB3
00-0035228,2025,11,ARI,QB,0,0,xgb_blend_renorm,0.0,0.0,QB4
00-0035228,2025,12,ARI,QB,0,0,xgb_blend_renorm,0.0,0.0,QB4
00-0035228,2025,13,ARI,QB,0,0,xgb_blend_renorm,0.0,0.0,QB4
00-0035228,2025,14,ARI,QB,0,0,xgb_blend_renorm,0.0,0.0,QB4
00-0035228,2025,15,ARI,QB,0,0,xgb_blend_renorm,0.0,0.0,QB4
00-0035228,2025,16,ARI,QB,0,0,xgb_blend_renorm,0.0,0.0,QB3
00-0035228,2025,17,ARI,QB,0,0,xgb_blend_renorm,0.0,0.0,QB3
00-0035228,2025,18,ARI,QB,0,0,xgb_blend_renorm,0.0,0.0,QB3
00-0035251,2025,1,DAL,QB,1,0,xgb_blend_renorm,0.0,0.0,QB2
00-0035251,2025,2,DAL,QB,1,0,xgb_blend_renorm,0.0,0.0,QB2
00-0035251,2025,3,DAL,QB,1,0,xgb_blend_renorm,0.0,0.0,QB2
00-0035251,2025,4,DAL,QB,0,0,xgb_blend_renorm,0.0,0.0,QB3
00-0035251,2025,5,DAL,QB,0,0,xgb_blend_renorm,0.0,0.0,QB3
00-0035251,2025,6,DAL,QB,0,0,xgb_blend_renorm,0.0,0.0,QB3
00-0035251,2025,7,DAL,QB,0,0,xgb_blend_renorm,0.0,0.0,QB2
00-0035251,2025,8,DAL,QB,0,0,xgb_blend_renorm,0.0,0.0,QB2
00-0035251,2025,9,DAL,QB,0,0,xgb_blend_renorm,0.0,0.0,QB3
00-0035251,2025,11,DAL,QB,0,0,xgb_blend_renorm,0.0,0.0,QB3
00-0035251,2025,12,DAL,QB,0,0,xgb_blend_renorm,0.0,0.0,QB3
00-0035251,2025,13,DAL,QB,0,0,xgb_blend_renorm,0.0,0.0,QB2
00-0035251,2025,14,DAL,QB,0,0,xgb_blend_renorm,0.0,0.0,QB2
00-0035251,2025,15,DAL,QB,0,0,xgb_blend_renorm,0.0,0.0,QB2
00-0035251,2025,16,DAL,QB,0,0,xgb_blend_renorm,0.0,0.0,QB2
00-0035251,2025,17,DAL,QB,0,0,xgb_blend_renorm,0.0,0.0,QB3
00-0035251,2025,18,DAL,QB,0,0,xgb_blend_renorm,0.0,0.0,QB3
00-0035264,2025,1,DEN,QB,1,0,xgb_blend_renorm,0.0,0.0,QB2
00-0035264,2025,2,DEN,QB,1,0,xgb_blend_renorm,0.0,0.0,QB2
00-0035264,2025,3,DEN,QB,1,0,xgb_blend_renorm,0.0,0.0,QB2
00-0035264,2025,4,DEN,QB,0,0,xgb_blend_renorm,0.0,0.0,QB2
00-0035264,2025,5,DEN,QB,0,0,xgb_blend_renorm,0.0,0.0,QB2
00-0035264,2025,6,DEN,QB,0,0,xgb_blend_renorm,0.0,0.0,QB2
00-0035264,2025,7,DEN,QB,0,0,xgb_blend_renorm,0.0,0.0,QB2
00-0035264,2025,8,DEN,QB,0,0,xgb_blend_renorm,0.0,0.0,QB2
00-0035264,2025,9,DEN,QB,0,0,xgb_blend_renorm,0.0,0.0,QB2
00-0035264,2025,10,DEN,QB,0,0,xgb_blend_renorm,0.0,0.0,QB2
00-0035264,2025,11,DEN,QB,0,0,xgb_blend_renorm,0.0,0.0,QB2
00-0035264,2025,13,DEN,QB,0,0,xgb_blend_renorm,0.0,0.0,QB2
00-0035264,2025,14,DEN,QB,0,0,xgb_blend_renorm,0.0,0.0,QB2
00-0035264,2025,15,DEN,QB,0,0,xgb_blend_renorm,0.0,0.0,QB2
00-0035264,2025,16,DEN,QB,0,0,xgb_blend_renorm,0.0,0.0,QB2
00-0035264,2025,17,DEN,QB,0,0,xgb_blend_renorm,0.0,0.0,QB2
00-0035264,2025,18,DEN,QB,0,0,xgb_blend_renorm,0.0,0.0,QB2
00-0035282,2025,1,ATL,QB,1,0,xgb_blend_renorm,0.0,0.0,QB2
00-0035282,2025,2,ATL,QB,1,0,xgb_blend_renorm,0.0,0.0,QB3
00-0035282,2025,3,ATL,QB,1,0,xgb_blend_renorm,0.0,0.0,QB3
00-0035282,2025,4,ATL,QB,0,0,xgb_blend_renorm,0.0,0.0,QB3
00-0035282,2025,6,ATL,QB,0,0,xgb_blend_renorm,0.0,0.0,QB3
00-0035282,2025,7,ATL,QB,0,0,xgb_blend_renorm,0.0,0.0,QB3
00-0035282,2025,8,ATL,QB,0,0,xgb_blend_renorm,0.0,0.0,QB3
00-0035282,2025,9,ATL,QB,0,0,xgb_blend_renorm,0.0,0.0,QB3
00-0035282,2025,10,ATL,QB,0,0,xgb_blend_renorm,0.0,0.0,QB3
00-0035282,2025,11,ATL,QB,0,0,xgb_blend_renorm,0.0,0.0,QB3
00-0035282,2025,12,ATL,QB,0,0,xgb_blend_renorm,0.0,0.0,QB3
00-0035282,2025,13,ATL,QB,0,0,xgb_blend_renorm,0.0,0.0,QB3
00-0035282,2025,14,ATL,QB,0,0,xgb_blend_renorm,0.0,0.0,QB3
00-0035282,2025,15,ATL,QB,0,0,xgb_blend_renorm,0.0,0.0,QB2
00-0035282,2025,16,ATL,QB,0,0,xgb_blend_renorm,0.0,0.0,QB2
00-0035282,2025,17,ATL,QB,0,0,xgb_blend_renorm,0.0,0.0,QB2
00-0035282,2025,18,ATL,QB,0,0,xgb_blend_renorm,0.0,0.0,QB2
00-0035289,2025,1,KC,QB,1,0,xgb_blend_renorm,0.0,0.3170731707317073,QB2
00-0035289,2025,2,KC,QB,1,0,xgb_blend_renorm,0.0,0.3170731707317073,QB2
00-0035289,2025,3,KC,QB,1,0,xgb_blend_renorm,0.0,0.3170731707317073,QB2
00-0035289,2025,4,KC,QB,0,0,xgb_blend_renorm,0.0,0.0,QB2
00-0035289,2025,5,KC,QB,0,0,xgb_blend_renorm,0.0,0.0,QB2
00-0035289,2025,6,KC,QB,0,0,xgb_blend_renorm,0.0,0.0,QB2
00-0035289,2025,7,KC,QB,0,0,xgb_blend_renorm,0.0,0.0,QB2
00-0035289,2025,8,KC,QB,0,0,xgb_blend_renorm,0.0,0.0,QB2
00-0035289,2025,9,KC,QB,0,0,xgb_blend_renorm,0.0,0.0,QB2
00-0035289,2025,11,KC,QB,0,0,xgb_blend_renorm,0.0,0.0,QB2
00-0035289,2025,12,KC,QB,0,0,xgb_blend_renorm,0.0,0.0,QB2
00-0035289,2025,13,KC,QB,0,0,xgb_blend_renorm,0.0,0.0,QB2
00-0035289,2025,14,KC,QB,0,0,xgb_blend_renorm,0.0,0.0,QB2
00-0035289,2025,15,KC,QB,0,0,xgb_blend_renorm,0.0,0.0,QB2
00-0035289,2025,16,KC,QB,0,0,xgb_blend_renorm,0.0,0.0,QB2
00-0035289,2025,17,KC,QB,0,0,xgb_blend_renorm,0.0,0.0,QB3
00-0035289,2025,18,KC,QB,0,0,xgb_blend_renorm,0.0,0.0,QB3
00-0035704,2025,1,SEA,QB,1,0,xgb_blend_renorm,0.0,0.17647058823529413,QB2
00-0035704,2025,2,SEA,QB,1,0,xgb_blend_renorm,0.0,0.17647058823529413,QB3
00-0035704,2025,3,SEA,QB,1,0,xgb_blend_renorm,0.0,0.17647058823529413,QB3
00-0035704,2025,4,SEA,QB,0,0,xgb_blend_renorm,0.0,0.0,QB2
00-0035704,2025,5,SEA,QB,0,0,xgb_blend_renorm,0.0,0.0,QB2
00-0035704,2025,6,SEA,QB,0,0,xgb_blend_renorm,0.0,0.0,QB2
00-0035704,2025,7,SEA,QB,0,0,xgb_blend_renorm,0.0,0.0,QB3
00-0035704,2025,9,SEA,QB,0,0,xgb_blend_renorm,0.0,0.0,QB3
00-0035704,2025,10,SEA,QB,0,0,xgb_blend_renorm,0.0,0.0,QB2
00-0035704,2025,11,SEA,QB,0,0,xgb_blend_renorm,0.0,0.0,QB2
00-0035704,2025,12,SEA,QB,0,0,xgb_blend_renorm,0.0,0.0,QB2
00-0035704,2025,13,SEA,QB,0,0,xgb_blend_renorm,0.0,0.0,QB2
00-0035704,2025,14,SEA,QB,0,0,xgb_blend_renorm,0.0,0.0,QB2
00-0035704,2025,15,SEA,QB,0,0,xgb_blend_renorm,0.0,0.0,QB2
00-0035704,2025,16,SEA,QB,0,0,xgb_blend_renorm,0.0,0.0,QB2
00-0035704,2025,17,SEA,QB,0,0,xgb_blend_renorm,0.0,0.0,QB2
00-0035704,2025,18,SEA,QB,0,0,xgb_blend_renorm,0.0,0.0,QB2
00-0035710,2025,1,IND,QB,1,0,xgb_blend_renorm,1.0,0.39999999999999997,QB2
00-0035710,2025,2,IND,QB,1,0,xgb_blend_renorm,1.0,0.39999999999999997,QB1
00-0035710,2025,3,IND,QB,1,0,xgb_blend_renorm,1.0,0.39999999999999997,QB1
00-0035710,2025,4,IND,QB,0,0,xgb_blend_renorm,1.0,1.0,QB1
00-0035710,2025,5,IND,QB,0,0,xgb_blend_renorm,1.0,1.0,QB1
00-0035710,2025,6,IND,QB,0,0,xgb_blend_renorm,1.0,1.0,QB1
00-0035710,2025,7,IND,QB,0,0,xgb_blend_renorm,1.0,1.0,QB1
00-0035710,2025,8,IND,QB,0,0,xgb_blend_renorm,1.0,1.0,QB1
00-0035710,2025,9,IND,QB,0,0,xgb_blend_renorm,1.0,1.0,QB1
00-0035710,2025,10,IND,QB,0,0,xgb_blend_renorm,1.0,1.0,QB1
00-0035710,2025,12,IND,QB,0,0,xgb_blend_renorm,1.0,1.0,QB1
00-0035710,2025,13,IND,QB,0,0,xgb_blend_renorm,1.0,1.0,QB1
00-0035710,2025,14,IND,QB,0,0,xgb_blend_renorm,0.0,1.0,QB1
00-0035710,2025,15,IND,QB,0,0,xgb_blend_renorm,0.0,1.0,QB1
00-0035710,2025,16,IND,QB,0,0,xgb_blend_renorm,0.0,0.25,QB2
00-0035710,2025,17,IND,QB,0,0,xgb_blend_renorm,0.0,0.0,QB3
00-0035710,2025,18,IND,QB,0,0,xgb_blend_renorm,0.0,0.0,QB3
00-0035939,2025,1,CAR,QB,1,0,xgb_blend_renorm,0.0,0.0,QB4
00-0035993,2025,1,BAL,QB,1,0,xgb_blend_renorm,0.0,0.1090909090909091,QB3
00-0035993,2025,2,BAL,QB,1,0,xgb_blend_renorm,0.0,0.1090909090909091,QB3
00-0035993,2025,3,BAL,QB,1,0,xgb_blend_renorm,0.0,0.1090909090909091,QB3
00-0035993,2025,4,BAL,QB,0,0,xgb_blend_renorm,0.0,0.0,QB3
00-0035993,2025,5,BAL,QB,0,0,xgb_blend_renorm,0.0,0.0,QB3
00-0035993,2025,6,BAL,QB,0,0,xgb_blend_renorm,0.0,0.0,QB3
00-0035993,2025,8,BAL,QB,0,0,xgb_blend_renorm,1.0,0.0,QB3
00-0035993,2025,9,BAL,QB,0,0,xgb_blend_renorm,0.0,1.0,QB2
00-0035993,2025,10,BAL,QB,0,0,xgb_blend_renorm,0.0,0.5,QB1
00-0035993,2025,11,BAL,QB,0,0,xgb_blend_renorm,0.0,0.3333333333333333,QB2
00-0035993,2025,12,BAL,QB,0,0,xgb_blend_renorm,0.0,0.0,QB3
00-0035993,2025,13,BAL,QB,0,0,xgb_blend_renorm,0.0,0.0,QB3
00-0035993,2025,14,BAL,QB,0,0,xgb_blend_renorm,0.0,0.0,QB3
00-0035993,2025,15,BAL,QB,0,0,xgb_blend_renorm,0.0,0.0,QB3
00-0035993,2025,16,BAL,QB,0,0,xgb_blend_renorm,0.0,0.0,QB2
00-0035993,2025,17,BAL,QB,0,0,xgb_blend_renorm,1.0,0.0,QB2
00-0035993,2025,18,BAL,QB,0,0,xgb_blend_renorm,0.0,0.5,QB1
00-0036212,2025,1,MIA,QB,1,0,xgb_blend_renorm,1.0,1.0,QB1
00-0036212,2025,2,MIA,QB,1,0,xgb_blend_renorm,1.0,1.0,QB1
00-0036212,2025,3,MIA,QB,1,0,xgb_blend_renorm,1.0,1.0,QB1
00-0036212,2025,4,MIA,QB,0,0,xgb_blend_renorm,1.0,1.0,QB1
00-0036212,2025,5,MIA,QB,0,0,xgb_blend_renorm,1.0,1.0,QB1
00-0036212,2025,6,MIA,QB,0,0,xgb_blend_renorm,1.0,1.0,QB1
00-0036212,2025,7,MIA,QB,0,0,xgb_blend_renorm,0.0,1.0,QB1
00-0036212,2025,8,MIA,QB,0,0,xgb_blend_renorm,1.0,1.0,QB1
00-0036212,2025,9,MIA,QB,0,0,xgb_blend_renorm,0.0,1.0,QB1
00-0036212,2025,10,MIA,QB,0,0,xgb_blend_renorm,1.0,1.0,QB1
00-0036212,2025,11,MIA,QB,0,0,xgb_blend_renorm,0.0,1.0,QB1
00-0036212,2025,13,MIA,QB,0,0,xgb_blend_renorm,0.0,1.0,QB1
00-0036212,2025,14,MIA,QB,0,0,xgb_blend_renorm,1.0,1.0,QB1
00-0036212,2025,15,MIA,QB,0,0,xgb_blend_renorm,1.0,1.0,QB1
00-0036212,2025,16,MIA,QB,0,0,xgb_blend_renorm,0.0,1.0,QB1
00-0036212,2025,17,MIA,QB,0,0,xgb_blend_renorm,0.0,1.0,QB1
00-0036212,2025,18,MIA,QB,0,0,xgb_blend_renorm,0.0,0.5,QB2
00-0036264,2025,1,GB,QB,1,0,xgb_blend_renorm,1.0,0.7999999999999999,QB1
00-0036264,2025,2,GB,QB,1,0,xgb_blend_renorm,1.0,0.7999999999999999,QB1
00-0036264,2025,3,GB,QB,1,0,xgb_blend_renorm,1.0,0.7999999999999999,QB1
00-0036264,2025,4,GB,QB,0,0,xgb_blend_renorm,1.0,1.0,QB1
00-0036264,2025,6,GB,QB,0,0,xgb_blend_renorm,1.0,1.0,QB1
00-0036264,2025,7,GB,QB,0,0,xgb_blend_renorm,1.0,1.0,QB1
00-0036264,2025,8,GB,QB,0,0,xgb_blend_renorm,1.0,1.0,QB1
00-0036264,2025,9,GB,QB,0,0,xgb_blend_renorm,0.0,1.0,QB1
00-0036264,2025,10,GB,QB,0,0,xgb_blend_renorm,0.0,1.0,QB1
00-0036264,2025,11,GB,QB,0,0,xgb_blend_renorm,0.6666666666666666,1.0,QB1
00-0036264,2025,12,GB,QB,0,0,xgb_blend_renorm,0.0,0.6666666666666666,QB1
00-0036264,2025,13,GB,QB,0,0,xgb_blend_renorm,1.0,0.6666666666666666,QB1
00-0036264,2025,14,GB,QB,0,0,xgb_blend_renorm,1.0,0.8333333333333334,QB1
00-0036264,2025,15,GB,QB,0,0,xgb_blend_renorm,1.0,1.0,QB1
00-0036264,2025,16,GB,QB,0,0,xgb_blend_renorm,0.0,1.0,QB1
00-0036264,2025,17,GB,QB,0,0,xgb_blend_renorm,0.0,0.6666666666666666,QB1
00-0036264,2025,18,GB,QB,0,0,xgb_blend_renorm,0.0,0.33333333333333337,QB2
00-0036355,2025,1,LAC,QB,1,0,xgb_blend_renorm,1.0,1.0,QB2
00-0036355,2025,2,LAC,QB,1,0,xgb_blend_renorm,1.0,1.0,QB1
00-0036355,2025,3,LAC,QB,1,0,xgb_blend_renorm,1.0,1.0,QB1
00-0036355,2025,4,LAC,QB,0,0,xgb_blend_renorm,1.0,1.0,QB1
00-0036355,2025,5,LAC,QB,0,0,xgb_blend_renorm,1.0,1.0,QB1
00-0036355,2025,6,LAC,QB,0,0,xgb_blend_renorm,1.0,1.0,QB1
00-0036355,2025,7,LAC,QB,0,0,xgb_blend_renorm,1.0,1.0,QB1
00-0036355,2025,8,LAC,QB,0,0,xgb_blend_renorm,1.0,1.0,QB1
00-0036355,2025,9,LAC,QB,0,0,xgb_blend_renorm,1.0,1.0,QB1
00-0036355,2025,10,LAC,QB,0,0,xgb_blend_renorm,1.0,1.0,QB1
00-0036355,2025,11,LAC,QB,0,0,xgb_blend_renorm,0.0,1.0,QB1
00-0036355,2025,13,LAC,QB,0,0,xgb_blend_renorm,1.0,1.0,QB1
00-0036355,2025,14,LAC,QB,0,0,xgb_blend_renorm,1.0,1.0,QB1
00-0036355,2025,15,LAC,QB,0,0,xgb_blend_renorm,1.0,1.0,QB1
00-0036355,2025,16,LAC,QB,0,0,xgb_blend_renorm,1.0,1.0,QB1
00-0036355,2025,17,LAC,QB,0,0,xgb_blend_renorm,1.0,1.0,QB1
00-0036355,2025,18,LAC,QB,0,0,xgb_blend_renorm,0.0,1.0,QB1
00-0036384,2025,1,ATL,QB,1,0,xgb_blend_renorm,0.0,0.0,QB3
00-0036389,2025,1,PHI,QB,1,0,xgb_blend_renorm,0.0,0.8780487804878049,QB1
00-0036389,2025,2,PHI,QB,1,0,xgb_blend_renorm,0.0,0.8780487804878049,QB1
00-0036389,2025,3,PHI,QB,1,0,xgb_blend_renorm,1.0,0.8780487804878049,QB1
00-0036389,2025,4,PHI,QB,0,0,xgb_blend_renorm,1.0,1.0,QB1
00-0036389,2025,5,PHI,QB,0,0,xgb_blend_renorm,1.0,1.0,QB1
00-0036389,2025,6,PHI,QB,0,0,xgb_blend_renorm,1.0,1.0,QB1
00-0036389,2025,7,PHI,QB,0,0,xgb_blend_renorm,1.0,1.0,QB1
00-0036389,2025,8,PHI,QB,0,0,xgb_blend_renorm,1.0,1.0,QB1
00-0036389,2025,10,PHI,QB,0,0,xgb_blend_renorm,1.0,1.0,QB1
00-0036389,2025,11,PHI,QB,0,0,xgb_blend_renorm,0.0,1.0,QB1
00-0036389,2025,12,PHI,QB,0,0,xgb_blend_renorm,1.0,1.0,QB1
00-0036389,2025,13,PHI,QB,0,0,xgb_blend_renorm,1.0,1.0,QB1
00-0036389,2025,14,PHI,QB,0,0,xgb_blend_renorm,0.0,1.0,QB1
00-0036389,2025,15,PHI,QB,0,0,xgb_blend_renorm,1.0,1.0,QB1
00-0036389,2025,16,PHI,QB,0,0,xgb_blend_renorm,1.0,1.0,QB1
00-0036389,2025,17,PHI,QB,0,0,xgb_blend_renorm,1.0,1.0,QB1
00-0036389,2025,18,PHI,QB,0,0,xgb_blend_renorm,0.0,1.0,QB1
00-0036442,2025,1,CIN,QB,1,0,xgb_blend_renorm,1.0,0.8823529411764706,QB3
00-0036442,2025,2,CIN,QB,1,0,xgb_blend_renorm,0.3333333333333333,1.0,QB1
00-0036442,2025,3,CIN,QB,1,0,xgb_blend_renorm,0.0,1.0,QB1
00-0036442,2025,4,CIN,QB,0,0,xgb_blend_renorm,0.0,0.4444444444444445,QB2
00-0036442,2025,5,CIN,QB,0,0,xgb_blend_renorm,0.0,0.16666666666666669,QB2
00-0036442,2025,6,CIN,QB,0,0,xgb_blend_renorm,0.0,0.0,QB4
00-0036442,2025,7,CIN,QB,0,0,xgb_blend_renorm,0.0,0.0,QB3
00-0036442,2025,8,CIN,QB,0,0,xgb_blend_renorm,0.0,0.0,QB3
00-0036442,2025,9,CIN,QB,0,0,xgb_blend_renorm,0.0,0.0,QB3
00-0036442,2025,11,CIN,QB,0,0,xgb_blend_renorm,0.0,0.0,QB3
00-0036442,2025,12,CIN,QB,0,0,xgb_blend_renorm,0.0,0.0,QB3
00-0036442,2025,13,CIN,QB,0,0,xgb_blend_renorm,1.0,0.0,QB3
00-0036442,2025,14,CIN,QB,0,0,xgb_blend_renorm,1.0,0.3333333333333333,QB2
00-0036442,2025,15,CIN,QB,0,0,xgb_blend_renorm,0.0,0.6666666666666667,QB1
00-0036442,2025,16,CIN,QB,0,0,xgb_blend_renorm,1.0,1.0,QB1
00-0036442,2025,17,CIN,QB,0,0,xgb_blend_renorm,1.0,1.0,QB1
00-0036442,2025,18,CIN,QB,0,0,xgb_blend_renorm,1.0,1.0,QB1
00-0036679,2025,1,BUF,QB,1,0,xgb_blend_renorm,0.0,0.0,QB4
00-0036679,2025,2,BUF,QB,1,0,xgb_blend_renorm,0.0,0.0,QB3
00-0036679,2025,3,BUF,QB,1,0,xgb_blend_renorm,0.0,0.0,QB3
00-0036679,2025,4,BUF,QB,0,0,xgb_blend_renorm,0.0,0.0,QB3
00-0036679,2025,5,BUF,QB,0,0,xgb_blend_renorm,0.0,0.0,QB3
00-0036679,2025,6,BUF,QB,0,0,xgb_blend_renorm,0.0,0.0,QB3
00-0036679,2025,8,BUF,QB,0,0,xgb_blend_renorm,0.0,0.0,QB3
00-0036679,2025,9,BUF,QB,0,0,xgb_blend_renorm,0.0,0.0,QB3
00-0036679,2025,10,BUF,QB,0,0,xgb_blend_renorm,0.0,0.0,QB3
00-0036679,2025,11,BUF,QB,0,0,xgb_blend_renorm,0.0,0.0,QB3
00-0036679,2025,12,BUF,QB,0,0,xgb_blend_renorm,0.0,0.0,QB3
00-0036679,2025,13,BUF,QB,0,0,xgb_blend_renorm,0.0,0.0,QB3
00-0036679,2025,14,BUF,QB,0,0,xgb_blend_renorm,0.0,0.0,QB3
00-0036679,2025,15,BUF,QB,0,0,xgb_blend_renorm,0.0,0.0,QB3
00-0036679,2025,16,BUF,QB,0,0,xgb_blend_renorm,0.0,0.0,QB3
00-0036679,2025,17,KC,QB,0,0,xgb_blend_renorm,0.0,0.0,QB4
00-0036679,2025,18,KC,QB,0,0,xgb_blend_renorm,0.0,0.0,QB4
00-0036879,2025,1,DEN,QB,1,0,xgb_blend_renorm,0.0,0.0,QB3
00-0036879,2025,2,DEN,QB,1,0,xgb_blend_renorm,0.0,0.0,QB3
00-0036879,2025,3,DEN,QB,1,0,xgb_blend_renorm,0.0,0.0,QB3
00-0036879,2025,4,DEN,QB,0,0,xgb_blend_renorm,0.0,0.0,QB3
00-0036879,2025,5,DEN,QB,0,0,xgb_blend_renorm,0.0,0.0,QB3
00-0036879,2025,6,DEN,QB,0,0,xgb_blend_renorm,0.0,0.0,QB3
00-0036879,2025,7,DEN,QB,0,0,xgb_blend_renorm,0.0,0.0,QB3
00-0036879,2025,8,DEN,QB,0,0,xgb_blend_renorm,0.0,0.0,QB3
00-0036879,2025,9,DEN,QB,0,0,xgb_blend_renorm,0.0,0.0,QB3
00-0036879,2025,10,DEN,QB,0,0,xgb_blend_renorm,0.0,0.0,QB3
00-0036879,2025,11,DEN,QB,0,0,xgb_blend_renorm,0.0,0.0,QB3
00-0036879,2025,13,DEN,QB,0,0,xgb_blend_renorm,0.0,0.0,QB3
00-0036879,2025,14,DEN,QB,0,0,xgb_blend_renorm,0.0,0.0,QB3
00-0036879,2025,15,DEN,QB,0,0,xgb_blend_renorm,0.0,0.0,QB3
00-0036879,2025,16,DEN,QB,0,0,xgb_blend_renorm,0.0,0.0,QB3
00-0036879,2025,17,DEN,QB,0,0,xgb_blend_renorm,0.0,0.0,QB3
00-0036879,2025,18,DEN,QB,0,0,xgb_blend_renorm,0.0,0.0,QB3
00-0036898,2025,1,HOU,QB,1,0,xgb_blend_renorm,0.0,0.0,QB2
00-0036898,2025,2,HOU,QB,1,0,xgb_blend_renorm,0.0,0.0,QB2
00-0036898,2025,3,HOU,QB,1,0,xgb_blend_renorm,0.0,0.0,QB2
00-0036898,2025,4,HOU,QB,0,0,xgb_blend_renorm,0.0,0.0,QB2
00-0036898,2025,5,HOU,QB,0,0,xgb_blend_renorm,0.0,0.0,QB2
00-0036898,2025,7,HOU,QB,0,0,xgb_blend_renorm,0.0,0.0,QB2
00-0036898,2025,8,HOU,QB,0,0,xgb_blend_renorm,0.0,0.0,QB2
00-0036898,2025,9,HOU,QB,0,0,xgb_blend_renorm,0.0,0.0,QB2
00-0036898,2025,10,HOU,QB,0,0,xgb_blend_renorm,1.0,0.0,QB2
00-0036898,2025,11,HOU,QB,0,0,xgb_blend_renorm,1.0,0.5,QB1
00-0036898,2025,12,HOU,QB,0,0,xgb_blend_renorm,1.0,1.0,QB1
00-0036898,2025,13,HOU,QB,0,0,xgb_blend_renorm,0.0,1.0,QB1
00-0036898,2025,14,HOU,QB,0,0,xgb_blend_renorm,0.0,1.0,QB1
00-0036898,2025,15,HOU,QB,0,0,xgb_blend_renorm,0.0,0.5,QB2
00-0036898,2025,16,HOU,QB,0,0,xgb_blend_renorm,0.0,0.0,QB2
00-0036898,2025,17,HOU,QB,0,0,xgb_blend_renorm,0.0,0.0,QB2
00-0036898,2025,18,HOU,QB,0,0,xgb_blend_renorm,0.0,0.0,QB2
00-0036928,2025,1,TB,QB,1,0,xgb_blend_renorm,0.0,0.0,QB3
00-0036928,2025,12,ATL,QB,1,0,xgb_blend_renorm,0.0,0.0,QB4
00-0036928,2025,13,ATL,QB,1,0,xgb_blend_renorm,0.0,0.0,QB4
00-0036928,2025,14,ATL,QB,0,0,xgb_blend_renorm,0.0,0.0,QB4
00-0036928,2025,15,ATL,QB,0,0,xgb_blend_renorm,0.0,0.0,QB3
00-0036928,2025,16,ATL,QB,0,0,xgb_blend_renorm,0.0,0.0,QB3
00-0036928,2025,17,ATL,QB,0,0,xgb_blend_renorm,0.0,0.0,QB3
00-0036928,2025,18,ATL,QB,0,0,xgb_blend_renorm,0.0,0.0,QB3
00-0036945,2025,1,NYJ,QB,1,0,xgb_blend_renorm,1.0,0.7272727272727272,QB2
00-0036945,2025,2,NYJ,QB,1,0,xgb_blend_renorm,0.0,0.7272727272727272,QB1
00-0036945,2025,3,NYJ,QB,1,0,xgb_blend_renorm,0.0,0.7272727272727272,QB1
00-0036945,2025,4,NYJ,QB,0,0,xgb_blend_renorm,1.0,0.3333333333333333,QB1
00-0036945,2025,5,NYJ,QB,0,0,xgb_blend_renorm,1.0,0.3333333333333333,QB1
00-0036945,2025,6,NYJ,QB,0,0,xgb_blend_renorm,0.0,0.6666666666666667,QB1
00-0036945,2025,7,NYJ,QB,0,0,xgb_blend_renorm,0.0,1.0,QB1
00-0036945,2025,8,NYJ,QB,0,0,xgb_blend_renorm,0.5,1.0,QB1
00-0036945,2025,10,NYJ,QB,0,0,xgb_blend_renorm,1.0,1.0,QB1
00-0036945,2025,11,NYJ,QB,0,0,xgb_blend_renorm,1.0,1.0,QB1
00-0036945,2025,12,NYJ,QB,0,0,xgb_blend_renorm,0.0,1.0,QB1
00-0036945,2025,13,NYJ,QB,0,0,xgb_blend_renorm,0.0,0.6666666666666667,QB1
00-0036945,2025,14,NYJ,QB,0,0,xgb_blend_renorm,0.0,0.3333333333333333,QB2
00-0036945,2025,15,NYJ,QB,0,0,xgb_blend_renorm,0.0,0.0,QB3
00-0036945,2025,16,NYJ,QB,0,0,xgb_blend_renorm,0.0,0.0,QB3
00-0036945,2025,17,NYJ,QB,0,0,xgb_blend_renorm,0.0,0.0,QB3
00-0036945,2025,18,NYJ,QB,0,0,xgb_blend_renorm,0.0,0.0,QB3
00-0036971,2025,1,JAX,QB,1,0,xgb_blend_renorm,1.0,1.0,QB3
00-0036971,2025,2,JAX,QB,1,0,xgb_blend_renorm,1.0,1.0,QB1
00-0036971,2025,3,JAX,QB,1,0,xgb_blend_renorm,0.0,1.0,QB1
00-0036971,2025,4,JAX,QB,0,0,xgb_blend_renorm,1.0,1.0,QB1
00-0036971,2025,5,JAX,QB,0,0,xgb_blend_renorm,1.0,1.0,QB1
00-0036971,2025,6,JAX,QB,0,0,xgb_blend_renorm,1.0,1.0,QB1
00-0036971,2025,7,JAX,QB,0,0,xgb_blend_renorm,1.0,1.0,QB1
00-0036971,2025,9,JAX,QB,0,0,xgb_blend_renorm,0.0,1.0,QB1
00-0036971,2025,10,JAX,QB,0,0,xgb_blend_renorm,1.0,1.0,QB1
00-0036971,2025,11,JAX,QB,0,0,xgb_blend_renorm,1.0,1.0,QB1
00-0036971,2025,12,JAX,QB,0,0,xgb_blend_renorm,1.0,1.0,QB1
00-0036971,2025,13,JAX,QB,0,0,xgb_blend_renorm,1.0,1.0,QB1
00-0036971,2025,14,JAX,QB,0,0,xgb_blend_renorm,1.0,1.0,QB1
00-0036971,2025,15,JAX,QB,0,0,xgb_blend_renorm,1.0,1.0,QB1
00-0036971,2025,16,JAX,QB,0,0,xgb_blend_renorm,1.0,1.0,QB1
00-0036971,2025,17,JAX,QB,0,0,xgb_blend_renorm,0.0,1.0,QB1
00-0036971,2025,18,JAX,QB,0,0,xgb_blend_renorm,1.0,1.0,QB1
00-0036972,2025,1,SF,QB,1,0,xgb_blend_renorm,0.0,0.3125,QB1
00-0036972,2025,2,SF,QB,1,0,xgb_blend_renorm,1.0,0.3125,QB2
00-0036972,2025,3,SF,QB,1,0,xgb_blend_renorm,1.0,0.3125,QB1
00-0036972,2025,4,SF,QB,0,0,xgb_blend_renorm,0.0,0.6666666666666666,QB1
00-0036972,2025,5,SF,QB,0,0,xgb_blend_renorm,1.0,0.6666666666666666,QB1
00-0036972,2025,6,SF,QB,0,0,xgb_blend_renorm,0.0,0.6666666666666666,QB1
00-0036972,2025,7,SF,QB,0,0,xgb_blend_renorm,0.0,0.5,QB1
00-0036972,2025,8,SF,QB,0,0,xgb_blend_renorm,1.0,1.0,QB1
00-0036972,2025,9,SF,QB,0,0,xgb_blend_renorm,1.0,1.0,QB1
00-0036972,2025,10,SF,QB,0,0,xgb_blend_renorm,1.0,1.0,QB1
00-0036972,2025,11,SF,QB,0,0,xgb_blend_renorm,0.0,1.0,QB1
00-0036972,2025,12,SF,QB,0,0,xgb_blend_renorm,0.0,0.6666666666666666,QB1
00-0036972,2025,13,SF,QB,0,0,xgb_blend_renorm,0.0,0.33333333333333337,QB2
00-0036972,2025,15,SF,QB,0,0,xgb_blend_renorm,0.0,0.0,QB2
00-0036972,2025,16,SF,QB,0,0,xgb_blend_renorm,0.0,0.0,QB2
00-0036972,2025,17,SF,QB,0,0,xgb_blend_renorm,0.0,0.0,QB2
00-0036972,2025,18,SF,QB,0,0,xgb_blend_renorm,0.0,0.0,QB2
00-0037012,2025,1,LAC,QB,1,0,xgb_blend_renorm,0.0,0.0,QB3
00-0037012,2025,2,LAC,QB,1,0,xgb_blend_renorm,0.0,0.0,QB2
00-0037012,2025,3,LAC,QB,1,0,xgb_blend_renorm,0.0,0.0,QB2
00-0037012,2025,4,LAC,QB,0,0,xgb_blend_renorm,0.0,0.0,QB2
00-0037012,2025,5,LAC,QB,0,0,xgb_blend_renorm,0.0,0.0,QB2
00-0037012,2025,6,LAC,QB,0,0,xgb_blend_renorm,0.0,0.0,QB2
00-0037012,2025,7,LAC,QB,0,0,xgb_blend_renorm,0.0,0.0,QB2
00-0037012,2025,8,LAC,QB,0,0,xgb_blend_renorm,0.0,0.0,QB2
00-0037012,2025,9,LAC,QB,0,0,xgb_blend_renorm,0.0,0.0,QB2
00-0037012,2025,10,LAC,QB,0,0,xgb_blend_renorm,0.0,0.0,QB2
00-0037012,2025,11,LAC,QB,0,0,xgb_blend_renorm,0.0,0.0,QB2
00-0037012,2025,13,LAC,QB,0,0,xgb_blend_renorm,0.0,0.0,QB2
00-0037012,2025,14,LAC,QB,0,0,xgb_blend_renorm,0.0,0.0,QB2
00-0037012,2025,15,LAC,QB,0,0,xgb_blend_renorm,0.0,0.0,QB2
00-0037012,2025,16,LAC,QB,0,0,xgb_blend_renorm,0.0,0.0,QB2
00-0037012,2025,17,LAC,QB,0,0,xgb_blend_renorm,0.0,0.0,QB2
00-0037012,2025,18,LAC,QB,0,0,xgb_blend_renorm,0.0,0.0,QB2
00-0037013,2025,1,MIA,QB,1,0,xgb_blend_renorm,0.0,0.0,QB2
00-0037013,2025,2,MIA,QB,1,0,xgb_blend_renorm,0.0,0.0,QB2
00-0037013,2025,3,MIA,QB,1,0,xgb_blend_renorm,0.0,0.0,QB2
00-0037013,2025,4,MIA,QB,0,0,xgb_blend_renorm,0.0,0.0,QB2
00-0037013,2025,5,MIA,QB,0,0,xgb_blend_renorm,0.0,0.0,QB2
00-0037013,2025,6,MIA,QB,0,0,xgb_blend_renorm,0.0,0.0,QB2
00-0037013,2025,7,MIA,QB,0,0,xgb_blend_renorm,0.0,0.0,QB2
00-0037013,2025,8,MIA,QB,0,0,xgb_blend_renorm,0.0,0.0,QB3
00-0037013,2025,9,MIA,QB,0,0,xgb_blend_renorm,0.0,0.0,QB3
00-0037013,2025,10,MIA,QB,0,0,xgb_blend_renorm,0.0,0.0,QB3
00-0037013,2025,11,MIA,QB,0,0,xgb_blend_renorm,0.0,0.0,QB2
00-0037013,2025,13,MIA,QB,0,0,xgb_blend_renorm,0.0,0.0,QB2
00-0037013,2025,14,MIA,QB,0,0,xgb_blend_renorm,0.0,0.0,QB2
00-0037013,2025,15,MIA,QB,0,0,xgb_blend_renorm,0.0,0.0,QB2
00-0037013,2025,16,MIA,QB,0,0,xgb_blend_renorm,0.0,0.0,QB2
00-0037013,2025,17,MIA,QB,0,0,xgb_blend_renorm,0.0,0.0,QB3
00-0037013,2025,18,MIA,QB,0,0,xgb_blend_renorm,0.0,0.0,QB3
00-0037077,2025,1,PHI,QB,1,0,xgb_blend_renorm,0.0,0.0,QB2
00-0037077,2025,2,PHI,QB,1,0,xgb_blend_renorm,0.0,0.0,QB2
00-0037077,2025,3,PHI,QB,1,0,xgb_blend_renorm,0.0,0.0,QB2
00-0037077,2025,4,PHI,QB,0,0,xgb_blend_renorm,0.0,0.0,QB2
00-0037077,2025,5,PHI,QB,0,0,xgb_blend_renorm,0.0,0.0,QB2
00-0037077,2025,6,PHI,QB,0,0,xgb_blend_renorm,0.0,0.0,QB2
00-0037077,2025,7,PHI,QB,0,0,xgb_blend_renorm,0.0,0.0,QB2
00-0037077,2025,8,PHI,QB,0,0,xgb_blend_renorm,0.0,0.0,QB2
00-0037077,2025,10,PHI,QB,0,0,xgb_blend_renorm,0.0,0.0,QB3
00-0037077,2025,11,PHI,QB,0,0,xgb_blend_renorm,0.0,0.0,QB3
00-0037077,2025,12,PHI,QB,0,0,xgb_blend_renorm,0.0,0.0,QB3
00-0037077,2025,13,PHI,QB,0,0,xgb_blend_renorm,0.0,0.0,QB2
00-0037077,2025,14,PHI,QB,0,0,xgb_blend_renorm,0.0,0.0,QB2
00-0037077,2025,15,PHI,QB,0,0,xgb_blend_renorm,0.0,0.0,QB2
00-0037077,2025,16,PHI,QB,0,0,xgb_blend_renorm,0.0,0.0,QB3
00-0037077,2025,17,PHI,QB,0,0,xgb_blend_renorm,0.0,0.0,QB3
00-0037077,2025,18,PHI,QB,0,0,xgb_blend_renorm,0.0,0.0,QB3
00-0037324,2025,1,KC,QB,1,0,xgb_blend_renorm,0.0,0.0,QB3
00-0037324,2025,2,KC,QB,1,0,xgb_blend_renorm,0.0,0.0,QB3
00-0037324,2025,3,KC,QB,1,0,xgb_blend_renorm,0.0,0.0,QB3
00-0037324,2025,4,KC,QB,0,0,xgb_blend_renorm,0.0,0.0,QB3
00-0037324,2025,5,KC,QB,0,0,xgb_blend_renorm,0.0,0.0,QB3
00-0037324,2025,6,KC,QB,0,0,xgb_blend_renorm,0.0,0.0,QB3
00-0037324,2025,7,KC,QB,0,0,xgb_blend_renorm,0.0,0.0,QB3
00-0037324,2025,8,KC,QB,0,0,xgb_blend_renorm,0.0,0.0,QB3
00-0037324,2025,9,KC,QB,0,0,xgb_blend_renorm,0.0,0.0,QB3
00-0037324,2025,11,KC,QB,0,0,xgb_blend_renorm,0.0,0.0,QB3
00-0037324,2025,12,KC,QB,0,0,xgb_blend_renorm,0.0,0.0,QB3
00-0037324,2025,13,KC,QB,0,0,xgb_blend_renorm,0.0,0.0,QB3
00-0037324,2025,14,KC,QB,0,0,xgb_blend_renorm,0.0,0.0,QB3
00-0037324,2025,15,KC,QB,0,0,xgb_blend_renorm,0.0,0.0,QB3
00-0037324,2025,16,KC,QB,0,0,xgb_blend_renorm,0.0,0.0,QB3
00-0037324,2025,17,KC,QB,0,0,xgb_blend_renorm,1.0,0.0,QB2
00-0037324,2025,18,KC,QB,0,0,xgb_blend_renorm,0.0,1.0,QB1
00-0037327,2025,1,PIT,QB,1,0,xgb_blend_renorm,0.0,0.0,QB3
00-0037327,2025,2,PIT,QB,1,0,xgb_blend_renorm,0.0,0.0,QB3
00-0037327,2025,3,PIT,QB,1,0,xgb_blend_renorm,0.0,0.0,QB4
00-0037327,2025,4,PIT,QB,0,0,xgb_blend_renorm,0.0,0.0,QB4
00-0037327,2025,6,PIT,QB,0,0,xgb_blend_renorm,0.0,0.0,QB4
00-0037327,2025,7,PIT,QB,0,0,xgb_blend_renorm,0.0,0.0,QB4
00-0037327,2025,8,PIT,QB,0,0,xgb_blend_renorm,0.0,0.0,QB4
00-0037327,2025,9,PIT,QB,0,0,xgb_blend_renorm,0.0,0.0,QB3
00-0037327,2025,10,PIT,QB,0,0,xgb_blend_renorm,0.0,0.0,QB3
00-0037327,2025,11,PIT,QB,0,0,xgb_blend_renorm,0.0,0.0,QB3
00-0037327,2025,12,PIT,QB,0,0,xgb_blend_renorm,0.0,0.0,QB3
00-0037327,2025,13,PIT,QB,0,0,xgb_blend_renorm,0.0,0.0,QB3
00-0037327,2025,14,PIT,QB,0,0,xgb_blend_renorm,0.0,0.0,QB3
00-0037327,2025,15,PIT,QB,0,0,xgb_blend_renorm,0.0,0.0,QB3
00-0037327,2025,16,PIT,QB,0,0,xgb_blend_renorm,0.0,0.0,QB3
00-0037327,2025,17,PIT,QB,0,0,xgb_blend_renorm,0.0,0.0,QB3
00-0037327,2025,18,PIT,QB,0,0,xgb_blend_renorm,0.0,0.0,QB3
00-0037834,2025,1,SF,QB,1,0,xgb_blend_renorm,1.0,0.6875,QB2
00-0037834,2025,2,SF,QB,1,0,xgb_blend_renorm,0.0,0.6875,QB1
00-0037834,2025,3,SF,QB,1,0,xgb_blend_renorm,0.0,0.6875,QB2
00-0037834,2025,4,SF,QB,0,0,xgb_blend_renorm,1.0,0.3333333333333333,QB2
00-0037834,2025,5,SF,QB,0,0,xgb_blend_renorm,0.0,0.3333333333333333,QB2
00-0037834,2025,6,SF,QB,0,0,xgb_blend_renorm,0.0,0.3333333333333333,QB2
00-0037834,2025,7,SF,QB,0,0,xgb_blend_renorm,0.0,0.5,QB2
00-0037834,2025,8,SF,QB,0,0,xgb_blend_renorm,0.0,0.0,QB2
00-0037834,2025,9,SF,QB,0,0,xgb_blend_renorm,0.0,0.0,QB2
00-0037834,2025,10,SF,QB,0,0,xgb_blend_renorm,0.0,0.0,QB2
00-0037834,2025,11,SF,QB,0,0,xgb_blend_renorm,1.0,0.0,QB2
00-0037834,2025,12,SF,QB,0,0,xgb_blend_renorm,1.0,0.3333333333333333,QB2
00-0037834,2025,13,SF,QB,0,0,xgb_blend_renorm,1.0,0.6666666666666667,QB1
00-0037834,2025,15,SF,QB,0,0,xgb_blend_renorm,1.0,1.0,QB1
00-0037834,2025,16,SF,QB,0,0,xgb_blend_renorm,1.0,1.0,QB1
00-0037834,2025,17,SF,QB,0,0,xgb_blend_renorm,1.0,1.0,QB1
00-0037834,2025,18,SF,QB,0,0,xgb_blend_renorm,0.0,1.0,QB1
00-0038102,2025,1,LV,QB,1,0,xgb_blend_renorm,0.0,0.07079646017699115,QB3
00-0038102,2025,2,LV,QB,1,0,xgb_blend_renorm,0.0,0.07079646017699115,QB3
00-0038102,2025,3,LV,QB,1,0,xgb_blend_renorm,0.0,0.07079646017699115,QB3
00-0038102,2025,4,LV,QB,0,0,xgb_blend_renorm,0.0,0.0,QB3
00-0038102,2025,5,LV,QB,0,0,xgb_blend_renorm,0.0,0.0,QB3
00-0038102,2025,6,LV,QB,0,0,xgb_blend_renorm,0.0,0.0,QB3
00-0038102,2025,7,LV,QB,0,0,xgb_blend_renorm,0.0,0.0,QB2
00-0038102,2025,9,LV,QB,0,0,xgb_blend_renorm,0.0,0.0,QB2
00-0038102,2025,10,LV,QB,0,0,xgb_blend_renorm,0.0,0.0,QB2
00-0038102,2025,11,LV,QB,0,0,xgb_blend_renorm,0.0,0.0,QB2
00-0038102,2025,12,LV,QB,0,0,xgb_blend_renorm,0.0,0.0,QB2
00-0038102,2025,13,LV,QB,0,0,xgb_blend_renorm,0.0,0.0,QB2
00-0038102,2025,14,LV,QB,0,0,xgb_blend_renorm,0.5,0.0,QB2
00-0038102,2025,15,LV,QB,0,0,xgb_blend_renorm,0.0,0.16666666666666666,QB2
00-0038102,2025,16,LV,QB,0,0,xgb_blend_renorm,0.0,0.25,QB2
00-0038102,2025,17,LV,QB,0,0,xgb_blend_renorm,0.0,0.25,QB2
00-0038102,2025,18,LV,QB,0,0,xgb_blend_renorm,0.0,0.0,QB2
00-0038108,2025,1,CLE,QB,1,0,xgb_blend_renorm,0.0,0.096045197740113,QB3
00-0038108,2025,2,CLE,QB,1,0,xgb_blend_renorm,0.0,0.096045197740113,QB3
00-0038108,2025,3,CLE,QB,1,0,xgb_blend_renorm,0.0,0.06938775510204082,QB4
00-0038108,2025,4,CLE,QB,0,0,xgb_blend_renorm,0.0,0.0,QB4
00-0038108,2025,5,CLE,QB,0,0,xgb_blend_renorm,0.0,0.0,QB4
00-0038108,2025,6,CLE,QB,0,0,xgb_blend_renorm,0.0,0.0,QB3
00-0038108,2025,7,CLE,QB,0,0,xgb_blend_renorm,0.0,0.0,QB3
00-0038108,2025,8,CLE,QB,0,0,xgb_blend_renorm,0.0,0.0,QB3
00-0038108,2025,10,CLE,QB,0,0,xgb_blend_renorm,0.0,0.0,QB3
00-0038108,2025,11,CLE,QB,0,0,xgb_blend_renorm,0.0,0.0,QB3
00-0038108,2025,12,CLE,QB,0,0,xgb_blend_renorm,0.0,0.0,QB4
00-0038108,2025,13,CLE,QB,0,0,xgb_blend_renorm,0.0,0.0,QB4
00-0038108,2025,14,CLE,QB,0,0,xgb_blend_renorm,0.0,0.0,QB4
00-0038108,2025,15,CLE,QB,0,0,xgb_blend_renorm,0.0,0.0,QB4
00-0038108,2025,16,CLE,QB,0,0,xgb_blend_renorm,0.0,0.0,QB4
00-0038108,2025,17,CLE,QB,0,0,xgb_blend_renorm,0.0,0.0,QB4
00-0038108,2025,18,CLE,QB,0,0,xgb_blend_renorm,0.0,0.0,QB4
00-0038122,2025,1,CIN,QB,1,0,xgb_blend_renorm,0.0,0.11764705882352941,QB4
00-0038122,2025,3,MIN,QB,1,0,xgb_blend_renorm,0.0,1.0,QB3
00-0038122,2025,4,MIN,QB,1,0,xgb_blend_renorm,0.0,0.15,QB4
00-0038122,2025,5,MIN,QB,0,0,xgb_blend_renorm,0.0,0.0,QB4
00-0038122,2025,13,MIN,QB,0,0,xgb_blend_renorm,0.0,0.0,QB4
00-0038122,2025,14,MIN,QB,0,0,xgb_blend_renorm,0.0,0.0,QB4
00-0038122,2025,18,GB,QB,0,0,xgb_blend_renorm,0.0,0.0,QB4
00-0038128,2025,1,GB,QB,1,0,xgb_blend_renorm,0.0,0.19999999999999998,QB2
00-0038128,2025,2,GB,QB,1,0,xgb_blend_renorm,0.0,0.19999999999999998,QB2
00-0038128,2025,3,GB,QB,1,0,xgb_blend_renorm,0.0,0.19999999999999998,QB2
00-0038128,2025,4,GB,QB,0,0,xgb_blend_renorm,0.0,0.0,QB2
00-0038128,2025,6,GB,QB,0,0,xgb_blend_renorm,0.0,0.0,QB2
00-0038128,2025,7,GB,QB,0,0,xgb_blend_renorm,0.0,0.0,QB2
00-0038128,2025,8,GB,QB,0,0,xgb_blend_renorm,0.0,0.0,QB2
00-0038128,2025,9,GB,QB,0,0,xgb_blend_renorm,0.0,0.0,QB2
00-0038128,2025,10,GB,QB,0,0,xgb_blend_renorm,0.0,0.0,QB2
00-0038128,2025,11,GB,QB,0,0,xgb_blend_renorm,0.3333333333333333,0.0,QB2
00-0038128,2025,12,GB,QB,0,0,xgb_blend_renorm,0.0,0.3333333333333333,QB2
00-0038128,2025,13,GB,QB,0,0,xgb_blend_renorm,0.0,0.3333333333333333,QB2
00-0038128,2025,14,GB,QB,0,0,xgb_blend_renorm,0.0,0.16666666666666669,QB2
00-0038128,2025,15,GB,QB,0,0,xgb_blend_renorm,0.0,0.0,QB2
00-0038128,2025,16,GB,QB,0,0,xgb_blend_renorm,1.0,0.0,QB2
00-0038128,2025,17,GB,QB,0,0,xgb_blend_renorm,1.0,0.3333333333333333,QB2
00-0038128,2025,18,GB,QB,0,0,xgb_blend_renorm,0.0,0.6666666666666667,QB1
00-0038385,2025,1,LA,QB,1,0,xgb_blend_renorm,0.0,0.0,QB3
00-0038391,2025,1,GB,QB,1,0,xgb_blend_renorm,0.0,0.0,QB3
00-0038391,2025,3,CIN,QB,1,0,xgb_blend_renorm,0.0,0.0,QB4
00-0038391,2025,4,CIN,QB,1,0,xgb_blend_renorm,0.0,0.0,QB4
00-0038391,2025,5,CIN,QB,0,0,xgb_blend_renorm,0.0,0.0,QB4
00-0038391,2025,6,CIN,QB,0,0,xgb_blend_renorm,0.0,0.0,QB4
00-0038391,2025,7,CIN,QB,0,0,xgb_blend_renorm,0.0,0.0,QB4
00-0038391,2025,8,CIN,QB,0,0,xgb_blend_renorm,0.0,0.0,QB4
00-0038391,2025,9,CIN,QB,0,0,xgb_blend_renorm,0.0,0.0,QB4
00-0038391,2025,11,CIN,QB,0,0,xgb_blend_renorm,0.0,0.0,QB4
00-0038391,2025,12,CIN,QB,0,0,xgb_blend_renorm,0.0,0.0,QB4
00-0038391,2025,13,CIN,QB,0,0,xgb_blend_renorm,0.0,0.0,QB4
00-0038391,2025,14,CIN,QB,0,0,xgb_blend_renorm,0.0,0.0,QB4
00-0038391,2025,15,CIN,QB,0,0,xgb_blend_renorm,0.0,0.0,QB4
00-0038391,2025,16,CIN,QB,0,0,xgb_blend_renorm,0.0,0.0,QB4
00-0038391,2025,17,CIN,QB,0,0,xgb_blend_renorm,0.0,0.0,QB4
00-0038391,2025,18,CIN,QB,0,0,xgb_blend_renorm,0.0,0.0,QB4
00-0038400,2025,1,PHI,QB,1,0,xgb_blend_renorm,0.0,0.12195121951219509,QB3
00-0038400,2025,2,PHI,QB,1,0,xgb_blend_renorm,0.0,0.12195121951219509,QB3
00-0038400,2025,3,PHI,QB,1,0,xgb_blend_renorm,0.0,0.12195121951219509,QB3
00-0038400,2025,4,PHI,QB,0,0,xgb_blend_renorm,0.0,0.0,QB3
00-0038400,2025,5,PHI,QB,0,0,xgb_blend_renorm,0.0,0.0,QB3
00-0038400,2025,6,PHI,QB,0,0,xgb_blend_renorm,0.0,0.0,QB3
00-0038400,2025,7,PHI,QB,0,0,xgb_blend_renorm,0.0,0.0,QB3
00-0038400,2025,8,PHI,QB,0,0,xgb_blend_renorm,0.0,0.0,QB3
00-0038400,2025,10,PHI,QB,0,0,xgb_blend_renorm,0.0,0.0,QB2
00-0038400,2025,11,PHI,QB,0,0,xgb_blend_renorm,0.0,0.0,QB2
00-0038400,2025,12,PHI,QB,0,0,xgb_blend_renorm,0.0,0.0,QB2
00-0038400,2025,13,PHI,QB,0,0,xgb_blend_renorm,0.0,0.0,QB3
00-0038400,2025,14,PHI,QB,0,0,xgb_blend_renorm,0.0,0.0,QB3
00-0038400,2025,15,PHI,QB,0,0,xgb_blend_renorm,0.0,0.0,QB3
00-0038400,2025,16,PHI,QB,0,0,xgb_blend_renorm,0.0,0.0,QB2
00-0038400,2025,17,PHI,QB,0,0,xgb_blend_renorm,0.0,0.0,QB2
00-0038400,2025,18,PHI,QB,0,0,xgb_blend_renorm,1.0,0.0,QB2
00-0038416,2025,1,CHI,QB,1,0,xgb_blend_renorm,0.0,0.0,QB2
00-0038416,2025,2,CHI,QB,1,0,xgb_blend_renorm,0.0,0.0,QB3
00-0038416,2025,3,CHI,QB,1,0,xgb_blend_renorm,0.0,0.0,QB2
00-0038416,2025,4,CHI,QB,0,0,xgb_blend_renorm,0.0,0.0,QB2
00-0038416,2025,6,CHI,QB,0,0,xgb_blend_renorm,0.0,0.0,QB2
00-0038416,2025,7,CHI,QB,0,0,xgb_blend_renorm,0.0,0.0,QB3
00-0038416,2025,8,CHI,QB,0,0,xgb_blend_renorm,0.0,0.0,QB3
00-0038416,2025,9,CHI,QB,0,0,xgb_blend_renorm,0.0,0.0,QB3
00-0038416,2025,10,CHI,QB,0,0,xgb_blend_renorm,0.0,0.0,QB2
00-0038416,2025,11,CHI,QB,0,0,xgb_blend_renorm,0.0,0.0,QB2
00-0038416,2025,12,CHI,QB,0,0,xgb_blend_renorm,0.0,0.0,QB2
00-0038416,2025,13,CHI,QB,0,0,xgb_blend_renorm,0.0,0.0,QB2
00-0038416,2025,14,CHI,QB,0,0,xgb_blend_renorm,0.0,0.0,QB2
00-0038416,2025,15,CHI,QB,0,0,xgb_blend_renorm,0.0,0.0,QB3
00-0038416,2025,16,CHI,QB,0,0,xgb_blend_renorm,0.0,0.0,QB3
00-0038416,2025,17,CHI,QB,0,0,xgb_blend_renorm,0.0,0.0,QB3
00-0038416,2025,18,CHI,QB,0,0,xgb_blend_renorm,0.0,0.0,QB3
00-0038476,2025,1,NE,QB,1,0,xgb_blend_renorm,0.0,0.0,QB2
00-0038476,2025,2,NE,QB,1,0,xgb_blend_renorm,0.0,0.0,QB3
00-0038476,2025,3,NE,QB,1,0,xgb_blend_renorm,0.0,0.0,QB3
00-0038476,2025,4,NE,QB,0,0,xgb_blend_renorm,0.0,0.0,QB3
00-0038476,2025,5,NE,QB,0,0,xgb_blend_renorm,0.0,0.0,QB3
00-0038476,2025,6,NE,QB,0,0,xgb_blend_renorm,0.0,0.0,QB3
00-0038476,2025,7,NE,QB,0,0,xgb_blend_renorm,0.0,0.0,QB3
00-0038476,2025,8,NE,QB,0,0,xgb_blend_renorm,0.0,0.0,QB3
00-0038476,2025,9,NE,QB,0,0,xgb_blend_renorm,0.0,0.0,QB3
00-0038476,2025,10,NE,QB,0,0,xgb_blend_renorm,0.0,0.0,QB3
00-0038476,2025,11,NE,QB,0,0,xgb_blend_renorm,0.0,0.0,QB3
00-0038476,2025,12,NE,QB,0,0,xgb_blend_renorm,0.0,0.0,QB3
00-0038476,2025,13,NE,QB,0,0,xgb_blend_renorm,0.0,0.0,QB3
00-0038476,2025,15,NE,QB,0,0,xgb_blend_renorm,0.0,0.0,QB3
00-0038476,2025,16,NE,QB,0,0,xgb_blend_renorm,0.0,0.0,QB3
00-0038476,2025,17,NE,QB,0,0,xgb_blend_renorm,0.0,0.0,QB3
00-0038476,2025,18,NE,QB,0,0,xgb_blend_renorm,0.0,0.0,QB3
00-0038550,2025,1,CAR,QB,1,0,xgb_blend_renorm,0.0,0.0,QB2
00-0038550,2025,2,CAR,QB,1,0,xgb_blend_renorm,0.0,0.0,QB3
00-0038550,2025,3,CAR,QB,1,0,xgb_blend_renorm,0.0,0.0,QB3
00-0038550,2025,4,CAR,QB,0,0,xgb_blend_renorm,0.0,0.0,QB3
00-0038550,2025,5,CAR,QB,0,0,xgb_blend_renorm,0.0,0.0,QB3
00-0038550,2025,6,CAR,QB,0,0,xgb_blend_renorm,0.0,0.0,QB3
00-0038550,2025,7,CAR,QB,0,0,xgb_blend_renorm,0.0,0.0,QB3
00-0038550,2025,8,CAR,QB,0,0,xgb_blend_renorm,0.0,0.0,QB4
00-0038550,2025,9,CAR,QB,0,0,xgb_blend_renorm,0.0,0.0,QB4
00-0038550,2025,10,CAR,QB,0,0,xgb_blend_renorm,0.0,0.0,QB4
00-0038550,2025,16,NYJ,QB,0,0,xgb_blend_renorm,0.0,0.0,QB4
00-0038550,2025,17,NYJ,QB,0,0,xgb_blend_renorm,0.0,0.0,QB4
00-0038550,2025,18,NYJ,QB,0,0,xgb_blend_renorm,0.0,0.0,QB4
00-0038579,2025,1,LV,QB,1,0,xgb_blend_renorm,0.0,0.23893805309734512,QB4
00-0038579,2025,2,LV,QB,1,0,xgb_blend_renorm,0.0,0.23893805309734512,QB4
00-0038579,2025,3,LV,QB,1,0,xgb_blend_renorm,0.0,0.23893805309734512,QB4
00-0038579,2025,4,LV,QB,0,0,xgb_blend_renorm,0.0,0.0,QB4
00-0038579,2025,5,LV,QB,0,0,xgb_blend_renorm,0.0,0.0,QB4
00-0038579,2025,6,LV,QB,0,0,xgb_blend_renorm,0.0,0.0,QB4
00-0038579,2025,7,LV,QB,0,0,xgb_blend_renorm,0.0,0.0,QB3
00-0038579,2025,9,LV,QB,0,0,xgb_blend_renorm,0.0,0.0,QB3
00-0038579,2025,10,LV,QB,0,0,xgb_blend_renorm,0.0,0.0,QB3
00-0038579,2025,11,LV,QB,0,0,xgb_blend_renorm,0.0,0.0,QB3
00-0038579,2025,12,LV,QB,0,0,xgb_blend_renorm,0.0,0.0,QB3
00-0038579,2025,13,LV,QB,0,0,xgb_blend_renorm,0.0,0.0,QB3
00-0038579,2025,14,LV,QB,0,0,xgb_blend_renorm,0.0,0.0,QB3
00-0038579,2025,15,LV,QB,0,0,xgb_blend_renorm,0.0,0.0,QB3
00-0038579,2025,16,LV,QB,0,0,xgb_blend_renorm,0.0,0.0,QB3
00-0038579,2025,17,LV,QB,0,0,xgb_blend_renorm,0.0,0.0,QB3
00-0038579,2025,18,LV,QB,0,0,xgb_blend_renorm,0.0,0.0,QB3
00-0038582,2025,1,GB,QB,1,0,xgb_blend_renorm,0.0,0.0,QB4
00-0038582,2025,2,GB,QB,1,0,xgb_blend_renorm,0.0,0.0,QB3
00-0038582,2025,3,GB,QB,1,0,xgb_blend_renorm,0.0,0.0,QB3
00-0038582,2025,4,GB,QB,0,0,xgb_blend_renorm,0.0,0.0,QB3
00-0038582,2025,6,GB,QB,0,0,xgb_blend_renorm,0.0,0.0,QB3
00-0038582,2025,7,GB,QB,0,0,xgb_blend_renorm,0.0,0.0,QB3
00-0038582,2025,8,GB,QB,0,0,xgb_blend_renorm,0.0,0.0,QB3
00-0038582,2025,9,GB,QB,0,0,xgb_blend_renorm,0.0,0.0,QB3
00-0038582,2025,10,GB,QB,0,0,xgb_blend_renorm,0.0,0.0,QB3
00-0038582,2025,11,GB,QB,0,0,xgb_blend_renorm,0.0,0.0,QB3
00-0038582,2025,12,GB,QB,0,0,xgb_blend_renorm,0.0,0.0,QB3
00-0038582,2025,13,GB,QB,0,0,xgb_blend_renorm,0.0,0.0,QB3
00-0038582,2025,14,GB,QB,0,0,xgb_blend_renorm,0.0,0.0,QB3
00-0038582,2025,15,GB,QB,0,0,xgb_blend_renorm,0.0,0.0,QB3
00-0038582,2025,16,GB,QB,0,0,xgb_blend_renorm,0.0,0.0,QB3
00-0038582,2025,17,GB,QB,0,0,xgb_blend_renorm,0.0,0.0,QB3
00-0038582,2025,18,GB,QB,0,0,xgb_blend_renorm,0.0,0.0,QB3
00-0038583,2025,1,PHI,QB,1,0,xgb_blend_renorm,0.0,0.0,QB4
00-0038658,2025,1,SF,QB,1,0,xgb_blend_renorm,0.0,0.0,QB3
00-0038658,2025,2,SF,QB,1,0,xgb_blend_renorm,0.0,0.0,QB3
00-0038658,2025,3,SF,QB,1,0,xgb_blend_renorm,0.0,0.0,QB3
00-0038658,2025,4,SF,QB,0,0,xgb_blend_renorm,0.0,0.0,QB3
00-0038658,2025,5,SF,QB,0,0,xgb_blend_renorm,0.0,0.0,QB3
00-0038658,2025,6,SF,QB,0,0,xgb_blend_renorm,0.0,0.0,QB3
00-0038658,2025,7,SF,QB,0,0,xgb_blend_renorm,0.0,0.0,QB3
00-0038658,2025,8,SF,QB,0,0,xgb_blend_renorm,0.0,0.0,QB3
00-0038658,2025,9,SF,QB,0,0,xgb_blend_renorm,0.0,0.0,QB3
00-0038658,2025,10,SF,QB,0,0,xgb_blend_renorm,0.0,0.0,QB3
00-0038658,2025,11,SF,QB,0,0,xgb_blend_renorm,0.0,0.0,QB3
00-0038658,2025,12,SF,QB,0,0,xgb_blend_renorm,0.0,0.0,QB3
00-0038658,2025,13,SF,QB,0,0,xgb_blend_renorm,0.0,0.0,QB3
00-0038658,2025,15,NYJ,QB,0,0,xgb_blend_renorm,0.0,0.0,QB4
00-0038658,2025,16,SF,QB,0,0,xgb_blend_renorm,0.0,0.0,QB3
00-0038658,2025,17,SF,QB,0,0,xgb_blend_renorm,0.0,0.0,QB3
00-0038658,2025,18,SF,QB,0,0,xgb_blend_renorm,0.0,0.0,QB3
00-0038998,2025,1,NO,QB,1,0,xgb_blend_renorm,0.0,0.07407407407407407,QB3
00-0038998,2025,2,NO,QB,1,0,xgb_blend_renorm,0.0,0.07407407407407407,QB4
00-0038998,2025,3,NO,QB,1,0,xgb_blend_renorm,0.0,0.07407407407407407,QB4
00-0038998,2025,4,NO,QB,0,0,xgb_blend_renorm,0.0,0.0,QB4
00-0038998,2025,5,NO,QB,0,0,xgb_blend_renorm,0.0,0.0,QB4
00-0038998,2025,6,NO,QB,0,0,xgb_blend_renorm,0.0,0.0,QB4
00-0038998,2025,7,NO,QB,0,0,xgb_blend_renorm,0.0,0.0,QB4
00-0038998,2025,8,NO,QB,0,0,xgb_blend_renorm,0.0,0.0,QB4
00-0038998,2025,9,NO,QB,0,0,xgb_blend_renorm,0.0,0.0,QB4
00-0038998,2025,10,NO,QB,0,0,xgb_blend_renorm,0.0,0.0,QB4
00-0038998,2025,12,NO,QB,0,0,xgb_blend_renorm,0.0,0.0,QB4
00-0038998,2025,13,NO,QB,0,0,xgb_blend_renorm,0.0,0.0,QB4
00-0038998,2025,14,NO,QB,0,0,xgb_blend_renorm,0.0,0.0,QB4
00-0038998,2025,15,NO,QB,0,0,xgb_blend_renorm,0.0,0.0,QB4
00-0038998,2025,16,NO,QB,0,0,xgb_blend_renorm,0.0,0.0,QB4
00-0038998,2025,17,NO,QB,0,0,xgb_blend_renorm,0.0,0.0,QB4
00-0038998,2025,18,NO,QB,0,0,xgb_blend_renorm,0.0,0.0,QB4
00-0039107,2025,1,LA,QB,1,0,xgb_blend_renorm,0.0,0.0,QB4
00-0039107,2025,2,LA,QB,1,0,xgb_blend_renorm,0.0,0.0,QB3
00-0039107,2025,3,LA,QB,1,0,xgb_blend_renorm,0.0,0.0,QB3
00-0039107,2025,4,LA,QB,0,0,xgb_blend_renorm,0.0,0.0,QB3
00-0039107,2025,5,LA,QB,0,0,xgb_blend_renorm,0.0,0.0,QB3
00-0039107,2025,6,LA,QB,0,0,xgb_blend_renorm,0.0,0.0,QB3
00-0039107,2025,7,LA,QB,0,0,xgb_blend_renorm,0.0,0.0,QB3
00-0039107,2025,9,LA,QB,0,0,xgb_blend_renorm,0.0,0.0,QB3
00-0039107,2025,10,LA,QB,0,0,xgb_blend_renorm,0.0,0.0,QB3
00-0039107,2025,11,LA,QB,0,0,xgb_blend_renorm,0.0,0.0,QB3
00-0039107,2025,12,LA,QB,0,0,xgb_blend_renorm,0.0,0.0,QB3
00-0039107,2025,13,LA,QB,0,0,xgb_blend_renorm,0.0,0.0,QB3
00-0039107,2025,14,LA,QB,0,0,xgb_blend_renorm,0.0,0.0,QB3
00-0039107,2025,15,LA,QB,0,0,xgb_blend_renorm,0.0,0.0,QB3
00-0039107,2025,16,LA,QB,0,0,xgb_blend_renorm,0.0,0.0,QB3
00-0039107,2025,17,LA,QB,0,0,xgb_blend_renorm,0.0,0.0,QB3
00-0039107,2025,18,LA,QB,0,0,xgb_blend_renorm,0.0,0.0,QB3
00-0039150,2025,1,CAR,QB,1,0,xgb_blend_renorm,1.0,0.7692307692307692,QB3
00-0039150,2025,2,CAR,QB,1,0,xgb_blend_renorm,1.0,0.7692307692307692,QB1
00-0039150,2025,3,CAR,QB,1,0,xgb_blend_renorm,0.0,0.7692307692307692,QB1
00-0039150,2025,4,CAR,QB,0,0,xgb_blend_renorm,0.5,1.0,QB1
00-0039150,2025,5,CAR,QB,0,0,xgb_blend_renorm,1.0,0.75,QB1
00-0039150,2025,6,CAR,QB,0,0,xgb_blend_renorm,1.0,0.75,QB1
00-0039150,2025,7,CAR,QB,0,0,xgb_blend_renorm,1.0,0.8333333333333334,QB1
00-0039150,2025,8,CAR,QB,0,0,xgb_blend_renorm,0.0,1.0,QB1
00-0039150,2025,9,CAR,QB,0,0,xgb_blend_renorm,0.0,1.0,QB1
00-0039150,2025,10,CAR,QB,0,0,xgb_blend_renorm,0.0,1.0,QB1
00-0039150,2025,11,CAR,QB,0,0,xgb_blend_renorm,1.0,0.0,QB1
00-0039150,2025,12,CAR,QB,0,0,xgb_blend_renorm,1.0,1.0,QB1
00-0039150,2025,13,CAR,QB,0,0,xgb_blend_renorm,1.0,1.0,QB1
00-0039150,2025,15,CAR,QB,0,0,xgb_blend_renorm,1.0,1.0,QB1
00-0039150,2025,16,CAR,QB,0,0,xgb_blend_renorm,1.0,1.0,QB1
00-0039150,2025,17,CAR,QB,0,0,xgb_blend_renorm,0.0,1.0,QB1
00-0039150,2025,18,CAR,QB,0,0,xgb_blend_renorm,1.0,1.0,QB1
00-0039152,2025,1,TEN,QB,1,0,xgb_blend_renorm,0.0,0.9,QB3
00-0039152,2025,2,TEN,QB,1,0,xgb_blend_renorm,0.0,0.9,QB4
00-0039152,2025,3,TEN,QB,1,0,xgb_blend_renorm,0.0,0.48648648648648646,QB4
00-0039152,2025,4,TEN,QB,0,0,xgb_blend_renorm,0.0,0.0,QB4
00-0039152,2025,5,TEN,QB,0,0,xgb_blend_renorm,0.0,0.0,QB4
00-0039152,2025,6,TEN,QB,0,0,xgb_blend_renorm,0.0,0.0,QB4
00-0039152,2025,7,TEN,QB,0,0,xgb_blend_renorm,0.0,0.0,QB4
00-0039152,2025,8,TEN,QB,0,0,xgb_blend_renorm,0.0,0.0,QB4
00-0039152,2025,9,TEN,QB,0,0,xgb_blend_renorm,0.0,0.0,QB4
00-0039152,2025,11,TEN,QB,0,0,xgb_blend_renorm,0.0,0.0,QB4
00-0039152,2025,12,TEN,QB,0,0,xgb_blend_renorm,0.0,0.0,QB4
00-0039152,2025,13,TEN,QB,0,0,xgb_blend_renorm,0.0,0.0,QB4
00-0039152,2025,14,TEN,QB,0,0,xgb_blend_renorm,0.0,0.0,QB4
00-0039152,2025,15,TEN,QB,0,0,xgb_blend_renorm,0.0,0.0,QB4
00-0039152,2025,16,TEN,QB,0,0,xgb_blend_renorm,0.0,0.0,QB4
00-0039152,2025,17,TEN,QB,0,0,xgb_blend_renorm,0.0,0.0,QB4
00-0039152,2025,18,TEN,QB,0,0,xgb_blend_renorm,0.0,0.0,QB4
00-0039163,2025,1,HOU,QB,1,0,xgb_blend_renorm,0.0,1.0,QB1
00-0039163,2025,2,HOU,QB,1,0,xgb_blend_renorm,1.0,1.0,QB1
00-0039163,2025,3,HOU,QB,1,0,xgb_blend_renorm,1.0,1.0,QB1
00-0039163,2025,4,HOU,QB,0,0,xgb_blend_renorm,1.0,1.0,QB1
00-0039163,2025,5,HOU,QB,0,0,xgb_blend_renorm,1.0,1.0,QB1
00-0039163,2025,7,HOU,QB,0,0,xgb_blend_renorm,1.0,1.0,QB1
00-0039163,2025,8,HOU,QB,0,0,xgb_blend_renorm,1.0,1.0,QB1
00-0039163,2025,9,HOU,QB,0,0,xgb_blend_renorm,0.0,1.0,QB1
00-0039163,2025,10,HOU,QB,0,0,xgb_blend_renorm,0.0,1.0,QB1
00-0039163,2025,11,HOU,QB,0,0,xgb_blend_renorm,0.0,0.5,QB2
00-0039163,2025,12,HOU,QB,0,0,xgb_blend_renorm,0.0,0.0,QB2
00-0039163,2025,13,HOU,QB,0,0,xgb_blend_renorm,0.0,0.0,QB2
00-0039163,2025,14,HOU,QB,0,0,xgb_blend_renorm,1.0,0.0,QB2
00-0039163,2025,15,HOU,QB,0,0,xgb_blend_renorm,1.0,0.5,QB1
00-0039163,2025,16,HOU,QB,0,0,xgb_blend_renorm,1.0,1.0,QB1
00-0039163,2025,17,HOU,QB,0,0,xgb_blend_renorm,1.0,1.0,QB1
00-0039163,2025,18,HOU,QB,0,0,xgb_blend_renorm,1.0,1.0,QB1
00-0039164,2025,1,IND,QB,1,0,xgb_blend_renorm,0.0,0.6,QB1
00-0039164,2025,2,IND,QB,1,0,xgb_blend_renorm,0.0,0.6,QB2
00-0039164,2025,3,IND,QB,1,0,xgb_blend_renorm,0.0,0.6,QB2
00-0039164,2025,4,IND,QB,0,0,xgb_blend_renorm,0.0,0.0,QB2
00-0039164,2025,5,IND,QB,0,0,xgb_blend_renorm,0.0,0.0,QB2
00-0039164,2025,6,IND,QB,0,0,xgb_blend_renorm,0.0,0.0,QB2
00-0039164,2025,7,IND,QB,0,0,xgb_blend_renorm,0.0,0.0,QB2
00-0039164,2025,8,IND,QB,0,0,xgb_blend_renorm,0.0,0.0,QB2
00-0039164,2025,9,IND,QB,0,0,xgb_blend_renorm,0.0,0.0,QB4
00-0039164,2025,10,IND,QB,0,0,xgb_blend_renorm,0.0,0.0,QB4
00-0039164,2025,12,IND,QB,0,0,xgb_blend_renorm,0.0,0.0,QB4
00-0039164,2025,13,IND,QB,0,0,xgb_blend_renorm,0.0,0.0,QB3
00-0039164,2025,14,IND,QB,0,0,xgb_blend_renorm,0.0,0.0,QB3
00-0039164,2025,15,IND,QB,0,0,xgb_blend_renorm,0.0,0.0,QB4
00-0039164,2025,16,IND,QB,0,0,xgb_blend_renorm,0.0,0.0,QB4
00-0039164,2025,17,IND,QB,0,0,xgb_blend_renorm,0.0,0.0,QB4
00-0039164,2025,18,IND,QB,0,0,xgb_blend_renorm,0.0,0.0,QB4
00-0039331,2025,1,ATL,QB,1,0,xgb_blend_renorm,0.0,0.0,QB4
00-0039331,2025,2,ATL,QB,1,0,xgb_blend_renorm,0.0,0.0,QB4
00-0039331,2025,3,ATL,QB,1,0,xgb_blend_renorm,0.0,0.0,QB4
00-0039331,2025,4,ATL,QB,0,0,xgb_blend_renorm,0.0,0.0,QB4
00-0039331,2025,6,ATL,QB,0,0,xgb_blend_renorm,0.0,0.0,QB4
00-0039331,2025,7,ATL,QB,0,0,xgb_blend_renorm,0.0,0.0,QB4
00-0039331,2025,8,ATL,QB,0,0,xgb_blend_renorm,0.0,0.0,QB4
00-0039331,2025,9,ATL,QB,0,0,xgb_blend_renorm,0.0,0.0,QB4
00-0039331,2025,10,ATL,QB,0,0,xgb_blend_renorm,0.0,0.0,QB4
00-0039331,2025,11,ATL,QB,0,0,xgb_blend_renorm,0.0,0.0,QB4
00-0039331,2025,12,ATL,QB,0,0,xgb_blend_renorm,0.0,0.0,QB4
00-0039331,2025,13,ATL,QB,0,0,xgb_blend_renorm,0.0,0.0,QB4
00-0039331,2025,14,ATL,QB,0,0,xgb_blend_renorm,0.0,0.0,QB4
00-0039331,2025,15,ATL,QB,0,0,xgb_blend_renorm,0.0,0.0,QB4
00-0039331,2025,16,ATL,QB,0,0,xgb_blend_renorm,0.0,0.0,QB4
00-0039331,2025,17,ATL,QB,0,0,xgb_blend_renorm,0.0,0.0,QB4
00-0039331,2025,18,ATL,QB,0,0,xgb_blend_renorm,0.0,0.0,QB4
00-0039376,2025,1,NO,QB,1,0,xgb_blend_renorm,0.0,0.25925925925925924,QB4
00-0039376,2025,2,NO,QB,1,0,xgb_blend_renorm,1.0,0.25925925925925924,QB1
00-0039376,2025,3,NO,QB,1,0,xgb_blend_renorm,1.0,0.25925925925925924,QB1
00-0039376,2025,4,NO,QB,0,0,xgb_blend_renorm,1.0,1.0,QB1
00-0039376,2025,5,NO,QB,0,0,xgb_blend_renorm,1.0,1.0,QB1
00-0039376,2025,6,NO,QB,0,0,xgb_blend_renorm,0.0,1.0,QB1
00-0039376,2025,7,NO,QB,0,0,xgb_blend_renorm,1.0,1.0,QB1
00-0039376,2025,8,NO,QB,0,0,xgb_blend_renorm,0.0,1.0,QB1
00-0039376,2025,9,NO,QB,0,0,xgb_blend_renorm,0.0,1.0,QB1
00-0039376,2025,10,NO,QB,0,0,xgb_blend_renorm,0.0,0.5,QB1
00-0039376,2025,12,NO,QB,0,0,xgb_blend_renorm,0.0,0.0,QB3
00-0039376,2025,13,NO,QB,0,0,xgb_blend_renorm,0.0,0.0,QB4
00-0039376,2025,14,NO,QB,0,0,xgb_blend_renorm,0.0,0.0,QB4
00-0039376,2025,15,NO,QB,0,0,xgb_blend_renorm,0.0,0.0,QB4
00-0039376,2025,16,NO,QB,0,0,xgb_blend_renorm,0.0,0.0,QB3
00-0039376,2025,17,NO,QB,0,0,xgb_blend_renorm,0.0,0.0,QB3
00-0039376,2025,18,NO,QB,0,0,xgb_blend_renorm,0.0,0.0,QB3
00-0039398,2025,1,DAL,QB,1,0,xgb_blend_renorm,0.0,0.13333333333333333,QB3
00-0039398,2025,2,DAL,QB,1,0,xgb_blend_renorm,0.0,0.13333333333333333,QB3
00-0039398,2025,3,DAL,QB,1,0,xgb_blend_renorm,0.0,0.13333333333333333,QB3
00-0039398,2025,4,DAL,QB,0,0,xgb_blend_renorm,0.0,0.0,QB2
00-0039398,2025,5,DAL,QB,0,0,xgb_blend_renorm,0.0,0.0,QB2
00-0039398,2025,6,DAL,QB,0,0,xgb_blend_renorm,0.0,0.0,QB2
00-0039398,2025,7,DAL,QB,0,0,xgb_blend_renorm,0.0,0.0,QB3
00-0039398,2025,8,DAL,QB,0,0,xgb_blend_renorm,1.0,0.0,QB3
00-0039398,2025,9,DAL,QB,0,0,xgb_blend_renorm,0.0,0.3333333333333333,QB2
00-0039398,2025,11,DAL,QB,0,0,xgb_blend_renorm,0.0,0.3333333333333333,QB2
00-0039398,2025,12,DAL,QB,0,0,xgb_blend_renorm,0.0,0.3333333333333333,QB2
00-0039398,2025,13,DAL,QB,0,0,xgb_blend_renorm,0.0,0.0,QB3
00-0039398,2025,14,DAL,QB,0,0,xgb_blend_renorm,0.0,0.0,QB3
00-0039398,2025,15,DAL,QB,0,0,xgb_blend_renorm,0.0,0.0,QB3
00-0039398,2025,16,DAL,QB,0,0,xgb_blend_renorm,0.0,0.0,QB3
00-0039398,2025,17,DAL,QB,0,0,xgb_blend_renorm,0.0,0.0,QB2
00-0039398,2025,18,DAL,QB,0,0,xgb_blend_renorm,0.0,0.0,QB2
00-0039464,2025,1,CHI,QB,1,0,xgb_blend_renorm,0.0,0.0,QB3
00-0039501,2025,1,CAR,QB,1,0,xgb_blend_renorm,0.0,0.0,QB4
00-0039534,2025,1,SF,QB,1,0,xgb_blend_renorm,0.0,0.0,QB4
00-0039534,2025,5,JAX,QB,1,0,xgb_blend_renorm,0.0,0.0,QB3
00-0039534,2025,6,JAX,QB,1,0,xgb_blend_renorm,0.0,0.0,QB3
00-0039534,2025,7,JAX,QB,0,0,xgb_blend_renorm,0.0,0.0,QB3
00-0039534,2025,9,JAX,QB,0,0,xgb_blend_renorm,0.0,0.0,QB3
00-0039534,2025,10,JAX,QB,0,0,xgb_blend_renorm,0.0,0.0,QB3
00-0039534,2025,11,JAX,QB,0,0,xgb_blend_renorm,0.0,0.0,QB3
00-0039534,2025,12,JAX,QB,0,0,xgb_blend_renorm,0.0,0.0,QB3
00-0039534,2025,13,JAX,QB,0,0,xgb_blend_renorm,0.0,0.0,QB3
00-0039534,2025,14,JAX,QB,0,0,xgb_blend_renorm,0.0,0.0,QB3
00-0039534,2025,15,JAX,QB,0,0,xgb_blend_renorm,0.0,0.0,QB3
00-0039534,2025,16,JAX,QB,0,0,xgb_blend_renorm,0.0,0.0,QB3
00-0039534,2025,17,JAX,QB,0,0,xgb_blend_renorm,0.0,0.0,QB3
00-0039534,2025,18,JAX,QB,0,0,xgb_blend_renorm,0.0,0.0,QB3
00-0039575,2025,1,IND,QB,1,0,xgb_blend_renorm,0.0,0.0,QB3
00-0039577,2025,1,ARI,QB,1,0,xgb_blend_renorm,0.0,0.0,QB3
00-0039577,2025,2,ARI,QB,1,0,xgb_blend_renorm,0.0,0.0,QB3
00-0039577,2025,3,ARI,QB,1,0,xgb_blend_renorm,0.0,0.0,QB3
00-0039577,2025,4,ARI,QB,0,0,xgb_blend_renorm,0.0,0.0,QB3
00-0039577,2025,5,ARI,QB,0,0,xgb_blend_renorm,0.0,0.0,QB3
00-0039577,2025,6,ARI,QB,0,0,xgb_blend_renorm,0.0,0.0,QB3
00-0039577,2025,7,ARI,QB,0,0,xgb_blend_renorm,0.0,0.0,QB3
00-0039577,2025,9,ARI,QB,0,0,xgb_blend_renorm,0.0,0.0,QB3
00-0039577,2025,10,ARI,QB,0,0,xgb_blend_renorm,0.0,0.0,QB4
00-0039577,2025,11,ARI,QB,0,0,xgb_blend_renorm,0.0,0.0,QB2
00-0039577,2025,12,ARI,QB,0,0,xgb_blend_renorm,0.0,0.0,QB2
00-0039577,2025,13,ARI,QB,0,0,xgb_blend_renorm,0.0,0.0,QB2
00-0039577,2025,14,ARI,QB,0,0,xgb_blend_renorm,0.0,0.0,QB2
00-0039577,2025,15,ARI,QB,0,0,xgb_blend_renorm,0.0,0.0,QB2
00-0039577,2025,16,ARI,QB,0,0,xgb_blend_renorm,0.0,0.0,QB4
00-0039577,2025,17,ARI,QB,0,0,xgb_blend_renorm,0.0,0.0,QB4
00-0039577,2025,18,ARI,QB,0,0,xgb_blend_renorm,0.0,0.0,QB4
00-0039677,2025,1,WAS,QB,1,0,xgb_blend_renorm,0.0,0.0,QB3
00-0039677,2025,2,WAS,QB,1,0,xgb_blend_renorm,0.0,0.0,QB4
00-0039677,2025,3,WAS,QB,1,0,xgb_blend_renorm,0.0,0.0,QB4
00-0039677,2025,4,WAS,QB,0,0,xgb_blend_renorm,0.0,0.0,QB4
00-0039677,2025,5,WAS,QB,0,0,xgb_blend_renorm,0.0,0.0,QB4
00-0039677,2025,6,WAS,QB,0,0,xgb_blend_renorm,0.0,0.0,QB4
00-0039677,2025,7,WAS,QB,0,0,xgb_blend_renorm,0.0,0.0,QB4
00-0039677,2025,8,WAS,QB,0,0,xgb_blend_renorm,0.0,0.0,QB4
00-0039677,2025,9,WAS,QB,0,0,xgb_blend_renorm,0.0,0.0,QB4
00-0039677,2025,10,WAS,QB,0,0,xgb_blend_renorm,0.0,0.0,QB4
00-0039677,2025,11,WAS,QB,0,0,xgb_blend_renorm,0.0,0.0,QB4
00-0039677,2025,13,WAS,QB,0,0,xgb_blend_renorm,0.0,0.0,QB4
00-0039677,2025,14,WAS,QB,0,0,xgb_blend_renorm,0.0,0.0,QB3
00-0039677,2025,15,WAS,QB,0,0,xgb_blend_renorm,0.0,0.0,QB4
00-0039677,2025,16,WAS,QB,0,0,xgb_blend_renorm,0.0,0.0,QB4
00-0039677,2025,17,WAS,QB,0,0,xgb_blend_renorm,0.0,0.0,QB4
00-0039677,2025,18,WAS,QB,0,0,xgb_blend_renorm,0.0,0.0,QB4
00-0039699,2025,1,SF,QB,1,0,xgb_blend_renorm,0.0,0.0,QB4
00-0039732,2025,1,DEN,QB,1,0,xgb_blend_renorm,1.0,1.0,QB1
00-0039732,2025,2,DEN,QB,1,0,xgb_blend_renorm,1.0,1.0,QB1
00-0039732,2025,3,DEN,QB,1,0,xgb_blend_renorm,1.0,1.0,QB1
00-0039732,2025,4,DEN,QB,0,0,xgb_blend_renorm,1.0,1.0,QB1
00-0039732,2025,5,DEN,QB,0,0,xgb_blend_renorm,1.0,1.0,QB1
00-0039732,2025,6,DEN,QB,0,0,xgb_blend_renorm,1.0,1.0,QB1
00-0039732,2025,7,DEN,QB,0,0,xgb_blend_renorm,1.0,1.0,QB1
00-0039732,2025,8,DEN,QB,0,0,xgb_blend_renorm,1.0,1.0,QB1
00-0039732,2025,9,DEN,QB,0,0,xgb_blend_renorm,1.0,1.0,QB1
00-0039732,2025,10,DEN,QB,0,0,xgb_blend_renorm,1.0,1.0,QB1
00-0039732,2025,11,DEN,QB,0,0,xgb_blend_renorm,0.0,1.0,QB1
00-0039732,2025,13,DEN,QB,0,0,xgb_blend_renorm,1.0,1.0,QB1
00-0039732,2025,14,DEN,QB,0,0,xgb_blend_renorm,0.0,1.0,QB1
00-0039732,2025,15,DEN,QB,0,0,xgb_blend_renorm,1.0,1.0,QB1
00-0039732,2025,16,DEN,QB,0,0,xgb_blend_renorm,1.0,1.0,QB1
00-0039732,2025,17,DEN,QB,0,0,xgb_blend_renorm,1.0,1.0,QB1
00-0039732,2025,18,DEN,QB,0,0,xgb_blend_renorm,0.0,1.0,QB1
00-0039797,2025,1,NYJ,QB,1,0,xgb_blend_renorm,0.0,0.0,QB3
00-0039797,2025,2,NYJ,QB,1,0,xgb_blend_renorm,0.0,0.0,QB3
00-0039797,2025,3,NYJ,QB,1,0,xgb_blend_renorm,0.0,0.0,QB3
00-0039797,2025,4,NYJ,QB,0,0,xgb_blend_renorm,0.0,0.0,QB3
00-0039797,2025,5,NYJ,QB,0,0,xgb_blend_renorm,0.0,0.0,QB3
00-0039797,2025,6,NYJ,QB,0,0,xgb_blend_renorm,0.0,0.0,QB3
00-0039797,2025,7,NYJ,QB,0,0,xgb_blend_renorm,0.0,0.0,QB3
00-0039797,2025,8,NYJ,QB,0,0,xgb_blend_renorm,0.0,0.0,QB3
00-0039797,2025,10,NYJ,QB,0,0,xgb_blend_renorm,0.0,0.0,QB3
00-0039797,2025,11,NYJ,QB,0,0,xgb_blend_renorm,0.0,0.0,QB3
00-0039797,2025,12,NYJ,QB,0,0,xgb_blend_renorm,0.0,0.0,QB3
00-0039797,2025,13,NYJ,QB,0,0,xgb_blend_renorm,0.0,0.0,QB3
00-0039797,2025,14,NYJ,QB,0,0,xgb_blend_renorm,0.0,0.0,QB3
00-0039797,2025,15,NYJ,QB,0,0,xgb_blend_renorm,0.0,0.0,QB4
00-0039797,2025,16,NYJ,QB,0,0,xgb_blend_renorm,0.0,0.0,QB4
00-0039797,2025,17,NYJ,QB,0,0,xgb_blend_renorm,0.0,0.0,QB4
00-0039797,2025,18,NYJ,QB,0,0,xgb_blend_renorm,0.0,0.0,QB4
00-0039801,2025,1,BAL,QB,1,0,xgb_blend_renorm,0.0,0.0,QB4
00-0039851,2025,1,NE,QB,1,0,xgb_blend_renorm,1.0,0.9090909090909091,QB3
00-0039851,2025,2,NE,QB,1,0,xgb_blend_renorm,1.0,0.9090909090909091,QB1
00-0039851,2025,3,NE,QB,1,0,xgb_blend_renorm,1.0,0.9090909090909091,QB1
00-0039851,2025,4,NE,QB,0,0,xgb_blend_renorm,1.0,1.0,QB1
00-0039851,2025,5,NE,QB,0,0,xgb_blend_renorm,0.0,1.0,QB1
00-0039851,2025,6,NE,QB,0,0,xgb_blend_renorm,1.0,1.0,QB1
00-0039851,2025,7,NE,QB,0,0,xgb_blend_renorm,1.0,1.0,QB1
00-0039851,2025,8,NE,QB,0,0,xgb_blend_renorm,1.0,1.0,QB1
00-0039851,2025,9,NE,QB,0,0,xgb_blend_renorm,1.0,1.0,QB1
00-0039851,2025,10,NE,QB,0,0,xgb_blend_renorm,1.0,1.0,QB1
00-0039851,2025,11,NE,QB,0,0,xgb_blend_renorm,1.0,1.0,QB1
00-0039851,2025,12,NE,QB,0,0,xgb_blend_renorm,1.0,1.0,QB1
00-0039851,2025,13,NE,QB,0,0,xgb_blend_renorm,1.0,1.0,QB1
00-0039851,2025,15,NE,QB,0,0,xgb_blend_renorm,0.0,1.0,QB1
00-0039851,2025,16,NE,QB,0,0,xgb_blend_renorm,1.0,1.0,QB1
00-0039851,2025,17,NE,QB,0,0,xgb_blend_renorm,1.0,1.0,QB1
00-0039851,2025,18,NE,QB,0,0,xgb_blend_renorm,1.0,1.0,QB1
00-0039910,2025,1,WAS,QB,1,0,xgb_blend_renorm,1.0,0.8571428571428571,QB4
00-0039910,2025,2,WAS,QB,1,0,xgb_blend_renorm,1.0,0.8571428571428571,QB1
00-0039910,2025,3,WAS,QB,1,0,xgb_blend_renorm,0.0,0.8571428571428571,QB1
00-0039910,2025,4,WAS,QB,0,0,xgb_blend_renorm,0.0,0.6666666666666666,QB1
00-0039910,2025,5,WAS,QB,0,0,xgb_blend_renorm,1.0,0.3333333333333333,QB2
00-0039910,2025,6,WAS,QB,0,0,xgb_blend_renorm,1.0,0.3333333333333333,QB2
00-0039910,2025,7,WAS,QB,0,0,xgb_blend_renorm,1.0,0.6666666666666666,QB1
00-0039910,2025,8,WAS,QB,0,0,xgb_blend_renorm,0.0,1.0,QB1
00-0039910,2025,9,WAS,QB,0,0,xgb_blend_renorm,0.0,0.6666666666666666,QB1
00-0039910,2025,10,WAS,QB,0,0,xgb_blend_renorm,0.0,0.5,QB1
00-0039910,2025,11,WAS,QB,0,0,xgb_blend_renorm,0.0,0.0,QB2
00-0039910,2025,13,WAS,QB,0,0,xgb_blend_renorm,0.0,0.0,QB2
00-0039910,2025,14,WAS,QB,0,0,xgb_blend_renorm,0.0,0.0,QB4
00-0039910,2025,15,WAS,QB,0,0,xgb_blend_renorm,0.0,0.0,QB2
00-0039910,2025,16,WAS,QB,0,0,xgb_blend_renorm,0.0,0.0,QB2
00-0039910,2025,17,WAS,QB,0,0,xgb_blend_renorm,0.0,0.0,QB2
00-0039910,2025,18,WAS,QB,0,0,xgb_blend_renorm,0.0,0.0,QB4
00-0039917,2025,1,ATL,QB,1,0,xgb_blend_renorm,1.0,0.1818181818181818,QB4
00-0039917,2025,2,ATL,QB,1,0,xgb_blend_renorm,0.0,0.1818181818181818,QB1
00-0039917,2025,3,ATL,QB,1,0,xgb_blend_renorm,0.0,0.1818181818181818,QB1
00-0039917,2025,4,ATL,QB,0,0,xgb_blend_renorm,1.0,1.0,QB1
00-0039917,2025,6,ATL,QB,0,0,xgb_blend_renorm,1.0,1.0,QB1
00-0039917,2025,7,ATL,QB,0,0,xgb_blend_renorm,1.0,1.0,QB1
00-0039917,2025,8,ATL,QB,0,0,xgb_blend_renorm,0.0,1.0,QB1
00-0039917,2025,9,ATL,QB,0,0,xgb_blend_renorm,1.0,1.0,QB1
00-0039917,2025,10,ATL,QB,0,0,xgb_blend_renorm,1.0,1.0,QB1
00-0039917,2025,11,ATL,QB,0,0,xgb_blend_renorm,0.0,1.0,QB1
00-0039917,2025,12,ATL,QB,0,0,xgb_blend_renorm,0.0,1.0,QB1
00-0039917,2025,13,ATL,QB,0,0,xgb_blend_renorm,0.0,0.5,QB1
00-0039917,2025,14,ATL,QB,0,0,xgb_blend_renorm,0.0,0.0,QB2
00-0039917,2025,15,ATL,QB,0,0,xgb_blend_renorm,0.0,0.0,QB4
00-0039917,2025,16,ATL,QB,0,0,xgb_blend_renorm,0.0,0.0,QB4
00-0039917,2025,17,ATL,QB,0,0,xgb_blend_renorm,0.0,0.0,QB4
00-0039917,2025,18,ATL,QB,0,0,xgb_blend_renorm,0.0,0.0,QB4
00-0039918,2025,1,CHI,QB,1,0,xgb_blend_renorm,1.0,1.0,QB4
00-0039918,2025,2,CHI,QB,1,0,xgb_blend_renorm,1.0,1.0,QB1
00-0039918,2025,3,CHI,QB,1,0,xgb_blend_renorm,1.0,1.0,QB1
00-0039918,2025,4,CHI,QB,0,0,xgb_blend_renorm,1.0,1.0,QB1
00-0039918,2025,6,CHI,QB,0,0,xgb_blend_renorm,1.0,1.0,QB1
00-0039918,2025,7,CHI,QB,0,0,xgb_blend_renorm,0.0,1.0,QB1
00-0039918,2025,8,CHI,QB,0,0,xgb_blend_renorm,0.0,1.0,QB1
00-0039918,2025,9,CHI,QB,0,0,xgb_blend_renorm,0.75,1.0,QB1
00-0039918,2025,10,CHI,QB,0,0,xgb_blend_renorm,1.0,1.0,QB1
00-0039918,2025,11,CHI,QB,0,0,xgb_blend_renorm,0.0,1.0,QB1
00-0039918,2025,12,CHI,QB,0,0,xgb_blend_renorm,1.0,1.0,QB1
00-0039918,2025,13,CHI,QB,0,0,xgb_blend_renorm,1.0,1.0,QB1
00-0039918,2025,14,CHI,QB,0,0,xgb_blend_renorm,1.0,1.0,QB1
00-0039918,2025,15,CHI,QB,0,0,xgb_blend_renorm,1.0,1.0,QB1
00-0039918,2025,16,CHI,QB,0,0,xgb_blend_renorm,1.0,1.0,QB1
00-0039918,2025,17,CHI,QB,0,0,xgb_blend_renorm,1.0,1.0,QB1
00-0039918,2025,18,CHI,QB,0,0,xgb_blend_renorm,1.0,1.0,QB1
00-0039923,2025,1,MIN,QB,1,0,xgb_blend_renorm,1.0,0.0,QB2
00-0039923,2025,2,MIN,QB,1,0,xgb_blend_renorm,0.0,0.0,QB1
00-0039923,2025,3,MIN,QB,1,0,xgb_blend_renorm,0.0,0.0,QB1
00-0039923,2025,4,MIN,QB,0,0,xgb_blend_renorm,0.0,0.425,QB1
00-0039923,2025,5,MIN,QB,0,0,xgb_blend_renorm,0.0,0.0,QB2
00-0039923,2025,7,MIN,QB,0,0,xgb_blend_renorm,0.0,0.0,QB3
00-0039923,2025,8,MIN,QB,0,0,xgb_blend_renorm,0.0,0.0,QB3
00-0039923,2025,9,MIN,QB,0,0,xgb_blend_renorm,1.0,0.0,QB4
00-0039923,2025,10,MIN,QB,0,0,xgb_blend_renorm,1.0,0.5,QB2
00-0039923,2025,11,MIN,QB,0,0,xgb_blend_renorm,1.0,0.6666666666666667,QB1
00-0039923,2025,12,MIN,QB,0,0,xgb_blend_renorm,0.0,1.0,QB1
00-0039923,2025,13,MIN,QB,0,0,xgb_blend_renorm,0.0,1.0,QB1
00-0039923,2025,14,MIN,QB,0,0,xgb_blend_renorm,1.0,1.0,QB1
00-0039923,2025,15,MIN,QB,0,0,xgb_blend_renorm,1.0,1.0,QB1
00-0039923,2025,16,MIN,QB,0,0,xgb_blend_renorm,0.0,1.0,QB1
00-0039923,2025,17,MIN,QB,0,0,xgb_blend_renorm,0.0,1.0,QB1
00-0039923,2025,18,MIN,QB,0,0,xgb_blend_renorm,0.0,1.0,QB1
00-0040014,2025,1,PHI,QB,1,0,xgb_blend_renorm,0.0,0.0,QB4
00-0040014,2025,2,PHI,QB,1,0,xgb_blend_renorm,0.0,0.0,QB4
00-0040014,2025,3,PHI,QB,1,0,xgb_blend_renorm,0.0,0.0,QB4
00-0040014,2025,4,PHI,QB,0,0,xgb_blend_renorm,0.0,0.0,QB4
00-0040014,2025,5,PHI,QB,0,0,xgb_blend_renorm,0.0,0.0,QB4
00-0040014,2025,6,PHI,QB,0,0,xgb_blend_renorm,0.0,0.0,QB4
00-0040014,2025,7,PHI,QB,0,0,xgb_blend_renorm,0.0,0.0,QB4
00-0040014,2025,8,PHI,QB,0,0,xgb_blend_renorm,0.0,0.0,QB4
00-0040014,2025,10,PHI,QB,0,0,xgb_blend_renorm,0.0,0.0,QB4
00-0040014,2025,11,PHI,QB,0,0,xgb_blend_renorm,0.0,0.0,QB4
00-0040014,2025,12,PHI,QB,0,0,xgb_blend_renorm,0.0,0.0,QB4
00-0040014,2025,13,PHI,QB,0,0,xgb_blend_renorm,0.0,0.0,QB4
00-0040014,2025,14,PHI,QB,0,0,xgb_blend_renorm,0.0,0.0,QB4
00-0040014,2025,15,PHI,QB,0,0,xgb_blend_renorm,0.0,0.0,QB4
00-0040014,2025,16,PHI,QB,0,0,xgb_blend_renorm,0.0,0.0,QB4
00-0040014,2025,17,PHI,QB,0,0,xgb_blend_renorm,0.0,0.0,QB4
00-0040014,2025,18,PHI,QB,0,0,xgb_blend_renorm,0.0,0.0,QB4
00-0040203,2025,1,PIT,QB,1,0,xgb_blend_renorm,0.0,0.0,QB4
00-0040203,2025,2,PIT,QB,1,0,xgb_blend_renorm,0.0,0.0,QB4
00-0040203,2025,3,PIT,QB,1,0,xgb_blend_renorm,0.0,0.0,QB4
00-0040203,2025,4,PIT,QB,0,0,xgb_blend_renorm,0.0,0.0,QB4
00-0040203,2025,6,PIT,QB,0,0,xgb_blend_renorm,0.0,0.0,QB4
00-0040203,2025,7,PIT,QB,0,0,xgb_blend_renorm,0.0,0.0,QB4
00-0040203,2025,8,PIT,QB,0,0,xgb_blend_renorm,0.0,0.0,QB4
00-0040203,2025,9,PIT,QB,0,0,xgb_blend_renorm,0.0,0.0,QB4
00-0040203,2025,10,PIT,QB,0,0,xgb_blend_renorm,0.0,0.0,QB4
00-0040203,2025,11,PIT,QB,0,0,xgb_blend_renorm,0.0,0.0,QB4
00-0040203,2025,12,PIT,QB,0,0,xgb_blend_renorm,0.0,0.0,QB4
00-0040203,2025,13,PIT,QB,0,0,xgb_blend_renorm,0.0,0.0,QB4
00-0040203,2025,14,PIT,QB,0,0,xgb_blend_renorm,0.0,0.0,QB4
00-0040203,2025,15,PIT,QB,0,0,xgb_blend_renorm,0.0,0.0,QB4
00-0040203,2025,16,PIT,QB,0,0,xgb_blend_renorm,0.0,0.0,QB4
00-0040203,2025,17,PIT,QB,0,0,xgb_blend_renorm,0.0,0.0,QB4
00-0040203,2025,18,PIT,QB,0,0,xgb_blend_renorm,0.0,0.0,QB4
00-0040206,2025,1,IND,QB,1,0,xgb_blend_renorm,0.0,0.0,QB4
00-0040206,2025,2,IND,QB,1,0,xgb_blend_renorm,0.0,0.0,QB3
00-0040206,2025,3,IND,QB,1,0,xgb_blend_renorm,0.0,0.0,QB3
00-0040206,2025,4,IND,QB,0,0,xgb_blend_renorm,0.0,0.0,QB3
00-0040206,2025,5,IND,QB,0,0,xgb_blend_renorm,0.0,0.0,QB3
00-0040206,2025,6,IND,QB,0,0,xgb_blend_renorm,0.0,0.0,QB3
00-0040206,2025,7,IND,QB,0,0,xgb_blend_renorm,0.0,0.0,QB4
00-0040206,2025,8,IND,QB,0,0,xgb_blend_renorm,0.0,0.0,QB4
00-0040206,2025,9,IND,QB,0,0,xgb_blend_renorm,0.0,0.0,QB2
00-0040206,2025,10,IND,QB,0,0,xgb_blend_renorm,0.0,0.0,QB2
00-0040206,2025,12,IND,QB,0,0,xgb_blend_renorm,0.0,0.0,QB2
00-0040206,2025,13,IND,QB,0,0,xgb_blend_renorm,0.0,0.0,QB4
00-0040206,2025,14,IND,QB,0,0,xgb_blend_renorm,0.0,0.0,QB4
00-0040206,2025,15,IND,QB,0,0,xgb_blend_renorm,0.0,0.0,QB2
00-0040206,2025,16,IND,QB,0,0,xgb_blend_renorm,0.0,0.0,QB3
00-0040206,2025,17,IND,QB,0,0,xgb_blend_renorm,0.0,0.0,QB2
00-0040206,2025,18,IND,QB,0,0,xgb_blend_renorm,1.0,0.0,QB2
00-0040211,2025,1,HOU,QB,1,0,xgb_blend_renorm,0.0,0.0,QB3
00-0040211,2025,2,HOU,QB,1,0,xgb_blend_renorm,0.0,0.0,QB3
00-0040211,2025,3,HOU,QB,1,0,xgb_blend_renorm,0.0,0.0,QB3
00-0040211,2025,4,HOU,QB,0,0,xgb_blend_renorm,0.0,0.0,QB3
00-0040211,2025,5,HOU,QB,0,0,xgb_blend_renorm,0.0,0.0,QB3
00-0040211,2025,7,HOU,QB,0,0,xgb_blend_renorm,0.0,0.0,QB3
00-0040211,2025,8,HOU,QB,0,0,xgb_blend_renorm,0.0,0.0,QB3
00-0040211,2025,9,HOU,QB,0,0,xgb_blend_renorm,0.0,0.0,QB3
00-0040211,2025,10,HOU,QB,0,0,xgb_blend_renorm,0.0,0.0,QB3
00-0040211,2025,11,HOU,QB,0,0,xgb_blend_renorm,0.0,0.0,QB3
00-0040211,2025,12,HOU,QB,0,0,xgb_blend_renorm,0.0,0.0,QB3
00-0040211,2025,13,HOU,QB,0,0,xgb_blend_renorm,0.0,0.0,QB3
00-0040211,2025,14,HOU,QB,0,0,xgb_blend_renorm,0.0,0.0,QB3
00-0040211,2025,15,HOU,QB,0,0,xgb_blend_renorm,0.0,0.0,QB3
00-0040211,2025,16,HOU,QB,0,0,xgb_blend_renorm,0.0,0.0,QB3
00-0040211,2025,17,HOU,QB,0,0,xgb_blend_renorm,0.0,0.0,QB3
00-0040211,2025,18,HOU,QB,0,0,xgb_blend_renorm,0.0,0.0,QB3
00-0040222,2025,1,LV,QB,1,0,xgb_blend_renorm,0.0,0.0,QB4
00-0040222,2025,2,LV,QB,1,0,xgb_blend_renorm,0.0,0.0,QB4
00-0040222,2025,3,LV,QB,1,0,xgb_blend_renorm,0.0,0.0,QB4
00-0040222,2025,4,LV,QB,0,0,xgb_blend_renorm,0.0,0.0,QB4
00-0040222,2025,5,LV,QB,0,0,xgb_blend_renorm,0.0,0.0,QB4
00-0040222,2025,6,LV,QB,0,0,xgb_blend_renorm,0.0,0.0,QB4
00-0040222,2025,7,LV,QB,0,0,xgb_blend_renorm,0.0,0.0,QB4
00-0040222,2025,9,LV,QB,0,0,xgb_blend_renorm,0.0,0.0,QB4
00-0040222,2025,10,LV,QB,0,0,xgb_blend_renorm,0.0,0.0,QB4
00-0040222,2025,11,LV,QB,0,0,xgb_blend_renorm,0.0,0.0,QB4
00-0040222,2025,12,LV,QB,0,0,xgb_blend_renorm,0.0,0.0,QB4
00-0040222,2025,13,LV,QB,0,0,xgb_blend_renorm,0.0,0.0,QB4
00-0040222,2025,14,LV,QB,0,0,xgb_blend_renorm,0.0,0.0,QB4
00-0040222,2025,15,LV,QB,0,0,xgb_blend_renorm,0.0,0.0,QB4
00-0040222,2025,16,LV,QB,0,0,xgb_blend_renorm,0.0,0.0,QB4
00-0040222,2025,17,LV,QB,0,0,xgb_blend_renorm,0.0,0.0,QB4
00-0040222,2025,18,MIA,QB,0,0,xgb_blend_renorm,0.0,0.0,QB4
00-0040234,2025,1,MIA,QB,1,0,xgb_blend_renorm,0.0,0.0,QB3
00-0040234,2025,2,MIA,QB,1,0,xgb_blend_renorm,0.0,0.0,QB3
00-0040234,2025,3,MIA,QB,1,0,xgb_blend_renorm,0.0,0.0,QB3
00-0040234,2025,4,MIA,QB,0,0,xgb_blend_renorm,0.0,0.0,QB3
00-0040234,2025,5,MIA,QB,0,0,xgb_blend_renorm,0.0,0.0,QB3
00-0040234,2025,6,MIA,QB,0,0,xgb_blend_renorm,0.0,0.0,QB3
00-0040234,2025,7,MIA,QB,0,0,xgb_blend_renorm,0.0,0.0,QB3
00-0040234,2025,8,MIA,QB,0,0,xgb_blend_renorm,0.0,0.0,QB2
00-0040234,2025,9,MIA,QB,0,0,xgb_blend_renorm,0.0,0.0,QB2
00-0040234,2025,10,MIA,QB,0,0,xgb_blend_renorm,0.0,0.0,QB2
00-0040234,2025,11,MIA,QB,0,0,xgb_blend_renorm,0.0,0.0,QB3
00-0040234,2025,13,MIA,QB,0,0,xgb_blend_renorm,0.0,0.0,QB3
00-0040234,2025,14,MIA,QB,0,0,xgb_blend_renorm,0.0,0.0,QB3
00-0040234,2025,15,MIA,QB,0,0,xgb_blend_renorm,0.0,0.0,QB3
00-0040234,2025,16,MIA,QB,0,0,xgb_blend_renorm,0.0,0.0,QB3
00-0040234,2025,17,MIA,QB,0,0,xgb_blend_renorm,1.0,0.0,QB2
00-0040234,2025,18,MIA,QB,0,0,xgb_blend_renorm,1.0,0.5,QB1
00-0040330,2025,1,JAX,QB,1,0,xgb_blend_renorm,0.0,0.0,QB4
00-0040330,2025,2,JAX,QB,1,0,xgb_blend_renorm,0.0,0.0,QB3
00-0040330,2025,3,JAX,QB,1,0,xgb_blend_renorm,0.0,0.0,QB3
00-0040330,2025,4,JAX,QB,0,0,xgb_blend_renorm,0.0,0.0,QB3
00-0040330,2025,18,IND,QB,0,0,xgb_blend_renorm,0.0,0.0,QB4
00-0040378,2025,1,CIN,QB,1,0,xgb_blend_renorm,0.0,0.0,QB4
00-0040398,2025,1,NYJ,QB,1,0,xgb_blend_renorm,0.0,0.0,QB4
00-0040398,2025,2,NYJ,QB,1,0,xgb_blend_renorm,0.0,0.0,QB4
00-0040398,2025,3,NYJ,QB,1,0,xgb_blend_renorm,0.0,0.0,QB4
00-0040398,2025,4,NYJ,QB,0,0,xgb_blend_renorm,0.0,0.0,QB4
00-0040398,2025,5,NYJ,QB,0,0,xgb_blend_renorm,0.0,0.0,QB4
00-0040398,2025,6,NYJ,QB,0,0,xgb_blend_renorm,0.0,0.0,QB4
00-0040398,2025,7,NYJ,QB,0,0,xgb_blend_renorm,0.0,0.0,QB4
00-0040398,2025,8,NYJ,QB,0,0,xgb_blend_renorm,0.0,0.0,QB4
00-0040398,2025,10,NYJ,QB,0,0,xgb_blend_renorm,0.0,0.0,QB4
00-0040398,2025,11,NYJ,QB,0,0,xgb_blend_renorm,0.0,0.0,QB4
00-0040398,2025,12,NYJ,QB,0,0,xgb_blend_renorm,0.0,0.0,QB4
00-0040398,2025,13,NYJ,QB,0,0,xgb_blend_renorm,0.0,0.0,QB4
00-0040398,2025,14,NYJ,QB,0,0,xgb_blend_renorm,0.0,0.0,QB4
00-0040398,2025,15,NYJ,QB,0,0,xgb_blend_renorm,1.0,0.0,QB2
00-0040398,2025,16,NYJ,QB,0,0,xgb_blend_renorm,0.0,0.5,QB1
00-0040398,2025,17,NYJ,QB,0,0,xgb_blend_renorm,0.0,1.0,QB1
00-0040398,2025,18,NYJ,QB,0,0,xgb_blend_renorm,1.0,1.0,QB1
00-0040415,2025,1,TB,QB,1,0,xgb_blend_renorm,0.0,0.0,QB4
00-0040415,2025,2,TB,QB,1,0,xgb_blend_renorm,0.0,0.0,QB3
00-0040415,2025,3,TB,QB,1,0,xgb_blend_renorm,0.0,0.0,QB3
00-0040415,2025,4,TB,QB,0,0,xgb_blend_renorm,0.0,0.0,QB3
00-0040415,2025,5,TB,QB,0,0,xgb_blend_renorm,0.0,0.0,QB3
00-0040415,2025,6,TB,QB,0,0,xgb_blend_renorm,0.0,0.0,QB3
00-0040415,2025,7,TB,QB,0,0,xgb_blend_renorm,0.0,0.0,QB3
00-0040415,2025,8,TB,QB,0,0,xgb_blend_renorm,0.0,0.0,QB3
00-0040415,2025,10,TB,QB,0,0,xgb_blend_renorm,0.0,0.0,QB3
00-0040415,2025,11,TB,QB,0,0,xgb_blend_renorm,0.0,0.0,QB3
00-0040415,2025,12,TB,QB,0,0,xgb_blend_renorm,0.0,0.0,QB3
00-0040415,2025,13,TB,QB,0,0,xgb_blend_renorm,0.0,0.0,QB3
00-0040415,2025,14,TB,QB,0,0,xgb_blend_renorm,0.0,0.0,QB3
00-0040415,2025,15,TB,QB,0,0,xgb_blend_renorm,0.0,0.0,QB3
00-0040415,2025,16,TB,QB,0,0,xgb_blend_renorm,0.0,0.0,QB3
00-0040415,2025,17,TB,QB,0,0,xgb_blend_renorm,0.0,0.0,QB3
00-0040415,2025,18,TB,QB,0,0,xgb_blend_renorm,0.0,0.0,QB3
00-0040464,2025,1,LAC,QB,1,0,xgb_blend_renorm,0.0,0.0,QB4
00-0040464,2025,2,LAC,QB,1,0,xgb_blend_renorm,0.0,0.0,QB3
00-0040464,2025,3,LAC,QB,1,0,xgb_blend_renorm,0.0,0.0,QB3
00-0040464,2025,4,LAC,QB,0,0,xgb_blend_renorm,0.0,0.0,QB3
00-0040464,2025,5,LAC,QB,0,0,xgb_blend_renorm,0.0,0.0,QB3
00-0040464,2025,6,LAC,QB,0,0,xgb_blend_renorm,0.0,0.0,QB3
00-0040464,2025,7,LAC,QB,0,0,xgb_blend_renorm,0.0,0.0,QB3
00-0040464,2025,8,LAC,QB,0,0,xgb_blend_renorm,0.0,0.0,QB3
00-0040464,2025,9,LAC,QB,0,0,xgb_blend_renorm,0.0,0.0,QB3
00-0040464,2025,10,LAC,QB,0,0,xgb_blend_renorm,0.0,0.0,QB3
00-0040464,2025,11,LAC,QB,0,0,xgb_blend_renorm,0.0,0.0,QB3
00-0040464,2025,13,LAC,QB,0,0,xgb_blend_renorm,0.0,0.0,QB3
00-0040464,2025,14,LAC,QB,0,0,xgb_blend_renorm,0.0,0.0,QB3
00-0040464,2025,15,LAC,QB,0,0,xgb_blend_renorm,0.0,0.0,QB3
00-0040464,2025,16,LAC,QB,0,0,xgb_blend_renorm,0.0,0.0,QB3
00-0040464,2025,17,LAC,QB,0,0,xgb_blend_renorm,0.0,0.0,QB3
00-0040464,2025,18,LAC,QB,0,0,xgb_blend_renorm,0.0,0.0,QB3
00-0040494,2025,1,MIN,QB,1,0,xgb_blend_renorm,0.0,0.0,QB3
00-0040494,2025,2,MIN,QB,1,0,xgb_blend_renorm,0.0,0.0,QB3
00-0040494,2025,3,MIN,QB,1,0,xgb_blend_renorm,0.0,0.0,QB4
00-0040494,2025,4,MIN,QB,0,0,xgb_blend_renorm,0.0,0.0,QB3
00-0040494,2025,5,MIN,QB,0,0,xgb_blend_renorm,0.0,0.0,QB3
00-0040494,2025,7,MIN,QB,0,0,xgb_blend_renorm,0.0,0.0,QB2
00-0040494,2025,8,MIN,QB,0,0,xgb_blend_renorm,0.0,0.0,QB2
00-0040494,2025,9,MIN,QB,0,0,xgb_blend_renorm,0.0,0.0,QB2
00-0040494,2025,10,MIN,QB,0,0,xgb_blend_renorm,0.0,0.0,QB3
00-0040494,2025,11,MIN,QB,0,0,xgb_blend_renorm,0.0,0.0,QB3
00-0040494,2025,12,MIN,QB,0,0,xgb_blend_renorm,0.0,0.0,QB4
00-0040494,2025,13,MIN,QB,0,0,xgb_blend_renorm,0.0,0.0,QB4
00-0040494,2025,14,MIN,QB,0,0,xgb_blend_renorm,0.0,0.0,QB2
00-0040494,2025,15,MIN,QB,0,0,xgb_blend_renorm,0.0,0.0,QB2
00-0040494,2025,16,MIN,QB,0,0,xgb_blend_renorm,0.0,0.0,QB2
00-0040494,2025,17,MIN,QB,0,0,xgb_blend_renorm,0.0,0.0,QB2
00-0040494,2025,18,MIN,QB,0,0,xgb_blend_renorm,0.0,0.0,QB2
00-0040569,2025,1,NE,QB,1,0,xgb_blend_renorm,0.0,0.0,QB4
00-0040589,2025,1,SF,QB,1,0,xgb_blend_renorm,0.0,0.0,QB4
00-0040589,2025,2,SF,QB,1,0,xgb_blend_renorm,0.0,0.0,QB4
00-0040589,2025,3,SF,QB,1,0,xgb_blend_renorm,0.0,0.0,QB4
00-0040589,2025,4,SF,QB,0,0,xgb_blend_renorm,0.0,0.0,QB4
00-0040589,2025,5,SF,QB,0,0,xgb_blend_renorm,0.0,0.0,QB4
00-0040589,2025,6,SF,QB,0,0,xgb_blend_renorm,0.0,0.0,QB4
00-0040589,2025,7,SF,QB,0,0,xgb_blend_renorm,0.0,0.0,QB4
00-0040589,2025,8,SF,QB,0,0,xgb_blend_renorm,0.0,0.0,QB4
00-0040589,2025,9,SF,QB,0,0,xgb_blend_renorm,0.0,0.0,QB4
00-0040589,2025,10,SF,QB,0,0,xgb_blend_renorm,0.0,0.0,QB4
00-0040589,2025,11,SF,QB,0,0,xgb_blend_renorm,0.0,0.0,QB4
00-0040589,2025,12,SF,QB,0,0,xgb_blend_renorm,0.0,0.0,QB4
00-0040589,2025,13,SF,QB,0,0,xgb_blend_renorm,0.0,0.0,QB4
00-0040589,2025,15,SF,QB,0,0,xgb_blend_renorm,0.0,0.0,QB3
00-0040589,2025,16,SF,QB,0,0,xgb_blend_renorm,0.0,0.0,QB4
00-0040589,2025,17,SF,QB,0,0,xgb_blend_renorm,0.0,0.0,QB4
00-0040589,2025,18,SF,QB,0,0,xgb_blend_renorm,0.0,0.0,QB4
00-0040591,2025,1,GB,QB,1,0,xgb_blend_renorm,0.0,0.0,QB4
00-0040656,2025,1,NO,QB,1,0,xgb_blend_renorm,0.0,0.0,QB4
00-0040656,2025,2,NO,QB,1,0,xgb_blend_renorm,0.0,0.0,QB4
00-0040656,2025,3,NO,QB,1,0,xgb_blend_renorm,0.0,0.0,QB4
00-0040656,2025,4,NO,QB,0,0,xgb_blend_renorm,0.0,0.0,QB4
00-0040656,2025,5,NO,QB,0,0,xgb_blend_renorm,0.0,0.0,QB4
00-0040656,2025,6,NO,QB,0,0,xgb_blend_renorm,0.0,0.0,QB4
00-0040656,2025,7,NO,QB,0,0,xgb_blend_renorm,0.0,0.0,QB4
00-0040656,2025,8,NO,QB,0,0,xgb_blend_renorm,0.0,0.0,QB4
00-0040656,2025,9,NO,QB,0,0,xgb_blend_renorm,0.0,0.0,QB4
00-0040656,2025,10,NO,QB,0,0,xgb_blend_renorm,0.0,0.0,QB4
00-0040656,2025,12,NO,QB,0,0,xgb_blend_renorm,0.0,0.0,QB4
00-0040656,2025,13,NO,QB,0,0,xgb_blend_renorm,0.0,0.0,QB4
00-0040656,2025,14,NO,QB,0,0,xgb_blend_renorm,0.0,0.0,QB4
00-0040656,2025,15,NO,QB,0,0,xgb_blend_renorm,0.0,0.0,QB4
00-0040656,2025,16,NO,QB,0,0,xgb_blend_renorm,0.0,0.0,QB4
00-0040656,2025,17,NO,QB,0,0,xgb_blend_renorm,0.0,0.0,QB4
00-0040656,2025,18,NO,QB,0,0,xgb_blend_renorm,0.0,0.0,QB4
00-0040668,2025,1,CLE,QB,1,0,xgb_blend_renorm,0.0,0.0,QB4
00-0040668,2025,2,CLE,QB,1,0,xgb_blend_renorm,0.0,0.0,QB4
00-0040668,2025,3,CLE,QB,1,0,xgb_blend_renorm,0.0,0.0,QB4
00-0040668,2025,4,CLE,QB,0,0,xgb_blend_renorm,0.0,0.0,QB4
00-0040668,2025,5,CLE,QB,0,0,xgb_blend_renorm,0.0,0.0,QB4
00-0040668,2025,6,CLE,QB,0,0,xgb_blend_renorm,0.0,0.0,QB4
00-0040668,2025,7,CLE,QB,0,0,xgb_blend_renorm,0.0,0.0,QB4
00-0040668,2025,8,CLE,QB,0,0,xgb_blend_renorm,0.0,0.0,QB4
00-0040668,2025,10,CLE,QB,0,0,xgb_blend_renorm,0.0,0.0,QB4
00-0040668,2025,11,CLE,QB,0,0,xgb_blend_renorm,0.0,0.0,QB4
00-0040668,2025,12,CLE,QB,0,0,xgb_blend_renorm,1.0,0.0,QB2
00-0040668,2025,13,CLE,QB,0,0,xgb_blend_renorm,1.0,0.5,QB2
00-0040668,2025,14,CLE,QB,0,0,xgb_blend_renorm,1.0,1.0,QB1
00-0040668,2025,15,CLE,QB,0,0,xgb_blend_renorm,0.0,1.0,QB1
00-0040668,2025,16,CLE,QB,0,0,xgb_blend_renorm,1.0,1.0,QB1
00-0040668,2025,17,CLE,QB,0,0,xgb_blend_renorm,1.0,1.0,QB1
00-0040668,2025,18,CLE,QB,0,0,xgb_blend_renorm,0.0,1.0,QB1
00-0040673,2025,1,SEA,QB,1,0,xgb_blend_renorm,0.0,0.0,QB3
00-0040673,2025,2,SEA,QB,1,0,xgb_blend_renorm,0.0,0.0,QB2
00-0040673,2025,3,SEA,QB,1,0,xgb_blend_renorm,0.0,0.0,QB2
00-0040673,2025,4,SEA,QB,0,0,xgb_blend_renorm,0.0,0.0,QB3
00-0040673,2025,5,SEA,QB,0,0,xgb_blend_renorm,0.0,0.0,QB3
00-0040673,2025,6,SEA,QB,0,0,xgb_blend_renorm,0.0,0.0,QB3
00-0040673,2025,7,SEA,QB,0,0,xgb_blend_renorm,0.0,0.0,QB2
00-0040673,2025,9,SEA,QB,0,0,xgb_blend_renorm,0.0,0.0,QB2
00-0040673,2025,10,SEA,QB,0,0,xgb_blend_renorm,0.0,0.0,QB3
00-0040673,2025,11,SEA,QB,0,0,xgb_blend_renorm,0.0,0.0,QB3
00-0040673,2025,12,SEA,QB,0,0,xgb_blend_renorm,0.0,0.0,QB3
00-0040673,2025,13,SEA,QB,0,0,xgb_blend_renorm,0.0,0.0,QB3
00-0040673,2025,14,SEA,QB,0,0,xgb_blend_renorm,0.0,0.0,QB3
00-0040673,2025,15,SEA,QB,0,0,xgb_blend_renorm,0.0,0.0,QB3
00-0040673,2025,16,SEA,QB,0,0,xgb_blend_renorm,0.0,0.0,QB3
00-0040673,2025,17,SEA,QB,0,0,xgb_blend_renorm,0.0,0.0,QB3
00-0040673,2025,18,SEA,QB,0,0,xgb_blend_renorm,0.0,0.0,QB3
00-0040676,2025,1,TEN,QB,1,0,xgb_blend_renorm,0.0,0.0,QB4
00-0040676,2025,2,TEN,QB,1,0,xgb_blend_renorm,1.0,0.0,QB1
00-0040676,2025,3,TEN,QB,1,0,xgb_blend_renorm,1.0,0.45945945945945943,QB1
00-0040676,2025,4,TEN,QB,0,0,xgb_blend_renorm,0.0,1.0,QB1
00-0040676,2025,5,TEN,QB,0,0,xgb_blend_renorm,0.0,1.0,QB1
00-0040676,2025,6,TEN,QB,0,0,xgb_blend_renorm,1.0,1.0,QB1
00-0040676,2025,7,TEN,QB,0,0,xgb_blend_renorm,1.0,1.0,QB1
00-0040676,2025,8,TEN,QB,0,0,xgb_blend_renorm,1.0,1.0,QB1
00-0040676,2025,9,TEN,QB,0,0,xgb_blend_renorm,0.0,1.0,QB1
00-0040676,2025,11,TEN,QB,0,0,xgb_blend_renorm,1.0,1.0,QB1
00-0040676,2025,12,TEN,QB,0,0,xgb_blend_renorm,1.0,1.0,QB1
00-0040676,2025,13,TEN,QB,0,0,xgb_blend_renorm,0.0,1.0,QB1
00-0040676,2025,14,TEN,QB,0,0,xgb_blend_renorm,1.0,1.0,QB1
00-0040676,2025,15,TEN,QB,0,0,xgb_blend_renorm,1.0,1.0,QB1
00-0040676,2025,16,TEN,QB,0,0,xgb_blend_renorm,1.0,1.0,QB1
00-0040676,2025,17,TEN,QB,0,0,xgb_blend_renorm,1.0,1.0,QB1
00-0040676,2025,18,TEN,QB,0,0,xgb_blend_renorm,0.0,1.0,QB1
00-0040691,2025,1,NYG,QB,1,0,xgb_blend_renorm,0.0,0.0,QB3
00-0040691,2025,2,NYG,QB,1,0,xgb_blend_renorm,0.0,0.0,QB3
00-0040691,2025,3,NYG,QB,1,0,xgb_blend_renorm,0.0,0.0,QB2
00-0040691,2025,4,NYG,QB,0,0,xgb_blend_renorm,1.0,0.0,QB2
00-0040691,2025,5,NYG,QB,0,0,xgb_blend_renorm,1.0,0.5,QB2
00-0040691,2025,6,NYG,QB,0,0,xgb_blend_renorm,1.0,1.0,QB1
00-0040691,2025,7,NYG,QB,0,0,xgb_blend_renorm,1.0,1.0,QB1
00-0040691,2025,8,NYG,QB,0,0,xgb_blend_renorm,1.0,1.0,QB1
00-0040691,2025,9,NYG,QB,0,0,xgb_blend_renorm,1.0,1.0,QB1
00-0040691,2025,10,NYG,QB,0,0,xgb_blend_renorm,0.0,1.0,QB1
00-0040691,2025,11,NYG,QB,0,0,xgb_blend_renorm,0.0,1.0,QB1
00-0040691,2025,12,NYG,QB,0,0,xgb_blend_renorm,0.0,1.0,QB1
00-0040691,2025,13,NYG,QB,0,0,xgb_blend_renorm,1.0,0.0,QB2
00-0040691,2025,15,NYG,QB,0,0,xgb_blend_renorm,1.0,0.6,QB2
00-0040691,2025,16,NYG,QB,0,0,xgb_blend_renorm,0.0,0.75,QB1
00-0040691,2025,17,NYG,QB,0,0,xgb_blend_renorm,0.0,1.0,QB1
00-0040691,2025,18,NYG,QB,0,0,xgb_blend_renorm,1.0,1.0,QB1
00-0040704,2025,1,CLE,QB,1,0,xgb_blend_renorm,0.0,0.0,QB4
00-0040704,2025,2,CLE,QB,1,0,xgb_blend_renorm,0.5,0.0,QB4
00-0040704,2025,3,CLE,QB,1,0,xgb_blend_renorm,0.0,0.27755102040816326,QB2
00-0040704,2025,4,CLE,QB,0,0,xgb_blend_renorm,0.0,0.25,QB2
00-0040704,2025,5,CLE,QB,0,0,xgb_blend_renorm,1.0,0.5,QB2
00-0040704,2025,6,CLE,QB,0,0,xgb_blend_renorm,0.0,1.0,QB1
00-0040704,2025,7,CLE,QB,0,0,xgb_blend_renorm,0.0,1.0,QB1
00-0040704,2025,8,CLE,QB,0,0,xgb_blend_renorm,1.0,1.0,QB1
00-0040704,2025,10,CLE,QB,0,0,xgb_blend_renorm,1.0,1.0,QB1
00-0040704,2025,11,CLE,QB,0,0,xgb_blend_renorm,0.0,1.0,QB1
00-0040704,2025,12,CLE,QB,0,0,xgb_blend_renorm,0.0,1.0,QB1
00-0040704,2025,13,CLE,QB,0,0,xgb_blend_renorm,0.0,0.5,QB1
00-0040704,2025,14,CLE,QB,0,0,xgb_blend_renorm,0.0,0.0,QB2
00-0040704,2025,15,CLE,QB,0,0,xgb_blend_renorm,0.0,0.0,QB2
00-0040704,2025,16,CLE,QB,0,0,xgb_blend_renorm,0.0,0.0,QB2
00-0040704,2025,17,CLE,QB,0,0,xgb_blend_renorm,0.0,0.0,QB2
00-0040704,2025,18,CLE,QB,0,0,xgb_blend_renorm,0.0,0.0,QB2
00-0040743,2025,1,NO,QB,1,0,xgb_blend_renorm,0.0,0.0,QB4
00-0040743,2025,2,NO,QB,1,0,xgb_blend_renorm,0.0,0.0,QB4
00-0040743,2025,3,NO,QB,1,0,xgb_blend_renorm,0.0,0.0,QB4
00-0040743,2025,4,NO,QB,0,0,xgb_blend_renorm,0.0,0.0,QB2
00-0040743,2025,5,NO,QB,0,0,xgb_blend_renorm,0.0,0.0,QB2
00-0040743,2025,6,NO,QB,0,0,xgb_blend_renorm,0.0,0.0,QB3
00-0040743,2025,7,NO,QB,0,0,xgb_blend_renorm,0.0,0.0,QB4
00-0040743,2025,8,NO,QB,0,0,xgb_blend_renorm,0.0,0.0,QB4
00-0040743,2025,9,NO,QB,0,0,xgb_blend_renorm,1.0,0.0,QB2
00-0040743,2025,10,NO,QB,0,0,xgb_blend_renorm,1.0,0.5,QB2
00-0040743,2025,12,NO,QB,0,0,xgb_blend_renorm,0.0,1.0,QB1
00-0040743,2025,13,NO,QB,0,0,xgb_blend_renorm,1.0,1.0,QB1
00-0040743,2025,14,NO,QB,0,0,xgb_blend_renorm,0.0,1.0,QB1
00-0040743,2025,15,NO,QB,0,0,xgb_blend_renorm,1.0,1.0,QB1
00-0040743,2025,16,NO,QB,0,0,xgb_blend_renorm,0.5,1.0,QB1
00-0040743,2025,17,NO,QB,0,0,xgb_blend_renorm,1.0,0.75,QB1
00-0040743,2025,18,NO,QB,0,0,xgb_blend_renorm,1.0,0.8333333333333334,QB1
00-0022942,2025,15,IND,QB,1,0,xgb_two_stage_renorm,1.0,0.0611671804929568,QB4
00-0022942,2025,16,IND,QB,1,0,xgb_two_stage_renorm,1.0,0.676260834457376,QB1
00-0022942,2025,17,IND,QB,1,0,xgb_two_stage_renorm,1.0,0.8061174062779982,QB1
00-0022942,2025,18,IND,QB,0,0,xgb_two_stage_renorm,0.0,0.8499847338235634,QB1
00-0023459,2025,1,PIT,QB,1,0,xgb_two_stage_renorm,1.0,0.6462100294538252,QB1
00-0023459,2025,2,PIT,QB,1,0,xgb_two_stage_renorm,1.0,0.8135430177015652,QB1
00-0023459,2025,3,PIT,QB,1,0,xgb_two_stage_renorm,1.0,0.7623370950353895,QB1
00-0023459,2025,4,PIT,QB,0,0,xgb_two_stage_renorm,1.0,0.8667525089243692,QB1
00-0023459,2025,6,PIT,QB,0,0,xgb_two_stage_renorm,1.0,0.8481542203300125,QB1
00-0023459,2025,7,PIT,QB,0,0,xgb_two_stage_renorm,1.0,0.8688989751690799,QB1
00-0023459,2025,8,PIT,QB,0,0,xgb_two_stage_renorm,1.0,0.8649802569131735,QB1
00-0023459,2025,9,PIT,QB,0,0,xgb_two_stage_renorm,1.0,0.896320671432577,QB1
00-0023459,2025,10,PIT,QB,0,0,xgb_two_stage_renorm,1.0,0.8798516412797821,QB1
00-0023459,2025,11,PIT,QB,0,0,xgb_two_stage_renorm,0.5,0.8810396482728321,QB1
00-0023459,2025,12,PIT,QB,0,0,xgb_two_stage_renorm,0.0,0.8072287151228438,QB1
00-0023459,2025,13,PIT,QB,0,0,xgb_two_stage_renorm,0.0,0.5547149042160763,QB1
00-0023459,2025,14,PIT,QB,0,0,xgb_two_stage_renorm,1.0,0.5634256287311565,QB2
00-0023459,2025,15,PIT,QB,0,0,xgb_two_stage_renorm,1.0,0.7087828856464256,QB1
00-0023459,2025,16,PIT,QB,0,0,xgb_two_stage_renorm,1.0,0.8835743640328507,QB1
00-0023459,2025,17,PIT,QB,0,0,xgb_two_stage_renorm,0.0,0.8755126627859635,QB1
00-0023459,2025,18,PIT,QB,0,0,xgb_two_stage_renorm,1.0,0.8574456441199535,QB1
00-0026158,2025,1,CLE,QB,1,0,xgb_two_stage_renorm,1.0,0.33594989967175315,QB1
00-0026158,2025,2,CLE,QB,1,0,xgb_two_stage_renorm,0.5,0.7148253050785867,QB1
00-0026158,2025,3,CLE,QB,1,0,xgb_two_stage_renorm,0.0,0.72546288640027,QB1
00-0026158,2025,4,CLE,QB,0,0,xgb_two_stage_renorm,0.0,0.8483444998292893,QB1
00-0026158,2025,5,CLE,QB,0,0,xgb_two_stage_renorm,0.0,0.8227079464450813,QB1
00-0026158,2025,6,CIN,QB,0,0,xgb_two_stage_renorm,1.0,0.2688857177282375,QB2
00-0026158,2025,7,CIN,QB,0,0,xgb_two_stage_renorm,1.0,0.5047682584563706,QB2
00-0026158,2025,8,CIN,QB,0,0,xgb_two_stage_renorm,1.0,0.7286778349270842,QB1
00-0026158,2025,9,CIN,QB,0,0,xgb_two_stage_renorm,1.0,0.8864226336617721,QB1
00-0026158,2025,11,CIN,QB,0,0,xgb_two_stage_renorm,1.0,0.8860608581086529,QB1
00-0026158,2025,12,CIN,QB,0,0,xgb_two_stage_renorm,1.0,0.8884457015721642,QB1
00-0026158,2025,13,CIN,QB,0,0,xgb_two_stage_renorm,0.0,0.8776514117663559,QB1
00-0026158,2025,14,CIN,QB,0,0,xgb_two_stage_renorm,0.0,0.6880749819801389,QB1
00-0026158,2025,15,CIN,QB,0,0,xgb_two_stage_renorm,0.0,0.3057724584332703,QB2
00-0026158,2025,16,CIN,QB,0,0,xgb_two_stage_renorm,0.0,0.07332768224985366,QB2
00-0026158,2025,17,CIN,QB,0,0,xgb_two_stage_renorm,0.0,0.06255550004687192,QB2
00-0026158,2025,18,CIN,QB,0,0,xgb_two_stage_renorm,0.0,0.05846343296209835,QB2
00-0026300,2025,1,WAS,QB,1,0,xgb_two_stage_renorm,0.0,0.08719149781589033,QB1
00-0026300,2025,2,WAS,QB,1,0,xgb_two_stage_renorm,0.0,0.050022569199425715,QB2
00-0026300,2025,3,WAS,QB,1,0,xgb_two_stage_renorm,0.0,0.04120989455974349,QB2
00-0026300,2025,4,WAS,QB,0,0,xgb_two_stage_renorm,0.0,0.04099350458122273,QB3
00-0026300,2025,5,WAS,QB,0,0,xgb_two_stage_renorm,0.0,0.043045674114612756,QB3
00-0026300,2025,6,WAS,QB,0,0,xgb_two_stage_renorm,0.0,0.05090806756349115,QB3
00-0026300,2025,7,WAS,QB,0,0,xgb_two_stage_renorm,0.0,0.04129597045604828,QB3
00-0026300,2025,8,WAS,QB,0,0,xgb_two_stage_renorm,0.0,0.02937185404212336,QB3
00-0026300,2025,9,WAS,QB,0,0,xgb_two_stage_renorm,0.0,0.0563649364904995,QB3
00-0026300,2025,10,WAS,QB,0,0,xgb_two_stage_renorm,0.0,0.06035245628417825,QB3
00-0026300,2025,11,WAS,QB,0,0,xgb_two_stage_renorm,0.0,0.057225045545855634,QB3
00-0026300,2025,13,WAS,QB,0,0,xgb_two_stage_renorm,0.0,0.049309409910633054,QB3
00-0026300,2025,14,WAS,QB,0,0,xgb_two_stage_renorm,0.0,0.037203423069703014,QB2
00-0026300,2025,15,WAS,QB,0,0,xgb_two_stage_renorm,0.0,0.06385701220423583,QB3
00-0026300,2025,16,WAS,QB,0,0,xgb_two_stage_renorm,0.0,0.058163545163924225,QB3
00-0026300,2025,17,WAS,QB,0,0,xgb_two_stage_renorm,0.0,0.07247744463716543,QB3
00-0026300,2025,18,WAS,QB,0,0,xgb_two_stage_renorm,1.0,0.21445744120253313,QB2
00-0026498,2025,1,LA,QB,1,0,xgb_two_stage_renorm,1.0,0.6978250054253986,QB1
00-0026498,2025,2,LA,QB,1,0,xgb_two_stage_renorm,1.0,0.8315925402597731,QB1
00-0026498,2025,3,LA,QB,1,0,xgb_two_stage_renorm,1.0,0.8660606743103934,QB1
00-0026498,2025,4,LA,QB,0,0,xgb_two_stage_renorm,1.0,0.9272953475717852,QB1
00-0026498,2025,5,LA,QB,0,0,xgb_two_stage_renorm,1.0,0.9349613545586152,QB1
00-0026498,2025,6,LA,QB,0,0,xgb_two_stage_renorm,1.0,0.9529927092502593,QB1
00-0026498,2025,7,LA,QB,0,0,xgb_two_stage_renorm,1.0,0.9562187053384077,QB1
00-0026498,2025,9,LA,QB,0,0,xgb_two_stage_renorm,1.0,0.9614189901001093,QB1
00-0026498,2025,10,LA,QB,0,0,xgb_two_stage_renorm,1.0,0.9559939320413439,QB1
00-0026498,2025,11,LA,QB,0,0,xgb_two_stage_renorm,1.0,0.9603334248699773,QB1
00-0026498,2025,12,LA,QB,0,0,xgb_two_stage_renorm,1.0,0.9471643347121834,QB1
00-0026498,2025,13,LA,QB,0,0,xgb_two_stage_renorm,1.0,0.9425782306806401,QB1
00-0026498,2025,14,LA,QB,0,0,xgb_two_stage_renorm,1.0,0.9301230908442522,QB1
00-0026498,2025,15,LA,QB,0,0,xgb_two_stage_renorm,1.0,0.9319898747114236,QB1
00-0026498,2025,16,LA,QB,0,0,xgb_two_stage_renorm,1.0,0.9052522917216219,QB1
00-0026498,2025,17,LA,QB,0,0,xgb_two_stage_renorm,1.0,0.9349011296303431,QB1
00-0026498,2025,18,LA,QB,0,0,xgb_two_stage_renorm,1.0,0.9361135605303627,QB1
00-0027973,2025,1,CAR,QB,1,0,xgb_two_stage_renorm,0.0,0.17785071064628163,QB1
00-0027973,2025,2,CAR,QB,1,0,xgb_two_stage_renorm,0.0,0.09106829479027671,QB2
00-0027973,2025,3,CAR,QB,1,0,xgb_two_stage_renorm,0.0,0.06617300337316791,QB2
00-0027973,2025,4,CAR,QB,0,0,xgb_two_stage_renorm,0.5,0.031256410714797435,QB2
00-0027973,2025,5,CAR,QB,0,0,xgb_two_stage_renorm,0.0,0.04752836895220664,QB2
00-0027973,2025,6,CAR,QB,0,0,xgb_two_stage_renorm,0.0,0.043655633514008925,QB2
00-0027973,2025,7,CAR,QB,0,0,xgb_two_stage_renorm,0.0,0.03838823861096122,QB2
00-0027973,2025,8,CAR,QB,0,0,xgb_two_stage_renorm,0.0,0.04077326944093737,QB2
00-0027973,2025,9,CAR,QB,0,0,xgb_two_stage_renorm,0.0,0.1673020738198913,QB2
00-0027973,2025,10,CAR,QB,0,0,xgb_two_stage_renorm,0.0,0.2159047852720147,QB2
00-0027973,2025,11,CAR,QB,0,0,xgb_two_stage_renorm,0.0,0.21690840295532976,QB2
00-0027973,2025,12,CAR,QB,0,0,xgb_two_stage_renorm,0.0,0.04728721282386631,QB2
00-0027973,2025,13,CAR,QB,0,0,xgb_two_stage_renorm,0.0,0.043377605648791895,QB2
00-0027973,2025,15,CAR,QB,0,0,xgb_two_stage_renorm,0.0,0.03226723737863827,QB2
00-0027973,2025,16,CAR,QB,0,0,xgb_two_stage_renorm,0.0,0.037371125925200886,QB2
00-0027973,2025,17,CAR,QB,0,0,xgb_two_stage_renorm,0.0,0.02748140263236356,QB2
00-0027973,2025,18,CAR,QB,0,0,xgb_two_stage_renorm,0.0,0.03950308707183664,QB2
00-0028118,2025,1,NYJ,QB,1,0,xgb_two_stage_renorm,0.0,0.21941221161438879,QB1
00-0028118,2025,2,NYJ,QB,1,0,xgb_two_stage_renorm,1.0,0.09029665215123117,QB2
00-0028118,2025,3,NYJ,QB,1,0,xgb_two_stage_renorm,1.0,0.19863263950290497,QB2
00-0028118,2025,4,NYJ,QB,0,0,xgb_two_stage_renorm,0.0,0.5530645493972289,QB2
00-0028118,2025,5,NYJ,QB,0,0,xgb_two_stage_renorm,0.0,0.47316362745031987,QB2
00-0028118,2025,6,NYJ,QB,0,0,xgb_two_stage_renorm,0.0,0.18797077949713153,QB2
00-0028118,2025,7,NYJ,QB,0,0,xgb_two_stage_renorm,0.0,0.056814305487705025,QB2
00-0028118,2025,8,NYJ,QB,0,0,xgb_two_stage_renorm,0.0,0.18507667841960085,QB2
00-0028118,2025,10,NYJ,QB,0,0,xgb_two_stage_renorm,0.0,0.14753277739988507,QB2
00-0028118,2025,11,NYJ,QB,0,0,xgb_two_stage_renorm,0.0,0.14464847203264547,QB2
00-0028118,2025,12,NYJ,QB,0,0,xgb_two_stage_renorm,1.0,0.04263788130664099,QB2
00-0028118,2025,13,NYJ,QB,0,0,xgb_two_stage_renorm,1.0,0.17745246970990175,QB2
00-0028118,2025,14,NYJ,QB,0,0,xgb_two_stage_renorm,0.0,0.5045096596638944,QB1
00-0028118,2025,15,NYJ,QB,0,0,xgb_two_stage_renorm,0.0,0.5571927731303399,QB1
00-0028118,2025,16,NYJ,QB,0,0,xgb_two_stage_renorm,0.0,0.2583820755762178,QB2
00-0028118,2025,17,NYJ,QB,0,0,xgb_two_stage_renorm,0.0,0.07054857673564359,QB2
00-0028118,2025,18,NYJ,QB,0,0,xgb_two_stage_renorm,0.0,0.07267145916264484,QB2
00-0028986,2025,1,CHI,QB,1,0,xgb_two_stage_renorm,0.0,0.08567084354058492,QB1
00-0028986,2025,2,CHI,QB,1,0,xgb_two_stage_renorm,0.0,0.0645055779246835,QB2
00-0028986,2025,3,CHI,QB,1,0,xgb_two_stage_renorm,0.0,0.05477126644622826,QB3
00-0028986,2025,4,CHI,QB,0,0,xgb_two_stage_renorm,0.0,0.02725996273012897,QB3
00-0028986,2025,6,CHI,QB,0,0,xgb_two_stage_renorm,0.0,0.022835647532972785,QB3
00-0028986,2025,7,CHI,QB,0,0,xgb_two_stage_renorm,0.0,0.02736794312000828,QB2
00-0028986,2025,8,CHI,QB,0,0,xgb_two_stage_renorm,0.0,0.04873400800259169,QB2
00-0028986,2025,9,CHI,QB,0,0,xgb_two_stage_renorm,0.0,0.05235259922094868,QB2
00-0028986,2025,10,CHI,QB,0,0,xgb_two_stage_renorm,0.0,0.04670337393006391,QB3
00-0028986,2025,11,CHI,QB,0,0,xgb_two_stage_renorm,0.0,0.041495575464160564,QB3
00-0028986,2025,12,CHI,QB,0,0,xgb_two_stage_renorm,0.0,0.03997481388924927,QB3
00-0028986,2025,13,CHI,QB,0,0,xgb_two_stage_renorm,0.0,0.03277450481982048,QB3
00-0028986,2025,14,CHI,QB,0,0,xgb_two_stage_renorm,0.0,0.03409505598964311,QB3
00-0028986,2025,15,CHI,QB,0,0,xgb_two_stage_renorm,0.0,0.028951080208188342,QB2
00-0028986,2025,16,CHI,QB,0,0,xgb_two_stage_renorm,0.0,0.028028935222549182,QB2
00-0028986,2025,17,CHI,QB,0,0,xgb_two_stage_renorm,0.0,0.021963723326990207,QB2
00-0028986,2025,18,CHI,QB,0,0,xgb_two_stage_renorm,0.0,0.028660798212017294,QB2
00-0029263,2025,1,NYG,QB,1,0,xgb_two_stage_renorm,0.0,0.5549589409644768,QB1
00-0029263,2025,2,NYG,QB,1,0,xgb_two_stage_renorm,1.0,0.7901106848098747,QB1
00-0029263,2025,3,NYG,QB,1,0,xgb_two_stage_renorm,0.0,0.8453697213416634,QB1
00-0029263,2025,4,NYG,QB,0,0,xgb_two_stage_renorm,0.0,0.9314316538559636,QB1
00-0029263,2025,5,NYG,QB,0,0,xgb_two_stage_renorm,0.0,0.7434458423223522,QB1
00-0029263,2025,6,NYG,QB,0,0,xgb_two_stage_renorm,0.0,0.33255525964002347,QB2
00-0029263,2025,7,NYG,QB,0,0,xgb_two_stage_renorm,0.0,0.13374982509065217,QB2
00-0029263,2025,8,NYG,QB,0,0,xgb_two_stage_renorm,0.0,0.10134023908333559,QB2
00-0029263,2025,9,NYG,QB,0,0,xgb_two_stage_renorm,0.0,0.06893734833081341,QB2
00-0029263,2025,10,NYG,QB,0,0,xgb_two_stage_renorm,0.0,0.04877319931769797,QB2
00-0029263,2025,11,NYG,QB,0,0,xgb_two_stage_renorm,0.0,0.06401663386338484,QB2
00-0029263,2025,12,NYG,QB,0,0,xgb_two_stage_renorm,0.0,0.10378885275000492,QB3
00-0029263,2025,13,NYG,QB,0,0,xgb_two_stage_renorm,0.0,0.08530871595498613,QB3
00-0029263,2025,15,NYG,QB,0,0,xgb_two_stage_renorm,0.0,0.06462199633189987,QB3
00-0029263,2025,16,NYG,QB,0,0,xgb_two_stage_renorm,0.0,0.04800744550176228,QB3
00-0029263,2025,17,NYG,QB,0,0,xgb_two_stage_renorm,0.0,0.056712263716583895,QB3
00-0029263,2025,18,NYG,QB,0,0,xgb_two_stage_renorm,0.0,0.07553997965737887,QB3
00-0029604,2025,1,ATL,QB,1,0,xgb_two_stage_renorm,0.0,0.5627229703695978,QB1
00-0029604,2025,2,ATL,QB,1,0,xgb_two_stage_renorm,0.0,0.26789550954858943,QB2
00-0029604,2025,3,ATL,QB,1,0,xgb_two_stage_renorm,0.0,0.3119647648918771,QB2
00-0029604,2025,4,ATL,QB,0,0,xgb_two_stage_renorm,0.0,0.04455436166634564,QB2
00-0029604,2025,6,ATL,QB,0,0,xgb_two_stage_renorm,0.0,0.04610441545265007,QB2
00-0029604,2025,7,ATL,QB,0,0,xgb_two_stage_renorm,0.0,0.037287198259591675,QB2
00-0029604,2025,8,ATL,QB,0,0,xgb_two_stage_renorm,0.0,0.028345350000315985,QB2
00-0029604,2025,9,ATL,QB,0,0,xgb_two_stage_renorm,0.0,0.13024513709900015,QB2
00-0029604,2025,10,ATL,QB,0,0,xgb_two_stage_renorm,0.0,0.12988431316460355,QB2
00-0029604,2025,11,ATL,QB,0,0,xgb_two_stage_renorm,0.0,0.12946643206932976,QB2
00-0029604,2025,12,ATL,QB,0,0,xgb_two_stage_renorm,1.0,0.054985720585276295,QB2
00-0029604,2025,13,ATL,QB,0,0,xgb_two_stage_renorm,1.0,0.22334806967901968,QB2
00-0029604,2025,14,ATL,QB,0,0,xgb_two_stage_renorm,0.0,0.6442392765191722,QB1
00-0029604,2025,15,ATL,QB,0,0,xgb_two_stage_renorm,1.0,0.7783200214822983,QB1
00-0029604,2025,16,ATL,QB,0,0,xgb_two_stage_renorm,1.0,0.7771541119890083,QB1
00-0029604,2025,17,ATL,QB,0,0,xgb_two_stage_renorm,1.0,0.7983801066071261,QB1
00-0029604,2025,18,ATL,QB,0,0,xgb_two_stage_renorm,1.0,0.8352098997762979,QB1
00-0030565,2025,1,LV,QB,1,0,xgb_two_stage_renorm,1.0,0.5883463936469849,QB1
00-0030565,2025,2,LV,QB,1,0,xgb_two_stage_renorm,0.0,0.72657629967586,QB1
00-0030565,2025,3,LV,QB,1,0,xgb_two_stage_renorm,1.0,0.7373068265178673,QB1
00-0030565,2025,4,LV,QB,0,0,xgb_two_stage_renorm,1.0,0.8675146324997386,QB1
00-0030565,2025,5,LV,QB,0,0,xgb_two_stage_renorm,0.0,0.8595381896735738,QB1
00-0030565,2025,6,LV,QB,0,0,xgb_two_stage_renorm,1.0,0.8690507246625747,QB1
00-0030565,2025,7,LV,QB,0,0,xgb_two_stage_renorm,0.0,0.8579564308555291,QB1
00-0030565,2025,9,LV,QB,0,0,xgb_two_stage_renorm,1.0,0.8805976605336484,QB1
00-0030565,2025,10,LV,QB,0,0,xgb_two_stage_renorm,0.0,0.905332111000258,QB1
00-0030565,2025,11,LV,QB,0,0,xgb_two_stage_renorm,1.0,0.8917935015384897,QB1
00-0030565,2025,12,LV,QB,0,0,xgb_two_stage_renorm,1.0,0.875839361342777,QB1
00-0030565,2025,13,LV,QB,0,0,xgb_two_stage_renorm,1.0,0.9014166698052153,QB1
00-0030565,2025,14,LV,QB,0,0,xgb_two_stage_renorm,0.5,0.9152165545462756,QB1
00-0030565,2025,15,LV,QB,0,0,xgb_two_stage_renorm,0.0,0.8726311855744021,QB1
00-0030565,2025,16,LV,QB,0,0,xgb_two_stage_renorm,1.0,0.5653171707984271,QB1
00-0030565,2025,17,LV,QB,0,0,xgb_two_stage_renorm,1.0,0.5746870521014507,QB1
00-0030565,2025,18,LV,QB,0,0,xgb_two_stage_renorm,0.0,0.7340295104105239,QB1
00-0031237,2025,1,TB,QB,1,0,xgb_two_stage_renorm,0.0,0.07277127023003095,QB1
00-0031237,2025,2,TB,QB,1,0,xgb_two_stage_renorm,0.0,0.04857957997741695,QB2
00-0031237,2025,3,TB,QB,1,0,xgb_two_stage_renorm,0.0,0.044220899334116624,QB2
00-0031237,2025,4,TB,QB,0,0,xgb_two_stage_renorm,0.0,0.027074675181335314,QB2
00-0031237,2025,5,TB,QB,0,0,xgb_two_stage_renorm,0.0,0.023993462609125802,QB2
00-0031237,2025,6,TB,QB,0,0,xgb_two_stage_renorm,0.0,0.0254729138671706,QB2
00-0031237,2025,7,TB,QB,0,0,xgb_two_stage_renorm,0.0,0.023997703833594237,QB2
00-0031237,2025,8,TB,QB,0,0,xgb_two_stage_renorm,0.0,0.02813343549762986,QB2
00-0031237,2025,10,TB,QB,0,0,xgb_two_stage_renorm,0.0,0.03654794432767469,QB2
00-0031237,2025,11,TB,QB,0,0,xgb_two_stage_renorm,0.0,0.03307787305504056,QB2
00-0031237,2025,12,TB,QB,0,0,xgb_two_stage_renorm,0.0,0.041645460069942894,QB2
00-0031237,2025,13,TB,QB,0,0,xgb_two_stage_renorm,0.0,0.08771070966679813,QB2
00-0031237,2025,14,TB,QB,0,0,xgb_two_stage_renorm,0.0,0.09587317673303872,QB2
00-0031237,2025,15,TB,QB,0,0,xgb_two_stage_renorm,0.0,0.08067861365548767,QB2
00-0031237,2025,16,TB,QB,0,0,xgb_two_stage_renorm,0.0,0.03721106010756162,QB2
00-0031237,2025,17,TB,QB,0,0,xgb_two_stage_renorm,0.0,0.047864804473644364,QB2
00-0031237,2025,18,TB,QB,0,0,xgb_two_stage_renorm,0.0,0.04158012302910817,QB2
00-0031280,2025,1,NO,QB,1,0,xgb_two_stage_renorm,0.0,0.45545291760929624,QB2
00-0031280,2025,2,NO,QB,1,0,xgb_two_stage_renorm,0.0,0.25320550309355583,QB3
00-0031280,2025,3,NO,QB,1,0,xgb_two_stage_renorm,0.0,0.22198072888061962,QB3
00-0031280,2025,4,NO,QB,0,0,xgb_two_stage_renorm,0.0,0.027745863235247876,QB3
00-0031280,2025,5,NO,QB,0,0,xgb_two_stage_renorm,0.0,0.020751914410776402,QB3
00-0031280,2025,6,NO,QB,0,0,xgb_two_stage_renorm,0.0,0.02846785294831833,QB4
00-0031280,2025,7,NO,QB,0,0,xgb_two_stage_renorm,0.0,0.03207135770511249,QB3
00-0031280,2025,8,NO,QB,0,0,xgb_two_stage_renorm,0.0,0.04917902213730297,QB3
00-0031280,2025,9,NO,QB,0,0,xgb_two_stage_renorm,0.0,0.03487848535609094,QB4
00-0031280,2025,10,NO,QB,0,0,xgb_two_stage_renorm,0.0,0.048421889204058356,QB4
00-0031280,2025,12,NO,QB,0,0,xgb_two_stage_renorm,0.0,0.04365823546323802,QB4
00-0031280,2025,13,NO,QB,0,0,xgb_two_stage_renorm,0.0,0.03045931699084532,QB3
00-0031280,2025,14,NO,QB,0,0,xgb_two_stage_renorm,0.0,0.028701004671903514,QB3
00-0031280,2025,15,NO,QB,0,0,xgb_two_stage_renorm,0.0,0.0465546501232444,QB3
00-0031280,2025,16,NO,QB,0,0,xgb_two_stage_renorm,0.0,0.04442002244553052,QB4
00-0031280,2025,17,NO,QB,0,0,xgb_two_stage_renorm,0.0,0.040588358671766814,QB4
00-0031280,2025,18,NO,QB,0,0,xgb_two_stage_renorm,0.0,0.03142346905425981,QB4
00-0031345,2025,1,LA,QB,1,0,xgb_two_stage_renorm,0.0,0.11862103725914856,QB2
00-0031345,2025,2,LA,QB,1,0,xgb_two_stage_renorm,0.0,0.08944231256289382,QB2
00-0031345,2025,3,LA,QB,1,0,xgb_two_stage_renorm,0.0,0.07060994954559689,QB2
00-0031345,2025,4,LA,QB,0,0,xgb_two_stage_renorm,0.0,0.036352326214107354,QB2
00-0031345,2025,5,LA,QB,0,0,xgb_two_stage_renorm,0.0,0.03251932272069241,QB2
00-0031345,2025,6,LA,QB,0,0,xgb_two_stage_renorm,0.0,0.023503645374870378,QB2
00-0031345,2025,7,LA,QB,0,0,xgb_two_stage_renorm,0.0,0.021890647330796188,QB2
00-0031345,2025,9,LA,QB,0,0,xgb_two_stage_renorm,0.0,0.01905993388328863,QB2
00-0031345,2025,10,LA,QB,0,0,xgb_two_stage_renorm,0.0,0.021604938165908118,QB2
00-0031345,2025,11,LA,QB,0,0,xgb_two_stage_renorm,0.0,0.019573597177647933,QB2
00-0031345,2025,12,LA,QB,0,0,xgb_two_stage_renorm,0.0,0.026439648684979965,QB2
00-0031345,2025,13,LA,QB,0,0,xgb_two_stage_renorm,0.0,0.028732396496951952,QB2
00-0031345,2025,14,LA,QB,0,0,xgb_two_stage_renorm,0.0,0.034962292162471154,QB2
00-0031345,2025,15,LA,QB,0,0,xgb_two_stage_renorm,0.0,0.032479526167139075,QB2
00-0031345,2025,16,LA,QB,0,0,xgb_two_stage_renorm,0.0,0.04440967666997272,QB2
00-0031345,2025,17,LA,QB,0,0,xgb_two_stage_renorm,0.0,0.030362972624184664,QB2
00-0031345,2025,18,LA,QB,0,0,xgb_two_stage_renorm,0.0,0.03213446846649528,QB2
00-0031503,2025,1,NYG,QB,1,0,xgb_two_stage_renorm,0.0,0.3346354492772715,QB2
00-0031503,2025,2,NYG,QB,1,0,xgb_two_stage_renorm,0.0,0.15243239053307966,QB2
00-0031503,2025,3,NYG,QB,1,0,xgb_two_stage_renorm,0.0,0.12062888314671238,QB3
00-0031503,2025,4,NYG,QB,0,0,xgb_two_stage_renorm,0.0,0.03857383453386277,QB3
00-0031503,2025,5,NYG,QB,0,0,xgb_two_stage_renorm,0.0,0.05763217441960514,QB3
00-0031503,2025,6,NYG,QB,0,0,xgb_two_stage_renorm,0.0,0.06605562930727137,QB3
00-0031503,2025,7,NYG,QB,0,0,xgb_two_stage_renorm,0.0,0.04961471852203314,QB3
00-0031503,2025,8,NYG,QB,0,0,xgb_two_stage_renorm,0.0,0.04513653293740045,QB3
00-0031503,2025,9,NYG,QB,0,0,xgb_two_stage_renorm,0.0,0.0336299208767162,QB3
00-0031503,2025,10,NYG,QB,0,0,xgb_two_stage_renorm,0.0,0.026402373889176337,QB3
00-0031503,2025,11,NYG,QB,0,0,xgb_two_stage_renorm,0.0,0.03189560320105272,QB3
00-0031503,2025,12,NYG,QB,0,0,xgb_two_stage_renorm,0.6666666666666666,0.14467594168949358,QB2
00-0031503,2025,13,NYG,QB,0,0,xgb_two_stage_renorm,0.0,0.5879032451649521,QB1
00-0031503,2025,15,NYG,QB,0,0,xgb_two_stage_renorm,0.0,0.5429222829516891,QB1
00-0031503,2025,16,NYG,QB,0,0,xgb_two_stage_renorm,0.0,0.23933606136084612,QB2
00-0031503,2025,17,NYG,QB,0,0,xgb_two_stage_renorm,0.0,0.014913127267685155,QB2
00-0031503,2025,18,NYG,QB,0,0,xgb_two_stage_renorm,0.0,0.022898569134816776,QB2
00-0031800,2025,1,LAC,QB,1,0,xgb_two_stage_renorm,0.0,0.07563042136429395,QB1
00-0032156,2025,1,TEN,QB,1,0,xgb_two_stage_renorm,0.0,0.12441072024060704,QB1
00-0032156,2025,2,TEN,QB,1,0,xgb_two_stage_renorm,0.0,0.07220449381910929,QB2
00-0032156,2025,3,TEN,QB,1,0,xgb_two_stage_renorm,0.0,0.06030249656546624,QB2
00-0032156,2025,4,TEN,QB,0,0,xgb_two_stage_renorm,0.0,0.041430317291770616,QB2
00-0032156,2025,5,TEN,QB,0,0,xgb_two_stage_renorm,0.0,0.05426083694763994,QB2
00-0032156,2025,6,TEN,QB,0,0,xgb_two_stage_renorm,0.0,0.05758289722260064,QB2
00-0032156,2025,7,TEN,QB,0,0,xgb_two_stage_renorm,0.0,0.06672976938656441,QB2
00-0032156,2025,8,TEN,QB,0,0,xgb_two_stage_renorm,0.0,0.05364986105446112,QB2
00-0032156,2025,9,TEN,QB,0,0,xgb_two_stage_renorm,0.0,0.04523376160933323,QB2
00-0032156,2025,11,TEN,QB,0,0,xgb_two_stage_renorm,0.0,0.04824664268329303,QB2
00-0032156,2025,12,TEN,QB,0,0,xgb_two_stage_renorm,0.0,0.052288128521841684,QB2
00-0032156,2025,13,TEN,QB,0,0,xgb_two_stage_renorm,0.0,0.05364671646651537,QB2
00-0032156,2025,14,TEN,QB,0,0,xgb_two_stage_renorm,0.0,0.05517761918705227,QB2
00-0032156,2025,15,TEN,QB,0,0,xgb_two_stage_renorm,0.0,0.051488398924238295,QB2
00-0032156,2025,16,TEN,QB,0,0,xgb_two_stage_renorm,0.0,0.0505975827611785,QB2
00-0032156,2025,17,TEN,QB,0,0,xgb_two_stage_renorm,0.0,0.043206370298059585,QB2
00-0032156,2025,18,TEN,QB,0,0,xgb_two_stage_renorm,0.0,0.035506020216242856,QB2
00-0032268,2025,1,WAS,QB,1,0,xgb_two_stage_renorm,0.0,0.14629924594520322,QB2
00-0032268,2025,2,WAS,QB,1,0,xgb_two_stage_renorm,0.0,0.06905002850004928,QB3
00-0032268,2025,3,WAS,QB,1,0,xgb_two_stage_renorm,1.0,0.05761879858426996,QB3
00-0032268,2025,4,WAS,QB,0,0,xgb_two_stage_renorm,1.0,0.19385995174757542,QB2
00-0032268,2025,5,WAS,QB,0,0,xgb_two_stage_renorm,0.0,0.6107582475208452,QB1
00-0032268,2025,6,WAS,QB,0,0,xgb_two_stage_renorm,0.0,0.58559918687537,QB1
00-0032268,2025,7,WAS,QB,0,0,xgb_two_stage_renorm,0.0,0.2092512363725438,QB2
00-0032268,2025,8,WAS,QB,0,0,xgb_two_stage_renorm,1.0,0.05541175146286936,QB2
00-0032268,2025,9,WAS,QB,0,0,xgb_two_stage_renorm,0.0,0.23822526799895188,QB2
00-0032268,2025,10,WAS,QB,0,0,xgb_two_stage_renorm,1.0,0.20702478819620085,QB2
00-0032268,2025,11,WAS,QB,0,0,xgb_two_stage_renorm,1.0,0.5888907902093146,QB1
00-0032268,2025,13,WAS,QB,0,0,xgb_two_stage_renorm,1.0,0.6525792978849646,QB1
00-0032268,2025,14,WAS,QB,0,0,xgb_two_stage_renorm,0.0,0.8710081569561592,QB1
00-0032268,2025,15,WAS,QB,0,0,xgb_two_stage_renorm,1.0,0.6772256333816287,QB1
00-0032268,2025,16,WAS,QB,0,0,xgb_two_stage_renorm,0.0,0.7095942047442803,QB1
00-0032268,2025,17,WAS,QB,0,0,xgb_two_stage_renorm,0.0,0.6376005735590735,QB1
00-0032268,2025,18,WAS,QB,0,0,xgb_two_stage_renorm,0.0,0.5818729604961519,QB1
00-0032434,2025,1,TEN,QB,1,0,xgb_two_stage_renorm,0.0,0.15623007214884604,QB2
00-0032434,2025,2,TEN,QB,1,0,xgb_two_stage_renorm,0.0,0.07648456589923876,QB3
00-0032434,2025,3,TEN,QB,1,0,xgb_two_stage_renorm,0.0,0.06513387637048988,QB3
00-0032434,2025,4,TEN,QB,0,0,xgb_two_stage_renorm,0.0,0.041430317291770616,QB3
00-0032434,2025,5,TEN,QB,0,0,xgb_two_stage_renorm,0.0,0.05426083694763994,QB3
00-0032434,2025,6,TEN,QB,0,0,xgb_two_stage_renorm,0.0,0.05758289722260064,QB3
00-0032434,2025,7,TEN,QB,0,0,xgb_two_stage_renorm,0.0,0.06672976938656441,QB3
00-0032434,2025,8,TEN,QB,0,0,xgb_two_stage_renorm,0.0,0.05364986105446112,QB3
00-0032434,2025,9,TEN,QB,0,0,xgb_two_stage_renorm,0.0,0.04523376160933323,QB3
00-0032434,2025,11,TEN,QB,0,0,xgb_two_stage_renorm,0.0,0.04824664268329303,QB3
00-0032434,2025,12,TEN,QB,0,0,xgb_two_stage_renorm,0.0,0.052288128521841684,QB3
00-0032434,2025,13,TEN,QB,0,0,xgb_two_stage_renorm,0.0,0.05364671646651537,QB3
00-0032434,2025,14,TEN,QB,0,0,xgb_two_stage_renorm,0.0,0.05517761918705227,QB3
00-0032434,2025,15,TEN,QB,0,0,xgb_two_stage_renorm,0.0,0.051488398924238295,QB3
00-0032434,2025,16,TEN,QB,0,0,xgb_two_stage_renorm,0.0,0.0505975827611785,QB3
00-0032434,2025,17,TEN,QB,0,0,xgb_two_stage_renorm,0.0,0.043206370298059585,QB3
00-0032434,2025,18,TEN,QB,0,0,xgb_two_stage_renorm,0.0,0.035506020216242856,QB3
00-0032436,2025,1,LV,QB,1,0,xgb_two_stage_renorm,0.0,0.06498753701126941,QB2
00-0032436,2025,2,LV,QB,1,0,xgb_two_stage_renorm,0.0,0.051604773398046484,QB2
00-0032436,2025,3,LV,QB,1,0,xgb_two_stage_renorm,0.0,0.04830563201921034,QB2
00-0032436,2025,4,LV,QB,0,0,xgb_two_stage_renorm,0.0,0.03312134187506536,QB2
00-0032436,2025,5,LV,QB,0,0,xgb_two_stage_renorm,0.0,0.03511545258160659,QB2
00-0032436,2025,6,LV,QB,0,0,xgb_two_stage_renorm,0.0,0.03273731883435632,QB2
00-0032436,2025,10,ARI,QB,0,0,xgb_two_stage_renorm,0.0,0.02726536829157709,QB2
00-0032436,2025,11,ARI,QB,0,0,xgb_two_stage_renorm,0.0,0.022081537721323857,QB3
00-0032436,2025,12,ARI,QB,0,0,xgb_two_stage_renorm,0.0,0.023756307436941945,QB3
00-0032436,2025,13,ARI,QB,0,0,xgb_two_stage_renorm,0.0,0.027258119853892614,QB3
00-0032436,2025,14,ARI,QB,0,0,xgb_two_stage_renorm,0.0,0.028940324455192075,QB3
00-0032436,2025,15,ARI,QB,0,0,xgb_two_stage_renorm,0.0,0.02556610650095518,QB3
00-0032436,2025,16,ARI,QB,0,0,xgb_two_stage_renorm,0.0,0.02480519189737874,QB2
00-0032436,2025,17,WAS,QB,0,0,xgb_two_stage_renorm,0.0,0.058774165653861406,QB4
00-0032436,2025,18,WAS,QB,0,0,xgb_two_stage_renorm,0.0,0.06311415061314399,QB3
00-0032950,2025,1,MIN,QB,1,0,xgb_two_stage_renorm,0.0,0.372280185671852,QB1
00-0032950,2025,2,MIN,QB,1,0,xgb_two_stage_renorm,0.0,0.1534038979690318,QB2
00-0032950,2025,3,MIN,QB,1,0,xgb_two_stage_renorm,1.0,0.1697150536200949,QB2
00-0032950,2025,4,MIN,QB,0,0,xgb_two_stage_renorm,1.0,0.31529820249804047,QB2
00-0032950,2025,5,MIN,QB,0,0,xgb_two_stage_renorm,0.5,0.7503081339569236,QB1
00-0032950,2025,7,MIN,QB,0,0,xgb_two_stage_renorm,0.0,0.904201264248625,QB1
00-0032950,2025,8,MIN,QB,0,0,xgb_two_stage_renorm,1.0,0.9014927534099012,QB1
00-0032950,2025,9,MIN,QB,0,0,xgb_two_stage_renorm,0.0,0.8310143956416051,QB1
00-0032950,2025,10,MIN,QB,0,0,xgb_two_stage_renorm,0.0,0.6211637770205942,QB1
00-0032950,2025,11,MIN,QB,0,0,xgb_two_stage_renorm,0.0,0.3087829297839101,QB2
00-0032950,2025,12,MIN,QB,0,0,xgb_two_stage_renorm,0.0,0.09725005467155089,QB2
00-0032950,2025,13,MIN,QB,0,0,xgb_two_stage_renorm,0.0,0.09410040367765987,QB2
00-0032950,2025,14,MIN,QB,0,0,xgb_two_stage_renorm,0.0,0.09684357944702733,QB3
00-0032950,2025,15,MIN,QB,0,0,xgb_two_stage_renorm,0.0,0.08235143163948626,QB3
00-0032950,2025,16,MIN,QB,0,0,xgb_two_stage_renorm,0.0,0.07618280529372747,QB3
00-0032950,2025,17,MIN,QB,0,0,xgb_two_stage_renorm,0.0,0.05602703892495091,QB3
00-0032950,2025,18,MIN,QB,0,0,xgb_two_stage_renorm,0.0,0.08912524226942671,QB3
00-0033077,2025,1,DAL,QB,1,0,xgb_two_stage_renorm,0.0,0.6001140175649804,QB1
00-0033077,2025,2,DAL,QB,1,0,xgb_two_stage_renorm,1.0,0.7766177582774296,QB1
00-0033077,2025,3,DAL,QB,1,0,xgb_two_stage_renorm,1.0,0.8743932668754183,QB1
00-0033077,2025,4,DAL,QB,0,0,xgb_two_stage_renorm,1.0,0.9357991068961552,QB1
00-0033077,2025,5,DAL,QB,0,0,xgb_two_stage_renorm,1.0,0.9435481915067212,QB1
00-0033077,2025,6,DAL,QB,0,0,xgb_two_stage_renorm,1.0,0.9501102019996437,QB1
00-0033077,2025,7,DAL,QB,0,0,xgb_two_stage_renorm,1.0,0.9672592818292032,QB1
00-0033077,2025,8,DAL,QB,0,0,xgb_two_stage_renorm,0.0,0.9653800684167965,QB1
00-0033077,2025,9,DAL,QB,0,0,xgb_two_stage_renorm,1.0,0.9339278294753668,QB1
00-0033077,2025,11,DAL,QB,0,0,xgb_two_stage_renorm,1.0,0.9322057480636426,QB1
00-0033077,2025,12,DAL,QB,0,0,xgb_two_stage_renorm,1.0,0.9332193074741262,QB1
00-0033077,2025,13,DAL,QB,0,0,xgb_two_stage_renorm,1.0,0.9561191552979597,QB1
00-0033077,2025,14,DAL,QB,0,0,xgb_two_stage_renorm,1.0,0.9506411199986945,QB1
00-0033077,2025,15,DAL,QB,0,0,xgb_two_stage_renorm,0.0,0.939268584939503,QB1
00-0033077,2025,16,DAL,QB,0,0,xgb_two_stage_renorm,1.0,0.9314204086258687,QB1
00-0033077,2025,17,DAL,QB,0,0,xgb_two_stage_renorm,1.0,0.93398047794575,QB1
00-0033077,2025,18,DAL,QB,0,0,xgb_two_stage_renorm,0.0,0.9552559836087062,QB1
00-0033106,2025,1,DET,QB,1,0,xgb_two_stage_renorm,1.0,0.8288186051754504,QB1
00-0033106,2025,2,DET,QB,1,0,xgb_two_stage_renorm,1.0,0.9232699722425605,QB1
00-0033106,2025,3,DET,QB,1,0,xgb_two_stage_renorm,1.0,0.9183411304018734,QB1
00-0033106,2025,4,DET,QB,0,0,xgb_two_stage_renorm,1.0,0.9431213133291293,QB1
00-0033106,2025,5,DET,QB,0,0,xgb_two_stage_renorm,0.75,0.9356175714581788,QB1
00-0033106,2025,6,DET,QB,0,0,xgb_two_stage_renorm,1.0,0.9367880345209846,QB1
00-0033106,2025,7,DET,QB,0,0,xgb_two_stage_renorm,1.0,0.9476530720899895,QB1
00-0033106,2025,9,DET,QB,0,0,xgb_two_stage_renorm,1.0,0.9472049761495784,QB1
00-0033106,2025,10,DET,QB,0,0,xgb_two_stage_renorm,1.0,0.932714221624403,QB1
00-0033106,2025,11,DET,QB,0,0,xgb_two_stage_renorm,1.0,0.9379880074803347,QB1
00-0033106,2025,12,DET,QB,0,0,xgb_two_stage_renorm,1.0,0.9423318194594795,QB1
00-0033106,2025,13,DET,QB,0,0,xgb_two_stage_renorm,1.0,0.9280357644600246,QB1
00-0033106,2025,14,DET,QB,0,0,xgb_two_stage_renorm,1.0,0.9350830992679502,QB1
00-0033106,2025,15,DET,QB,0,0,xgb_two_stage_renorm,1.0,0.9178767944914409,QB1
00-0033106,2025,16,DET,QB,0,0,xgb_two_stage_renorm,1.0,0.9314732683366764,QB1
00-0033106,2025,17,DET,QB,0,0,xgb_two_stage_renorm,1.0,0.9217743199114721,QB1
00-0033106,2025,18,DET,QB,0,0,xgb_two_stage_renorm,1.0,0.9300428677742179,QB1
00-0033119,2025,1,ARI,QB,1,0,xgb_two_stage_renorm,0.0,0.1704642724473907,QB1
00-0033119,2025,2,ARI,QB,1,0,xgb_two_stage_renorm,0.0,0.0939955407156026,QB2
00-0033119,2025,3,ARI,QB,1,0,xgb_two_stage_renorm,0.0,0.09582825056713869,QB2
00-0033119,2025,4,ARI,QB,0,0,xgb_two_stage_renorm,0.0,0.03553071415254998,QB2
00-0033119,2025,5,ARI,QB,0,0,xgb_two_stage_renorm,0.0,0.035999684771887266,QB2
00-0033119,2025,6,ARI,QB,0,0,xgb_two_stage_renorm,1.0,0.036039476142100915,QB2
00-0033119,2025,7,ARI,QB,0,0,xgb_two_stage_renorm,1.0,0.17211543708551122,QB2
00-0033119,2025,9,ARI,QB,0,0,xgb_two_stage_renorm,1.0,0.5569553781929866,QB1
00-0033119,2025,10,ARI,QB,0,0,xgb_two_stage_renorm,1.0,0.8818400394222989,QB1
00-0033119,2025,11,ARI,QB,0,0,xgb_two_stage_renorm,1.0,0.9069751739738684,QB1
00-0033119,2025,12,ARI,QB,0,0,xgb_two_stage_renorm,1.0,0.9013409410276414,QB1
00-0033119,2025,13,ARI,QB,0,0,xgb_two_stage_renorm,1.0,0.8892146792473288,QB1
00-0033119,2025,14,ARI,QB,0,0,xgb_two_stage_renorm,1.0,0.8890971647973792,QB1
00-0033119,2025,15,ARI,QB,0,0,xgb_two_stage_renorm,1.0,0.9021966728496915,QB1
00-0033119,2025,16,ARI,QB,0,0,xgb_two_stage_renorm,1.0,0.9081613654480996,QB1
00-0033119,2025,17,ARI,QB,0,0,xgb_two_stage_renorm,1.0,0.8896904826251866,QB1
00-0033119,2025,18,ARI,QB,0,0,xgb_two_stage_renorm,1.0,0.9090068150500842,QB1
00-0033319,2025,1,JAX,QB,1,0,xgb_two_stage_renorm,0.0,0.14917561339056115,QB1
00-0033319,2025,2,JAX,QB,1,0,xgb_two_stage_renorm,0.0,0.06917980905250663,QB2
00-0033319,2025,3,JAX,QB,1,0,xgb_two_stage_renorm,0.0,0.05580811622755874,QB2
00-0033319,2025,4,JAX,QB,0,0,xgb_two_stage_renorm,0.0,0.036908310647617466,QB2
00-0033319,2025,5,JAX,QB,0,0,xgb_two_stage_renorm,0.0,0.0356949278645443,QB2
00-0033319,2025,6,JAX,QB,0,0,xgb_two_stage_renorm,0.0,0.04114429254120343,QB2
00-0033319,2025,7,JAX,QB,0,0,xgb_two_stage_renorm,0.0,0.03008577143260699,QB2
00-0033319,2025,9,JAX,QB,0,0,xgb_two_stage_renorm,0.0,0.018790280498450277,QB2
00-0033319,2025,10,JAX,QB,0,0,xgb_two_stage_renorm,0.0,0.019397251504744084,QB2
00-0033319,2025,11,JAX,QB,0,0,xgb_two_stage_renorm,0.0,0.029605476620728568,QB2
00-0033319,2025,12,JAX,QB,0,0,xgb_two_stage_renorm,0.0,0.034396399292358104,QB2
00-0033319,2025,13,JAX,QB,0,0,xgb_two_stage_renorm,0.0,0.03125091167650578,QB2
00-0033319,2025,14,JAX,QB,0,0,xgb_two_stage_renorm,0.0,0.02722467345744492,QB2
00-0033319,2025,15,JAX,QB,0,0,xgb_two_stage_renorm,0.0,0.0273051532113445,QB2
00-0033319,2025,16,JAX,QB,0,0,xgb_two_stage_renorm,0.0,0.01693702995504647,QB2
00-0033319,2025,17,JAX,QB,0,0,xgb_two_stage_renorm,0.0,0.018935449962267783,QB2
00-0033319,2025,18,JAX,QB,0,0,xgb_two_stage_renorm,0.0,0.02602407035463323,QB2
00-0033357,2025,1,NO,QB,1,0,xgb_two_stage_renorm,0.0,0.004969997901090017,QB1
00-0033357,2025,2,NO,QB,1,0,xgb_two_stage_renorm,0.0,0.0038095545646049033,QB2
00-0033357,2025,3,NO,QB,1,0,xgb_two_stage_renorm,0.0,0.002931382075265944,QB2
00-0033357,2025,4,NO,QB,0,0,xgb_two_stage_renorm,0.0,0.027745863235247876,QB4
00-0033357,2025,5,NO,QB,0,0,xgb_two_stage_renorm,0.0,0.020751914410776402,QB4
00-0033357,2025,6,NO,QB,0,0,xgb_two_stage_renorm,0.0,0.024502545151510267,QB2
00-0033357,2025,7,NO,QB,0,0,xgb_two_stage_renorm,0.0,0.02273063229829073,QB2
00-0033357,2025,8,NO,QB,0,0,xgb_two_stage_renorm,0.0,0.10843384233017045,QB2
00-0033357,2025,9,NO,QB,0,0,xgb_two_stage_renorm,0.0,0.14123947018081712,QB3
00-0033357,2025,10,NO,QB,0,0,xgb_two_stage_renorm,0.0,0.1252678925664758,QB3
00-0033357,2025,12,NO,QB,0,0,xgb_two_stage_renorm,0.0,0.0007221393266591796,QB2
00-0033357,2025,13,NO,QB,0,0,xgb_two_stage_renorm,0.0,0.00023781010106250502,QB2
00-0033357,2025,14,NO,QB,0,0,xgb_two_stage_renorm,0.0,0.0009678167990715031,QB2
00-0033357,2025,15,NO,QB,0,0,xgb_two_stage_renorm,0.0,0.0013914927782809783,QB2
00-0033357,2025,16,NO,QB,0,0,xgb_two_stage_renorm,0.5,0.0011869321458135187,QB2
00-0033357,2025,17,NO,QB,0,0,xgb_two_stage_renorm,0.0,0.00698001491537887,QB2
00-0033357,2025,18,NO,QB,0,0,xgb_two_stage_renorm,0.0,0.07058226312783952,QB2
00-0033537,2025,1,CLE,QB,1,0,xgb_two_stage_renorm,0.0,0.29370176037379214,QB2
00-0033537,2025,2,CLE,QB,1,0,xgb_two_stage_renorm,0.0,0.1218488706958981,QB2
00-0033537,2025,3,CLE,QB,1,0,xgb_two_stage_renorm,0.0,0.10350059821644354,QB3
00-0033537,2025,4,CLE,QB,0,0,xgb_two_stage_renorm,0.0,0.03463564512891176,QB3
00-0033537,2025,5,CLE,QB,0,0,xgb_two_stage_renorm,0.0,0.041136504988494846,QB3
00-0033537,2025,6,CLE,QB,0,0,xgb_two_stage_renorm,0.0,0.1299278463711149,QB2
00-0033537,2025,7,CLE,QB,0,0,xgb_two_stage_renorm,0.0,0.06449355885762023,QB2
00-0033537,2025,8,CLE,QB,0,0,xgb_two_stage_renorm,0.0,0.04947335502434033,QB2
00-0033537,2025,10,CLE,QB,0,0,xgb_two_stage_renorm,0.0,0.05289576828615773,QB2
00-0033537,2025,11,CLE,QB,0,0,xgb_two_stage_renorm,0.0,0.041953285924202804,QB2
00-0033537,2025,12,CLE,QB,0,0,xgb_two_stage_renorm,0.0,0.050310303918576056,QB3
00-0033537,2025,13,CLE,QB,0,0,xgb_two_stage_renorm,0.0,0.06543526015817056,QB3
00-0033537,2025,14,CLE,QB,0,0,xgb_two_stage_renorm,0.0,0.04534707618104166,QB3
00-0033537,2025,15,CLE,QB,0,0,xgb_two_stage_renorm,0.0,0.030781398581102466,QB3
00-0033537,2025,16,CLE,QB,0,0,xgb_two_stage_renorm,0.0,0.04137015028743143,QB3
00-0033537,2025,17,CLE,QB,0,0,xgb_two_stage_renorm,0.0,0.05075927579764057,QB3
00-0033537,2025,18,CLE,QB,0,0,xgb_two_stage_renorm,0.0,0.051949983410851726,QB3
00-0033662,2025,1,BAL,QB,1,0,xgb_two_stage_renorm,0.0,0.21602256246490809,QB1
00-0033662,2025,2,BAL,QB,1,0,xgb_two_stage_renorm,0.0,0.1805047084050323,QB2
00-0033662,2025,3,BAL,QB,1,0,xgb_two_stage_renorm,0.0,0.16550607718564186,QB2
00-0033662,2025,4,BAL,QB,0,0,xgb_two_stage_renorm,0.0,0.04037949719600887,QB2
00-0033662,2025,5,BAL,QB,0,0,xgb_two_stage_renorm,0.0,0.05495956297169055,QB2
00-0033662,2025,6,BAL,QB,0,0,xgb_two_stage_renorm,0.0,0.2038257209694455,QB2
00-0033662,2025,8,BAL,QB,0,0,xgb_two_stage_renorm,0.0,0.37156218249481804,QB1
00-0033662,2025,9,BAL,QB,0,0,xgb_two_stage_renorm,0.0,0.29199681872633737,QB1
00-0033662,2025,10,BAL,QB,0,0,xgb_two_stage_renorm,0.0,0.09382932785622086,QB3
00-0033662,2025,11,BAL,QB,0,0,xgb_two_stage_renorm,0.0,0.052408798408335955,QB3
00-0033662,2025,12,BAL,QB,0,0,xgb_two_stage_renorm,0.0,0.04356239343120236,QB2
00-0033662,2025,13,BAL,QB,0,0,xgb_two_stage_renorm,0.0,0.06051161709053398,QB2
00-0033662,2025,14,BAL,QB,0,0,xgb_two_stage_renorm,0.0,0.06691921029899316,QB2
00-0033662,2025,15,BAL,QB,0,0,xgb_two_stage_renorm,0.0,0.05512567647626106,QB2
00-0033662,2025,16,BAL,QB,0,0,xgb_two_stage_renorm,0.0,0.049830369080731685,QB3
00-0033662,2025,17,BAL,QB,0,0,xgb_two_stage_renorm,0.0,0.0578648454316022,QB3
00-0033662,2025,18,BAL,QB,0,0,xgb_two_stage_renorm,0.0,0.07181340000837193,QB3
00-0033869,2025,1,BUF,QB,1,0,xgb_two_stage_renorm,0.0,0.11043883307510934,QB1
00-0033869,2025,2,BUF,QB,1,0,xgb_two_stage_renorm,0.0,0.03274578639409614,QB2
00-0033869,2025,3,BUF,QB,1,0,xgb_two_stage_renorm,0.0,0.043669236339924825,QB2
00-0033869,2025,4,BUF,QB,0,0,xgb_two_stage_renorm,0.0,0.03175965210826865,QB2
00-0033869,2025,5,BUF,QB,0,0,xgb_two_stage_renorm,0.0,0.04302669879013404,QB2
00-0033869,2025,6,BUF,QB,0,0,xgb_two_stage_renorm,0.0,0.034587332153877104,QB2
00-0033869,2025,8,BUF,QB,0,0,xgb_two_stage_renorm,0.0,0.03329052335833873,QB2
00-0033869,2025,9,BUF,QB,0,0,xgb_two_stage_renorm,0.0,0.04767075764173367,QB2
00-0033869,2025,10,BUF,QB,0,0,xgb_two_stage_renorm,0.0,0.04289676916931537,QB2
00-0033869,2025,11,BUF,QB,0,0,xgb_two_stage_renorm,0.0,0.03231427973393847,QB2
00-0033869,2025,12,BUF,QB,0,0,xgb_two_stage_renorm,0.0,0.026615588521494035,QB2
00-0033869,2025,13,BUF,QB,0,0,xgb_two_stage_renorm,0.0,0.03517685915708522,QB2
00-0033869,2025,14,BUF,QB,0,0,xgb_two_stage_renorm,0.0,0.05037054273595173,QB2
00-0033869,2025,15,BUF,QB,0,0,xgb_two_stage_renorm,0.0,0.03606112024118081,QB2
00-0033869,2025,16,BUF,QB,0,0,xgb_two_stage_renorm,0.0,0.02422056097489534,QB2
00-0033869,2025,17,BUF,QB,0,0,xgb_two_stage_renorm,0.0,0.027474136757915317,QB2
00-0033869,2025,18,BUF,QB,0,0,xgb_two_stage_renorm,1.0,0.032477958151650756,QB2
00-0033873,2025,1,KC,QB,1,0,xgb_two_stage_renorm,1.0,0.6599535168473873,QB1
00-0033873,2025,2,KC,QB,1,0,xgb_two_stage_renorm,1.0,0.8010875822405392,QB1
00-0033873,2025,3,KC,QB,1,0,xgb_two_stage_renorm,1.0,0.7601974072618141,QB1
00-0033873,2025,4,KC,QB,0,0,xgb_two_stage_renorm,1.0,0.9152810567094197,QB1
00-0033873,2025,5,KC,QB,0,0,xgb_two_stage_renorm,1.0,0.9461344224745696,QB1
00-0033873,2025,6,KC,QB,0,0,xgb_two_stage_renorm,1.0,0.9404842468856776,QB1
00-0033873,2025,7,KC,QB,0,0,xgb_two_stage_renorm,1.0,0.9441570644252831,QB1
00-0033873,2025,8,KC,QB,0,0,xgb_two_stage_renorm,1.0,0.951775156246868,QB1
00-0033873,2025,9,KC,QB,0,0,xgb_two_stage_renorm,0.0,0.9624831106462363,QB1
00-0033873,2025,11,KC,QB,0,0,xgb_two_stage_renorm,1.0,0.959389147359945,QB1
00-0033873,2025,12,KC,QB,0,0,xgb_two_stage_renorm,0.0,0.9459948281720787,QB1
00-0033873,2025,13,KC,QB,0,0,xgb_two_stage_renorm,1.0,0.9507407897119079,QB1
00-0033873,2025,14,KC,QB,0,0,xgb_two_stage_renorm,0.0,0.9493897942942776,QB1
00-0033873,2025,15,KC,QB,0,0,xgb_two_stage_renorm,0.0,0.8786608360555724,QB1
00-0033873,2025,16,KC,QB,0,0,xgb_two_stage_renorm,0.0,0.8101506265685584,QB1
00-0033873,2025,17,KC,QB,0,0,xgb_two_stage_renorm,0.0,0.39945097874663976,QB1
00-0033873,2025,18,KC,QB,0,0,xgb_two_stage_renorm,0.0,0.5667408575407504,QB2
00-0033936,2025,1,DET,QB,1,0,xgb_two_stage_renorm,0.0,0.08640996580605742,QB2
00-0033936,2025,2,DET,QB,1,0,xgb_two_stage_renorm,0.0,0.03834298016625599,QB2
00-0033936,2025,3,DET,QB,1,0,xgb_two_stage_renorm,0.0,0.041394564897843676,QB3
00-0033936,2025,4,DET,QB,0,0,xgb_two_stage_renorm,0.0,0.0286304800693307,QB3
00-0033936,2025,5,DET,QB,0,0,xgb_two_stage_renorm,0.0,0.03350161967331035,QB3
00-0033936,2025,6,DET,QB,0,0,xgb_two_stage_renorm,0.0,0.03259264387892618,QB3
00-0033936,2025,7,DET,QB,0,0,xgb_two_stage_renorm,0.0,0.02700403851366731,QB3
00-0033936,2025,9,DET,QB,0,0,xgb_two_stage_renorm,0.0,0.02643838556649751,QB2
00-0033936,2025,10,DET,QB,0,0,xgb_two_stage_renorm,0.0,0.03369595164335934,QB2
00-0033936,2025,11,DET,QB,0,0,xgb_two_stage_renorm,0.0,0.030046551871159243,QB3
00-0033936,2025,12,DET,QB,0,0,xgb_two_stage_renorm,0.0,0.02803534405679336,QB3
00-0033936,2025,13,DET,QB,0,0,xgb_two_stage_renorm,0.0,0.03512684964090381,QB3
00-0033936,2025,14,DET,QB,0,0,xgb_two_stage_renorm,0.0,0.03219557346984353,QB2
00-0033936,2025,15,DET,QB,0,0,xgb_two_stage_renorm,0.0,0.040425824314607714,QB2
00-0033936,2025,16,DET,QB,0,0,xgb_two_stage_renorm,0.0,0.033735784856884894,QB2
00-0033936,2025,17,DET,QB,0,0,xgb_two_stage_renorm,0.0,0.03882846803669786,QB2
00-0033936,2025,18,DET,QB,0,0,xgb_two_stage_renorm,0.0,0.0349898812275069,QB2
00-0033949,2025,1,NE,QB,1,0,xgb_two_stage_renorm,0.0,0.14780789415663215,QB1
00-0033949,2025,2,NE,QB,1,0,xgb_two_stage_renorm,0.0,0.05714330259854977,QB2
00-0033949,2025,3,NE,QB,1,0,xgb_two_stage_renorm,0.0,0.0550239383391674,QB2
00-0033949,2025,4,NE,QB,0,0,xgb_two_stage_renorm,0.0,0.02403460981975127,QB2
00-0033949,2025,5,NE,QB,0,0,xgb_two_stage_renorm,0.0,0.028635957640513465,QB2
00-0033949,2025,6,NE,QB,0,0,xgb_two_stage_renorm,0.0,0.03340841807978494,QB2
00-0033949,2025,7,NE,QB,0,0,xgb_two_stage_renorm,0.0,0.02675507438853786,QB2
00-0033949,2025,8,NE,QB,0,0,xgb_two_stage_renorm,0.0,0.029606688688588293,QB2
00-0033949,2025,9,NE,QB,0,0,xgb_two_stage_renorm,0.0,0.028104293124066853,QB2
00-0033949,2025,10,NE,QB,0,0,xgb_two_stage_renorm,0.0,0.03126836062832044,QB2
00-0033949,2025,11,NE,QB,0,0,xgb_two_stage_renorm,0.0,0.030000455235530802,QB2
00-0033949,2025,12,NE,QB,0,0,xgb_two_stage_renorm,0.0,0.038778689816324236,QB2
00-0033949,2025,13,NE,QB,0,0,xgb_two_stage_renorm,0.0,0.042513701845801125,QB2
00-0033949,2025,15,NE,QB,0,0,xgb_two_stage_renorm,0.0,0.039614581278130535,QB2
00-0033949,2025,16,NE,QB,0,0,xgb_two_stage_renorm,0.0,0.04890054205579349,QB2
00-0033949,2025,17,NE,QB,0,0,xgb_two_stage_renorm,0.0,0.04647422965669756,QB2
00-0033949,2025,18,NE,QB,0,0,xgb_two_stage_renorm,0.0,0.048673657347473344,QB2
00-0034401,2025,1,BUF,QB,1,0,xgb_two_stage_renorm,0.0,0.0827039910155153,QB2
00-0034401,2025,3,CIN,QB,1,0,xgb_two_stage_renorm,0.0,0.05674187557005977,QB3
00-0034401,2025,4,CIN,QB,1,0,xgb_two_stage_renorm,0.0,0.07830512058484641,QB4
00-0034401,2025,5,CIN,QB,0,0,xgb_two_stage_renorm,0.0,0.047366917042705875,QB4
00-0034401,2025,6,CIN,QB,0,0,xgb_two_stage_renorm,0.0,0.029006556881907765,QB4
00-0034401,2025,8,CAR,QB,0,0,xgb_two_stage_renorm,0.0,0.027153385905300614,QB3
00-0034401,2025,9,CAR,QB,0,0,xgb_two_stage_renorm,0.0,0.045135149440051245,QB3
00-0034401,2025,10,CAR,QB,0,0,xgb_two_stage_renorm,0.0,0.061381853478062604,QB3
00-0034401,2025,11,CAR,QB,0,0,xgb_two_stage_renorm,0.0,0.07764115089446963,QB3
00-0034401,2025,12,CAR,QB,0,0,xgb_two_stage_renorm,0.0,0.048417065921755924,QB3
00-0034401,2025,13,CAR,QB,0,0,xgb_two_stage_renorm,0.0,0.042592327864088314,QB3
00-0034401,2025,15,CAR,QB,0,0,xgb_two_stage_renorm,0.0,0.031157755773280074,QB3
00-0034401,2025,16,CAR,QB,0,0,xgb_two_stage_renorm,0.0,0.03805741659901858,QB3
00-0034401,2025,17,CAR,QB,0,0,xgb_two_stage_renorm,0.0,0.028364453529596188,QB3
00-0034401,2025,18,CAR,QB,0,0,xgb_two_stage_renorm,0.0,0.0411460752243462,QB3
00-0034438,2025,2,PIT,QB,1,0,xgb_two_stage_renorm,0.0,0.035616262934799005,QB4
00-0034438,2025,3,PIT,QB,1,0,xgb_two_stage_renorm,0.0,0.040605328263008604,QB3
00-0034438,2025,4,PIT,QB,1,0,xgb_two_stage_renorm,0.0,0.04730826290202128,QB3
00-0034438,2025,6,PIT,QB,0,0,xgb_two_stage_renorm,0.0,0.0367884687242076,QB3
00-0034438,2025,7,PIT,QB,0,0,xgb_two_stage_renorm,0.0,0.03276272125297956,QB3
00-0034438,2025,8,PIT,QB,0,0,xgb_two_stage_renorm,0.0,0.033772708474454155,QB3
00-0034438,2025,17,ARI,QB,0,0,xgb_two_stage_renorm,0.0,0.031059667338033576,QB2
00-0034438,2025,18,ARI,QB,0,0,xgb_two_stage_renorm,0.0,0.02636619454059248,QB2
00-0034577,2025,1,DET,QB,1,0,xgb_two_stage_renorm,0.0,0.08477142901849222,QB3
00-0034577,2025,2,DET,QB,1,0,xgb_two_stage_renorm,0.0,0.0383870475911836,QB3
00-0034577,2025,3,DET,QB,1,0,xgb_two_stage_renorm,0.0,0.04026430470028295,QB2
00-0034577,2025,4,DET,QB,0,0,xgb_two_stage_renorm,0.0,0.028248206601540017,QB2
00-0034577,2025,5,DET,QB,0,0,xgb_two_stage_renorm,0.0,0.030880808868510894,QB2
00-0034577,2025,6,DET,QB,0,0,xgb_two_stage_renorm,0.0,0.030619321600089174,QB2
00-0034577,2025,7,DET,QB,0,0,xgb_two_stage_renorm,0.0,0.02534288939634326,QB2
00-0034577,2025,9,DET,QB,0,0,xgb_two_stage_renorm,0.0,0.026356638283924146,QB3
00-0034577,2025,10,DET,QB,0,0,xgb_two_stage_renorm,0.0,0.03358982673223773,QB3
00-0034577,2025,11,DET,QB,0,0,xgb_two_stage_renorm,0.0,0.03196544064850602,QB2
00-0034577,2025,12,DET,QB,0,0,xgb_two_stage_renorm,0.0,0.029632836483727113,QB2
00-0034577,2025,13,DET,QB,0,0,xgb_two_stage_renorm,0.0,0.036837385899071526,QB2
00-0034577,2025,14,DET,QB,0,0,xgb_two_stage_renorm,0.0,0.03272132726220629,QB3
00-0034577,2025,15,DET,QB,0,0,xgb_two_stage_renorm,0.0,0.04169738119395139,QB3
00-0034577,2025,16,DET,QB,0,0,xgb_two_stage_renorm,0.0,0.03479094680643867,QB3
00-0034577,2025,17,DET,QB,0,0,xgb_two_stage_renorm,0.0,0.03939721205183002,QB3
00-0034577,2025,18,DET,QB,0,0,xgb_two_stage_renorm,0.0,0.03496725099827518,QB3
00-0034771,2025,1,PIT,QB,1,0,xgb_two_stage_renorm,0.0,0.20593401380988657,QB2
00-0034771,2025,2,PIT,QB,1,0,xgb_two_stage_renorm,0.0,0.08196295722324233,QB2
00-0034771,2025,3,PIT,QB,1,0,xgb_two_stage_renorm,0.0,0.11294145306937069,QB2
00-0034771,2025,4,PIT,QB,0,0,xgb_two_stage_renorm,0.0,0.03102276751843371,QB2
00-0034771,2025,6,PIT,QB,0,0,xgb_two_stage_renorm,0.0,0.041480373497364616,QB2
00-0034771,2025,7,PIT,QB,0,0,xgb_two_stage_renorm,0.0,0.03281286107198141,QB2
00-0034771,2025,8,PIT,QB,0,0,xgb_two_stage_renorm,0.0,0.03370161766346403,QB2
00-0034771,2025,9,PIT,QB,0,0,xgb_two_stage_renorm,0.0,0.03407030701513,QB2
00-0034771,2025,10,PIT,QB,0,0,xgb_two_stage_renorm,0.0,0.03990540599355704,QB2
00-0034771,2025,11,PIT,QB,0,0,xgb_two_stage_renorm,0.5,0.03952180301869943,QB2
00-0034771,2025,12,PIT,QB,0,0,xgb_two_stage_renorm,1.0,0.10547690691806266,QB2
00-0034771,2025,13,PIT,QB,0,0,xgb_two_stage_renorm,0.0,0.35192618089388655,QB2
00-0034771,2025,14,PIT,QB,0,0,xgb_two_stage_renorm,0.0,0.32957600349663746,QB1
00-0034771,2025,15,PIT,QB,0,0,xgb_two_stage_renorm,0.0,0.18039985393868674,QB2
00-0034771,2025,16,PIT,QB,0,0,xgb_two_stage_renorm,0.0,0.04026614531538951,QB2
00-0034771,2025,17,PIT,QB,0,0,xgb_two_stage_renorm,0.0,0.04901407953137154,QB2
00-0034771,2025,18,PIT,QB,0,0,xgb_two_stage_renorm,0.0,0.05322497756061649,QB2
00-0034796,2025,1,BAL,QB,1,0,xgb_two_stage_renorm,1.0,0.6092793262457474,QB2
00-0034796,2025,2,BAL,QB,1,0,xgb_two_stage_renorm,1.0,0.7132206472498275,QB1
00-0034796,2025,3,BAL,QB,1,0,xgb_two_stage_renorm,1.0,0.7398614732051947,QB1
00-0034796,2025,4,BAL,QB,0,0,xgb_two_stage_renorm,1.0,0.9189017403679434,QB1
00-0034796,2025,5,BAL,QB,0,0,xgb_two_stage_renorm,0.0,0.907788651755157,QB1
00-0034796,2025,6,BAL,QB,0,0,xgb_two_stage_renorm,0.0,0.740841351706202,QB1
00-0034796,2025,8,BAL,QB,0,0,xgb_two_stage_renorm,0.0,0.45728382568102227,QB2
00-0034796,2025,9,BAL,QB,0,0,xgb_two_stage_renorm,1.0,0.21869507237084349,QB3
00-0034796,2025,10,BAL,QB,0,0,xgb_two_stage_renorm,1.0,0.5240390272875917,QB2
00-0034796,2025,11,BAL,QB,0,0,xgb_two_stage_renorm,0.0,0.7817042933555421,QB1
00-0034796,2025,12,BAL,QB,0,0,xgb_two_stage_renorm,0.0,0.9051067183419487,QB1
00-0034796,2025,13,BAL,QB,0,0,xgb_two_stage_renorm,0.0,0.8692884946773322,QB1
00-0034796,2025,14,BAL,QB,0,0,xgb_two_stage_renorm,1.0,0.85777302553833,QB1
00-0034796,2025,15,BAL,QB,0,0,xgb_two_stage_renorm,1.0,0.8834013543468647,QB1
00-0034796,2025,16,BAL,QB,0,0,xgb_two_stage_renorm,0.0,0.8994059199707695,QB1
00-0034796,2025,17,BAL,QB,0,0,xgb_two_stage_renorm,0.0,0.8448655969344064,QB1
00-0034796,2025,18,BAL,QB,0,0,xgb_two_stage_renorm,1.0,0.5722550985262045,QB2
00-0034855,2025,1,TB,QB,1,0,xgb_two_stage_renorm,1.0,0.7742821266658259,QB2
00-0034855,2025,2,TB,QB,1,0,xgb_two_stage_renorm,1.0,0.9028408400451662,QB1
00-0034855,2025,3,TB,QB,1,0,xgb_two_stage_renorm,1.0,0.9115582013317668,QB1
00-0034855,2025,4,TB,QB,0,0,xgb_two_stage_renorm,1.0,0.9458506496373293,QB1
00-0034855,2025,5,TB,QB,0,0,xgb_two_stage_renorm,1.0,0.9520130747817485,QB1
00-0034855,2025,6,TB,QB,0,0,xgb_two_stage_renorm,1.0,0.9490541722656588,QB1
00-0034855,2025,7,TB,QB,0,0,xgb_two_stage_renorm,1.0,0.9520045923328116,QB1
00-0034855,2025,8,TB,QB,0,0,xgb_two_stage_renorm,0.0,0.9433532019486027,QB1
00-0034855,2025,10,TB,QB,0,0,xgb_two_stage_renorm,1.0,0.9255742763509105,QB1
00-0034855,2025,11,TB,QB,0,0,xgb_two_stage_renorm,1.0,0.9323833215453163,QB1
00-0034855,2025,12,TB,QB,0,0,xgb_two_stage_renorm,1.0,0.9151962873105074,QB1
00-0034855,2025,13,TB,QB,0,0,xgb_two_stage_renorm,1.0,0.869636503323155,QB1
00-0034855,2025,14,TB,QB,0,0,xgb_two_stage_renorm,1.0,0.8554928341942077,QB1
00-0034855,2025,15,TB,QB,0,0,xgb_two_stage_renorm,1.0,0.8792085417571387,QB1
00-0034855,2025,16,TB,QB,0,0,xgb_two_stage_renorm,1.0,0.9240755174009563,QB1
00-0034855,2025,17,TB,QB,0,0,xgb_two_stage_renorm,1.0,0.9025552777194319,QB1
00-0034855,2025,18,TB,QB,0,0,xgb_two_stage_renorm,1.0,0.917080663125281,QB1
00-0034857,2025,1,BUF,QB,1,0,xgb_two_stage_renorm,1.0,0.728578840192717,QB3
00-0034857,2025,2,BUF,QB,1,0,xgb_two_stage_renorm,0.0,0.9349601397845315,QB1
00-0034857,2025,3,BUF,QB,1,0,xgb_two_stage_renorm,1.0,0.917745133769163,QB1
00-0034857,2025,4,BUF,QB,0,0,xgb_two_stage_renorm,1.0,0.9409065920079122,QB1
00-0034857,2025,5,BUF,QB,0,0,xgb_two_stage_renorm,1.0,0.9205043959708163,QB1
00-0034857,2025,6,BUF,QB,0,0,xgb_two_stage_renorm,1.0,0.9306114376851522,QB1
00-0034857,2025,8,BUF,QB,0,0,xgb_two_stage_renorm,1.0,0.9327625694352848,QB1
00-0034857,2025,9,BUF,QB,0,0,xgb_two_stage_renorm,1.0,0.9135664398220134,QB1
00-0034857,2025,10,BUF,QB,0,0,xgb_two_stage_renorm,1.0,0.9200254864300813,QB1
00-0034857,2025,11,BUF,QB,0,0,xgb_two_stage_renorm,1.0,0.9386661728272181,QB1
00-0034857,2025,12,BUF,QB,0,0,xgb_two_stage_renorm,0.0,0.9454414407829388,QB1
00-0034857,2025,13,BUF,QB,0,0,xgb_two_stage_renorm,1.0,0.9284466448578078,QB1
00-0034857,2025,14,BUF,QB,0,0,xgb_two_stage_renorm,1.0,0.8969853570413446,QB1
00-0034857,2025,15,BUF,QB,0,0,xgb_two_stage_renorm,1.0,0.926000890318238,QB1
00-0034857,2025,16,BUF,QB,0,0,xgb_two_stage_renorm,0.0,0.9510075370389603,QB1
00-0034857,2025,17,BUF,QB,0,0,xgb_two_stage_renorm,0.0,0.9725258632420848,QB1
00-0034857,2025,18,BUF,QB,0,0,xgb_two_stage_renorm,0.0,0.9675220418483492,QB1
00-0034869,2025,1,SEA,QB,1,0,xgb_two_stage_renorm,0.0,0.7367360902446098,QB1
00-0034869,2025,2,SEA,QB,1,0,xgb_two_stage_renorm,1.0,0.7707855994108189,QB1
00-0034869,2025,3,SEA,QB,1,0,xgb_two_stage_renorm,1.0,0.8244261473949414,QB1
00-0034869,2025,4,SEA,QB,0,0,xgb_two_stage_renorm,1.0,0.9209893142467515,QB1
00-0034869,2025,5,SEA,QB,0,0,xgb_two_stage_renorm,1.0,0.9332809239744677,QB1
00-0034869,2025,6,SEA,QB,0,0,xgb_two_stage_renorm,1.0,0.941577821952826,QB1
00-0034869,2025,7,SEA,QB,0,0,xgb_two_stage_renorm,1.0,0.944538116825175,QB1
00-0034869,2025,9,SEA,QB,0,0,xgb_two_stage_renorm,1.0,0.935877612475894,QB1
00-0034869,2025,10,SEA,QB,0,0,xgb_two_stage_renorm,1.0,0.9407135614228773,QB1
00-0034869,2025,11,SEA,QB,0,0,xgb_two_stage_renorm,0.0,0.9134071314142027,QB1
00-0034869,2025,12,SEA,QB,0,0,xgb_two_stage_renorm,1.0,0.9112125503817635,QB1
00-0034869,2025,13,SEA,QB,0,0,xgb_two_stage_renorm,0.0,0.8959947934953831,QB1
00-0034869,2025,14,SEA,QB,0,0,xgb_two_stage_renorm,1.0,0.9089804804269093,QB1
00-0034869,2025,15,SEA,QB,0,0,xgb_two_stage_renorm,0.0,0.9333876196069174,QB1
00-0034869,2025,16,SEA,QB,0,0,xgb_two_stage_renorm,1.0,0.9285718746236935,QB1
00-0034869,2025,17,SEA,QB,0,0,xgb_two_stage_renorm,1.0,0.9174195436837679,QB1
00-0034869,2025,18,SEA,QB,0,0,xgb_two_stage_renorm,0.0,0.90645584755775,QB1
00-0034899,2025,1,JAX,QB,1,0,xgb_two_stage_renorm,0.0,0.14033777883422757,QB2
00-0034899,2025,9,MIN,QB,1,0,xgb_two_stage_renorm,0.0,0.07029966102110244,QB3
00-0034899,2025,10,MIN,QB,1,0,xgb_two_stage_renorm,0.0,0.0971437514026506,QB4
00-0034899,2025,11,MIN,QB,0,0,xgb_two_stage_renorm,0.0,0.06601201842478217,QB4
00-0034899,2025,12,MIN,QB,0,0,xgb_two_stage_renorm,0.0,0.06195485747133862,QB3
00-0034899,2025,13,MIN,QB,0,0,xgb_two_stage_renorm,0.0,0.06361538479317501,QB3
00-0034899,2025,14,MIN,QB,0,0,xgb_two_stage_renorm,0.0,0.06779118290732074,QB4
00-0034899,2025,15,MIN,QB,0,0,xgb_two_stage_renorm,0.0,0.057658746114183,QB4
00-0034899,2025,16,MIN,QB,0,0,xgb_two_stage_renorm,0.0,0.05520354643409187,QB4
00-0034899,2025,17,MIN,QB,0,0,xgb_two_stage_renorm,0.0,0.04142541017501481,QB4
00-0034899,2025,18,MIN,QB,0,0,xgb_two_stage_renorm,0.0,0.06655277540759999,QB4
00-0034955,2025,1,CIN,QB,1,0,xgb_two_stage_renorm,0.0,0.06590085112992576,QB1
00-0034955,2025,2,CIN,QB,1,0,xgb_two_stage_renorm,0.0,0.0818566243960826,QB2
00-0034955,2025,3,CIN,QB,1,0,xgb_two_stage_renorm,0.0,0.05549141724266425,QB4
00-0034955,2025,4,CIN,QB,0,0,xgb_two_stage_renorm,0.0,0.04765469729787468,QB3
00-0034955,2025,5,CIN,QB,0,0,xgb_two_stage_renorm,0.0,0.04924209171680428,QB3
00-0034955,2025,6,CIN,QB,0,0,xgb_two_stage_renorm,0.0,0.02928884654732276,QB3
00-0034955,2025,7,IND,QB,0,0,xgb_two_stage_renorm,0.0,0.0456683003408918,QB3
00-0034955,2025,8,IND,QB,0,0,xgb_two_stage_renorm,0.0,0.04966448594616253,QB3
00-0034955,2025,9,IND,QB,0,0,xgb_two_stage_renorm,0.0,0.041078405381582035,QB3
00-0034955,2025,10,IND,QB,0,0,xgb_two_stage_renorm,0.0,0.03761917974036977,QB3
00-0034955,2025,12,IND,QB,0,0,xgb_two_stage_renorm,0.0,0.031537187261809804,QB3
00-0034955,2025,13,IND,QB,0,0,xgb_two_stage_renorm,0.0,0.038815410943337986,QB2
00-0034955,2025,14,IND,QB,0,0,xgb_two_stage_renorm,0.0,0.03131333316147102,QB2
00-0034955,2025,15,IND,QB,0,0,xgb_two_stage_renorm,0.0,0.03789766318247909,QB3
00-0034955,2025,16,IND,QB,0,0,xgb_two_stage_renorm,0.0,0.0241391326583042,QB4
00-0034955,2025,17,MIN,QB,0,0,xgb_two_stage_renorm,0.0,0.041543122952715145,QB4
00-0034955,2025,18,MIN,QB,0,0,xgb_two_stage_renorm,0.0,0.06672893832854646,QB4
00-0035100,2025,1,CIN,QB,1,0,xgb_two_stage_renorm,0.0,0.06751479855902542,QB2
00-0035100,2025,2,CIN,QB,1,0,xgb_two_stage_renorm,0.6666666666666666,0.08126520425914258,QB3
00-0035100,2025,3,CIN,QB,1,0,xgb_two_stage_renorm,1.0,0.12531030477730054,QB2
00-0035100,2025,4,CIN,QB,0,0,xgb_two_stage_renorm,0.0,0.48211074009799737,QB1
00-0035100,2025,5,CIN,QB,0,0,xgb_two_stage_renorm,1.0,0.7544593212792755,QB1
00-0035100,2025,6,CIN,QB,0,0,xgb_two_stage_renorm,0.0,0.6064755887639509,QB1
00-0035100,2025,7,CIN,QB,0,0,xgb_two_stage_renorm,0.0,0.40525266617401434,QB1
00-0035100,2025,8,CIN,QB,0,0,xgb_two_stage_renorm,0.0,0.17628528736447777,QB2
00-0035100,2025,9,CIN,QB,0,0,xgb_two_stage_renorm,0.0,0.04354888570950304,QB2
00-0035100,2025,11,CIN,QB,0,0,xgb_two_stage_renorm,0.0,0.04192863574247414,QB2
00-0035100,2025,12,CIN,QB,0,0,xgb_two_stage_renorm,0.0,0.04177686169271865,QB2
00-0035100,2025,13,CIN,QB,0,0,xgb_two_stage_renorm,0.0,0.048093747887793546,QB2
00-0035100,2025,14,CIN,QB,0,0,xgb_two_stage_renorm,0.0,0.06341158216346264,QB3
00-0035100,2025,15,CIN,QB,0,0,xgb_two_stage_renorm,0.0,0.06291976696373458,QB3
00-0035100,2025,16,CIN,QB,0,0,xgb_two_stage_renorm,0.0,0.04135908448034296,QB3
00-0035100,2025,17,CIN,QB,0,0,xgb_two_stage_renorm,0.0,0.03629947812889842,QB3
00-0035100,2025,18,CIN,QB,0,0,xgb_two_stage_renorm,0.0,0.032797588835285295,QB3
00-0035228,2025,1,ARI,QB,1,0,xgb_two_stage_renorm,1.0,0.7542422700905147,QB2
00-0035228,2025,2,ARI,QB,1,0,xgb_two_stage_renorm,1.0,0.8565332956454744,QB1
00-0035228,2025,3,ARI,QB,1,0,xgb_two_stage_renorm,1.0,0.8433666067522586,QB1
00-0035228,2025,4,ARI,QB,0,0,xgb_two_stage_renorm,1.0,0.9244598304628561,QB1
00-0035228,2025,5,ARI,QB,0,0,xgb_two_stage_renorm,0.0,0.9224454783696647,QB1
00-0035228,2025,6,ARI,QB,0,0,xgb_two_stage_renorm,0.0,0.9272643932227754,QB1
00-0035228,2025,7,ARI,QB,0,0,xgb_two_stage_renorm,0.0,0.7837259317558104,QB1
00-0035228,2025,9,ARI,QB,0,0,xgb_two_stage_renorm,0.0,0.39739114274358295,QB2
00-0035228,2025,10,ARI,QB,0,0,xgb_two_stage_renorm,0.0,0.0636292239945468,QB3
00-0035228,2025,11,ARI,QB,0,0,xgb_two_stage_renorm,0.0,0.048169645082011,QB4
00-0035228,2025,12,ARI,QB,0,0,xgb_two_stage_renorm,0.0,0.05015013372938884,QB4
00-0035228,2025,13,ARI,QB,0,0,xgb_two_stage_renorm,0.0,0.054380475418941886,QB4
00-0035228,2025,14,ARI,QB,0,0,xgb_two_stage_renorm,0.0,0.05253071626068848,QB4
00-0035228,2025,15,ARI,QB,0,0,xgb_two_stage_renorm,0.0,0.04622576555483787,QB4
00-0035228,2025,16,ARI,QB,0,0,xgb_two_stage_renorm,0.0,0.04210202288488917,QB3
00-0035228,2025,17,ARI,QB,0,0,xgb_two_stage_renorm,0.0,0.048042986968822685,QB3
00-0035228,2025,18,ARI,QB,0,0,xgb_two_stage_renorm,0.0,0.03814299142140348,QB3
00-0035251,2025,1,DAL,QB,1,0,xgb_two_stage_renorm,0.0,0.16725823894984432,QB2
00-0035251,2025,2,DAL,QB,1,0,xgb_two_stage_renorm,0.0,0.10735285185068441,QB2
00-0035251,2025,3,DAL,QB,1,0,xgb_two_stage_renorm,0.0,0.06032557291041404,QB2
00-0035251,2025,4,DAL,QB,0,0,xgb_two_stage_renorm,0.0,0.030834079250277556,QB3
00-0035251,2025,5,DAL,QB,0,0,xgb_two_stage_renorm,0.0,0.02699572931851616,QB3
00-0035251,2025,6,DAL,QB,0,0,xgb_two_stage_renorm,0.0,0.02430431324602192,QB3
00-0035251,2025,7,DAL,QB,0,0,xgb_two_stage_renorm,0.0,0.017311976726874213,QB2
00-0035251,2025,8,DAL,QB,0,0,xgb_two_stage_renorm,0.0,0.018263165644221518,QB2
00-0035251,2025,9,DAL,QB,0,0,xgb_two_stage_renorm,0.0,0.023264248846090404,QB3
00-0035251,2025,11,DAL,QB,0,0,xgb_two_stage_renorm,0.0,0.024145304799026,QB3
00-0035251,2025,12,DAL,QB,0,0,xgb_two_stage_renorm,0.0,0.023632675167622633,QB3
00-0035251,2025,13,DAL,QB,0,0,xgb_two_stage_renorm,0.0,0.021944313362548984,QB2
00-0035251,2025,14,DAL,QB,0,0,xgb_two_stage_renorm,0.0,0.025286539940029995,QB2
00-0035251,2025,15,DAL,QB,0,0,xgb_two_stage_renorm,0.0,0.031185003576217944,QB2
00-0035251,2025,16,DAL,QB,0,0,xgb_two_stage_renorm,0.0,0.03517306840171376,QB2
00-0035251,2025,17,DAL,QB,0,0,xgb_two_stage_renorm,0.0,0.032930284872614846,QB3
00-0035251,2025,18,DAL,QB,0,0,xgb_two_stage_renorm,0.0,0.021889674751494947,QB3
00-0035264,2025,1,DEN,QB,1,0,xgb_two_stage_renorm,0.0,0.0997739927070376,QB2
00-0035264,2025,2,DEN,QB,1,0,xgb_two_stage_renorm,0.0,0.04631634188631179,QB2
00-0035264,2025,3,DEN,QB,1,0,xgb_two_stage_renorm,0.0,0.05048373881461468,QB2
00-0035264,2025,4,DEN,QB,0,0,xgb_two_stage_renorm,0.0,0.041818590728015394,QB2
00-0035264,2025,5,DEN,QB,0,0,xgb_two_stage_renorm,0.0,0.029424879664266167,QB2
00-0035264,2025,6,DEN,QB,0,0,xgb_two_stage_renorm,0.0,0.029390602938546513,QB2
00-0035264,2025,7,DEN,QB,0,0,xgb_two_stage_renorm,0.0,0.026036103032619422,QB2
00-0035264,2025,8,DEN,QB,0,0,xgb_two_stage_renorm,0.0,0.025080422914767173,QB2
00-0035264,2025,9,DEN,QB,0,0,xgb_two_stage_renorm,0.0,0.026490546215212536,QB2
00-0035264,2025,10,DEN,QB,0,0,xgb_two_stage_renorm,0.0,0.023989019474962032,QB2
00-0035264,2025,11,DEN,QB,0,0,xgb_two_stage_renorm,0.0,0.022318214631925726,QB2
00-0035264,2025,13,DEN,QB,0,0,xgb_two_stage_renorm,0.0,0.027383828578630386,QB2
00-0035264,2025,14,DEN,QB,0,0,xgb_two_stage_renorm,0.0,0.035002145088196865,QB2
00-0035264,2025,15,DEN,QB,0,0,xgb_two_stage_renorm,0.0,0.037308818046785576,QB2
00-0035264,2025,16,DEN,QB,0,0,xgb_two_stage_renorm,0.0,0.028512510190789455,QB2
00-0035264,2025,17,DEN,QB,0,0,xgb_two_stage_renorm,0.0,0.02731425997519493,QB2
00-0035264,2025,18,DEN,QB,0,0,xgb_two_stage_renorm,0.0,0.026688157903472495,QB2
00-0035282,2025,1,ATL,QB,1,0,xgb_two_stage_renorm,0.0,0.09340930677721619,QB2
00-0035282,2025,2,ATL,QB,1,0,xgb_two_stage_renorm,0.0,0.04920265011620111,QB3
00-0035282,2025,3,ATL,QB,1,0,xgb_two_stage_renorm,0.0,0.062350309716967846,QB3
00-0035282,2025,4,ATL,QB,0,0,xgb_two_stage_renorm,0.0,0.04009193832455433,QB3
00-0035282,2025,6,ATL,QB,0,0,xgb_two_stage_renorm,0.0,0.04155238602677461,QB3
00-0035282,2025,7,ATL,QB,0,0,xgb_two_stage_renorm,0.0,0.031861128149085136,QB3
00-0035282,2025,8,ATL,QB,0,0,xgb_two_stage_renorm,0.0,0.027643056398684744,QB3
00-0035282,2025,9,ATL,QB,0,0,xgb_two_stage_renorm,0.0,0.041613691328042615,QB3
00-0035282,2025,10,ATL,QB,0,0,xgb_two_stage_renorm,0.0,0.04297017203989292,QB3
00-0035282,2025,11,ATL,QB,0,0,xgb_two_stage_renorm,0.0,0.04294503484833806,QB3
00-0035282,2025,12,ATL,QB,0,0,xgb_two_stage_renorm,0.0,0.03848507778807109,QB3
00-0035282,2025,13,ATL,QB,0,0,xgb_two_stage_renorm,0.0,0.04745757060766338,QB3
00-0035282,2025,14,ATL,QB,0,0,xgb_two_stage_renorm,0.0,0.04963027806885452,QB3
00-0035282,2025,15,ATL,QB,0,0,xgb_two_stage_renorm,0.0,0.04457795269459383,QB2
00-0035282,2025,16,ATL,QB,0,0,xgb_two_stage_renorm,0.0,0.046303659603259974,QB2
00-0035282,2025,17,ATL,QB,0,0,xgb_two_stage_renorm,0.0,0.04175852617308163,QB2
00-0035282,2025,18,ATL,QB,0,0,xgb_two_stage_renorm,0.0,0.034794483976543826,QB2
00-0035289,2025,1,KC,QB,1,0,xgb_two_stage_renorm,0.0,0.2638714104308129,QB2
00-0035289,2025,2,KC,QB,1,0,xgb_two_stage_renorm,0.0,0.14926707504017026,QB2
00-0035289,2025,3,KC,QB,1,0,xgb_two_stage_renorm,0.0,0.17920447572904305,QB2
00-0035289,2025,4,KC,QB,0,0,xgb_two_stage_renorm,0.0,0.04235947164529014,QB2
00-0035289,2025,5,KC,QB,0,0,xgb_two_stage_renorm,0.0,0.02686278838759959,QB2
00-0035289,2025,6,KC,QB,0,0,xgb_two_stage_renorm,0.0,0.02951500340231489,QB2
00-0035289,2025,7,KC,QB,0,0,xgb_two_stage_renorm,0.0,0.027721917954469325,QB2
00-0035289,2025,8,KC,QB,0,0,xgb_two_stage_renorm,0.0,0.022798350778067623,QB2
00-0035289,2025,9,KC,QB,0,0,xgb_two_stage_renorm,0.0,0.01739789855484221,QB2
00-0035289,2025,11,KC,QB,0,0,xgb_two_stage_renorm,0.0,0.019139805412813893,QB2
00-0035289,2025,12,KC,QB,0,0,xgb_two_stage_renorm,0.0,0.027379858919006548,QB2
00-0035289,2025,13,KC,QB,0,0,xgb_two_stage_renorm,0.0,0.02503138347157939,QB2
00-0035289,2025,14,KC,QB,0,0,xgb_two_stage_renorm,0.0,0.02561118170417044,QB2
00-0035289,2025,15,KC,QB,0,0,xgb_two_stage_renorm,0.0,0.060738228658985205,QB2
00-0035289,2025,16,KC,QB,0,0,xgb_two_stage_renorm,0.0,0.09986467666125548,QB2
00-0035289,2025,17,KC,QB,0,0,xgb_two_stage_renorm,0.0,0.15784294384303293,QB3
00-0035289,2025,18,KC,QB,0,0,xgb_two_stage_renorm,0.0,0.05071831169514122,QB3
00-0035704,2025,1,SEA,QB,1,0,xgb_two_stage_renorm,0.0,0.17795428517981576,QB2
00-0035704,2025,2,SEA,QB,1,0,xgb_two_stage_renorm,0.0,0.1540435828015654,QB3
00-0035704,2025,3,SEA,QB,1,0,xgb_two_stage_renorm,0.0,0.11864868043404161,QB3
00-0035704,2025,4,SEA,QB,0,0,xgb_two_stage_renorm,0.0,0.04163199046967012,QB2
00-0035704,2025,5,SEA,QB,0,0,xgb_two_stage_renorm,0.0,0.03514066064847696,QB2
00-0035704,2025,6,SEA,QB,0,0,xgb_two_stage_renorm,0.0,0.031783647521324135,QB2
00-0035704,2025,7,SEA,QB,0,0,xgb_two_stage_renorm,0.0,0.03018770083667134,QB3
00-0035704,2025,9,SEA,QB,0,0,xgb_two_stage_renorm,0.0,0.034485232540531784,QB3
00-0035704,2025,10,SEA,QB,0,0,xgb_two_stage_renorm,0.0,0.032389144243772365,QB2
00-0035704,2025,11,SEA,QB,0,0,xgb_two_stage_renorm,0.0,0.044084643529647353,QB2
00-0035704,2025,12,SEA,QB,0,0,xgb_two_stage_renorm,0.0,0.04598264841176823,QB2
00-0035704,2025,13,SEA,QB,0,0,xgb_two_stage_renorm,0.0,0.05421203973860066,QB2
00-0035704,2025,14,SEA,QB,0,0,xgb_two_stage_renorm,0.0,0.047601707116020284,QB2
00-0035704,2025,15,SEA,QB,0,0,xgb_two_stage_renorm,0.0,0.03356856465383971,QB2
00-0035704,2025,16,SEA,QB,0,0,xgb_two_stage_renorm,0.0,0.034951355293224844,QB2
00-0035704,2025,17,SEA,QB,0,0,xgb_two_stage_renorm,0.0,0.04384506671018395,QB2
00-0035704,2025,18,SEA,QB,0,0,xgb_two_stage_renorm,0.0,0.048228929777940605,QB2
00-0035710,2025,1,IND,QB,1,0,xgb_two_stage_renorm,1.0,0.36117581208655664,QB2
00-0035710,2025,2,IND,QB,1,0,xgb_two_stage_renorm,1.0,0.7607967693372664,QB1
00-0035710,2025,3,IND,QB,1,0,xgb_two_stage_renorm,1.0,0.7357023806646175,QB1
00-0035710,2025,4,IND,QB,0,0,xgb_two_stage_renorm,1.0,0.9422871086022319,QB1
00-0035710,2025,5,IND,QB,0,0,xgb_two_stage_renorm,1.0,0.9258927231041157,QB1
00-0035710,2025,6,IND,QB,0,0,xgb_two_stage_renorm,1.0,0.9249293632769917,QB1
00-0035710,2025,7,IND,QB,0,0,xgb_two_stage_renorm,1.0,0.8602923706406759,QB1
00-0035710,2025,8,IND,QB,0,0,xgb_two_stage_renorm,1.0,0.8417787849768458,QB1
00-0035710,2025,9,IND,QB,0,0,xgb_two_stage_renorm,1.0,0.8898711732000318,QB1
00-0035710,2025,10,IND,QB,0,0,xgb_two_stage_renorm,1.0,0.8997523782881474,QB1
00-0035710,2025,12,IND,QB,0,0,xgb_two_stage_renorm,1.0,0.9144751084968494,QB1
00-0035710,2025,13,IND,QB,0,0,xgb_two_stage_renorm,1.0,0.8961631630850011,QB1
00-0035710,2025,14,IND,QB,0,0,xgb_two_stage_renorm,0.0,0.9164285738347577,QB1
00-0035710,2025,15,IND,QB,0,0,xgb_two_stage_renorm,0.0,0.7866927181220378,QB1
00-0035710,2025,16,IND,QB,0,0,xgb_two_stage_renorm,0.0,0.22666632309534462,QB2
00-0035710,2025,17,IND,QB,0,0,xgb_two_stage_renorm,0.0,0.09775184750922539,QB3
00-0035710,2025,18,IND,QB,0,0,xgb_two_stage_renorm,0.0,0.06946744021920315,QB3
00-0035939,2025,1,CAR,QB,1,0,xgb_two_stage_renorm,0.0,0.09301479423090694,QB4
00-0035993,2025,1,BAL,QB,1,0,xgb_two_stage_renorm,0.0,0.12081280936213405,QB3
00-0035993,2025,2,BAL,QB,1,0,xgb_two_stage_renorm,0.0,0.10627464434514028,QB3
00-0035993,2025,3,BAL,QB,1,0,xgb_two_stage_renorm,0.0,0.0946324496091635,QB3
00-0035993,2025,4,BAL,QB,0,0,xgb_two_stage_renorm,0.0,0.04071876243604777,QB3
00-0035993,2025,5,BAL,QB,0,0,xgb_two_stage_renorm,0.0,0.03725178527315245,QB3
00-0035993,2025,6,BAL,QB,0,0,xgb_two_stage_renorm,0.0,0.055332927324352396,QB3
00-0035993,2025,8,BAL,QB,0,0,xgb_two_stage_renorm,1.0,0.17115399182415972,QB3
00-0035993,2025,9,BAL,QB,0,0,xgb_two_stage_renorm,0.0,0.4893081089028191,QB2
00-0035993,2025,10,BAL,QB,0,0,xgb_two_stage_renorm,0.0,0.3821316448561875,QB1
00-0035993,2025,11,BAL,QB,0,0,xgb_two_stage_renorm,0.0,0.16588690823612193,QB2
00-0035993,2025,12,BAL,QB,0,0,xgb_two_stage_renorm,0.0,0.05133088822684907,QB3
00-0035993,2025,13,BAL,QB,0,0,xgb_two_stage_renorm,0.0,0.07019988823213395,QB3
00-0035993,2025,14,BAL,QB,0,0,xgb_two_stage_renorm,0.0,0.07530776416267675,QB3
00-0035993,2025,15,BAL,QB,0,0,xgb_two_stage_renorm,0.0,0.06147296917687422,QB3
00-0035993,2025,16,BAL,QB,0,0,xgb_two_stage_renorm,0.0,0.05076371094849889,QB2
00-0035993,2025,17,BAL,QB,0,0,xgb_two_stage_renorm,1.0,0.09726955763399137,QB2
00-0035993,2025,18,BAL,QB,0,0,xgb_two_stage_renorm,0.0,0.35593150146542357,QB1
00-0036212,2025,1,MIA,QB,1,0,xgb_two_stage_renorm,1.0,0.7556610695855936,QB1
00-0036212,2025,2,MIA,QB,1,0,xgb_two_stage_renorm,1.0,0.7827648038451488,QB1
00-0036212,2025,3,MIA,QB,1,0,xgb_two_stage_renorm,1.0,0.845914098863168,QB1
00-0036212,2025,4,MIA,QB,0,0,xgb_two_stage_renorm,1.0,0.9042997395123433,QB1
00-0036212,2025,5,MIA,QB,0,0,xgb_two_stage_renorm,1.0,0.9260131841991864,QB1
00-0036212,2025,6,MIA,QB,0,0,xgb_two_stage_renorm,1.0,0.9200050504025699,QB1
00-0036212,2025,7,MIA,QB,0,0,xgb_two_stage_renorm,0.0,0.9260418910582532,QB1
00-0036212,2025,8,MIA,QB,0,0,xgb_two_stage_renorm,1.0,0.8841177885223702,QB1
00-0036212,2025,9,MIA,QB,0,0,xgb_two_stage_renorm,0.0,0.8874601134921741,QB1
00-0036212,2025,10,MIA,QB,0,0,xgb_two_stage_renorm,1.0,0.8897770275755549,QB1
00-0036212,2025,11,MIA,QB,0,0,xgb_two_stage_renorm,0.0,0.9273242441504761,QB1
00-0036212,2025,13,MIA,QB,0,0,xgb_two_stage_renorm,0.0,0.9055427880886827,QB1
00-0036212,2025,14,MIA,QB,0,0,xgb_two_stage_renorm,1.0,0.9108072715374702,QB1
00-0036212,2025,15,MIA,QB,0,0,xgb_two_stage_renorm,1.0,0.9246986443649442,QB1
00-0036212,2025,16,MIA,QB,0,0,xgb_two_stage_renorm,0.0,0.931637884565306,QB1
00-0036212,2025,17,MIA,QB,0,0,xgb_two_stage_renorm,0.0,0.7992695398754661,QB1
00-0036212,2025,18,MIA,QB,0,0,xgb_two_stage_renorm,0.0,0.6061861429238113,QB2
00-0036264,2025,1,GB,QB,1,0,xgb_two_stage_renorm,1.0,0.5952078347698262,QB1
00-0036264,2025,2,GB,QB,1,0,xgb_two_stage_renorm,1.0,0.8361578385635157,QB1
00-0036264,2025,3,GB,QB,1,0,xgb_two_stage_renorm,1.0,0.8469405874551943,QB1
00-0036264,2025,4,GB,QB,0,0,xgb_two_stage_renorm,1.0,0.9284328467382889,QB1
00-0036264,2025,6,GB,QB,0,0,xgb_two_stage_renorm,1.0,0.9401984383608069,QB1
00-0036264,2025,7,GB,QB,0,0,xgb_two_stage_renorm,1.0,0.918510745919655,QB1
00-0036264,2025,8,GB,QB,0,0,xgb_two_stage_renorm,1.0,0.9094915114316836,QB1
00-0036264,2025,9,GB,QB,0,0,xgb_two_stage_renorm,0.0,0.9134812759168198,QB1
00-0036264,2025,10,GB,QB,0,0,xgb_two_stage_renorm,0.0,0.9204172411266589,QB1
00-0036264,2025,11,GB,QB,0,0,xgb_two_stage_renorm,0.6666666666666666,0.9060308192827213,QB1
00-0036264,2025,12,GB,QB,0,0,xgb_two_stage_renorm,0.0,0.8842419349575511,QB1
00-0036264,2025,13,GB,QB,0,0,xgb_two_stage_renorm,1.0,0.9000449413900385,QB1
00-0036264,2025,14,GB,QB,0,0,xgb_two_stage_renorm,1.0,0.9199269732647818,QB1
00-0036264,2025,15,GB,QB,0,0,xgb_two_stage_renorm,1.0,0.9274725257318321,QB1
00-0036264,2025,16,GB,QB,0,0,xgb_two_stage_renorm,0.0,0.9285220687377107,QB1
00-0036264,2025,17,GB,QB,0,0,xgb_two_stage_renorm,0.0,0.8658488127159849,QB1
00-0036264,2025,18,GB,QB,0,0,xgb_two_stage_renorm,0.0,0.614244043146755,QB2
00-0036355,2025,1,LAC,QB,1,0,xgb_two_stage_renorm,1.0,0.7524342131762345,QB2
00-0036355,2025,2,LAC,QB,1,0,xgb_two_stage_renorm,1.0,0.9050099236063354,QB1
00-0036355,2025,3,LAC,QB,1,0,xgb_two_stage_renorm,1.0,0.9111581358130478,QB1
00-0036355,2025,4,LAC,QB,0,0,xgb_two_stage_renorm,1.0,0.9522278084568929,QB1
00-0036355,2025,5,LAC,QB,0,0,xgb_two_stage_renorm,1.0,0.9386926102782602,QB1
00-0036355,2025,6,LAC,QB,0,0,xgb_two_stage_renorm,1.0,0.9021152872411388,QB1
00-0036355,2025,7,LAC,QB,0,0,xgb_two_stage_renorm,1.0,0.9123838422332501,QB1
00-0036355,2025,8,LAC,QB,0,0,xgb_two_stage_renorm,1.0,0.9429423988660062,QB1
00-0036355,2025,9,LAC,QB,0,0,xgb_two_stage_renorm,1.0,0.9567872264858235,QB1
00-0036355,2025,10,LAC,QB,0,0,xgb_two_stage_renorm,1.0,0.9547241712429797,QB1
00-0036355,2025,11,LAC,QB,0,0,xgb_two_stage_renorm,0.0,0.9538438070763181,QB1
00-0036355,2025,13,LAC,QB,0,0,xgb_two_stage_renorm,1.0,0.9222502771741843,QB1
00-0036355,2025,14,LAC,QB,0,0,xgb_two_stage_renorm,1.0,0.9154756149983505,QB1
00-0036355,2025,15,LAC,QB,0,0,xgb_two_stage_renorm,1.0,0.9218278078360781,QB1
00-0036355,2025,16,LAC,QB,0,0,xgb_two_stage_renorm,1.0,0.9451531590641349,QB1
00-0036355,2025,17,LAC,QB,0,0,xgb_two_stage_renorm,1.0,0.9448993644678487,QB1
00-0036355,2025,18,LAC,QB,0,0,xgb_two_stage_renorm,0.0,0.9382244256954904,QB1
00-0036384,2025,1,ATL,QB,1,0,xgb_two_stage_renorm,0.0,0.09340930677721619,QB3
00-0036389,2025,1,PHI,QB,1,0,xgb_two_stage_renorm,0.0,0.6102845651673886,QB1
00-0036389,2025,2,PHI,QB,1,0,xgb_two_stage_renorm,0.0,0.7730090512972421,QB1
00-0036389,2025,3,PHI,QB,1,0,xgb_two_stage_renorm,1.0,0.7557018618458442,QB1
00-0036389,2025,4,PHI,QB,0,0,xgb_two_stage_renorm,1.0,0.8608858866646159,QB1
00-0036389,2025,5,PHI,QB,0,0,xgb_two_stage_renorm,1.0,0.9028334643780093,QB1
00-0036389,2025,6,PHI,QB,0,0,xgb_two_stage_renorm,1.0,0.9199713624357626,QB1
00-0036389,2025,7,PHI,QB,0,0,xgb_two_stage_renorm,1.0,0.8833292697391081,QB1
00-0036389,2025,8,PHI,QB,0,0,xgb_two_stage_renorm,1.0,0.895819354233138,QB1
00-0036389,2025,10,PHI,QB,0,0,xgb_two_stage_renorm,1.0,0.8876060315315135,QB1
00-0036389,2025,11,PHI,QB,0,0,xgb_two_stage_renorm,0.0,0.9024351474730273,QB1
00-0036389,2025,12,PHI,QB,0,0,xgb_two_stage_renorm,1.0,0.8686929366497481,QB1
00-0036389,2025,13,PHI,QB,0,0,xgb_two_stage_renorm,1.0,0.8593312199218449,QB1
00-0036389,2025,14,PHI,QB,0,0,xgb_two_stage_renorm,0.0,0.8383944423209067,QB1
00-0036389,2025,15,PHI,QB,0,0,xgb_two_stage_renorm,1.0,0.8208952758611291,QB1
00-0036389,2025,16,PHI,QB,0,0,xgb_two_stage_renorm,1.0,0.852096740241632,QB1
00-0036389,2025,17,PHI,QB,0,0,xgb_two_stage_renorm,1.0,0.8654582568291111,QB1
00-0036389,2025,18,PHI,QB,0,0,xgb_two_stage_renorm,0.0,0.9087489742294762,QB1
00-0036442,2025,1,CIN,QB,1,0,xgb_two_stage_renorm,1.0,0.685641168231251,QB3
00-0036442,2025,2,CIN,QB,1,0,xgb_two_stage_renorm,0.3333333333333333,0.8368781713447748,QB1
00-0036442,2025,3,CIN,QB,1,0,xgb_two_stage_renorm,0.0,0.7069649851673112,QB1
00-0036442,2025,4,CIN,QB,0,0,xgb_two_stage_renorm,0.0,0.31557513655222225,QB2
00-0036442,2025,5,CIN,QB,0,0,xgb_two_stage_renorm,0.0,0.10156475291850847,QB2
00-0036442,2025,6,CIN,QB,0,0,xgb_two_stage_renorm,0.0,0.03733673319667333,QB4
00-0036442,2025,7,CIN,QB,0,0,xgb_two_stage_renorm,0.0,0.05017561184079295,QB3
00-0036442,2025,8,CIN,QB,0,0,xgb_two_stage_renorm,0.0,0.05201642148680681,QB3
00-0036442,2025,9,CIN,QB,0,0,xgb_two_stage_renorm,0.0,0.038100046005074314,QB3
00-0036442,2025,11,CIN,QB,0,0,xgb_two_stage_renorm,0.0,0.038504233700755765,QB3
00-0036442,2025,12,CIN,QB,0,0,xgb_two_stage_renorm,0.0,0.03826071510125881,QB3
00-0036442,2025,13,CIN,QB,0,0,xgb_two_stage_renorm,1.0,0.04048569368560444,QB3
00-0036442,2025,14,CIN,QB,0,0,xgb_two_stage_renorm,1.0,0.20068842457919653,QB2
00-0036442,2025,15,CIN,QB,0,0,xgb_two_stage_renorm,0.0,0.5851864791712699,QB1
00-0036442,2025,16,CIN,QB,0,0,xgb_two_stage_renorm,1.0,0.8513922556964292,QB1
00-0036442,2025,17,CIN,QB,0,0,xgb_two_stage_renorm,1.0,0.8707839877731794,QB1
00-0036442,2025,18,CIN,QB,0,0,xgb_two_stage_renorm,1.0,0.8814058620374761,QB1
00-0036679,2025,1,BUF,QB,1,0,xgb_two_stage_renorm,0.0,0.07827833571665824,QB4
00-0036679,2025,2,BUF,QB,1,0,xgb_two_stage_renorm,0.0,0.03229407382137241,QB3
00-0036679,2025,3,BUF,QB,1,0,xgb_two_stage_renorm,0.0,0.0385856298909122,QB3
00-0036679,2025,4,BUF,QB,0,0,xgb_two_stage_renorm,0.0,0.027333755883819217,QB3
00-0036679,2025,5,BUF,QB,0,0,xgb_two_stage_renorm,0.0,0.03646890523904961,QB3
00-0036679,2025,6,BUF,QB,0,0,xgb_two_stage_renorm,0.0,0.03480123016097069,QB3
00-0036679,2025,8,BUF,QB,0,0,xgb_two_stage_renorm,0.0,0.03394690720637643,QB3
00-0036679,2025,9,BUF,QB,0,0,xgb_two_stage_renorm,0.0,0.038762802536252965,QB3
00-0036679,2025,10,BUF,QB,0,0,xgb_two_stage_renorm,0.0,0.03707774440060334,QB3
00-0036679,2025,11,BUF,QB,0,0,xgb_two_stage_renorm,0.0,0.029019547438843468,QB3
00-0036679,2025,12,BUF,QB,0,0,xgb_two_stage_renorm,0.0,0.027942970695567174,QB3
00-0036679,2025,13,BUF,QB,0,0,xgb_two_stage_renorm,0.0,0.03637649598510697,QB3
00-0036679,2025,14,BUF,QB,0,0,xgb_two_stage_renorm,0.0,0.05264410022270366,QB3
00-0036679,2025,15,BUF,QB,0,0,xgb_two_stage_renorm,0.0,0.03793798944058122,QB3
00-0036679,2025,16,BUF,QB,0,0,xgb_two_stage_renorm,0.0,0.024771901986144356,QB3
00-0036679,2025,17,KC,QB,0,0,xgb_two_stage_renorm,0.0,0.12740087254908353,QB4
00-0036679,2025,18,KC,QB,0,0,xgb_two_stage_renorm,0.0,0.040299622677269144,QB4
00-0036879,2025,1,DEN,QB,1,0,xgb_two_stage_renorm,0.0,0.09791977097048735,QB3
00-0036879,2025,2,DEN,QB,1,0,xgb_two_stage_renorm,0.0,0.04661759122906096,QB3
00-0036879,2025,3,DEN,QB,1,0,xgb_two_stage_renorm,0.0,0.05162070515109414,QB3
00-0036879,2025,4,DEN,QB,0,0,xgb_two_stage_renorm,0.0,0.041818590728015394,QB3
00-0036879,2025,5,DEN,QB,0,0,xgb_two_stage_renorm,0.0,0.029424879664266167,QB3
00-0036879,2025,6,DEN,QB,0,0,xgb_two_stage_renorm,0.0,0.029390602938546513,QB3
00-0036879,2025,7,DEN,QB,0,0,xgb_two_stage_renorm,0.0,0.026036103032619422,QB3
00-0036879,2025,8,DEN,QB,0,0,xgb_two_stage_renorm,0.0,0.025080422914767173,QB3
00-0036879,2025,9,DEN,QB,0,0,xgb_two_stage_renorm,0.0,0.02665222707864561,QB3
00-0036879,2025,10,DEN,QB,0,0,xgb_two_stage_renorm,0.0,0.02420505656253654,QB3
00-0036879,2025,11,DEN,QB,0,0,xgb_two_stage_renorm,0.0,0.022490063223553233,QB3
00-0036879,2025,13,DEN,QB,0,0,xgb_two_stage_renorm,0.0,0.027342284016100237,QB3
00-0036879,2025,14,DEN,QB,0,0,xgb_two_stage_renorm,0.0,0.034954085044274816,QB3
00-0036879,2025,15,DEN,QB,0,0,xgb_two_stage_renorm,0.0,0.037261807803666024,QB3
00-0036879,2025,16,DEN,QB,0,0,xgb_two_stage_renorm,0.0,0.02847887468071134,QB3
00-0036879,2025,17,DEN,QB,0,0,xgb_two_stage_renorm,0.0,0.027284159406674117,QB3
00-0036879,2025,18,DEN,QB,0,0,xgb_two_stage_renorm,0.0,0.02666050726589407,QB3
00-0036898,2025,1,HOU,QB,1,0,xgb_two_stage_renorm,0.0,0.10984981895327507,QB2
00-0036898,2025,2,HOU,QB,1,0,xgb_two_stage_renorm,0.0,0.08114054208450869,QB2
00-0036898,2025,3,HOU,QB,1,0,xgb_two_stage_renorm,0.0,0.08309847921914748,QB2
00-0036898,2025,4,HOU,QB,0,0,xgb_two_stage_renorm,0.0,0.05187334203852716,QB2
00-0036898,2025,5,HOU,QB,0,0,xgb_two_stage_renorm,0.0,0.03959204932466074,QB2
00-0036898,2025,7,HOU,QB,0,0,xgb_two_stage_renorm,0.0,0.037134900431049646,QB2
00-0036898,2025,8,HOU,QB,0,0,xgb_two_stage_renorm,0.0,0.0310307241333308,QB2
00-0036898,2025,9,HOU,QB,0,0,xgb_two_stage_renorm,0.0,0.028822982304305158,QB2
00-0036898,2025,10,HOU,QB,0,0,xgb_two_stage_renorm,1.0,0.0952673385075673,QB2
00-0036898,2025,11,HOU,QB,0,0,xgb_two_stage_renorm,1.0,0.4254266279224659,QB1
00-0036898,2025,12,HOU,QB,0,0,xgb_two_stage_renorm,1.0,0.809612041074979,QB1
00-0036898,2025,13,HOU,QB,0,0,xgb_two_stage_renorm,0.0,0.8491040259391842,QB1
00-0036898,2025,14,HOU,QB,0,0,xgb_two_stage_renorm,0.0,0.6162872335333214,QB1
00-0036898,2025,15,HOU,QB,0,0,xgb_two_stage_renorm,0.0,0.2169227769180226,QB2
00-0036898,2025,16,HOU,QB,0,0,xgb_two_stage_renorm,0.0,0.03405035376151999,QB2
00-0036898,2025,17,HOU,QB,0,0,xgb_two_stage_renorm,0.0,0.02928755421032803,QB2
00-0036898,2025,18,HOU,QB,0,0,xgb_two_stage_renorm,0.0,0.03070227494732537,QB2
00-0036928,2025,1,TB,QB,1,0,xgb_two_stage_renorm,0.0,0.07468622861695816,QB3
00-0036928,2025,12,ATL,QB,1,0,xgb_two_stage_renorm,0.0,0.06478657384727489,QB4
00-0036928,2025,13,ATL,QB,1,0,xgb_two_stage_renorm,0.0,0.08008475168431556,QB4
00-0036928,2025,14,ATL,QB,0,0,xgb_two_stage_renorm,0.0,0.04963027806885452,QB4
00-0036928,2025,15,ATL,QB,0,0,xgb_two_stage_renorm,0.0,0.04457795269459383,QB3
00-0036928,2025,16,ATL,QB,0,0,xgb_two_stage_renorm,0.0,0.046303659603259974,QB3
00-0036928,2025,17,ATL,QB,0,0,xgb_two_stage_renorm,0.0,0.04175852617308163,QB3
00-0036928,2025,18,ATL,QB,0,0,xgb_two_stage_renorm,0.0,0.034794483976543826,QB3
00-0036945,2025,1,NYJ,QB,1,0,xgb_two_stage_renorm,1.0,0.44021653325229415,QB2
00-0036945,2025,2,NYJ,QB,1,0,xgb_two_stage_renorm,0.0,0.7485535881954691,QB1
00-0036945,2025,3,NYJ,QB,1,0,xgb_two_stage_renorm,0.0,0.6004206870024132,QB1
00-0036945,2025,4,NYJ,QB,0,0,xgb_two_stage_renorm,1.0,0.3459419201425461,QB1
00-0036945,2025,5,NYJ,QB,0,0,xgb_two_stage_renorm,1.0,0.4247987970976494,QB1
00-0036945,2025,6,NYJ,QB,0,0,xgb_two_stage_renorm,0.0,0.7183469105309368,QB1
00-0036945,2025,7,NYJ,QB,0,0,xgb_two_stage_renorm,0.0,0.8640085810970892,QB1
00-0036945,2025,8,NYJ,QB,0,0,xgb_two_stage_renorm,0.5,0.674823851567884,QB1
00-0036945,2025,10,NYJ,QB,0,0,xgb_two_stage_renorm,1.0,0.7436711978073488,QB1
00-0036945,2025,11,NYJ,QB,0,0,xgb_two_stage_renorm,1.0,0.7454445850586231,QB1
00-0036945,2025,12,NYJ,QB,0,0,xgb_two_stage_renorm,0.0,0.8848065359110945,QB1
00-0036945,2025,13,NYJ,QB,0,0,xgb_two_stage_renorm,0.0,0.7309734006332066,QB1
00-0036945,2025,14,NYJ,QB,0,0,xgb_two_stage_renorm,0.0,0.4007854084575545,QB2
00-0036945,2025,15,NYJ,QB,0,0,xgb_two_stage_renorm,0.0,0.18819984014345598,QB3
00-0036945,2025,16,NYJ,QB,0,0,xgb_two_stage_renorm,0.0,0.18744721022774274,QB3
00-0036945,2025,17,NYJ,QB,0,0,xgb_two_stage_renorm,0.0,0.14629378245812794,QB3
00-0036945,2025,18,NYJ,QB,0,0,xgb_two_stage_renorm,0.0,0.14543025290788714,QB3
00-0036971,2025,1,JAX,QB,1,0,xgb_two_stage_renorm,1.0,0.5595632132604615,QB3
00-0036971,2025,2,JAX,QB,1,0,xgb_two_stage_renorm,1.0,0.862178046829787,QB1
00-0036971,2025,3,JAX,QB,1,0,xgb_two_stage_renorm,0.0,0.887244877834148,QB1
00-0036971,2025,4,JAX,QB,0,0,xgb_two_stage_renorm,1.0,0.9261833787047652,QB1
00-0036971,2025,5,JAX,QB,0,0,xgb_two_stage_renorm,1.0,0.9028472731557984,QB1
00-0036971,2025,6,JAX,QB,0,0,xgb_two_stage_renorm,1.0,0.8883623335894529,QB1
00-0036971,2025,7,JAX,QB,0,0,xgb_two_stage_renorm,1.0,0.9398284571347859,QB1
00-0036971,2025,9,JAX,QB,0,0,xgb_two_stage_renorm,0.0,0.9624194390030996,QB1
00-0036971,2025,10,JAX,QB,0,0,xgb_two_stage_renorm,1.0,0.9612054969905117,QB1
00-0036971,2025,11,JAX,QB,0,0,xgb_two_stage_renorm,1.0,0.9407890467585427,QB1
00-0036971,2025,12,JAX,QB,0,0,xgb_two_stage_renorm,1.0,0.928596258486735,QB1
00-0036971,2025,13,JAX,QB,0,0,xgb_two_stage_renorm,1.0,0.9359999830458409,QB1
00-0036971,2025,14,JAX,QB,0,0,xgb_two_stage_renorm,1.0,0.9423076421113029,QB1
00-0036971,2025,15,JAX,QB,0,0,xgb_two_stage_renorm,1.0,0.945030506252826,QB1
00-0036971,2025,16,JAX,QB,0,0,xgb_two_stage_renorm,1.0,0.9628183447767875,QB1
00-0036971,2025,17,JAX,QB,0,0,xgb_two_stage_renorm,0.0,0.958772620718957,QB1
00-0036971,2025,18,JAX,QB,0,0,xgb_two_stage_renorm,1.0,0.9464748430221708,QB1
00-0036972,2025,1,SF,QB,1,0,xgb_two_stage_renorm,0.0,0.21569300177548997,QB1
00-0036972,2025,2,SF,QB,1,0,xgb_two_stage_renorm,1.0,0.08522417803390515,QB2
00-0036972,2025,3,SF,QB,1,0,xgb_two_stage_renorm,1.0,0.2932819606370977,QB1
00-0036972,2025,4,SF,QB,0,0,xgb_two_stage_renorm,0.0,0.7417263410244133,QB1
00-0036972,2025,5,SF,QB,0,0,xgb_two_stage_renorm,1.0,0.6558009482297581,QB1
00-0036972,2025,6,SF,QB,0,0,xgb_two_stage_renorm,0.0,0.7075044450608761,QB1
00-0036972,2025,7,SF,QB,0,0,xgb_two_stage_renorm,0.0,0.6255140314607291,QB1
00-0036972,2025,8,SF,QB,0,0,xgb_two_stage_renorm,1.0,0.8629493702270304,QB1
00-0036972,2025,9,SF,QB,0,0,xgb_two_stage_renorm,1.0,0.8441138237001161,QB1
00-0036972,2025,10,SF,QB,0,0,xgb_two_stage_renorm,1.0,0.8854715803912532,QB1
00-0036972,2025,11,SF,QB,0,0,xgb_two_stage_renorm,0.0,0.9069815595789203,QB1
00-0036972,2025,12,SF,QB,0,0,xgb_two_stage_renorm,0.0,0.6491033072639426,QB1
00-0036972,2025,13,SF,QB,0,0,xgb_two_stage_renorm,0.0,0.27289153725473153,QB2
00-0036972,2025,15,SF,QB,0,0,xgb_two_stage_renorm,0.0,0.0591490960250472,QB2
00-0036972,2025,16,SF,QB,0,0,xgb_two_stage_renorm,0.0,0.05976794904894395,QB2
00-0036972,2025,17,SF,QB,0,0,xgb_two_stage_renorm,0.0,0.040720843962007994,QB2
00-0036972,2025,18,SF,QB,0,0,xgb_two_stage_renorm,0.0,0.04992981082065464,QB2
00-0037012,2025,1,LAC,QB,1,0,xgb_two_stage_renorm,0.0,0.09365308931964937,QB3
00-0037012,2025,2,LAC,QB,1,0,xgb_two_stage_renorm,0.0,0.04804046174938798,QB2
00-0037012,2025,3,LAC,QB,1,0,xgb_two_stage_renorm,0.0,0.04576601735928915,QB2
00-0037012,2025,4,LAC,QB,0,0,xgb_two_stage_renorm,0.0,0.023886095771553525,QB2
00-0037012,2025,5,LAC,QB,0,0,xgb_two_stage_renorm,0.0,0.03065369486086987,QB2
00-0037012,2025,6,LAC,QB,0,0,xgb_two_stage_renorm,0.0,0.053409044375752904,QB2
00-0037012,2025,7,LAC,QB,0,0,xgb_two_stage_renorm,0.0,0.046950192721908444,QB2
00-0037012,2025,8,LAC,QB,0,0,xgb_two_stage_renorm,0.0,0.03156648049106322,QB2
00-0037012,2025,9,LAC,QB,0,0,xgb_two_stage_renorm,0.0,0.01963602328020405,QB2
00-0037012,2025,10,LAC,QB,0,0,xgb_two_stage_renorm,0.0,0.02082204419396789,QB2
00-0037012,2025,11,LAC,QB,0,0,xgb_two_stage_renorm,0.0,0.022536041998389014,QB2
00-0037012,2025,13,LAC,QB,0,0,xgb_two_stage_renorm,0.0,0.044505678107147624,QB2
00-0037012,2025,14,LAC,QB,0,0,xgb_two_stage_renorm,0.0,0.04567932617722337,QB2
00-0037012,2025,15,LAC,QB,0,0,xgb_two_stage_renorm,0.0,0.04285626288587137,QB2
00-0037012,2025,16,LAC,QB,0,0,xgb_two_stage_renorm,0.0,0.024864240658523044,QB2
00-0037012,2025,17,LAC,QB,0,0,xgb_two_stage_renorm,0.0,0.02615096113147111,QB2
00-0037012,2025,18,LAC,QB,0,0,xgb_two_stage_renorm,0.0,0.02996561907010936,QB2
00-0037013,2025,1,MIA,QB,1,0,xgb_two_stage_renorm,0.0,0.11772932994403557,QB2
00-0037013,2025,2,MIA,QB,1,0,xgb_two_stage_renorm,0.0,0.1266452105967666,QB2
00-0037013,2025,3,MIA,QB,1,0,xgb_two_stage_renorm,0.0,0.08671228168178066,QB2
00-0037013,2025,4,MIA,QB,0,0,xgb_two_stage_renorm,0.0,0.05372122268917876,QB2
00-0037013,2025,5,MIA,QB,0,0,xgb_two_stage_renorm,0.0,0.035238155210420216,QB2
00-0037013,2025,6,MIA,QB,0,0,xgb_two_stage_renorm,0.0,0.03851016348750393,QB2
00-0037013,2025,7,MIA,QB,0,0,xgb_two_stage_renorm,0.0,0.03559902467542717,QB2
00-0037013,2025,8,MIA,QB,0,0,xgb_two_stage_renorm,0.0,0.04204638953636025,QB3
00-0037013,2025,9,MIA,QB,0,0,xgb_two_stage_renorm,0.0,0.04125190549931829,QB3
00-0037013,2025,10,MIA,QB,0,0,xgb_two_stage_renorm,0.0,0.040044237564294094,QB3
00-0037013,2025,11,MIA,QB,0,0,xgb_two_stage_renorm,0.0,0.037197835426113116,QB2
00-0037013,2025,13,MIA,QB,0,0,xgb_two_stage_renorm,0.0,0.046672625629376206,QB2
00-0037013,2025,14,MIA,QB,0,0,xgb_two_stage_renorm,0.0,0.04456120724640815,QB2
00-0037013,2025,15,MIA,QB,0,0,xgb_two_stage_renorm,0.0,0.036910337229161067,QB2
00-0037013,2025,16,MIA,QB,0,0,xgb_two_stage_renorm,0.0,0.033522655808968224,QB2
00-0037013,2025,17,MIA,QB,0,0,xgb_two_stage_renorm,0.0,0.0515150538977962,QB3
00-0037013,2025,18,MIA,QB,0,0,xgb_two_stage_renorm,0.0,0.10719313388590494,QB3
00-0037077,2025,1,PHI,QB,1,0,xgb_two_stage_renorm,0.0,0.07589947371244131,QB2
00-0037077,2025,2,PHI,QB,1,0,xgb_two_stage_renorm,0.0,0.06779962332418496,QB2
00-0037077,2025,3,PHI,QB,1,0,xgb_two_stage_renorm,0.0,0.07326809617225982,QB2
00-0037077,2025,4,PHI,QB,0,0,xgb_two_stage_renorm,0.0,0.046371371111794735,QB2
00-0037077,2025,5,PHI,QB,0,0,xgb_two_stage_renorm,0.0,0.03238884520733023,QB2
00-0037077,2025,6,PHI,QB,0,0,xgb_two_stage_renorm,0.0,0.026676212521412473,QB2
00-0037077,2025,7,PHI,QB,0,0,xgb_two_stage_renorm,0.0,0.038890243420297316,QB2
00-0037077,2025,8,PHI,QB,0,0,xgb_two_stage_renorm,0.0,0.03472688192228735,QB2
00-0037077,2025,10,PHI,QB,0,0,xgb_two_stage_renorm,0.0,0.037157292120137755,QB3
00-0037077,2025,11,PHI,QB,0,0,xgb_two_stage_renorm,0.0,0.03241008187279562,QB3
00-0037077,2025,12,PHI,QB,0,0,xgb_two_stage_renorm,0.0,0.04364644261305388,QB3
00-0037077,2025,13,PHI,QB,0,0,xgb_two_stage_renorm,0.0,0.0468725689537515,QB2
00-0037077,2025,14,PHI,QB,0,0,xgb_two_stage_renorm,0.0,0.05385073239846372,QB2
00-0037077,2025,15,PHI,QB,0,0,xgb_two_stage_renorm,0.0,0.05968358341110906,QB2
00-0037077,2025,16,PHI,QB,0,0,xgb_two_stage_renorm,0.0,0.047502750639179685,QB3
00-0037077,2025,17,PHI,QB,0,0,xgb_two_stage_renorm,0.0,0.04417479197566132,QB3
00-0037077,2025,18,PHI,QB,0,0,xgb_two_stage_renorm,0.0,0.029848161630947577,QB3
00-0037324,2025,1,KC,QB,1,0,xgb_two_stage_renorm,0.0,0.0761750727217997,QB3
00-0037324,2025,2,KC,QB,1,0,xgb_two_stage_renorm,0.0,0.04964534271929048,QB3
00-0037324,2025,3,KC,QB,1,0,xgb_two_stage_renorm,0.0,0.06059811700914282,QB3
00-0037324,2025,4,KC,QB,0,0,xgb_two_stage_renorm,0.0,0.04235947164529014,QB3
00-0037324,2025,5,KC,QB,0,0,xgb_two_stage_renorm,0.0,0.027002789137830937,QB3
00-0037324,2025,6,KC,QB,0,0,xgb_two_stage_renorm,0.0,0.030000749712007602,QB3
00-0037324,2025,7,KC,QB,0,0,xgb_two_stage_renorm,0.0,0.02812101762024752,QB3
00-0037324,2025,8,KC,QB,0,0,xgb_two_stage_renorm,0.0,0.02542649297506426,QB3
00-0037324,2025,9,KC,QB,0,0,xgb_two_stage_renorm,0.0,0.020118990798921557,QB3
00-0037324,2025,11,KC,QB,0,0,xgb_two_stage_renorm,0.0,0.021471047227241073,QB3
00-0037324,2025,12,KC,QB,0,0,xgb_two_stage_renorm,0.0,0.02662531290891479,QB3
00-0037324,2025,13,KC,QB,0,0,xgb_two_stage_renorm,0.0,0.024227826816512657,QB3
00-0037324,2025,14,KC,QB,0,0,xgb_two_stage_renorm,0.0,0.024999024001552034,QB3
00-0037324,2025,15,KC,QB,0,0,xgb_two_stage_renorm,0.0,0.06060093528544229,QB3
00-0037324,2025,16,KC,QB,0,0,xgb_two_stage_renorm,0.0,0.08998469677018613,QB3
00-0037324,2025,17,KC,QB,0,0,xgb_two_stage_renorm,1.0,0.31530520486124375,QB2
00-0037324,2025,18,KC,QB,0,0,xgb_two_stage_renorm,0.0,0.34224120808683933,QB1
00-0037327,2025,1,PIT,QB,1,0,xgb_two_stage_renorm,0.0,0.07712593701333445,QB3
00-0037327,2025,2,PIT,QB,1,0,xgb_two_stage_renorm,0.0,0.03518978010434067,QB3
00-0037327,2025,3,PIT,QB,1,0,xgb_two_stage_renorm,0.0,0.04351079536922255,QB4
00-0037327,2025,4,PIT,QB,0,0,xgb_two_stage_renorm,0.0,0.027458230327587964,QB4
00-0037327,2025,6,PIT,QB,0,0,xgb_two_stage_renorm,0.0,0.0367884687242076,QB4
00-0037327,2025,7,PIT,QB,0,0,xgb_two_stage_renorm,0.0,0.03276272125297956,QB4
00-0037327,2025,8,PIT,QB,0,0,xgb_two_stage_renorm,0.0,0.033772708474454155,QB4
00-0037327,2025,9,PIT,QB,0,0,xgb_two_stage_renorm,0.0,0.034804510776146505,QB3
00-0037327,2025,10,PIT,QB,0,0,xgb_two_stage_renorm,0.0,0.040121476363330445,QB3
00-0037327,2025,11,PIT,QB,0,0,xgb_two_stage_renorm,0.0,0.03971927435423426,QB3
00-0037327,2025,12,PIT,QB,0,0,xgb_two_stage_renorm,0.0,0.04364718897954675,QB3
00-0037327,2025,13,PIT,QB,0,0,xgb_two_stage_renorm,0.0,0.046679457445018585,QB3
00-0037327,2025,14,PIT,QB,0,0,xgb_two_stage_renorm,0.0,0.05349918388610299,QB3
00-0037327,2025,15,PIT,QB,0,0,xgb_two_stage_renorm,0.0,0.05540863020744383,QB3
00-0037327,2025,16,PIT,QB,0,0,xgb_two_stage_renorm,0.0,0.03807974532587987,QB3
00-0037327,2025,17,PIT,QB,0,0,xgb_two_stage_renorm,0.0,0.037736628841332436,QB3
00-0037327,2025,18,PIT,QB,0,0,xgb_two_stage_renorm,0.0,0.04466468915971503,QB3
00-0037834,2025,1,SF,QB,1,0,xgb_two_stage_renorm,1.0,0.5076549305725648,QB2
00-0037834,2025,2,SF,QB,1,0,xgb_two_stage_renorm,0.0,0.8527270211085558,QB1
00-0037834,2025,3,SF,QB,1,0,xgb_two_stage_renorm,0.0,0.6439208682085013,QB2
00-0037834,2025,4,SF,QB,0,0,xgb_two_stage_renorm,1.0,0.20122316403806684,QB2
00-0037834,2025,5,SF,QB,0,0,xgb_two_stage_renorm,0.0,0.27936473089654734,QB2
00-0037834,2025,6,SF,QB,0,0,xgb_two_stage_renorm,0.0,0.23045190692882256,QB2
00-0037834,2025,7,SF,QB,0,0,xgb_two_stage_renorm,0.0,0.28249246104719755,QB2
00-0037834,2025,8,SF,QB,0,0,xgb_two_stage_renorm,0.0,0.06344200857329295,QB2
00-0037834,2025,9,SF,QB,0,0,xgb_two_stage_renorm,0.0,0.06959773012867515,QB2
00-0037834,2025,10,SF,QB,0,0,xgb_two_stage_renorm,0.0,0.048901629003514184,QB2
00-0037834,2025,11,SF,QB,0,0,xgb_two_stage_renorm,1.0,0.040470053791209215,QB2
00-0037834,2025,12,SF,QB,0,0,xgb_two_stage_renorm,1.0,0.2764131665026369,QB2
00-0037834,2025,13,SF,QB,0,0,xgb_two_stage_renorm,1.0,0.6357786418842082,QB1
00-0037834,2025,15,SF,QB,0,0,xgb_two_stage_renorm,1.0,0.9019738018578272,QB1
00-0037834,2025,16,SF,QB,0,0,xgb_two_stage_renorm,1.0,0.8624912192399904,QB1
00-0037834,2025,17,SF,QB,0,0,xgb_two_stage_renorm,1.0,0.9072564373417038,QB1
00-0037834,2025,18,SF,QB,0,0,xgb_two_stage_renorm,0.0,0.8843105430285976,QB1
00-0038102,2025,1,LV,QB,1,0,xgb_two_stage_renorm,0.0,0.09817336410207751,QB3
00-0038102,2025,2,LV,QB,1,0,xgb_two_stage_renorm,0.0,0.062238068868763936,QB3
00-0038102,2025,3,LV,QB,1,0,xgb_two_stage_renorm,0.0,0.05979717744530342,QB3
00-0038102,2025,4,LV,QB,0,0,xgb_two_stage_renorm,0.0,0.03312134187506536,QB3
00-0038102,2025,5,LV,QB,0,0,xgb_two_stage_renorm,0.0,0.03511545258160659,QB3
00-0038102,2025,6,LV,QB,0,0,xgb_two_stage_renorm,0.0,0.03273731883435632,QB3
00-0038102,2025,7,LV,QB,0,0,xgb_two_stage_renorm,0.0,0.047347856381490305,QB2
00-0038102,2025,9,LV,QB,0,0,xgb_two_stage_renorm,0.0,0.04106075745404896,QB2
00-0038102,2025,10,LV,QB,0,0,xgb_two_stage_renorm,0.0,0.03369103860161471,QB2
00-0038102,2025,11,LV,QB,0,0,xgb_two_stage_renorm,0.0,0.03840167910238357,QB2
00-0038102,2025,12,LV,QB,0,0,xgb_two_stage_renorm,0.0,0.040224310963315336,QB2
00-0038102,2025,13,LV,QB,0,0,xgb_two_stage_renorm,0.0,0.03181751896724478,QB2
00-0038102,2025,14,LV,QB,0,0,xgb_two_stage_renorm,0.5,0.027171422526053333,QB2
00-0038102,2025,15,LV,QB,0,0,xgb_two_stage_renorm,0.0,0.06074001921519621,QB2
00-0038102,2025,16,LV,QB,0,0,xgb_two_stage_renorm,0.0,0.30571027286008706,QB2
00-0038102,2025,17,LV,QB,0,0,xgb_two_stage_renorm,0.0,0.2964892500917115,QB2
00-0038102,2025,18,LV,QB,0,0,xgb_two_stage_renorm,0.0,0.20127658689131633,QB2
00-0038108,2025,1,CLE,QB,1,0,xgb_two_stage_renorm,0.0,0.13906354496719792,QB3
00-0038108,2025,2,CLE,QB,1,0,xgb_two_stage_renorm,0.0,0.059120582918774506,QB3
00-0038108,2025,3,CLE,QB,1,0,xgb_two_stage_renorm,0.0,0.05163943055813453,QB4
00-0038108,2025,4,CLE,QB,0,0,xgb_two_stage_renorm,0.0,0.03463564512891176,QB4
00-0038108,2025,5,CLE,QB,0,0,xgb_two_stage_renorm,0.0,0.041136504988494846,QB4
00-0038108,2025,6,CLE,QB,0,0,xgb_two_stage_renorm,0.0,0.1299278463711149,QB3
00-0038108,2025,7,CLE,QB,0,0,xgb_two_stage_renorm,0.0,0.06449355885762023,QB3
00-0038108,2025,8,CLE,QB,0,0,xgb_two_stage_renorm,0.0,0.04947335502434033,QB3
00-0038108,2025,10,CLE,QB,0,0,xgb_two_stage_renorm,0.0,0.05289576828615773,QB3
00-0038108,2025,11,CLE,QB,0,0,xgb_two_stage_renorm,0.0,0.041953285924202804,QB3
00-0038108,2025,12,CLE,QB,0,0,xgb_two_stage_renorm,0.0,0.050310303918576056,QB4
00-0038108,2025,13,CLE,QB,0,0,xgb_two_stage_renorm,0.0,0.06543526015817056,QB4
00-0038108,2025,14,CLE,QB,0,0,xgb_two_stage_renorm,0.0,0.04534707618104166,QB4
00-0038108,2025,15,CLE,QB,0,0,xgb_two_stage_renorm,0.0,0.030781398581102466,QB4
00-0038108,2025,16,CLE,QB,0,0,xgb_two_stage_renorm,0.0,0.04137015028743143,QB4
00-0038108,2025,17,CLE,QB,0,0,xgb_two_stage_renorm,0.0,0.05075927579764057,QB4
00-0038108,2025,18,CLE,QB,0,0,xgb_two_stage_renorm,0.0,0.051949983410851726,QB4
00-0038122,2025,1,CIN,QB,1,0,xgb_two_stage_renorm,0.0,0.11007145932232029,QB4
00-0038122,2025,3,MIN,QB,1,0,xgb_two_stage_renorm,0.0,0.20802625210534256,QB3
00-0038122,2025,4,MIN,QB,1,0,xgb_two_stage_renorm,0.0,0.14441050932942004,QB4
00-0038122,2025,5,MIN,QB,0,0,xgb_two_stage_renorm,0.0,0.05301353637173626,QB4
00-0038122,2025,13,MIN,QB,0,0,xgb_two_stage_renorm,0.0,0.06361538479317501,QB4
00-0038122,2025,14,MIN,QB,0,0,xgb_two_stage_renorm,0.0,0.06779118290732074,QB4
00-0038122,2025,18,GB,QB,0,0,xgb_two_stage_renorm,0.0,0.06148108583849231,QB4
00-0038128,2025,1,GB,QB,1,0,xgb_two_stage_renorm,0.0,0.16035561048898112,QB2
00-0038128,2025,2,GB,QB,1,0,xgb_two_stage_renorm,0.0,0.10454235051163292,QB2
00-0038128,2025,3,GB,QB,1,0,xgb_two_stage_renorm,0.0,0.09622936044544142,QB2
00-0038128,2025,4,GB,QB,0,0,xgb_two_stage_renorm,0.0,0.03578357663085557,QB2
00-0038128,2025,6,GB,QB,0,0,xgb_two_stage_renorm,0.0,0.02990078081959662,QB2
00-0038128,2025,7,GB,QB,0,0,xgb_two_stage_renorm,0.0,0.04074462704017253,QB2
00-0038128,2025,8,GB,QB,0,0,xgb_two_stage_renorm,0.0,0.04525424428415818,QB2
00-0038128,2025,9,GB,QB,0,0,xgb_two_stage_renorm,0.0,0.043259362041590116,QB2
00-0038128,2025,10,GB,QB,0,0,xgb_two_stage_renorm,0.0,0.03979137943667054,QB2
00-0038128,2025,11,GB,QB,0,0,xgb_two_stage_renorm,0.3333333333333333,0.04698459035863934,QB2
00-0038128,2025,12,GB,QB,0,0,xgb_two_stage_renorm,0.0,0.05813598843133613,QB2
00-0038128,2025,13,GB,QB,0,0,xgb_two_stage_renorm,0.0,0.04903768667307028,QB2
00-0038128,2025,14,GB,QB,0,0,xgb_two_stage_renorm,0.0,0.03926848765215894,QB2
00-0038128,2025,15,GB,QB,0,0,xgb_two_stage_renorm,0.0,0.037030228298056383,QB2
00-0038128,2025,16,GB,QB,0,0,xgb_two_stage_renorm,1.0,0.03516469902392608,QB2
00-0038128,2025,17,GB,QB,0,0,xgb_two_stage_renorm,1.0,0.08186524848104851,QB2
00-0038128,2025,18,GB,QB,0,0,xgb_two_stage_renorm,0.0,0.2616626813600556,QB1
00-0038385,2025,1,LA,QB,1,0,xgb_two_stage_renorm,0.0,0.0917769786577264,QB3
00-0038391,2025,1,GB,QB,1,0,xgb_two_stage_renorm,0.0,0.07726345094134647,QB3
00-0038391,2025,3,CIN,QB,1,0,xgb_two_stage_renorm,0.0,0.05549141724266425,QB4
00-0038391,2025,4,CIN,QB,1,0,xgb_two_stage_renorm,0.0,0.07635430546705925,QB4
00-0038391,2025,5,CIN,QB,0,0,xgb_two_stage_renorm,0.0,0.047366917042705875,QB4
00-0038391,2025,6,CIN,QB,0,0,xgb_two_stage_renorm,0.0,0.029006556881907765,QB4
00-0038391,2025,7,CIN,QB,0,0,xgb_two_stage_renorm,0.0,0.03980346352882215,QB4
00-0038391,2025,8,CIN,QB,0,0,xgb_two_stage_renorm,0.0,0.04302045622163123,QB4
00-0038391,2025,9,CIN,QB,0,0,xgb_two_stage_renorm,0.0,0.03192843462365058,QB4
00-0038391,2025,11,CIN,QB,0,0,xgb_two_stage_renorm,0.0,0.033506272448117255,QB4
00-0038391,2025,12,CIN,QB,0,0,xgb_two_stage_renorm,0.0,0.03151672163385843,QB4
00-0038391,2025,13,CIN,QB,0,0,xgb_two_stage_renorm,0.0,0.033769146660246115,QB4
00-0038391,2025,14,CIN,QB,0,0,xgb_two_stage_renorm,0.0,0.047825011277201894,QB4
00-0038391,2025,15,CIN,QB,0,0,xgb_two_stage_renorm,0.0,0.04612129543172516,QB4
00-0038391,2025,16,CIN,QB,0,0,xgb_two_stage_renorm,0.0,0.033920977573374124,QB4
00-0038391,2025,17,CIN,QB,0,0,xgb_two_stage_renorm,0.0,0.03036103405105021,QB4
00-0038391,2025,18,CIN,QB,0,0,xgb_two_stage_renorm,0.0,0.02733311616514031,QB4
00-0038400,2025,1,PHI,QB,1,0,xgb_two_stage_renorm,0.0,0.11690085558119993,QB3
00-0038400,2025,2,PHI,QB,1,0,xgb_two_stage_renorm,0.0,0.08913996488056229,QB3
00-0038400,2025,3,PHI,QB,1,0,xgb_two_stage_renorm,0.0,0.09535409513703647,QB3
00-0038400,2025,4,PHI,QB,0,0,xgb_two_stage_renorm,0.0,0.046371371111794735,QB3
00-0038400,2025,5,PHI,QB,0,0,xgb_two_stage_renorm,0.0,0.03238884520733023,QB3
00-0038400,2025,6,PHI,QB,0,0,xgb_two_stage_renorm,0.0,0.026676212521412473,QB3
00-0038400,2025,7,PHI,QB,0,0,xgb_two_stage_renorm,0.0,0.038890243420297316,QB3
00-0038400,2025,8,PHI,QB,0,0,xgb_two_stage_renorm,0.0,0.03472688192228735,QB3
00-0038400,2025,10,PHI,QB,0,0,xgb_two_stage_renorm,0.0,0.03807938422821098,QB2
00-0038400,2025,11,PHI,QB,0,0,xgb_two_stage_renorm,0.0,0.03274468878138146,QB2
00-0038400,2025,12,PHI,QB,0,0,xgb_two_stage_renorm,0.0,0.04401417812414407,QB2
00-0038400,2025,13,PHI,QB,0,0,xgb_two_stage_renorm,0.0,0.046923642170652154,QB3
00-0038400,2025,14,PHI,QB,0,0,xgb_two_stage_renorm,0.0,0.05390409288216583,QB3
00-0038400,2025,15,PHI,QB,0,0,xgb_two_stage_renorm,0.0,0.059737557316652756,QB3
00-0038400,2025,16,PHI,QB,0,0,xgb_two_stage_renorm,0.0,0.052897758480008605,QB2
00-0038400,2025,17,PHI,QB,0,0,xgb_two_stage_renorm,0.0,0.046192159219566195,QB2
00-0038400,2025,18,PHI,QB,0,0,xgb_two_stage_renorm,1.0,0.03155470250862862,QB2
00-0038416,2025,1,CHI,QB,1,0,xgb_two_stage_renorm,0.0,0.0878888998202206,QB2
00-0038416,2025,2,CHI,QB,1,0,xgb_two_stage_renorm,0.0,0.06332115790026858,QB3
00-0038416,2025,3,CHI,QB,1,0,xgb_two_stage_renorm,0.0,0.05176234625638804,QB2
00-0038416,2025,4,CHI,QB,0,0,xgb_two_stage_renorm,0.0,0.02845611602476286,QB2
00-0038416,2025,6,CHI,QB,0,0,xgb_two_stage_renorm,0.0,0.023211044850199775,QB2
00-0038416,2025,7,CHI,QB,0,0,xgb_two_stage_renorm,0.0,0.025220919819870593,QB3
00-0038416,2025,8,CHI,QB,0,0,xgb_two_stage_renorm,0.0,0.044596592614676724,QB3
00-0038416,2025,9,CHI,QB,0,0,xgb_two_stage_renorm,0.0,0.04578867023565141,QB3
00-0038416,2025,10,CHI,QB,0,0,xgb_two_stage_renorm,0.0,0.04190412482526997,QB2
00-0038416,2025,11,CHI,QB,0,0,xgb_two_stage_renorm,0.0,0.04074316539282599,QB2
00-0038416,2025,12,CHI,QB,0,0,xgb_two_stage_renorm,0.0,0.04195369764061842,QB2
00-0038416,2025,13,CHI,QB,0,0,xgb_two_stage_renorm,0.0,0.02940456174337142,QB2
00-0038416,2025,14,CHI,QB,0,0,xgb_two_stage_renorm,0.0,0.030986187311046305,QB2
00-0038416,2025,15,CHI,QB,0,0,xgb_two_stage_renorm,0.0,0.02662172422898837,QB3
00-0038416,2025,16,CHI,QB,0,0,xgb_two_stage_renorm,0.0,0.026203102420218824,QB3
00-0038416,2025,17,CHI,QB,0,0,xgb_two_stage_renorm,0.0,0.020363928064078607,QB3
00-0038416,2025,18,CHI,QB,0,0,xgb_two_stage_renorm,0.0,0.026882912954598385,QB3
00-0038476,2025,1,NE,QB,1,0,xgb_two_stage_renorm,0.0,0.14470115688580754,QB2
00-0038476,2025,2,NE,QB,1,0,xgb_two_stage_renorm,0.0,0.055483241885429975,QB3
00-0038476,2025,3,NE,QB,1,0,xgb_two_stage_renorm,0.0,0.05284290823812063,QB3
00-0038476,2025,4,NE,QB,0,0,xgb_two_stage_renorm,0.0,0.02403460981975127,QB3
00-0038476,2025,5,NE,QB,0,0,xgb_two_stage_renorm,0.0,0.026817123454845142,QB3
00-0038476,2025,6,NE,QB,0,0,xgb_two_stage_renorm,0.0,0.03238130686727546,QB3
00-0038476,2025,7,NE,QB,0,0,xgb_two_stage_renorm,0.0,0.024554409222695632,QB3
00-0038476,2025,8,NE,QB,0,0,xgb_two_stage_renorm,0.0,0.027195590635217117,QB3
00-0038476,2025,9,NE,QB,0,0,xgb_two_stage_renorm,0.0,0.02696742884182663,QB3
00-0038476,2025,10,NE,QB,0,0,xgb_two_stage_renorm,0.0,0.029247240272566623,QB3
00-0038476,2025,11,NE,QB,0,0,xgb_two_stage_renorm,0.0,0.029351229205016288,QB3
00-0038476,2025,12,NE,QB,0,0,xgb_two_stage_renorm,0.0,0.037603795874031766,QB3
00-0038476,2025,13,NE,QB,0,0,xgb_two_stage_renorm,0.0,0.0416604194287433,QB3
00-0038476,2025,15,NE,QB,0,0,xgb_two_stage_renorm,0.0,0.0394727232506595,QB3
00-0038476,2025,16,NE,QB,0,0,xgb_two_stage_renorm,0.0,0.048303489393298975,QB3
00-0038476,2025,17,NE,QB,0,0,xgb_two_stage_renorm,0.0,0.04556078131434335,QB3
00-0038476,2025,18,NE,QB,0,0,xgb_two_stage_renorm,0.0,0.038156965835723956,QB3
00-0038550,2025,1,CAR,QB,1,0,xgb_two_stage_renorm,0.0,0.09345132995341833,QB2
00-0038550,2025,2,CAR,QB,1,0,xgb_two_stage_renorm,0.0,0.05068501978449718,QB3
00-0038550,2025,3,CAR,QB,1,0,xgb_two_stage_renorm,0.0,0.03535573950249662,QB3
00-0038550,2025,4,CAR,QB,0,0,xgb_two_stage_renorm,0.0,0.0318260009677179,QB3
00-0038550,2025,5,CAR,QB,0,0,xgb_two_stage_renorm,0.0,0.028352593206779814,QB3
00-0038550,2025,6,CAR,QB,0,0,xgb_two_stage_renorm,0.0,0.028989577283676335,QB3
00-0038550,2025,7,CAR,QB,0,0,xgb_two_stage_renorm,0.0,0.02376187281134716,QB3
00-0038550,2025,8,CAR,QB,0,0,xgb_two_stage_renorm,0.0,0.027153385905300614,QB4
00-0038550,2025,9,CAR,QB,0,0,xgb_two_stage_renorm,0.0,0.045135149440051245,QB4
00-0038550,2025,10,CAR,QB,0,0,xgb_two_stage_renorm,0.0,0.061381853478062604,QB4
00-0038550,2025,16,NYJ,QB,0,0,xgb_two_stage_renorm,0.0,0.059125763422292074,QB4
00-0038550,2025,17,NYJ,QB,0,0,xgb_two_stage_renorm,0.0,0.049420811956759,QB4
00-0038550,2025,18,NYJ,QB,0,0,xgb_two_stage_renorm,0.0,0.05282259890964771,QB4
00-0038579,2025,1,LV,QB,1,0,xgb_two_stage_renorm,0.0,0.17860318747496515,QB4
00-0038579,2025,2,LV,QB,1,0,xgb_two_stage_renorm,0.0,0.10797608465928296,QB4
00-0038579,2025,3,LV,QB,1,0,xgb_two_stage_renorm,0.0,0.10628473199840856,QB4
00-0038579,2025,4,LV,QB,0,0,xgb_two_stage_renorm,0.0,0.03312134187506536,QB4
00-0038579,2025,5,LV,QB,0,0,xgb_two_stage_renorm,0.0,0.03511545258160659,QB4
00-0038579,2025,6,LV,QB,0,0,xgb_two_stage_renorm,0.0,0.03273731883435632,QB4
00-0038579,2025,7,LV,QB,0,0,xgb_two_stage_renorm,0.0,0.047347856381490305,QB3
00-0038579,2025,9,LV,QB,0,0,xgb_two_stage_renorm,0.0,0.039170791006151354,QB3
00-0038579,2025,10,LV,QB,0,0,xgb_two_stage_renorm,0.0,0.030488425199063623,QB3
00-0038579,2025,11,LV,QB,0,0,xgb_two_stage_renorm,0.0,0.03490240967956341,QB3
00-0038579,2025,12,LV,QB,0,0,xgb_two_stage_renorm,0.0,0.04196816384695385,QB3
00-0038579,2025,13,LV,QB,0,0,xgb_two_stage_renorm,0.0,0.03338290561376997,QB3
00-0038579,2025,14,LV,QB,0,0,xgb_two_stage_renorm,0.0,0.02880601146383557,QB3
00-0038579,2025,15,LV,QB,0,0,xgb_two_stage_renorm,0.0,0.03331439760520081,QB3
00-0038579,2025,16,LV,QB,0,0,xgb_two_stage_renorm,0.0,0.0644862781707429,QB3
00-0038579,2025,17,LV,QB,0,0,xgb_two_stage_renorm,0.0,0.0644118489034189,QB3
00-0038579,2025,18,LV,QB,0,0,xgb_two_stage_renorm,0.0,0.06469390269815965,QB3
00-0038582,2025,1,GB,QB,1,0,xgb_two_stage_renorm,0.0,0.08408170542616879,QB4
00-0038582,2025,2,GB,QB,1,0,xgb_two_stage_renorm,0.0,0.05929981092485148,QB3
00-0038582,2025,3,GB,QB,1,0,xgb_two_stage_renorm,0.0,0.05683005209936432,QB3
00-0038582,2025,4,GB,QB,0,0,xgb_two_stage_renorm,0.0,0.03578357663085557,QB3
00-0038582,2025,6,GB,QB,0,0,xgb_two_stage_renorm,0.0,0.02990078081959662,QB3
00-0038582,2025,7,GB,QB,0,0,xgb_two_stage_renorm,0.0,0.04074462704017253,QB3
00-0038582,2025,8,GB,QB,0,0,xgb_two_stage_renorm,0.0,0.04525424428415818,QB3
00-0038582,2025,9,GB,QB,0,0,xgb_two_stage_renorm,0.0,0.043259362041590116,QB3
00-0038582,2025,10,GB,QB,0,0,xgb_two_stage_renorm,0.0,0.03979137943667054,QB3
00-0038582,2025,11,GB,QB,0,0,xgb_two_stage_renorm,0.0,0.04698459035863934,QB3
00-0038582,2025,12,GB,QB,0,0,xgb_two_stage_renorm,0.0,0.05762207661111274,QB3
00-0038582,2025,13,GB,QB,0,0,xgb_two_stage_renorm,0.0,0.05091737193689112,QB3
00-0038582,2025,14,GB,QB,0,0,xgb_two_stage_renorm,0.0,0.04080453908305931,QB3
00-0038582,2025,15,GB,QB,0,0,xgb_two_stage_renorm,0.0,0.03549724597011141,QB3
00-0038582,2025,16,GB,QB,0,0,xgb_two_stage_renorm,0.0,0.03631323223836332,QB3
00-0038582,2025,17,GB,QB,0,0,xgb_two_stage_renorm,0.0,0.052285938802966565,QB3
00-0038582,2025,18,GB,QB,0,0,xgb_two_stage_renorm,0.0,0.06261218965469718,QB3
00-0038583,2025,1,PHI,QB,1,0,xgb_two_stage_renorm,0.0,0.10971431653333535,QB4
00-0038658,2025,1,SF,QB,1,0,xgb_two_stage_renorm,0.0,0.06788292232097799,QB3
00-0038658,2025,2,SF,QB,1,0,xgb_two_stage_renorm,0.0,0.031024400428769503,QB3
00-0038658,2025,3,SF,QB,1,0,xgb_two_stage_renorm,0.0,0.031398585577200475,QB3
00-0038658,2025,4,SF,QB,0,0,xgb_two_stage_renorm,0.0,0.028525247468759986,QB3
00-0038658,2025,5,SF,QB,0,0,xgb_two_stage_renorm,0.0,0.03241716043684727,QB3
00-0038658,2025,6,SF,QB,0,0,xgb_two_stage_renorm,0.0,0.031021824005150647,QB3
00-0038658,2025,7,SF,QB,0,0,xgb_two_stage_renorm,0.0,0.04599675374603662,QB3
00-0038658,2025,8,SF,QB,0,0,xgb_two_stage_renorm,0.0,0.03680431059983828,QB3
00-0038658,2025,9,SF,QB,0,0,xgb_two_stage_renorm,0.0,0.04314422308560434,QB3
00-0038658,2025,10,SF,QB,0,0,xgb_two_stage_renorm,0.0,0.032813395302616344,QB3
00-0038658,2025,11,SF,QB,0,0,xgb_two_stage_renorm,0.0,0.026274193314935242,QB3
00-0038658,2025,12,SF,QB,0,0,xgb_two_stage_renorm,0.0,0.037241763116710215,QB3
00-0038658,2025,13,SF,QB,0,0,xgb_two_stage_renorm,0.0,0.045664910430530156,QB3
00-0038658,2025,15,NYJ,QB,0,0,xgb_two_stage_renorm,0.0,0.05530746124512007,QB4
00-0038658,2025,16,SF,QB,0,0,xgb_two_stage_renorm,0.0,0.03887041585553282,QB3
00-0038658,2025,17,SF,QB,0,0,xgb_two_stage_renorm,0.0,0.02601135934814409,QB3
00-0038658,2025,18,SF,QB,0,0,xgb_two_stage_renorm,0.0,0.03287982307537392,QB3
00-0038998,2025,1,NO,QB,1,0,xgb_two_stage_renorm,0.0,0.11887836877392811,QB3
00-0038998,2025,2,NO,QB,1,0,xgb_two_stage_renorm,0.0,0.06776136820922839,QB4
00-0038998,2025,3,NO,QB,1,0,xgb_two_stage_renorm,0.0,0.05436841791808744,QB4
00-0038998,2025,4,NO,QB,0,0,xgb_two_stage_renorm,0.0,0.027745863235247876,QB4
00-0038998,2025,5,NO,QB,0,0,xgb_two_stage_renorm,0.0,0.020751914410776402,QB4
00-0038998,2025,6,NO,QB,0,0,xgb_two_stage_renorm,0.0,0.02846785294831833,QB4
00-0038998,2025,7,NO,QB,0,0,xgb_two_stage_renorm,0.0,0.03207135770511249,QB4
00-0038998,2025,8,NO,QB,0,0,xgb_two_stage_renorm,0.0,0.04917902213730297,QB4
00-0038998,2025,9,NO,QB,0,0,xgb_two_stage_renorm,0.0,0.03487848535609094,QB4
00-0038998,2025,10,NO,QB,0,0,xgb_two_stage_renorm,0.0,0.048421889204058356,QB4
00-0038998,2025,12,NO,QB,0,0,xgb_two_stage_renorm,0.0,0.04365823546323802,QB4
00-0038998,2025,13,NO,QB,0,0,xgb_two_stage_renorm,0.0,0.03045931699084532,QB4
00-0038998,2025,14,NO,QB,0,0,xgb_two_stage_renorm,0.0,0.028701004671903514,QB4
00-0038998,2025,15,NO,QB,0,0,xgb_two_stage_renorm,0.0,0.0465546501232444,QB4
00-0038998,2025,16,NO,QB,0,0,xgb_two_stage_renorm,0.0,0.04442002244553052,QB4
00-0038998,2025,17,NO,QB,0,0,xgb_two_stage_renorm,0.0,0.040588358671766814,QB4
00-0038998,2025,18,NO,QB,0,0,xgb_two_stage_renorm,0.0,0.03142346905425981,QB4
00-0039107,2025,1,LA,QB,1,0,xgb_two_stage_renorm,0.0,0.0917769786577264,QB4
00-0039107,2025,2,LA,QB,1,0,xgb_two_stage_renorm,0.0,0.07896514717733298,QB3
00-0039107,2025,3,LA,QB,1,0,xgb_two_stage_renorm,0.0,0.06332937614400987,QB3
00-0039107,2025,4,LA,QB,0,0,xgb_two_stage_renorm,0.0,0.036352326214107354,QB3
00-0039107,2025,5,LA,QB,0,0,xgb_two_stage_renorm,0.0,0.03251932272069241,QB3
00-0039107,2025,6,LA,QB,0,0,xgb_two_stage_renorm,0.0,0.023503645374870378,QB3
00-0039107,2025,7,LA,QB,0,0,xgb_two_stage_renorm,0.0,0.021890647330796188,QB3
00-0039107,2025,9,LA,QB,0,0,xgb_two_stage_renorm,0.0,0.019521076016601992,QB3
00-0039107,2025,10,LA,QB,0,0,xgb_two_stage_renorm,0.0,0.0224011297927481,QB3
00-0039107,2025,11,LA,QB,0,0,xgb_two_stage_renorm,0.0,0.02009297795237478,QB3
00-0039107,2025,12,LA,QB,0,0,xgb_two_stage_renorm,0.0,0.0263960166028366,QB3
00-0039107,2025,13,LA,QB,0,0,xgb_two_stage_renorm,0.0,0.028689372822407987,QB3
00-0039107,2025,14,LA,QB,0,0,xgb_two_stage_renorm,0.0,0.03491461699327668,QB3
00-0039107,2025,15,LA,QB,0,0,xgb_two_stage_renorm,0.0,0.035530599121437335,QB3
00-0039107,2025,16,LA,QB,0,0,xgb_two_stage_renorm,0.0,0.05033803160840539,QB3
00-0039107,2025,17,LA,QB,0,0,xgb_two_stage_renorm,0.0,0.03473589774547229,QB3
00-0039107,2025,18,LA,QB,0,0,xgb_two_stage_renorm,0.0,0.031751971003142025,QB3
00-0039150,2025,1,CAR,QB,1,0,xgb_two_stage_renorm,1.0,0.5491923354139538,QB3
00-0039150,2025,2,CAR,QB,1,0,xgb_two_stage_renorm,1.0,0.858246685425226,QB1
00-0039150,2025,3,CAR,QB,1,0,xgb_two_stage_renorm,0.0,0.8984712571243355,QB1
00-0039150,2025,4,CAR,QB,0,0,xgb_two_stage_renorm,0.5,0.9369175883174847,QB1
00-0039150,2025,5,CAR,QB,0,0,xgb_two_stage_renorm,1.0,0.9241190378410136,QB1
00-0039150,2025,6,CAR,QB,0,0,xgb_two_stage_renorm,1.0,0.9273547892023147,QB1
00-0039150,2025,7,CAR,QB,0,0,xgb_two_stage_renorm,1.0,0.9378498885776916,QB1
00-0039150,2025,8,CAR,QB,0,0,xgb_two_stage_renorm,0.0,0.9049199587484613,QB1
00-0039150,2025,9,CAR,QB,0,0,xgb_two_stage_renorm,0.0,0.7424276273000062,QB1
00-0039150,2025,10,CAR,QB,0,0,xgb_two_stage_renorm,0.0,0.6613315077718601,QB1
00-0039150,2025,11,CAR,QB,0,0,xgb_two_stage_renorm,1.0,0.7054504461502006,QB1
00-0039150,2025,12,CAR,QB,0,0,xgb_two_stage_renorm,1.0,0.9042957212543777,QB1
00-0039150,2025,13,CAR,QB,0,0,xgb_two_stage_renorm,1.0,0.9140300664871198,QB1
00-0039150,2025,15,CAR,QB,0,0,xgb_two_stage_renorm,1.0,0.9365750068480817,QB1
00-0039150,2025,16,CAR,QB,0,0,xgb_two_stage_renorm,1.0,0.9245714574757805,QB1
00-0039150,2025,17,CAR,QB,0,0,xgb_two_stage_renorm,0.0,0.9441541438380403,QB1
00-0039150,2025,18,CAR,QB,0,0,xgb_two_stage_renorm,1.0,0.9193508377038172,QB1
00-0039152,2025,1,TEN,QB,1,0,xgb_two_stage_renorm,0.0,0.5855642425718255,QB3
00-0039152,2025,2,TEN,QB,1,0,xgb_two_stage_renorm,0.0,0.24095333188058818,QB4
00-0039152,2025,3,TEN,QB,1,0,xgb_two_stage_renorm,0.0,0.21118643343320423,QB4
00-0039152,2025,4,TEN,QB,0,0,xgb_two_stage_renorm,0.0,0.041430317291770616,QB4
00-0039152,2025,5,TEN,QB,0,0,xgb_two_stage_renorm,0.0,0.05426083694763994,QB4
00-0039152,2025,6,TEN,QB,0,0,xgb_two_stage_renorm,0.0,0.05758289722260064,QB4
00-0039152,2025,7,TEN,QB,0,0,xgb_two_stage_renorm,0.0,0.06672976938656441,QB4
00-0039152,2025,8,TEN,QB,0,0,xgb_two_stage_renorm,0.0,0.05364986105446112,QB4
00-0039152,2025,9,TEN,QB,0,0,xgb_two_stage_renorm,0.0,0.04523376160933323,QB4
00-0039152,2025,11,TEN,QB,0,0,xgb_two_stage_renorm,0.0,0.04824664268329303,QB4
00-0039152,2025,12,TEN,QB,0,0,xgb_two_stage_renorm,0.0,0.052288128521841684,QB4
00-0039152,2025,13,TEN,QB,0,0,xgb_two_stage_renorm,0.0,0.05364671646651537,QB4
00-0039152,2025,14,TEN,QB,0,0,xgb_two_stage_renorm,0.0,0.05517761918705227,QB4
00-0039152,2025,15,TEN,QB,0,0,xgb_two_stage_renorm,0.0,0.051488398924238295,QB4
00-0039152,2025,16,TEN,QB,0,0,xgb_two_stage_renorm,0.0,0.0505975827611785,QB4
00-0039152,2025,17,TEN,QB,0,0,xgb_two_stage_renorm,0.0,0.043206370298059585,QB4
00-0039152,2025,18,TEN,QB,0,0,xgb_two_stage_renorm,0.0,0.035506020216242856,QB4
00-0039163,2025,1,HOU,QB,1,0,xgb_two_stage_renorm,0.0,0.7926196785528279,QB1
00-0039163,2025,2,HOU,QB,1,0,xgb_two_stage_renorm,1.0,0.8431406393421026,QB1
00-0039163,2025,3,HOU,QB,1,0,xgb_two_stage_renorm,1.0,0.841578410782745,QB1
00-0039163,2025,4,HOU,QB,0,0,xgb_two_stage_renorm,1.0,0.8962533159229458,QB1
00-0039163,2025,5,HOU,QB,0,0,xgb_two_stage_renorm,1.0,0.9208159013506785,QB1
00-0039163,2025,7,HOU,QB,0,0,xgb_two_stage_renorm,1.0,0.9300191991613844,QB1
00-0039163,2025,8,HOU,QB,0,0,xgb_two_stage_renorm,1.0,0.9406449319735303,QB1
00-0039163,2025,9,HOU,QB,0,0,xgb_two_stage_renorm,0.0,0.9441150291783945,QB1
00-0039163,2025,10,HOU,QB,0,0,xgb_two_stage_renorm,0.0,0.8642698203175982,QB1
00-0039163,2025,11,HOU,QB,0,0,xgb_two_stage_renorm,0.0,0.5239568963948361,QB2
00-0039163,2025,12,HOU,QB,0,0,xgb_two_stage_renorm,0.0,0.15004704001332725,QB2
00-0039163,2025,13,HOU,QB,0,0,xgb_two_stage_renorm,0.0,0.10935340230554635,QB2
00-0039163,2025,14,HOU,QB,0,0,xgb_two_stage_renorm,1.0,0.3325563701457329,QB2
00-0039163,2025,15,HOU,QB,0,0,xgb_two_stage_renorm,1.0,0.7364247781732294,QB1
00-0039163,2025,16,HOU,QB,0,0,xgb_two_stage_renorm,1.0,0.9420985829791545,QB1
00-0039163,2025,17,HOU,QB,0,0,xgb_two_stage_renorm,1.0,0.9487930935292062,QB1
00-0039163,2025,18,HOU,QB,0,0,xgb_two_stage_renorm,1.0,0.946178730098715,QB1
00-0039164,2025,1,IND,QB,1,0,xgb_two_stage_renorm,0.0,0.40802259230426735,QB1
00-0039164,2025,2,IND,QB,1,0,xgb_two_stage_renorm,0.0,0.18244203389600055,QB2
00-0039164,2025,3,IND,QB,1,0,xgb_two_stage_renorm,0.0,0.19914375357202524,QB2
00-0039164,2025,4,IND,QB,0,0,xgb_two_stage_renorm,0.0,0.02565882564876596,QB2
00-0039164,2025,5,IND,QB,0,0,xgb_two_stage_renorm,0.0,0.0331982246271057,QB2
00-0039164,2025,6,IND,QB,0,0,xgb_two_stage_renorm,0.0,0.032828899706739474,QB2
00-0039164,2025,7,IND,QB,0,0,xgb_two_stage_renorm,0.0,0.04935775455274386,QB2
00-0039164,2025,8,IND,QB,0,0,xgb_two_stage_renorm,0.0,0.059913902535319974,QB2
00-0039164,2025,9,IND,QB,0,0,xgb_two_stage_renorm,0.0,0.025825896810654864,QB4
00-0039164,2025,10,IND,QB,0,0,xgb_two_stage_renorm,0.0,0.02436071060212025,QB4
00-0039164,2025,12,IND,QB,0,0,xgb_two_stage_renorm,0.0,0.02129116207596618,QB4
00-0039164,2025,13,IND,QB,0,0,xgb_two_stage_renorm,0.0,0.027170412488022218,QB3
00-0039164,2025,14,IND,QB,0,0,xgb_two_stage_renorm,0.0,0.02215891480627688,QB3
00-0039164,2025,15,IND,QB,0,0,xgb_two_stage_renorm,0.0,0.027695695632862272,QB4
00-0039164,2025,16,IND,QB,0,0,xgb_two_stage_renorm,0.0,0.018681286869101445,QB4
00-0039164,2025,17,IND,QB,0,0,xgb_two_stage_renorm,0.0,0.025798716091188882,QB4
00-0039164,2025,18,IND,QB,0,0,xgb_two_stage_renorm,0.0,0.023404456068476492,QB4
00-0039331,2025,1,ATL,QB,1,0,xgb_two_stage_renorm,0.0,0.09340930677721619,QB4
00-0039331,2025,2,ATL,QB,1,0,xgb_two_stage_renorm,0.0,0.04920265011620111,QB4
00-0039331,2025,3,ATL,QB,1,0,xgb_two_stage_renorm,0.0,0.062350309716967846,QB4
00-0039331,2025,4,ATL,QB,0,0,xgb_two_stage_renorm,0.0,0.04009193832455433,QB4
00-0039331,2025,6,ATL,QB,0,0,xgb_two_stage_renorm,0.0,0.04155238602677461,QB4
00-0039331,2025,7,ATL,QB,0,0,xgb_two_stage_renorm,0.0,0.031861128149085136,QB4
00-0039331,2025,8,ATL,QB,0,0,xgb_two_stage_renorm,0.0,0.027643056398684744,QB4
00-0039331,2025,9,ATL,QB,0,0,xgb_two_stage_renorm,0.0,0.041613691328042615,QB4
00-0039331,2025,10,ATL,QB,0,0,xgb_two_stage_renorm,0.0,0.04297017203989292,QB4
00-0039331,2025,11,ATL,QB,0,0,xgb_two_stage_renorm,0.0,0.04294503484833806,QB4
00-0039331,2025,12,ATL,QB,0,0,xgb_two_stage_renorm,0.0,0.03848507778807109,QB4
00-0039331,2025,13,ATL,QB,0,0,xgb_two_stage_renorm,0.0,0.04745757060766338,QB4
00-0039331,2025,14,ATL,QB,0,0,xgb_two_stage_renorm,0.0,0.04963027806885452,QB4
00-0039331,2025,15,ATL,QB,0,0,xgb_two_stage_renorm,0.0,0.04457795269459383,QB4
00-0039331,2025,16,ATL,QB,0,0,xgb_two_stage_renorm,0.0,0.046303659603259974,QB4
00-0039331,2025,17,ATL,QB,0,0,xgb_two_stage_renorm,0.0,0.04175852617308163,QB4
00-0039331,2025,18,ATL,QB,0,0,xgb_two_stage_renorm,0.0,0.034794483976543826,QB4
00-0039376,2025,1,NO,QB,1,0,xgb_two_stage_renorm,0.0,0.2311525457374942,QB4
00-0039376,2025,2,NO,QB,1,0,xgb_two_stage_renorm,1.0,0.5528627478433404,QB1
00-0039376,2025,3,NO,QB,1,0,xgb_two_stage_renorm,1.0,0.6234504317839572,QB1
00-0039376,2025,4,NO,QB,0,0,xgb_two_stage_renorm,1.0,0.8601749263236146,QB1
00-0039376,2025,5,NO,QB,0,0,xgb_two_stage_renorm,1.0,0.8958304504294959,QB1
00-0039376,2025,6,NO,QB,0,0,xgb_two_stage_renorm,0.0,0.8602340598638795,QB1
00-0039376,2025,7,NO,QB,0,0,xgb_two_stage_renorm,1.0,0.8486885684956235,QB1
00-0039376,2025,8,NO,QB,0,0,xgb_two_stage_renorm,0.0,0.694381479332307,QB1
00-0039376,2025,9,NO,QB,0,0,xgb_two_stage_renorm,0.0,0.6953365239515141,QB1
00-0039376,2025,10,NO,QB,0,0,xgb_two_stage_renorm,0.0,0.4749889539032362,QB1
00-0039376,2025,12,NO,QB,0,0,xgb_two_stage_renorm,0.0,0.16825417704873058,QB3
00-0039376,2025,13,NO,QB,0,0,xgb_two_stage_renorm,0.0,0.07404941918805252,QB4
00-0039376,2025,14,NO,QB,0,0,xgb_two_stage_renorm,0.0,0.06703925081856885,QB4
00-0039376,2025,15,NO,QB,0,0,xgb_two_stage_renorm,0.0,0.09431505086212383,QB4
00-0039376,2025,16,NO,QB,0,0,xgb_two_stage_renorm,0.0,0.089849761032299,QB3
00-0039376,2025,17,NO,QB,0,0,xgb_two_stage_renorm,0.0,0.07978215671266985,QB3
00-0039376,2025,18,NO,QB,0,0,xgb_two_stage_renorm,0.0,0.060720709612133626,QB3
00-0039398,2025,1,DAL,QB,1,0,xgb_two_stage_renorm,0.0,0.23262774348517512,QB3
00-0039398,2025,2,DAL,QB,1,0,xgb_two_stage_renorm,0.0,0.11602938987188596,QB3
00-0039398,2025,3,DAL,QB,1,0,xgb_two_stage_renorm,0.0,0.06528116021416765,QB3
00-0039398,2025,4,DAL,QB,0,0,xgb_two_stage_renorm,0.0,0.033366813853567254,QB2
00-0039398,2025,5,DAL,QB,0,0,xgb_two_stage_renorm,0.0,0.029456079174762655,QB2
00-0039398,2025,6,DAL,QB,0,0,xgb_two_stage_renorm,0.0,0.025585484754334486,QB2
00-0039398,2025,7,DAL,QB,0,0,xgb_two_stage_renorm,0.0,0.015428741443922677,QB3
00-0039398,2025,8,DAL,QB,0,0,xgb_two_stage_renorm,1.0,0.01635676593898197,QB3
00-0039398,2025,9,DAL,QB,0,0,xgb_two_stage_renorm,0.0,0.04280792167854282,QB2
00-0039398,2025,11,DAL,QB,0,0,xgb_two_stage_renorm,0.0,0.04364894713733138,QB2
00-0039398,2025,12,DAL,QB,0,0,xgb_two_stage_renorm,0.0,0.04314801735825131,QB2
00-0039398,2025,13,DAL,QB,0,0,xgb_two_stage_renorm,0.0,0.021936531339491312,QB3
00-0039398,2025,14,DAL,QB,0,0,xgb_two_stage_renorm,0.0,0.02407234006127558,QB3
00-0039398,2025,15,DAL,QB,0,0,xgb_two_stage_renorm,0.0,0.02954641148427895,QB3
00-0039398,2025,16,DAL,QB,0,0,xgb_two_stage_renorm,0.0,0.03340652297241755,QB3
00-0039398,2025,17,DAL,QB,0,0,xgb_two_stage_renorm,0.0,0.033089237181635034,QB2
00-0039398,2025,18,DAL,QB,0,0,xgb_two_stage_renorm,0.0,0.022854341639798874,QB2
00-0039464,2025,1,CHI,QB,1,0,xgb_two_stage_renorm,0.0,0.08567084354058492,QB3
00-0039501,2025,1,CAR,QB,1,0,xgb_two_stage_renorm,0.0,0.08649082975543926,QB4
00-0039534,2025,1,SF,QB,1,0,xgb_two_stage_renorm,0.0,0.06788292232097799,QB4
00-0039534,2025,5,JAX,QB,1,0,xgb_two_stage_renorm,0.0,0.06145779897965728,QB3
00-0039534,2025,6,JAX,QB,1,0,xgb_two_stage_renorm,0.0,0.07049337386934357,QB3
00-0039534,2025,7,JAX,QB,0,0,xgb_two_stage_renorm,0.0,0.03008577143260699,QB3
00-0039534,2025,9,JAX,QB,0,0,xgb_two_stage_renorm,0.0,0.018790280498450277,QB3
00-0039534,2025,10,JAX,QB,0,0,xgb_two_stage_renorm,0.0,0.019397251504744084,QB3
00-0039534,2025,11,JAX,QB,0,0,xgb_two_stage_renorm,0.0,0.029605476620728568,QB3
00-0039534,2025,12,JAX,QB,0,0,xgb_two_stage_renorm,0.0,0.03700734222090688,QB3
00-0039534,2025,13,JAX,QB,0,0,xgb_two_stage_renorm,0.0,0.03274910527765338,QB3
00-0039534,2025,14,JAX,QB,0,0,xgb_two_stage_renorm,0.0,0.03046768443125216,QB3
00-0039534,2025,15,JAX,QB,0,0,xgb_two_stage_renorm,0.0,0.02766434053582945,QB3
00-0039534,2025,16,JAX,QB,0,0,xgb_two_stage_renorm,0.0,0.020244625268166012,QB3
00-0039534,2025,17,JAX,QB,0,0,xgb_two_stage_renorm,0.0,0.022291929318775248,QB3
00-0039534,2025,18,JAX,QB,0,0,xgb_two_stage_renorm,0.0,0.027501086623195874,QB3
00-0039575,2025,1,IND,QB,1,0,xgb_two_stage_renorm,0.0,0.1112066634449034,QB3
00-0039577,2025,1,ARI,QB,1,0,xgb_two_stage_renorm,0.0,0.07529345746209465,QB3
00-0039577,2025,2,ARI,QB,1,0,xgb_two_stage_renorm,0.0,0.04947116363892292,QB3
00-0039577,2025,3,ARI,QB,1,0,xgb_two_stage_renorm,0.0,0.06080514268060273,QB3
00-0039577,2025,4,ARI,QB,0,0,xgb_two_stage_renorm,0.0,0.04000945538459392,QB3
00-0039577,2025,5,ARI,QB,0,0,xgb_two_stage_renorm,0.0,0.041554836858448144,QB3
00-0039577,2025,6,ARI,QB,0,0,xgb_two_stage_renorm,0.0,0.036696130635123586,QB3
00-0039577,2025,7,ARI,QB,0,0,xgb_two_stage_renorm,0.0,0.04415863115867846,QB3
00-0039577,2025,9,ARI,QB,0,0,xgb_two_stage_renorm,0.0,0.04565347906343038,QB3
00-0039577,2025,10,ARI,QB,0,0,xgb_two_stage_renorm,0.0,0.02726536829157709,QB4
00-0039577,2025,11,ARI,QB,0,0,xgb_two_stage_renorm,0.0,0.022773643222796756,QB2
00-0039577,2025,12,ARI,QB,0,0,xgb_two_stage_renorm,0.0,0.02475261780602784,QB2
00-0039577,2025,13,ARI,QB,0,0,xgb_two_stage_renorm,0.0,0.029146725479836728,QB2
00-0039577,2025,14,ARI,QB,0,0,xgb_two_stage_renorm,0.0,0.029431794486740197,QB2
00-0039577,2025,15,ARI,QB,0,0,xgb_two_stage_renorm,0.0,0.02601145509451556,QB2
00-0039577,2025,16,ARI,QB,0,0,xgb_two_stage_renorm,0.0,0.02493141976963243,QB4
00-0039577,2025,17,ARI,QB,0,0,xgb_two_stage_renorm,0.0,0.031206863067957138,QB4
00-0039577,2025,18,ARI,QB,0,0,xgb_two_stage_renorm,0.0,0.026483998987919852,QB4
00-0039677,2025,1,WAS,QB,1,0,xgb_two_stage_renorm,0.0,0.08730409980949722,QB3
00-0039677,2025,2,WAS,QB,1,0,xgb_two_stage_renorm,0.0,0.05018247972646981,QB4
00-0039677,2025,3,WAS,QB,1,0,xgb_two_stage_renorm,0.0,0.041824302384990256,QB4
00-0039677,2025,4,WAS,QB,0,0,xgb_two_stage_renorm,0.0,0.04099350458122273,QB4
00-0039677,2025,5,WAS,QB,0,0,xgb_two_stage_renorm,0.0,0.043045674114612756,QB4
00-0039677,2025,6,WAS,QB,0,0,xgb_two_stage_renorm,0.0,0.05090806756349115,QB4
00-0039677,2025,7,WAS,QB,0,0,xgb_two_stage_renorm,0.0,0.04129597045604828,QB4
00-0039677,2025,8,WAS,QB,0,0,xgb_two_stage_renorm,0.0,0.02937185404212336,QB4
00-0039677,2025,9,WAS,QB,0,0,xgb_two_stage_renorm,0.0,0.0563649364904995,QB4
00-0039677,2025,10,WAS,QB,0,0,xgb_two_stage_renorm,0.0,0.06035245628417825,QB4
00-0039677,2025,11,WAS,QB,0,0,xgb_two_stage_renorm,0.0,0.05929790552363825,QB4
00-0039677,2025,13,WAS,QB,0,0,xgb_two_stage_renorm,0.0,0.051735467892084254,QB4
00-0039677,2025,14,WAS,QB,0,0,xgb_two_stage_renorm,0.0,0.03741199381651952,QB3
00-0039677,2025,15,WAS,QB,0,0,xgb_two_stage_renorm,0.0,0.06475308096377973,QB4
00-0039677,2025,16,WAS,QB,0,0,xgb_two_stage_renorm,0.0,0.05812618208654754,QB4
00-0039677,2025,17,WAS,QB,0,0,xgb_two_stage_renorm,0.0,0.058774165653861406,QB4
00-0039677,2025,18,WAS,QB,0,0,xgb_two_stage_renorm,0.0,0.06311415061314399,QB4
00-0039699,2025,1,SF,QB,1,0,xgb_two_stage_renorm,0.0,0.06788292232097799,QB4
00-0039732,2025,1,DEN,QB,1,0,xgb_two_stage_renorm,1.0,0.8023062363224751,QB1
00-0039732,2025,2,DEN,QB,1,0,xgb_two_stage_renorm,1.0,0.9070660668846272,QB1
00-0039732,2025,3,DEN,QB,1,0,xgb_two_stage_renorm,1.0,0.8978955560342912,QB1
00-0039732,2025,4,DEN,QB,0,0,xgb_two_stage_renorm,1.0,0.9163628185439692,QB1
00-0039732,2025,5,DEN,QB,0,0,xgb_two_stage_renorm,1.0,0.9411502406714677,QB1
00-0039732,2025,6,DEN,QB,0,0,xgb_two_stage_renorm,1.0,0.9412187941229069,QB1
00-0039732,2025,7,DEN,QB,0,0,xgb_two_stage_renorm,1.0,0.9479277939347611,QB1
00-0039732,2025,8,DEN,QB,0,0,xgb_two_stage_renorm,1.0,0.9498391541704657,QB1
00-0039732,2025,9,DEN,QB,0,0,xgb_two_stage_renorm,1.0,0.9468572267061419,QB1
00-0039732,2025,10,DEN,QB,0,0,xgb_two_stage_renorm,1.0,0.9518059239625014,QB1
00-0039732,2025,11,DEN,QB,0,0,xgb_two_stage_renorm,0.0,0.9551917221445211,QB1
00-0039732,2025,13,DEN,QB,0,0,xgb_two_stage_renorm,1.0,0.9452738874052694,QB1
00-0039732,2025,14,DEN,QB,0,0,xgb_two_stage_renorm,0.0,0.9300437698675282,QB1
00-0039732,2025,15,DEN,QB,0,0,xgb_two_stage_renorm,1.0,0.9254293741495484,QB1
00-0039732,2025,16,DEN,QB,0,0,xgb_two_stage_renorm,1.0,0.9430086151284992,QB1
00-0039732,2025,17,DEN,QB,0,0,xgb_two_stage_renorm,1.0,0.945401580618131,QB1
00-0039732,2025,18,DEN,QB,0,0,xgb_two_stage_renorm,0.0,0.9466513348306334,QB1
00-0039797,2025,1,NYJ,QB,1,0,xgb_two_stage_renorm,0.0,0.1640003896681262,QB3
00-0039797,2025,2,NYJ,QB,1,0,xgb_two_stage_renorm,0.0,0.08057487982664989,QB3
00-0039797,2025,3,NYJ,QB,1,0,xgb_two_stage_renorm,0.0,0.10047333674734085,QB3
00-0039797,2025,4,NYJ,QB,0,0,xgb_two_stage_renorm,0.0,0.05049676523011248,QB3
00-0039797,2025,5,NYJ,QB,0,0,xgb_two_stage_renorm,0.0,0.05101878772601537,QB3
00-0039797,2025,6,NYJ,QB,0,0,xgb_two_stage_renorm,0.0,0.04684115498596576,QB3
00-0039797,2025,7,NYJ,QB,0,0,xgb_two_stage_renorm,0.0,0.03958855670760283,QB3
00-0039797,2025,8,NYJ,QB,0,0,xgb_two_stage_renorm,0.0,0.07004973500625752,QB3
00-0039797,2025,10,NYJ,QB,0,0,xgb_two_stage_renorm,0.0,0.05439801239638308,QB3
00-0039797,2025,11,NYJ,QB,0,0,xgb_two_stage_renorm,0.0,0.054953471454365695,QB3
00-0039797,2025,12,NYJ,QB,0,0,xgb_two_stage_renorm,0.0,0.03627779139113229,QB3
00-0039797,2025,13,NYJ,QB,0,0,xgb_two_stage_renorm,0.0,0.04578706482844576,QB3
00-0039797,2025,14,NYJ,QB,0,0,xgb_two_stage_renorm,0.0,0.04735246593927556,QB3
00-0039797,2025,15,NYJ,QB,0,0,xgb_two_stage_renorm,0.0,0.05530746124512007,QB4
00-0039797,2025,16,NYJ,QB,0,0,xgb_two_stage_renorm,0.0,0.059125763422292074,QB4
00-0039797,2025,17,NYJ,QB,0,0,xgb_two_stage_renorm,0.0,0.049420811956759,QB4
00-0039797,2025,18,NYJ,QB,0,0,xgb_two_stage_renorm,0.0,0.05282259890964771,QB4
00-0039801,2025,1,BAL,QB,1,0,xgb_two_stage_renorm,0.0,0.053885301927210416,QB4
00-0039851,2025,1,NE,QB,1,0,xgb_two_stage_renorm,1.0,0.5902465732468528,QB3
00-0039851,2025,2,NE,QB,1,0,xgb_two_stage_renorm,1.0,0.8873734555160203,QB1
00-0039851,2025,3,NE,QB,1,0,xgb_two_stage_renorm,1.0,0.892133153422712,QB1
00-0039851,2025,4,NE,QB,0,0,xgb_two_stage_renorm,1.0,0.9519307803604975,QB1
00-0039851,2025,5,NE,QB,0,0,xgb_two_stage_renorm,0.0,0.9445469189046414,QB1
00-0039851,2025,6,NE,QB,0,0,xgb_two_stage_renorm,1.0,0.9342102750529396,QB1
00-0039851,2025,7,NE,QB,0,0,xgb_two_stage_renorm,1.0,0.9486905163887666,QB1
00-0039851,2025,8,NE,QB,0,0,xgb_two_stage_renorm,1.0,0.9431977206761946,QB1
00-0039851,2025,9,NE,QB,0,0,xgb_two_stage_renorm,1.0,0.9449282780341065,QB1
00-0039851,2025,10,NE,QB,0,0,xgb_two_stage_renorm,1.0,0.9394843990991129,QB1
00-0039851,2025,11,NE,QB,0,0,xgb_two_stage_renorm,1.0,0.9406483155594528,QB1
00-0039851,2025,12,NE,QB,0,0,xgb_two_stage_renorm,1.0,0.923617514309644,QB1
00-0039851,2025,13,NE,QB,0,0,xgb_two_stage_renorm,1.0,0.9158258787254556,QB1
00-0039851,2025,15,NE,QB,0,0,xgb_two_stage_renorm,0.0,0.9209126954712099,QB1
00-0039851,2025,16,NE,QB,0,0,xgb_two_stage_renorm,1.0,0.9027959685509075,QB1
00-0039851,2025,17,NE,QB,0,0,xgb_two_stage_renorm,1.0,0.9079649890289591,QB1
00-0039851,2025,18,NE,QB,0,0,xgb_two_stage_renorm,1.0,0.9131693768168028,QB1
00-0039910,2025,1,WAS,QB,1,0,xgb_two_stage_renorm,1.0,0.6792051564294092,QB4
00-0039910,2025,2,WAS,QB,1,0,xgb_two_stage_renorm,1.0,0.8307449225740552,QB1
00-0039910,2025,3,WAS,QB,1,0,xgb_two_stage_renorm,0.0,0.8593470044709963,QB1
00-0039910,2025,4,WAS,QB,0,0,xgb_two_stage_renorm,0.0,0.7241530390899791,QB1
00-0039910,2025,5,WAS,QB,0,0,xgb_two_stage_renorm,1.0,0.30315040424992923,QB2
00-0039910,2025,6,WAS,QB,0,0,xgb_two_stage_renorm,1.0,0.31258467799764766,QB2
00-0039910,2025,7,WAS,QB,0,0,xgb_two_stage_renorm,1.0,0.7081568227153597,QB1
00-0039910,2025,8,WAS,QB,0,0,xgb_two_stage_renorm,0.0,0.885844540452884,QB1
00-0039910,2025,9,WAS,QB,0,0,xgb_two_stage_renorm,0.0,0.6490448590200492,QB1
00-0039910,2025,10,WAS,QB,0,0,xgb_two_stage_renorm,0.0,0.6722702992354427,QB1
00-0039910,2025,11,WAS,QB,0,0,xgb_two_stage_renorm,0.0,0.29458625872119143,QB2
00-0039910,2025,13,WAS,QB,0,0,xgb_two_stage_renorm,0.0,0.2463758243123182,QB2
00-0039910,2025,14,WAS,QB,0,0,xgb_two_stage_renorm,0.0,0.054376426157618195,QB4
00-0039910,2025,15,WAS,QB,0,0,xgb_two_stage_renorm,0.0,0.19416427345035586,QB2
00-0039910,2025,16,WAS,QB,0,0,xgb_two_stage_renorm,0.0,0.17411606800524795,QB2
00-0039910,2025,17,WAS,QB,0,0,xgb_two_stage_renorm,0.0,0.17237365049603837,QB2
00-0039910,2025,18,WAS,QB,0,0,xgb_two_stage_renorm,0.0,0.07744129707502691,QB4
00-0039917,2025,1,ATL,QB,1,0,xgb_two_stage_renorm,1.0,0.15704910929875354,QB4
00-0039917,2025,2,ATL,QB,1,0,xgb_two_stage_renorm,0.0,0.6336991902190083,QB1
00-0039917,2025,3,ATL,QB,1,0,xgb_two_stage_renorm,0.0,0.5633346156741872,QB1
00-0039917,2025,4,ATL,QB,0,0,xgb_two_stage_renorm,1.0,0.8752617616845456,QB1
00-0039917,2025,6,ATL,QB,0,0,xgb_two_stage_renorm,1.0,0.8707908124938007,QB1
00-0039917,2025,7,ATL,QB,0,0,xgb_two_stage_renorm,1.0,0.8989905454422381,QB1
00-0039917,2025,8,ATL,QB,0,0,xgb_two_stage_renorm,0.0,0.9163685372023145,QB1
00-0039917,2025,9,ATL,QB,0,0,xgb_two_stage_renorm,1.0,0.7865274802449147,QB1
00-0039917,2025,10,ATL,QB,0,0,xgb_two_stage_renorm,1.0,0.7841753427556105,QB1
00-0039917,2025,11,ATL,QB,0,0,xgb_two_stage_renorm,0.0,0.7846434982339942,QB1
00-0039917,2025,12,ATL,QB,0,0,xgb_two_stage_renorm,0.0,0.8032575499913066,QB1
00-0039917,2025,13,ATL,QB,0,0,xgb_two_stage_renorm,0.0,0.601652037421338,QB1
00-0039917,2025,14,ATL,QB,0,0,xgb_two_stage_renorm,0.0,0.20686988927426425,QB2
00-0039917,2025,15,ATL,QB,0,0,xgb_two_stage_renorm,0.0,0.08794612043392024,QB4
00-0039917,2025,16,ATL,QB,0,0,xgb_two_stage_renorm,0.0,0.08393490920121183,QB4
00-0039917,2025,17,ATL,QB,0,0,xgb_two_stage_renorm,0.0,0.07634431487362899,QB4
00-0039917,2025,18,ATL,QB,0,0,xgb_two_stage_renorm,0.0,0.06040664829407064,QB4
00-0039918,2025,1,CHI,QB,1,0,xgb_two_stage_renorm,1.0,0.7407694130986094,QB4
00-0039918,2025,2,CHI,QB,1,0,xgb_two_stage_renorm,1.0,0.8721732641750479,QB1
00-0039918,2025,3,CHI,QB,1,0,xgb_two_stage_renorm,1.0,0.8934663872973837,QB1
00-0039918,2025,4,CHI,QB,0,0,xgb_two_stage_renorm,1.0,0.9442839212451082,QB1
00-0039918,2025,6,CHI,QB,0,0,xgb_two_stage_renorm,1.0,0.9539533076168274,QB1
00-0039918,2025,7,CHI,QB,0,0,xgb_two_stage_renorm,0.0,0.9474111370601211,QB1
00-0039918,2025,8,CHI,QB,0,0,xgb_two_stage_renorm,0.0,0.9066693993827316,QB1
00-0039918,2025,9,CHI,QB,0,0,xgb_two_stage_renorm,0.75,0.9018587305433999,QB1
00-0039918,2025,10,CHI,QB,0,0,xgb_two_stage_renorm,1.0,0.9113925012446662,QB1
00-0039918,2025,11,CHI,QB,0,0,xgb_two_stage_renorm,0.0,0.9177612591430135,QB1
00-0039918,2025,12,CHI,QB,0,0,xgb_two_stage_renorm,1.0,0.9180714884701323,QB1
00-0039918,2025,13,CHI,QB,0,0,xgb_two_stage_renorm,1.0,0.9378209334368081,QB1
00-0039918,2025,14,CHI,QB,0,0,xgb_two_stage_renorm,1.0,0.9349187566993107,QB1
00-0039918,2025,15,CHI,QB,0,0,xgb_two_stage_renorm,1.0,0.9444271955628233,QB1
00-0039918,2025,16,CHI,QB,0,0,xgb_two_stage_renorm,1.0,0.945767962357232,QB1
00-0039918,2025,17,CHI,QB,0,0,xgb_two_stage_renorm,1.0,0.9576723486089311,QB1
00-0039918,2025,18,CHI,QB,0,0,xgb_two_stage_renorm,1.0,0.9444562888333844,QB1
00-0039923,2025,1,MIN,QB,1,0,xgb_two_stage_renorm,1.0,0.30245296158131185,QB2
00-0039923,2025,2,MIN,QB,1,0,xgb_two_stage_renorm,0.0,0.7095188248355602,QB1
00-0039923,2025,3,MIN,QB,1,0,xgb_two_stage_renorm,0.0,0.47088347289521043,QB1
00-0039923,2025,4,MIN,QB,0,0,xgb_two_stage_renorm,0.0,0.465680749181137,QB1
00-0039923,2025,5,MIN,QB,0,0,xgb_two_stage_renorm,0.0,0.13493012260745582,QB2
00-0039923,2025,7,MIN,QB,0,0,xgb_two_stage_renorm,0.0,0.051260588752884605,QB3
00-0039923,2025,8,MIN,QB,0,0,xgb_two_stage_renorm,0.0,0.054573118037869614,QB3
00-0039923,2025,9,MIN,QB,0,0,xgb_two_stage_renorm,1.0,0.050315775472117366,QB4
00-0039923,2025,10,MIN,QB,0,0,xgb_two_stage_renorm,1.0,0.21705280526167453,QB2
00-0039923,2025,11,MIN,QB,0,0,xgb_two_stage_renorm,1.0,0.5507946211912125,QB1
00-0039923,2025,12,MIN,QB,0,0,xgb_two_stage_renorm,0.0,0.7795774008549213,QB1
00-0039923,2025,13,MIN,QB,0,0,xgb_two_stage_renorm,0.0,0.7158550841377062,QB1
00-0039923,2025,14,MIN,QB,0,0,xgb_two_stage_renorm,1.0,0.5869369980421288,QB1
00-0039923,2025,15,MIN,QB,0,0,xgb_two_stage_renorm,1.0,0.695836747055389,QB1
00-0039923,2025,16,MIN,QB,0,0,xgb_two_stage_renorm,0.0,0.7133399791002294,QB1
00-0039923,2025,17,MIN,QB,0,0,xgb_two_stage_renorm,0.0,0.8012905430847806,QB1
00-0039923,2025,18,MIN,QB,0,0,xgb_two_stage_renorm,0.0,0.546690864164516,QB1
00-0040014,2025,1,PHI,QB,1,0,xgb_two_stage_renorm,0.0,0.08720078900563485,QB4
00-0040014,2025,2,PHI,QB,1,0,xgb_two_stage_renorm,0.0,0.07005136049801067,QB4
00-0040014,2025,3,PHI,QB,1,0,xgb_two_stage_renorm,0.0,0.07567594684485948,QB4
00-0040014,2025,4,PHI,QB,0,0,xgb_two_stage_renorm,0.0,0.046371371111794735,QB4
00-0040014,2025,5,PHI,QB,0,0,xgb_two_stage_renorm,0.0,0.03238884520733023,QB4
00-0040014,2025,6,PHI,QB,0,0,xgb_two_stage_renorm,0.0,0.026676212521412473,QB4
00-0040014,2025,7,PHI,QB,0,0,xgb_two_stage_renorm,0.0,0.038890243420297316,QB4
00-0040014,2025,8,PHI,QB,0,0,xgb_two_stage_renorm,0.0,0.03472688192228735,QB4
00-0040014,2025,10,PHI,QB,0,0,xgb_two_stage_renorm,0.0,0.037157292120137755,QB4
00-0040014,2025,11,PHI,QB,0,0,xgb_two_stage_renorm,0.0,0.03241008187279562,QB4
00-0040014,2025,12,PHI,QB,0,0,xgb_two_stage_renorm,0.0,0.04364644261305388,QB4
00-0040014,2025,13,PHI,QB,0,0,xgb_two_stage_renorm,0.0,0.0468725689537515,QB4
00-0040014,2025,14,PHI,QB,0,0,xgb_two_stage_renorm,0.0,0.05385073239846372,QB4
00-0040014,2025,15,PHI,QB,0,0,xgb_two_stage_renorm,0.0,0.05968358341110906,QB4
00-0040014,2025,16,PHI,QB,0,0,xgb_two_stage_renorm,0.0,0.047502750639179685,QB4
00-0040014,2025,17,PHI,QB,0,0,xgb_two_stage_renorm,0.0,0.04417479197566132,QB4
00-0040014,2025,18,PHI,QB,0,0,xgb_two_stage_renorm,0.0,0.029848161630947577,QB4
00-0040203,2025,1,PIT,QB,1,0,xgb_two_stage_renorm,0.0,0.07073001972295376,QB4
00-0040203,2025,2,PIT,QB,1,0,xgb_two_stage_renorm,0.0,0.033687982036052846,QB4
00-0040203,2025,3,PIT,QB,1,0,xgb_two_stage_renorm,0.0,0.040605328263008604,QB4
00-0040203,2025,4,PIT,QB,0,0,xgb_two_stage_renorm,0.0,0.027458230327587964,QB4
00-0040203,2025,6,PIT,QB,0,0,xgb_two_stage_renorm,0.0,0.0367884687242076,QB4
00-0040203,2025,7,PIT,QB,0,0,xgb_two_stage_renorm,0.0,0.03276272125297956,QB4
00-0040203,2025,8,PIT,QB,0,0,xgb_two_stage_renorm,0.0,0.033772708474454155,QB4
00-0040203,2025,9,PIT,QB,0,0,xgb_two_stage_renorm,0.0,0.034804510776146505,QB4
00-0040203,2025,10,PIT,QB,0,0,xgb_two_stage_renorm,0.0,0.040121476363330445,QB4
00-0040203,2025,11,PIT,QB,0,0,xgb_two_stage_renorm,0.0,0.03971927435423426,QB4
00-0040203,2025,12,PIT,QB,0,0,xgb_two_stage_renorm,0.0,0.04364718897954675,QB4
00-0040203,2025,13,PIT,QB,0,0,xgb_two_stage_renorm,0.0,0.046679457445018585,QB4
00-0040203,2025,14,PIT,QB,0,0,xgb_two_stage_renorm,0.0,0.05349918388610299,QB4
00-0040203,2025,15,PIT,QB,0,0,xgb_two_stage_renorm,0.0,0.05540863020744383,QB4
00-0040203,2025,16,PIT,QB,0,0,xgb_two_stage_renorm,0.0,0.03807974532587987,QB4
00-0040203,2025,17,PIT,QB,0,0,xgb_two_stage_renorm,0.0,0.037736628841332436,QB4
00-0040203,2025,18,PIT,QB,0,0,xgb_two_stage_renorm,0.0,0.04466468915971503,QB4
00-0040206,2025,1,IND,QB,1,0,xgb_two_stage_renorm,0.0,0.11959493216427265,QB4
00-0040206,2025,2,IND,QB,1,0,xgb_two_stage_renorm,0.0,0.05676119676673296,QB3
00-0040206,2025,3,IND,QB,1,0,xgb_two_stage_renorm,0.0,0.06515386576335731,QB3
00-0040206,2025,4,IND,QB,0,0,xgb_two_stage_renorm,0.0,0.032054065749002235,QB3
00-0040206,2025,5,IND,QB,0,0,xgb_two_stage_renorm,0.0,0.04090905226877864,QB3
00-0040206,2025,6,IND,QB,0,0,xgb_two_stage_renorm,0.0,0.04224173701626886,QB3
00-0040206,2025,7,IND,QB,0,0,xgb_two_stage_renorm,0.0,0.04468157446568856,QB4
00-0040206,2025,8,IND,QB,0,0,xgb_two_stage_renorm,0.0,0.048642826541671715,QB4
00-0040206,2025,9,IND,QB,0,0,xgb_two_stage_renorm,0.0,0.043224524607731254,QB2
00-0040206,2025,10,IND,QB,0,0,xgb_two_stage_renorm,0.0,0.03826773136936262,QB2
00-0040206,2025,12,IND,QB,0,0,xgb_two_stage_renorm,0.0,0.03269654216537465,QB2
00-0040206,2025,13,IND,QB,0,0,xgb_two_stage_renorm,0.0,0.03785101348363872,QB4
00-0040206,2025,14,IND,QB,0,0,xgb_two_stage_renorm,0.0,0.030099178197494317,QB4
00-0040206,2025,15,IND,QB,0,0,xgb_two_stage_renorm,0.0,0.08654674256966409,QB2
00-0040206,2025,16,IND,QB,0,0,xgb_two_stage_renorm,0.0,0.05425242291987387,QB3
00-0040206,2025,17,IND,QB,0,0,xgb_two_stage_renorm,0.0,0.07033203012158754,QB2
00-0040206,2025,18,IND,QB,0,0,xgb_two_stage_renorm,1.0,0.027653353792082277,QB2
00-0040211,2025,1,HOU,QB,1,0,xgb_two_stage_renorm,0.0,0.09753050249389714,QB3
00-0040211,2025,2,HOU,QB,1,0,xgb_two_stage_renorm,0.0,0.07571881857338879,QB3
00-0040211,2025,3,HOU,QB,1,0,xgb_two_stage_renorm,0.0,0.07532310999810751,QB3
00-0040211,2025,4,HOU,QB,0,0,xgb_two_stage_renorm,0.0,0.05187334203852716,QB3
00-0040211,2025,5,HOU,QB,0,0,xgb_two_stage_renorm,0.0,0.03959204932466074,QB3
00-0040211,2025,7,HOU,QB,0,0,xgb_two_stage_renorm,0.0,0.0328459004075659,QB3
00-0040211,2025,8,HOU,QB,0,0,xgb_two_stage_renorm,0.0,0.02832434389313883,QB3
00-0040211,2025,9,HOU,QB,0,0,xgb_two_stage_renorm,0.0,0.027061988517300326,QB3
00-0040211,2025,10,HOU,QB,0,0,xgb_two_stage_renorm,0.0,0.04046284117483428,QB3
00-0040211,2025,11,HOU,QB,0,0,xgb_two_stage_renorm,0.0,0.05061647568269793,QB3
00-0040211,2025,12,HOU,QB,0,0,xgb_two_stage_renorm,0.0,0.04034091891169372,QB3
00-0040211,2025,13,HOU,QB,0,0,xgb_two_stage_renorm,0.0,0.04154257175526955,QB3
00-0040211,2025,14,HOU,QB,0,0,xgb_two_stage_renorm,0.0,0.05115639632094577,QB3
00-0040211,2025,15,HOU,QB,0,0,xgb_two_stage_renorm,0.0,0.04665244490874787,QB3
00-0040211,2025,16,HOU,QB,0,0,xgb_two_stage_renorm,0.0,0.023851063259325542,QB3
00-0040211,2025,17,HOU,QB,0,0,xgb_two_stage_renorm,0.0,0.021919352260465853,QB3
00-0040211,2025,18,HOU,QB,0,0,xgb_two_stage_renorm,0.0,0.023118994953959575,QB3
00-0040222,2025,1,LV,QB,1,0,xgb_two_stage_renorm,0.0,0.069889517764703,QB4
00-0040222,2025,2,LV,QB,1,0,xgb_two_stage_renorm,0.0,0.051604773398046484,QB4
00-0040222,2025,3,LV,QB,1,0,xgb_two_stage_renorm,0.0,0.04830563201921034,QB4
00-0040222,2025,4,LV,QB,0,0,xgb_two_stage_renorm,0.0,0.03312134187506536,QB4
00-0040222,2025,5,LV,QB,0,0,xgb_two_stage_renorm,0.0,0.03511545258160659,QB4
00-0040222,2025,6,LV,QB,0,0,xgb_two_stage_renorm,0.0,0.03273731883435632,QB4
00-0040222,2025,7,LV,QB,0,0,xgb_two_stage_renorm,0.0,0.047347856381490305,QB4
00-0040222,2025,9,LV,QB,0,0,xgb_two_stage_renorm,0.0,0.039170791006151354,QB4
00-0040222,2025,10,LV,QB,0,0,xgb_two_stage_renorm,0.0,0.030488425199063623,QB4
00-0040222,2025,11,LV,QB,0,0,xgb_two_stage_renorm,0.0,0.03490240967956341,QB4
00-0040222,2025,12,LV,QB,0,0,xgb_two_stage_renorm,0.0,0.04196816384695385,QB4
00-0040222,2025,13,LV,QB,0,0,xgb_two_stage_renorm,0.0,0.03338290561376997,QB4
00-0040222,2025,14,LV,QB,0,0,xgb_two_stage_renorm,0.0,0.02880601146383557,QB4
00-0040222,2025,15,LV,QB,0,0,xgb_two_stage_renorm,0.0,0.03331439760520081,QB4
00-0040222,2025,16,LV,QB,0,0,xgb_two_stage_renorm,0.0,0.0644862781707429,QB4
00-0040222,2025,17,LV,QB,0,0,xgb_two_stage_renorm,0.0,0.0644118489034189,QB4
00-0040222,2025,18,MIA,QB,0,0,xgb_two_stage_renorm,0.0,0.11348496427786478,QB4
00-0040234,2025,1,MIA,QB,1,0,xgb_two_stage_renorm,0.0,0.1266096004703708,QB3
00-0040234,2025,2,MIA,QB,1,0,xgb_two_stage_renorm,0.0,0.09058998555808456,QB3
00-0040234,2025,3,MIA,QB,1,0,xgb_two_stage_renorm,0.0,0.06737361945505131,QB3
00-0040234,2025,4,MIA,QB,0,0,xgb_two_stage_renorm,0.0,0.0419790377984779,QB3
00-0040234,2025,5,MIA,QB,0,0,xgb_two_stage_renorm,0.0,0.03874866059039333,QB3
00-0040234,2025,6,MIA,QB,0,0,xgb_two_stage_renorm,0.0,0.041484786109926126,QB3
00-0040234,2025,7,MIA,QB,0,0,xgb_two_stage_renorm,0.0,0.03835908426631965,QB3
00-0040234,2025,8,MIA,QB,0,0,xgb_two_stage_renorm,0.0,0.0738358219412695,QB2
00-0040234,2025,9,MIA,QB,0,0,xgb_two_stage_renorm,0.0,0.07128798100850764,QB2
00-0040234,2025,10,MIA,QB,0,0,xgb_two_stage_renorm,0.0,0.07017873486015114,QB2
00-0040234,2025,11,MIA,QB,0,0,xgb_two_stage_renorm,0.0,0.03547792042341077,QB3
00-0040234,2025,13,MIA,QB,0,0,xgb_two_stage_renorm,0.0,0.04778458628194101,QB3
00-0040234,2025,14,MIA,QB,0,0,xgb_two_stage_renorm,0.0,0.044631521216121614,QB3
00-0040234,2025,15,MIA,QB,0,0,xgb_two_stage_renorm,0.0,0.03839101840589473,QB3
00-0040234,2025,16,MIA,QB,0,0,xgb_two_stage_renorm,0.0,0.034839459625725704,QB3
00-0040234,2025,17,MIA,QB,0,0,xgb_two_stage_renorm,1.0,0.14921540622673762,QB2
00-0040234,2025,18,MIA,QB,0,0,xgb_two_stage_renorm,1.0,0.17313575891241884,QB1
00-0040330,2025,1,JAX,QB,1,0,xgb_two_stage_renorm,0.0,0.15092339451474965,QB4
00-0040330,2025,2,JAX,QB,1,0,xgb_two_stage_renorm,0.0,0.06864214411770625,QB3
00-0040330,2025,3,JAX,QB,1,0,xgb_two_stage_renorm,0.0,0.05694700593829321,QB3
00-0040330,2025,4,JAX,QB,0,0,xgb_two_stage_renorm,0.0,0.036908310647617466,QB3
00-0040330,2025,18,IND,QB,0,0,xgb_two_stage_renorm,0.0,0.02949001609667469,QB4
00-0040378,2025,1,CIN,QB,1,0,xgb_two_stage_renorm,0.0,0.07087172275747751,QB4
00-0040398,2025,1,NYJ,QB,1,0,xgb_two_stage_renorm,0.0,0.176370865465191,QB4
00-0040398,2025,2,NYJ,QB,1,0,xgb_two_stage_renorm,0.0,0.08057487982664989,QB4
00-0040398,2025,3,NYJ,QB,1,0,xgb_two_stage_renorm,0.0,0.10047333674734085,QB4
00-0040398,2025,4,NYJ,QB,0,0,xgb_two_stage_renorm,0.0,0.05049676523011248,QB4
00-0040398,2025,5,NYJ,QB,0,0,xgb_two_stage_renorm,0.0,0.05101878772601537,QB4
00-0040398,2025,6,NYJ,QB,0,0,xgb_two_stage_renorm,0.0,0.04684115498596576,QB4
00-0040398,2025,7,NYJ,QB,0,0,xgb_two_stage_renorm,0.0,0.03958855670760283,QB4
00-0040398,2025,8,NYJ,QB,0,0,xgb_two_stage_renorm,0.0,0.07004973500625752,QB4
00-0040398,2025,10,NYJ,QB,0,0,xgb_two_stage_renorm,0.0,0.05439801239638308,QB4
00-0040398,2025,11,NYJ,QB,0,0,xgb_two_stage_renorm,0.0,0.054953471454365695,QB4
00-0040398,2025,12,NYJ,QB,0,0,xgb_two_stage_renorm,0.0,0.03627779139113229,QB4
00-0040398,2025,13,NYJ,QB,0,0,xgb_two_stage_renorm,0.0,0.04578706482844576,QB4
00-0040398,2025,14,NYJ,QB,0,0,xgb_two_stage_renorm,0.0,0.04735246593927556,QB4
00-0040398,2025,15,NYJ,QB,0,0,xgb_two_stage_renorm,1.0,0.14399246423596404,QB2
00-0040398,2025,16,NYJ,QB,0,0,xgb_two_stage_renorm,0.0,0.4359191873514554,QB1
00-0040398,2025,17,NYJ,QB,0,0,xgb_two_stage_renorm,0.0,0.6843160168927105,QB1
00-0040398,2025,18,NYJ,QB,0,0,xgb_two_stage_renorm,1.0,0.6762530901101725,QB1
00-0040415,2025,1,TB,QB,1,0,xgb_two_stage_renorm,0.0,0.07826037448718516,QB4
00-0040415,2025,2,TB,QB,1,0,xgb_two_stage_renorm,0.0,0.04857957997741695,QB3
00-0040415,2025,3,TB,QB,1,0,xgb_two_stage_renorm,0.0,0.044220899334116624,QB3
00-0040415,2025,4,TB,QB,0,0,xgb_two_stage_renorm,0.0,0.027074675181335314,QB3
00-0040415,2025,5,TB,QB,0,0,xgb_two_stage_renorm,0.0,0.023993462609125802,QB3
00-0040415,2025,6,TB,QB,0,0,xgb_two_stage_renorm,0.0,0.0254729138671706,QB3
00-0040415,2025,7,TB,QB,0,0,xgb_two_stage_renorm,0.0,0.023997703833594237,QB3
00-0040415,2025,8,TB,QB,0,0,xgb_two_stage_renorm,0.0,0.028513362553767376,QB3
00-0040415,2025,10,TB,QB,0,0,xgb_two_stage_renorm,0.0,0.03787777932141481,QB3
00-0040415,2025,11,TB,QB,0,0,xgb_two_stage_renorm,0.0,0.03453880539964311,QB3
00-0040415,2025,12,TB,QB,0,0,xgb_two_stage_renorm,0.0,0.043158252619549774,QB3
00-0040415,2025,13,TB,QB,0,0,xgb_two_stage_renorm,0.0,0.04265278701004691,QB3
00-0040415,2025,14,TB,QB,0,0,xgb_two_stage_renorm,0.0,0.04863398907275351,QB3
00-0040415,2025,15,TB,QB,0,0,xgb_two_stage_renorm,0.0,0.04011284458737365,QB3
00-0040415,2025,16,TB,QB,0,0,xgb_two_stage_renorm,0.0,0.038713422491482,QB3
00-0040415,2025,17,TB,QB,0,0,xgb_two_stage_renorm,0.0,0.04957991780692376,QB3
00-0040415,2025,18,TB,QB,0,0,xgb_two_stage_renorm,0.0,0.04133921384561083,QB3
00-0040464,2025,1,LAC,QB,1,0,xgb_two_stage_renorm,0.0,0.07828227613982221,QB4
00-0040464,2025,2,LAC,QB,1,0,xgb_two_stage_renorm,0.0,0.04694961464427675,QB3
00-0040464,2025,3,LAC,QB,1,0,xgb_two_stage_renorm,0.0,0.04307584682766301,QB3
00-0040464,2025,4,LAC,QB,0,0,xgb_two_stage_renorm,0.0,0.023886095771553525,QB3
00-0040464,2025,5,LAC,QB,0,0,xgb_two_stage_renorm,0.0,0.03065369486086987,QB3
00-0040464,2025,6,LAC,QB,0,0,xgb_two_stage_renorm,0.0,0.044475668383108395,QB3
00-0040464,2025,7,LAC,QB,0,0,xgb_two_stage_renorm,0.0,0.040665965044841546,QB3
00-0040464,2025,8,LAC,QB,0,0,xgb_two_stage_renorm,0.0,0.025491120642930607,QB3
00-0040464,2025,9,LAC,QB,0,0,xgb_two_stage_renorm,0.0,0.02357675023397238,QB3
00-0040464,2025,10,LAC,QB,0,0,xgb_two_stage_renorm,0.0,0.02445378456305235,QB3
00-0040464,2025,11,LAC,QB,0,0,xgb_two_stage_renorm,0.0,0.023620150925292797,QB3
00-0040464,2025,13,LAC,QB,0,0,xgb_two_stage_renorm,0.0,0.033244044718668035,QB3
00-0040464,2025,14,LAC,QB,0,0,xgb_two_stage_renorm,0.0,0.03884505882442617,QB3
00-0040464,2025,15,LAC,QB,0,0,xgb_two_stage_renorm,0.0,0.0353159292780505,QB3
00-0040464,2025,16,LAC,QB,0,0,xgb_two_stage_renorm,0.0,0.029982600277342036,QB3
00-0040464,2025,17,LAC,QB,0,0,xgb_two_stage_renorm,0.0,0.02894967440068018,QB3
00-0040464,2025,18,LAC,QB,0,0,xgb_two_stage_renorm,0.0,0.03180995523440026,QB3
00-0040494,2025,1,MIN,QB,1,0,xgb_two_stage_renorm,0.0,0.3252668527468361,QB3
00-0040494,2025,2,MIN,QB,1,0,xgb_two_stage_renorm,0.0,0.13707727719540802,QB3
00-0040494,2025,3,MIN,QB,1,0,xgb_two_stage_renorm,0.0,0.15137522137935208,QB4
00-0040494,2025,4,MIN,QB,0,0,xgb_two_stage_renorm,0.0,0.07461053899140249,QB3
00-0040494,2025,5,MIN,QB,0,0,xgb_two_stage_renorm,0.0,0.06174820706388431,QB3
00-0040494,2025,7,MIN,QB,0,0,xgb_two_stage_renorm,0.0,0.04453814699849045,QB2
00-0040494,2025,8,MIN,QB,0,0,xgb_two_stage_renorm,0.0,0.0439341285522292,QB2
00-0040494,2025,9,MIN,QB,0,0,xgb_two_stage_renorm,0.0,0.04837016786517521,QB2
00-0040494,2025,10,MIN,QB,0,0,xgb_two_stage_renorm,0.0,0.06463966631508067,QB3
00-0040494,2025,11,MIN,QB,0,0,xgb_two_stage_renorm,0.0,0.07441043060009532,QB3
00-0040494,2025,12,MIN,QB,0,0,xgb_two_stage_renorm,0.0,0.061217687002189124,QB4
00-0040494,2025,13,MIN,QB,0,0,xgb_two_stage_renorm,0.0,0.06281374259828401,QB4
00-0040494,2025,14,MIN,QB,0,0,xgb_two_stage_renorm,0.0,0.18063705669620228,QB2
00-0040494,2025,15,MIN,QB,0,0,xgb_two_stage_renorm,0.0,0.16415307519094177,QB2
00-0040494,2025,16,MIN,QB,0,0,xgb_two_stage_renorm,0.0,0.15527366917195132,QB2
00-0040494,2025,17,MIN,QB,0,0,xgb_two_stage_renorm,0.0,0.059713884862538376,QB2
00-0040494,2025,18,MIN,QB,0,0,xgb_two_stage_renorm,0.0,0.23090217982991096,QB2
00-0040569,2025,1,NE,QB,1,0,xgb_two_stage_renorm,0.0,0.11724437571070753,QB4
00-0040589,2025,1,SF,QB,1,0,xgb_two_stage_renorm,0.0,0.07300330068901119,QB4
00-0040589,2025,2,SF,QB,1,0,xgb_two_stage_renorm,0.0,0.031024400428769503,QB4
00-0040589,2025,3,SF,QB,1,0,xgb_two_stage_renorm,0.0,0.031398585577200475,QB4
00-0040589,2025,4,SF,QB,0,0,xgb_two_stage_renorm,0.0,0.028525247468759986,QB4
00-0040589,2025,5,SF,QB,0,0,xgb_two_stage_renorm,0.0,0.03241716043684727,QB4
00-0040589,2025,6,SF,QB,0,0,xgb_two_stage_renorm,0.0,0.031021824005150647,QB4
00-0040589,2025,7,SF,QB,0,0,xgb_two_stage_renorm,0.0,0.04599675374603662,QB4
00-0040589,2025,8,SF,QB,0,0,xgb_two_stage_renorm,0.0,0.03680431059983828,QB4
00-0040589,2025,9,SF,QB,0,0,xgb_two_stage_renorm,0.0,0.04314422308560434,QB4
00-0040589,2025,10,SF,QB,0,0,xgb_two_stage_renorm,0.0,0.032813395302616344,QB4
00-0040589,2025,11,SF,QB,0,0,xgb_two_stage_renorm,0.0,0.026274193314935242,QB4
00-0040589,2025,12,SF,QB,0,0,xgb_two_stage_renorm,0.0,0.037241763116710215,QB4
00-0040589,2025,13,SF,QB,0,0,xgb_two_stage_renorm,0.0,0.045664910430530156,QB4
00-0040589,2025,15,SF,QB,0,0,xgb_two_stage_renorm,0.0,0.03887710211712568,QB3
00-0040589,2025,16,SF,QB,0,0,xgb_two_stage_renorm,0.0,0.03887041585553282,QB4
00-0040589,2025,17,SF,QB,0,0,xgb_two_stage_renorm,0.0,0.02601135934814409,QB4
00-0040589,2025,18,SF,QB,0,0,xgb_two_stage_renorm,0.0,0.03287982307537392,QB4
00-0040591,2025,1,GB,QB,1,0,xgb_two_stage_renorm,0.0,0.08309139837367743,QB4
00-0040656,2025,1,NO,QB,1,0,xgb_two_stage_renorm,0.0,0.09477308498909573,QB4
00-0040656,2025,2,NO,QB,1,0,xgb_two_stage_renorm,0.0,0.06118041314463526,QB4
00-0040656,2025,3,NO,QB,1,0,xgb_two_stage_renorm,0.0,0.04863451967103488,QB4
00-0040656,2025,4,NO,QB,0,0,xgb_two_stage_renorm,0.0,0.027745863235247876,QB4
00-0040656,2025,5,NO,QB,0,0,xgb_two_stage_renorm,0.0,0.020751914410776402,QB4
00-0040656,2025,6,NO,QB,0,0,xgb_two_stage_renorm,0.0,0.02846785294831833,QB4
00-0040656,2025,7,NO,QB,0,0,xgb_two_stage_renorm,0.0,0.03207135770511249,QB4
00-0040656,2025,8,NO,QB,0,0,xgb_two_stage_renorm,0.0,0.04917902213730297,QB4
00-0040656,2025,9,NO,QB,0,0,xgb_two_stage_renorm,0.0,0.03487848535609094,QB4
00-0040656,2025,10,NO,QB,0,0,xgb_two_stage_renorm,0.0,0.048421889204058356,QB4
00-0040656,2025,12,NO,QB,0,0,xgb_two_stage_renorm,0.0,0.04365823546323802,QB4
00-0040656,2025,13,NO,QB,0,0,xgb_two_stage_renorm,0.0,0.03045931699084532,QB4
00-0040656,2025,14,NO,QB,0,0,xgb_two_stage_renorm,0.0,0.028701004671903514,QB4
00-0040656,2025,15,NO,QB,0,0,xgb_two_stage_renorm,0.0,0.0465546501232444,QB4
00-0040656,2025,16,NO,QB,0,0,xgb_two_stage_renorm,0.0,0.04442002244553052,QB4
00-0040656,2025,17,NO,QB,0,0,xgb_two_stage_renorm,0.0,0.040588358671766814,QB4
00-0040656,2025,18,NO,QB,0,0,xgb_two_stage_renorm,0.0,0.03142346905425981,QB4
00-0040668,2025,1,CLE,QB,1,0,xgb_two_stage_renorm,0.0,0.11564239749362841,QB4
00-0040668,2025,2,CLE,QB,1,0,xgb_two_stage_renorm,0.0,0.05210262065337037,QB4
00-0040668,2025,3,CLE,QB,1,0,xgb_two_stage_renorm,0.0,0.04411626188707719,QB4
00-0040668,2025,4,CLE,QB,0,0,xgb_two_stage_renorm,0.0,0.03463564512891176,QB4
00-0040668,2025,5,CLE,QB,0,0,xgb_two_stage_renorm,0.0,0.041136504988494846,QB4
00-0040668,2025,6,CLE,QB,0,0,xgb_two_stage_renorm,0.0,0.1299278463711149,QB4
00-0040668,2025,7,CLE,QB,0,0,xgb_two_stage_renorm,0.0,0.06449355885762023,QB4
00-0040668,2025,8,CLE,QB,0,0,xgb_two_stage_renorm,0.0,0.04947335502434033,QB4
00-0040668,2025,10,CLE,QB,0,0,xgb_two_stage_renorm,0.0,0.05289576828615773,QB4
00-0040668,2025,11,CLE,QB,0,0,xgb_two_stage_renorm,0.0,0.041953285924202804,QB4
00-0040668,2025,12,CLE,QB,0,0,xgb_two_stage_renorm,1.0,0.07583375048689632,QB2
00-0040668,2025,13,CLE,QB,0,0,xgb_two_stage_renorm,1.0,0.3512197566815949,QB2
00-0040668,2025,14,CLE,QB,0,0,xgb_two_stage_renorm,1.0,0.7822055416013295,QB1
00-0040668,2025,15,CLE,QB,0,0,xgb_two_stage_renorm,0.0,0.8883055986876329,QB1
00-0040668,2025,16,CLE,QB,0,0,xgb_two_stage_renorm,1.0,0.8553382033891611,QB1
00-0040668,2025,17,CLE,QB,0,0,xgb_two_stage_renorm,1.0,0.8229266739074333,QB1
00-0040668,2025,18,CLE,QB,0,0,xgb_two_stage_renorm,0.0,0.8230893612564597,QB1
00-0040673,2025,1,SEA,QB,1,0,xgb_two_stage_renorm,0.0,0.08530962457557437,QB3
00-0040673,2025,2,SEA,QB,1,0,xgb_two_stage_renorm,0.0,0.07517081778761567,QB2
00-0040673,2025,3,SEA,QB,1,0,xgb_two_stage_renorm,0.0,0.05692517217101704,QB2
00-0040673,2025,4,SEA,QB,0,0,xgb_two_stage_renorm,0.0,0.037378695283578345,QB3
00-0040673,2025,5,SEA,QB,0,0,xgb_two_stage_renorm,0.0,0.03157841537705529,QB3
00-0040673,2025,6,SEA,QB,0,0,xgb_two_stage_renorm,0.0,0.026638530525849843,QB3
00-0040673,2025,7,SEA,QB,0,0,xgb_two_stage_renorm,0.0,0.02527418233815371,QB2
00-0040673,2025,9,SEA,QB,0,0,xgb_two_stage_renorm,0.0,0.029637154983574263,QB2
00-0040673,2025,10,SEA,QB,0,0,xgb_two_stage_renorm,0.0,0.026897294333350304,QB3
00-0040673,2025,11,SEA,QB,0,0,xgb_two_stage_renorm,0.0,0.04250822505614988,QB3
00-0040673,2025,12,SEA,QB,0,0,xgb_two_stage_renorm,0.0,0.042804801206468325,QB3
00-0040673,2025,13,SEA,QB,0,0,xgb_two_stage_renorm,0.0,0.0497931667660162,QB3
00-0040673,2025,14,SEA,QB,0,0,xgb_two_stage_renorm,0.0,0.043417812457070507,QB3
00-0040673,2025,15,SEA,QB,0,0,xgb_two_stage_renorm,0.0,0.03304381573924286,QB3
00-0040673,2025,16,SEA,QB,0,0,xgb_two_stage_renorm,0.0,0.036476770083081714,QB3
00-0040673,2025,17,SEA,QB,0,0,xgb_two_stage_renorm,0.0,0.03873538960604818,QB3
00-0040673,2025,18,SEA,QB,0,0,xgb_two_stage_renorm,0.0,0.045315222664309325,QB3
00-0040676,2025,1,TEN,QB,1,0,xgb_two_stage_renorm,0.0,0.13379496503872135,QB4
00-0040676,2025,2,TEN,QB,1,0,xgb_two_stage_renorm,1.0,0.6103576084010638,QB1
00-0040676,2025,3,TEN,QB,1,0,xgb_two_stage_renorm,1.0,0.6633771936308396,QB1
00-0040676,2025,4,TEN,QB,0,0,xgb_two_stage_renorm,0.0,0.8757090481246882,QB1
00-0040676,2025,5,TEN,QB,0,0,xgb_two_stage_renorm,0.0,0.8372174891570802,QB1
00-0040676,2025,6,TEN,QB,0,0,xgb_two_stage_renorm,1.0,0.8272513083321981,QB1
00-0040676,2025,7,TEN,QB,0,0,xgb_two_stage_renorm,1.0,0.7998106918403067,QB1
00-0040676,2025,8,TEN,QB,0,0,xgb_two_stage_renorm,1.0,0.8390504168366166,QB1
00-0040676,2025,9,TEN,QB,0,0,xgb_two_stage_renorm,0.0,0.8642987151720003,QB1
00-0040676,2025,11,TEN,QB,0,0,xgb_two_stage_renorm,1.0,0.855260071950121,QB1
00-0040676,2025,12,TEN,QB,0,0,xgb_two_stage_renorm,1.0,0.8431356144344749,QB1
00-0040676,2025,13,TEN,QB,0,0,xgb_two_stage_renorm,0.0,0.8390598506004538,QB1
00-0040676,2025,14,TEN,QB,0,0,xgb_two_stage_renorm,1.0,0.8344671424388431,QB1
00-0040676,2025,15,TEN,QB,0,0,xgb_two_stage_renorm,1.0,0.8455348032272851,QB1
00-0040676,2025,16,TEN,QB,0,0,xgb_two_stage_renorm,1.0,0.8482072517164645,QB1
00-0040676,2025,17,TEN,QB,0,0,xgb_two_stage_renorm,1.0,0.8703808891058212,QB1
00-0040676,2025,18,TEN,QB,0,0,xgb_two_stage_renorm,0.0,0.8934819393512714,QB1
00-0040691,2025,1,NYG,QB,1,0,xgb_two_stage_renorm,0.0,0.11040560975825166,QB3
00-0040691,2025,2,NYG,QB,1,0,xgb_two_stage_renorm,0.0,0.057456924657045674,QB3
00-0040691,2025,3,NYG,QB,1,0,xgb_two_stage_renorm,0.0,0.03400139551162419,QB2
00-0040691,2025,4,NYG,QB,0,0,xgb_two_stage_renorm,1.0,0.029994511610173608,QB2
00-0040691,2025,5,NYG,QB,0,0,xgb_two_stage_renorm,1.0,0.19892198325804253,QB2
00-0040691,2025,6,NYG,QB,0,0,xgb_two_stage_renorm,1.0,0.6013891110527052,QB1
00-0040691,2025,7,NYG,QB,0,0,xgb_two_stage_renorm,1.0,0.8166354563873147,QB1
00-0040691,2025,8,NYG,QB,0,0,xgb_two_stage_renorm,1.0,0.8535232279792639,QB1
00-0040691,2025,9,NYG,QB,0,0,xgb_two_stage_renorm,1.0,0.8974327307924704,QB1
00-0040691,2025,10,NYG,QB,0,0,xgb_two_stage_renorm,0.0,0.9248244267931257,QB1
00-0040691,2025,11,NYG,QB,0,0,xgb_two_stage_renorm,0.0,0.9040877629355624,QB1
00-0040691,2025,12,NYG,QB,0,0,xgb_two_stage_renorm,0.0,0.7515352055605015,QB1
00-0040691,2025,13,NYG,QB,0,0,xgb_two_stage_renorm,1.0,0.3267880388800618,QB2
00-0040691,2025,15,NYG,QB,0,0,xgb_two_stage_renorm,1.0,0.39245572071641116,QB2
00-0040691,2025,16,NYG,QB,0,0,xgb_two_stage_renorm,0.0,0.7126564931373917,QB1
00-0040691,2025,17,NYG,QB,0,0,xgb_two_stage_renorm,0.0,0.928374609015731,QB1
00-0040691,2025,18,NYG,QB,0,0,xgb_two_stage_renorm,1.0,0.9015614512078044,QB1
00-0040704,2025,1,CLE,QB,1,0,xgb_two_stage_renorm,0.0,0.11564239749362841,QB4
00-0040704,2025,2,CLE,QB,1,0,xgb_two_stage_renorm,0.5,0.05210262065337037,QB4
00-0040704,2025,3,CLE,QB,1,0,xgb_two_stage_renorm,0.0,0.07528082293807471,QB2
00-0040704,2025,4,CLE,QB,0,0,xgb_two_stage_renorm,0.0,0.04774856478397547,QB2
00-0040704,2025,5,CLE,QB,0,0,xgb_two_stage_renorm,1.0,0.0538825385894341,QB2
00-0040704,2025,6,CLE,QB,0,0,xgb_two_stage_renorm,0.0,0.6102164608866553,QB1
00-0040704,2025,7,CLE,QB,0,0,xgb_two_stage_renorm,0.0,0.8065193234271393,QB1
00-0040704,2025,8,CLE,QB,0,0,xgb_two_stage_renorm,1.0,0.851579934926979,QB1
00-0040704,2025,10,CLE,QB,0,0,xgb_two_stage_renorm,1.0,0.8413126951415268,QB1
00-0040704,2025,11,CLE,QB,0,0,xgb_two_stage_renorm,0.0,0.8741401422273916,QB1
00-0040704,2025,12,CLE,QB,0,0,xgb_two_stage_renorm,0.0,0.8235456416759516,QB1
00-0040704,2025,13,CLE,QB,0,0,xgb_two_stage_renorm,0.0,0.517909723002064,QB1
00-0040704,2025,14,CLE,QB,0,0,xgb_two_stage_renorm,0.0,0.12710030603658715,QB2
00-0040704,2025,15,CLE,QB,0,0,xgb_two_stage_renorm,0.0,0.05013160415016224,QB2
00-0040704,2025,16,CLE,QB,0,0,xgb_two_stage_renorm,0.0,0.0619214960359761,QB2
00-0040704,2025,17,CLE,QB,0,0,xgb_two_stage_renorm,0.0,0.07555477449728558,QB2
00-0040704,2025,18,CLE,QB,0,0,xgb_two_stage_renorm,0.0,0.07301067192183687,QB2
00-0040743,2025,1,NO,QB,1,0,xgb_two_stage_renorm,0.0,0.09477308498909573,QB4
00-0040743,2025,2,NO,QB,1,0,xgb_two_stage_renorm,0.0,0.06118041314463526,QB4
00-0040743,2025,3,NO,QB,1,0,xgb_two_stage_renorm,0.0,0.04863451967103488,QB4
00-0040743,2025,4,NO,QB,0,0,xgb_two_stage_renorm,0.0,0.028841620735393928,QB2
00-0040743,2025,5,NO,QB,0,0,xgb_two_stage_renorm,0.0,0.021161891927398476,QB2
00-0040743,2025,6,NO,QB,0,0,xgb_two_stage_renorm,0.0,0.029859836139655246,QB3
00-0040743,2025,7,NO,QB,0,0,xgb_two_stage_renorm,0.0,0.03236672609074835,QB4
00-0040743,2025,8,NO,QB,0,0,xgb_two_stage_renorm,0.0,0.04964761192561361,QB4
00-0040743,2025,9,NO,QB,0,0,xgb_two_stage_renorm,1.0,0.05878854979939587,QB2
00-0040743,2025,10,NO,QB,0,0,xgb_two_stage_renorm,1.0,0.25447748591811287,QB2
00-0040743,2025,12,NO,QB,0,0,xgb_two_stage_renorm,0.0,0.7000489772348962,QB1
00-0040743,2025,13,NO,QB,0,0,xgb_two_stage_renorm,1.0,0.834334819738349,QB1
00-0040743,2025,14,NO,QB,0,0,xgb_two_stage_renorm,0.0,0.8458899183666491,QB1
00-0040743,2025,15,NO,QB,0,0,xgb_two_stage_renorm,1.0,0.764629505989862,QB1
00-0040743,2025,16,NO,QB,0,0,xgb_two_stage_renorm,0.5,0.775703239485296,QB1
00-0040743,2025,17,NO,QB,0,0,xgb_two_stage_renorm,1.0,0.7914727523566508,QB1
00-0040743,2025,18,NO,QB,0,0,xgb_two_stage_renorm,1.0,0.7744266200972474,QB1
00-0022942,2025,15,IND,QB,1,0,hierarchical_conditional_renorm,1.0,0.0,QB4
00-0022942,2025,16,IND,QB,1,0,hierarchical_conditional_renorm,1.0,0.42325172802304023,QB1
00-0022942,2025,17,IND,QB,1,0,hierarchical_conditional_renorm,1.0,0.7252940517360988,QB1
00-0022942,2025,18,IND,QB,0,0,hierarchical_conditional_renorm,0.0,0.9896353149024872,QB1
00-0023459,2025,1,PIT,QB,1,0,hierarchical_conditional_renorm,1.0,0.0,QB1
00-0023459,2025,2,PIT,QB,1,0,hierarchical_conditional_renorm,1.0,1.0,QB1
00-0023459,2025,3,PIT,QB,1,0,hierarchical_conditional_renorm,1.0,0.9535548944924392,QB1
00-0023459,2025,4,PIT,QB,0,0,hierarchical_conditional_renorm,1.0,0.9893590813349188,QB1
00-0023459,2025,6,PIT,QB,0,0,hierarchical_conditional_renorm,1.0,0.9886709231145485,QB1
00-0023459,2025,7,PIT,QB,0,0,hierarchical_conditional_renorm,1.0,1.0,QB1
00-0023459,2025,8,PIT,QB,0,0,hierarchical_conditional_renorm,1.0,1.0,QB1
00-0023459,2025,9,PIT,QB,0,0,hierarchical_conditional_renorm,1.0,1.0,QB1
00-0023459,2025,10,PIT,QB,0,0,hierarchical_conditional_renorm,1.0,1.0,QB1
00-0023459,2025,11,PIT,QB,0,0,hierarchical_conditional_renorm,0.5,1.0,QB1
00-0023459,2025,12,PIT,QB,0,0,hierarchical_conditional_renorm,0.0,0.8773848402502992,QB1
00-0023459,2025,13,PIT,QB,0,0,hierarchical_conditional_renorm,0.0,0.5831076619736341,QB1
00-0023459,2025,14,PIT,QB,0,0,hierarchical_conditional_renorm,1.0,0.5782900988579188,QB2
00-0023459,2025,15,PIT,QB,0,0,hierarchical_conditional_renorm,1.0,0.6986197286323338,QB1
00-0023459,2025,16,PIT,QB,0,0,hierarchical_conditional_renorm,1.0,0.9830220370914486,QB1
00-0023459,2025,17,PIT,QB,0,0,hierarchical_conditional_renorm,0.0,1.0,QB1
00-0023459,2025,18,PIT,QB,0,0,hierarchical_conditional_renorm,1.0,1.0,QB1
00-0026158,2025,1,CLE,QB,1,0,hierarchical_conditional_renorm,1.0,0.0,QB1
00-0026158,2025,2,CLE,QB,1,0,hierarchical_conditional_renorm,0.5,1.0,QB1
00-0026158,2025,3,CLE,QB,1,0,hierarchical_conditional_renorm,0.0,0.9687659835555552,QB1
00-0026158,2025,4,CLE,QB,0,0,hierarchical_conditional_renorm,0.0,0.9837728400040093,QB1
00-0026158,2025,5,CLE,QB,0,0,hierarchical_conditional_renorm,0.0,0.9781087021324005,QB1
00-0026158,2025,6,CIN,QB,0,0,hierarchical_conditional_renorm,1.0,0.5917418135378045,QB2
00-0026158,2025,7,CIN,QB,0,0,hierarchical_conditional_renorm,1.0,0.512432160596114,QB2
00-0026158,2025,8,CIN,QB,0,0,hierarchical_conditional_renorm,1.0,0.6230912269259535,QB1
00-0026158,2025,9,CIN,QB,0,0,hierarchical_conditional_renorm,1.0,1.0,QB1
00-0026158,2025,11,CIN,QB,0,0,hierarchical_conditional_renorm,1.0,1.0,QB1
00-0026158,2025,12,CIN,QB,0,0,hierarchical_conditional_renorm,1.0,1.0,QB1
00-0026158,2025,13,CIN,QB,0,0,hierarchical_conditional_renorm,0.0,0.9919507873852476,QB1
00-0026158,2025,14,CIN,QB,0,0,hierarchical_conditional_renorm,0.0,0.6981839416572078,QB1
00-0026158,2025,15,CIN,QB,0,0,hierarchical_conditional_renorm,0.0,0.4687409045885403,QB2
00-0026158,2025,16,CIN,QB,0,0,hierarchical_conditional_renorm,0.0,0.0,QB2
00-0026158,2025,17,CIN,QB,0,0,hierarchical_conditional_renorm,0.0,0.017792559822727833,QB2
00-0026158,2025,18,CIN,QB,0,0,hierarchical_conditional_renorm,0.0,0.08087997134026463,QB2
00-0026300,2025,1,WAS,QB,1,0,hierarchical_conditional_renorm,0.0,0.0,QB1
00-0026300,2025,2,WAS,QB,1,0,hierarchical_conditional_renorm,0.0,0.0,QB2
00-0026300,2025,3,WAS,QB,1,0,hierarchical_conditional_renorm,0.0,0.0,QB2
00-0026300,2025,4,WAS,QB,0,0,hierarchical_conditional_renorm,0.0,0.0,QB3
00-0026300,2025,5,WAS,QB,0,0,hierarchical_conditional_renorm,0.0,0.0,QB3
00-0026300,2025,6,WAS,QB,0,0,hierarchical_conditional_renorm,0.0,0.0,QB3
00-0026300,2025,7,WAS,QB,0,0,hierarchical_conditional_renorm,0.0,0.0,QB3
00-0026300,2025,8,WAS,QB,0,0,hierarchical_conditional_renorm,0.0,0.0,QB3
00-0026300,2025,9,WAS,QB,0,0,hierarchical_conditional_renorm,0.0,0.0,QB3
00-0026300,2025,10,WAS,QB,0,0,hierarchical_conditional_renorm,0.0,0.0,QB3
00-0026300,2025,11,WAS,QB,0,0,hierarchical_conditional_renorm,0.0,0.0,QB3
00-0026300,2025,13,WAS,QB,0,0,hierarchical_conditional_renorm,0.0,0.0,QB3
00-0026300,2025,14,WAS,QB,0,0,hierarchical_conditional_renorm,0.0,0.0,QB2
00-0026300,2025,15,WAS,QB,0,0,hierarchical_conditional_renorm,0.0,0.0,QB3
00-0026300,2025,16,WAS,QB,0,0,hierarchical_conditional_renorm,0.0,0.0,QB3
00-0026300,2025,17,WAS,QB,0,0,hierarchical_conditional_renorm,0.0,0.06831262046872436,QB3
00-0026300,2025,18,WAS,QB,0,0,hierarchical_conditional_renorm,1.0,0.38266171461725246,QB2
00-0026498,2025,1,LA,QB,1,0,hierarchical_conditional_renorm,1.0,0.0,QB1
00-0026498,2025,2,LA,QB,1,0,hierarchical_conditional_renorm,1.0,1.0,QB1
00-0026498,2025,3,LA,QB,1,0,hierarchical_conditional_renorm,1.0,1.0,QB1
00-0026498,2025,4,LA,QB,0,0,hierarchical_conditional_renorm,1.0,1.0,QB1
00-0026498,2025,5,LA,QB,0,0,hierarchical_conditional_renorm,1.0,1.0,QB1
00-0026498,2025,6,LA,QB,0,0,hierarchical_conditional_renorm,1.0,1.0,QB1
00-0026498,2025,7,LA,QB,0,0,hierarchical_conditional_renorm,1.0,1.0,QB1
00-0026498,2025,9,LA,QB,0,0,hierarchical_conditional_renorm,1.0,1.0,QB1
00-0026498,2025,10,LA,QB,0,0,hierarchical_conditional_renorm,1.0,1.0,QB1
00-0026498,2025,11,LA,QB,0,0,hierarchical_conditional_renorm,1.0,1.0,QB1
00-0026498,2025,12,LA,QB,0,0,hierarchical_conditional_renorm,1.0,1.0,QB1
00-0026498,2025,13,LA,QB,0,0,hierarchical_conditional_renorm,1.0,1.0,QB1
00-0026498,2025,14,LA,QB,0,0,hierarchical_conditional_renorm,1.0,1.0,QB1
00-0026498,2025,15,LA,QB,0,0,hierarchical_conditional_renorm,1.0,1.0,QB1
00-0026498,2025,16,LA,QB,0,0,hierarchical_conditional_renorm,1.0,1.0,QB1
00-0026498,2025,17,LA,QB,0,0,hierarchical_conditional_renorm,1.0,1.0,QB1
00-0026498,2025,18,LA,QB,0,0,hierarchical_conditional_renorm,1.0,1.0,QB1
00-0027973,2025,1,CAR,QB,1,0,hierarchical_conditional_renorm,0.0,0.0,QB1
00-0027973,2025,2,CAR,QB,1,0,hierarchical_conditional_renorm,0.0,0.0,QB2
00-0027973,2025,3,CAR,QB,1,0,hierarchical_conditional_renorm,0.0,0.0,QB2
00-0027973,2025,4,CAR,QB,0,0,hierarchical_conditional_renorm,0.5,0.0,QB2
00-0027973,2025,5,CAR,QB,0,0,hierarchical_conditional_renorm,0.0,0.03228289000746174,QB2
00-0027973,2025,6,CAR,QB,0,0,hierarchical_conditional_renorm,0.0,0.03426689867737414,QB2
00-0027973,2025,7,CAR,QB,0,0,hierarchical_conditional_renorm,0.0,0.03472863018398243,QB2
00-0027973,2025,8,CAR,QB,0,0,hierarchical_conditional_renorm,0.0,0.050213158809861505,QB2
00-0027973,2025,9,CAR,QB,0,0,hierarchical_conditional_renorm,0.0,0.3612930514050432,QB2
00-0027973,2025,10,CAR,QB,0,0,hierarchical_conditional_renorm,0.0,0.3635246526869513,QB2
00-0027973,2025,11,CAR,QB,0,0,hierarchical_conditional_renorm,0.0,0.2980794875028343,QB2
00-0027973,2025,12,CAR,QB,0,0,hierarchical_conditional_renorm,0.0,0.0,QB2
00-0027973,2025,13,CAR,QB,0,0,hierarchical_conditional_renorm,0.0,0.0,QB2
00-0027973,2025,15,CAR,QB,0,0,hierarchical_conditional_renorm,0.0,0.0,QB2
00-0027973,2025,16,CAR,QB,0,0,hierarchical_conditional_renorm,0.0,0.0,QB2
00-0027973,2025,17,CAR,QB,0,0,hierarchical_conditional_renorm,0.0,0.0,QB2
00-0027973,2025,18,CAR,QB,0,0,hierarchical_conditional_renorm,0.0,0.0,QB2
00-0028118,2025,1,NYJ,QB,1,0,hierarchical_conditional_renorm,0.0,0.0,QB1
00-0028118,2025,2,NYJ,QB,1,0,hierarchical_conditional_renorm,1.0,0.0,QB2
00-0028118,2025,3,NYJ,QB,1,0,hierarchical_conditional_renorm,1.0,0.26760915885313064,QB2
00-0028118,2025,4,NYJ,QB,0,0,hierarchical_conditional_renorm,0.0,0.5322984007435786,QB2
00-0028118,2025,5,NYJ,QB,0,0,hierarchical_conditional_renorm,0.0,0.5049150845409005,QB2
00-0028118,2025,6,NYJ,QB,0,0,hierarchical_conditional_renorm,0.0,0.34916450808124566,QB2
00-0028118,2025,7,NYJ,QB,0,0,hierarchical_conditional_renorm,0.0,0.0,QB2
00-0028118,2025,8,NYJ,QB,0,0,hierarchical_conditional_renorm,0.0,0.27860105401962626,QB2
00-0028118,2025,10,NYJ,QB,0,0,hierarchical_conditional_renorm,0.0,0.2733986202299377,QB2
00-0028118,2025,11,NYJ,QB,0,0,hierarchical_conditional_renorm,0.0,0.26535831279058575,QB2
00-0028118,2025,12,NYJ,QB,0,0,hierarchical_conditional_renorm,1.0,0.0,QB2
00-0028118,2025,13,NYJ,QB,0,0,hierarchical_conditional_renorm,1.0,0.3399391842905171,QB2
00-0028118,2025,14,NYJ,QB,0,0,hierarchical_conditional_renorm,0.0,0.5743702860778457,QB1
00-0028118,2025,15,NYJ,QB,0,0,hierarchical_conditional_renorm,0.0,0.6926937782818628,QB1
00-0028118,2025,16,NYJ,QB,0,0,hierarchical_conditional_renorm,0.0,0.41213710013297944,QB2
00-0028118,2025,17,NYJ,QB,0,0,hierarchical_conditional_renorm,0.0,0.03730011221428034,QB2
00-0028118,2025,18,NYJ,QB,0,0,hierarchical_conditional_renorm,0.0,0.0,QB2
00-0028986,2025,1,CHI,QB,1,0,hierarchical_conditional_renorm,0.0,0.0,QB1
00-0028986,2025,2,CHI,QB,1,0,hierarchical_conditional_renorm,0.0,0.0,QB2
00-0028986,2025,3,CHI,QB,1,0,hierarchical_conditional_renorm,0.0,0.0,QB3
00-0028986,2025,4,CHI,QB,0,0,hierarchical_conditional_renorm,0.0,0.0,QB3
00-0028986,2025,6,CHI,QB,0,0,hierarchical_conditional_renorm,0.0,0.0,QB3
00-0028986,2025,7,CHI,QB,0,0,hierarchical_conditional_renorm,0.0,0.0,QB2
00-0028986,2025,8,CHI,QB,0,0,hierarchical_conditional_renorm,0.0,0.0,QB2
00-0028986,2025,9,CHI,QB,0,0,hierarchical_conditional_renorm,0.0,0.0,QB2
00-0028986,2025,10,CHI,QB,0,0,hierarchical_conditional_renorm,0.0,0.0,QB3
00-0028986,2025,11,CHI,QB,0,0,hierarchical_conditional_renorm,0.0,0.0,QB3
00-0028986,2025,12,CHI,QB,0,0,hierarchical_conditional_renorm,0.0,0.0,QB3
00-0028986,2025,13,CHI,QB,0,0,hierarchical_conditional_renorm,0.0,0.0,QB3
00-0028986,2025,14,CHI,QB,0,0,hierarchical_conditional_renorm,0.0,0.0,QB3
00-0028986,2025,15,CHI,QB,0,0,hierarchical_conditional_renorm,0.0,0.0,QB2
00-0028986,2025,16,CHI,QB,0,0,hierarchical_conditional_renorm,0.0,0.0,QB2
00-0028986,2025,17,CHI,QB,0,0,hierarchical_conditional_renorm,0.0,0.0,QB2
00-0028986,2025,18,CHI,QB,0,0,hierarchical_conditional_renorm,0.0,0.0,QB2
00-0029263,2025,1,NYG,QB,1,0,hierarchical_conditional_renorm,0.0,0.0,QB1
00-0029263,2025,2,NYG,QB,1,0,hierarchical_conditional_renorm,1.0,1.0,QB1
00-0029263,2025,3,NYG,QB,1,0,hierarchical_conditional_renorm,0.0,1.0,QB1
00-0029263,2025,4,NYG,QB,0,0,hierarchical_conditional_renorm,0.0,1.0,QB1
00-0029263,2025,5,NYG,QB,0,0,hierarchical_conditional_renorm,0.0,0.7450576520759933,QB1
00-0029263,2025,6,NYG,QB,0,0,hierarchical_conditional_renorm,0.0,0.44532400831563407,QB2
00-0029263,2025,7,NYG,QB,0,0,hierarchical_conditional_renorm,0.0,0.041903601405483375,QB2
00-0029263,2025,8,NYG,QB,0,0,hierarchical_conditional_renorm,0.0,0.011558976854261556,QB2
00-0029263,2025,9,NYG,QB,0,0,hierarchical_conditional_renorm,0.0,0.010270898197341394,QB2
00-0029263,2025,10,NYG,QB,0,0,hierarchical_conditional_renorm,0.0,0.0,QB2
00-0029263,2025,11,NYG,QB,0,0,hierarchical_conditional_renorm,0.0,0.07420257275346621,QB2
00-0029263,2025,12,NYG,QB,0,0,hierarchical_conditional_renorm,0.0,0.061371709958958146,QB3
00-0029263,2025,13,NYG,QB,0,0,hierarchical_conditional_renorm,0.0,0.05443564883918078,QB3
00-0029263,2025,15,NYG,QB,0,0,hierarchical_conditional_renorm,0.0,0.0,QB3
00-0029263,2025,16,NYG,QB,0,0,hierarchical_conditional_renorm,0.0,0.0,QB3
00-0029263,2025,17,NYG,QB,0,0,hierarchical_conditional_renorm,0.0,0.0,QB3
00-0029263,2025,18,NYG,QB,0,0,hierarchical_conditional_renorm,0.0,0.0,QB3
00-0029604,2025,1,ATL,QB,1,0,hierarchical_conditional_renorm,0.0,0.0,QB1
00-0029604,2025,2,ATL,QB,1,0,hierarchical_conditional_renorm,0.0,0.0,QB2
00-0029604,2025,3,ATL,QB,1,0,hierarchical_conditional_renorm,0.0,0.0,QB2
00-0029604,2025,4,ATL,QB,0,0,hierarchical_conditional_renorm,0.0,0.045139382313347125,QB2
00-0029604,2025,6,ATL,QB,0,0,hierarchical_conditional_renorm,0.0,0.04249157801399794,QB2
00-0029604,2025,7,ATL,QB,0,0,hierarchical_conditional_renorm,0.0,0.040074456164748744,QB2
00-0029604,2025,8,ATL,QB,0,0,hierarchical_conditional_renorm,0.0,0.0,QB2
00-0029604,2025,9,ATL,QB,0,0,hierarchical_conditional_renorm,0.0,0.3005799591309619,QB2
00-0029604,2025,10,ATL,QB,0,0,hierarchical_conditional_renorm,0.0,0.3004109080581048,QB2
00-0029604,2025,11,ATL,QB,0,0,hierarchical_conditional_renorm,0.0,0.2941641157648555,QB2
00-0029604,2025,12,ATL,QB,0,0,hierarchical_conditional_renorm,1.0,0.09524697905624768,QB2
00-0029604,2025,13,ATL,QB,0,0,hierarchical_conditional_renorm,1.0,0.3801341614824204,QB2
00-0029604,2025,14,ATL,QB,0,0,hierarchical_conditional_renorm,0.0,0.7179532747332198,QB1
00-0029604,2025,15,ATL,QB,0,0,hierarchical_conditional_renorm,1.0,1.0,QB1
00-0029604,2025,16,ATL,QB,0,0,hierarchical_conditional_renorm,1.0,1.0,QB1
00-0029604,2025,17,ATL,QB,0,0,hierarchical_conditional_renorm,1.0,1.0,QB1
00-0029604,2025,18,ATL,QB,0,0,hierarchical_conditional_renorm,1.0,1.0,QB1
00-0030565,2025,1,LV,QB,1,0,hierarchical_conditional_renorm,1.0,0.0,QB1
00-0030565,2025,2,LV,QB,1,0,hierarchical_conditional_renorm,0.0,1.0,QB1
00-0030565,2025,3,LV,QB,1,0,hierarchical_conditional_renorm,1.0,1.0,QB1
00-0030565,2025,4,LV,QB,0,0,hierarchical_conditional_renorm,1.0,1.0,QB1
00-0030565,2025,5,LV,QB,0,0,hierarchical_conditional_renorm,0.0,1.0,QB1
00-0030565,2025,6,LV,QB,0,0,hierarchical_conditional_renorm,1.0,1.0,QB1
00-0030565,2025,7,LV,QB,0,0,hierarchical_conditional_renorm,0.0,1.0,QB1
00-0030565,2025,9,LV,QB,0,0,hierarchical_conditional_renorm,1.0,0.9890575029622731,QB1
00-0030565,2025,10,LV,QB,0,0,hierarchical_conditional_renorm,0.0,0.990001250564509,QB1
00-0030565,2025,11,LV,QB,0,0,hierarchical_conditional_renorm,1.0,0.9845196939284945,QB1
00-0030565,2025,12,LV,QB,0,0,hierarchical_conditional_renorm,1.0,0.9953202236224665,QB1
00-0030565,2025,13,LV,QB,0,0,hierarchical_conditional_renorm,1.0,0.9953028867754902,QB1
00-0030565,2025,14,LV,QB,0,0,hierarchical_conditional_renorm,0.5,1.0,QB1
00-0030565,2025,15,LV,QB,0,0,hierarchical_conditional_renorm,0.0,0.9332820750470029,QB1
00-0030565,2025,16,LV,QB,0,0,hierarchical_conditional_renorm,1.0,0.620123520820979,QB1
00-0030565,2025,17,LV,QB,0,0,hierarchical_conditional_renorm,1.0,0.6234572682120083,QB1
00-0030565,2025,18,LV,QB,0,0,hierarchical_conditional_renorm,0.0,0.6959005291986626,QB1
00-0031237,2025,1,TB,QB,1,0,hierarchical_conditional_renorm,0.0,0.0,QB1
00-0031237,2025,2,TB,QB,1,0,hierarchical_conditional_renorm,0.0,0.0,QB2
00-0031237,2025,3,TB,QB,1,0,hierarchical_conditional_renorm,0.0,0.0,QB2
00-0031237,2025,4,TB,QB,0,0,hierarchical_conditional_renorm,0.0,0.0,QB2
00-0031237,2025,5,TB,QB,0,0,hierarchical_conditional_renorm,0.0,0.0,QB2
00-0031237,2025,6,TB,QB,0,0,hierarchical_conditional_renorm,0.0,0.0,QB2
00-0031237,2025,7,TB,QB,0,0,hierarchical_conditional_renorm,0.0,0.0,QB2
00-0031237,2025,8,TB,QB,0,0,hierarchical_conditional_renorm,0.0,0.0,QB2
00-0031237,2025,10,TB,QB,0,0,hierarchical_conditional_renorm,0.0,0.0,QB2
00-0031237,2025,11,TB,QB,0,0,hierarchical_conditional_renorm,0.0,0.0,QB2
00-0031237,2025,12,TB,QB,0,0,hierarchical_conditional_renorm,0.0,0.0,QB2
00-0031237,2025,13,TB,QB,0,0,hierarchical_conditional_renorm,0.0,0.12451130009247123,QB2
00-0031237,2025,14,TB,QB,0,0,hierarchical_conditional_renorm,0.0,0.12846888258236908,QB2
00-0031237,2025,15,TB,QB,0,0,hierarchical_conditional_renorm,0.0,0.13329974077354087,QB2
00-0031237,2025,16,TB,QB,0,0,hierarchical_conditional_renorm,0.0,0.0,QB2
00-0031237,2025,17,TB,QB,0,0,hierarchical_conditional_renorm,0.0,0.0,QB2
00-0031237,2025,18,TB,QB,0,0,hierarchical_conditional_renorm,0.0,0.0,QB2
00-0031280,2025,1,NO,QB,1,0,hierarchical_conditional_renorm,0.0,0.0,QB2
00-0031280,2025,2,NO,QB,1,0,hierarchical_conditional_renorm,0.0,0.0,QB3
00-0031280,2025,3,NO,QB,1,0,hierarchical_conditional_renorm,0.0,0.0,QB3
00-0031280,2025,4,NO,QB,0,0,hierarchical_conditional_renorm,0.0,0.0,QB3
00-0031280,2025,5,NO,QB,0,0,hierarchical_conditional_renorm,0.0,0.0,QB3
00-0031280,2025,6,NO,QB,0,0,hierarchical_conditional_renorm,0.0,0.0,QB4
00-0031280,2025,7,NO,QB,0,0,hierarchical_conditional_renorm,0.0,0.0,QB3
00-0031280,2025,8,NO,QB,0,0,hierarchical_conditional_renorm,0.0,0.0,QB3
00-0031280,2025,9,NO,QB,0,0,hierarchical_conditional_renorm,0.0,0.0,QB4
00-0031280,2025,10,NO,QB,0,0,hierarchical_conditional_renorm,0.0,0.0,QB4
00-0031280,2025,12,NO,QB,0,0,hierarchical_conditional_renorm,0.0,0.0,QB4
00-0031280,2025,13,NO,QB,0,0,hierarchical_conditional_renorm,0.0,0.0,QB3
00-0031280,2025,14,NO,QB,0,0,hierarchical_conditional_renorm,0.0,0.0,QB3
00-0031280,2025,15,NO,QB,0,0,hierarchical_conditional_renorm,0.0,0.0,QB3
00-0031280,2025,16,NO,QB,0,0,hierarchical_conditional_renorm,0.0,0.0,QB4
00-0031280,2025,17,NO,QB,0,0,hierarchical_conditional_renorm,0.0,0.0,QB4
00-0031280,2025,18,NO,QB,0,0,hierarchical_conditional_renorm,0.0,0.0,QB4
00-0031345,2025,1,LA,QB,1,0,hierarchical_conditional_renorm,0.0,0.0,QB2
00-0031345,2025,2,LA,QB,1,0,hierarchical_conditional_renorm,0.0,0.0,QB2
00-0031345,2025,3,LA,QB,1,0,hierarchical_conditional_renorm,0.0,0.0,QB2
00-0031345,2025,4,LA,QB,0,0,hierarchical_conditional_renorm,0.0,0.0,QB2
00-0031345,2025,5,LA,QB,0,0,hierarchical_conditional_renorm,0.0,0.0,QB2
00-0031345,2025,6,LA,QB,0,0,hierarchical_conditional_renorm,0.0,0.0,QB2
00-0031345,2025,7,LA,QB,0,0,hierarchical_conditional_renorm,0.0,0.0,QB2
00-0031345,2025,9,LA,QB,0,0,hierarchical_conditional_renorm,0.0,0.0,QB2
00-0031345,2025,10,LA,QB,0,0,hierarchical_conditional_renorm,0.0,0.0,QB2
00-0031345,2025,11,LA,QB,0,0,hierarchical_conditional_renorm,0.0,0.0,QB2
00-0031345,2025,12,LA,QB,0,0,hierarchical_conditional_renorm,0.0,0.0,QB2
00-0031345,2025,13,LA,QB,0,0,hierarchical_conditional_renorm,0.0,0.0,QB2
00-0031345,2025,14,LA,QB,0,0,hierarchical_conditional_renorm,0.0,0.0,QB2
00-0031345,2025,15,LA,QB,0,0,hierarchical_conditional_renorm,0.0,0.0,QB2
00-0031345,2025,16,LA,QB,0,0,hierarchical_conditional_renorm,0.0,0.0,QB2
00-0031345,2025,17,LA,QB,0,0,hierarchical_conditional_renorm,0.0,0.0,QB2
00-0031345,2025,18,LA,QB,0,0,hierarchical_conditional_renorm,0.0,0.0,QB2
00-0031503,2025,1,NYG,QB,1,0,hierarchical_conditional_renorm,0.0,0.0,QB2
00-0031503,2025,2,NYG,QB,1,0,hierarchical_conditional_renorm,0.0,0.0,QB2
00-0031503,2025,3,NYG,QB,1,0,hierarchical_conditional_renorm,0.0,0.0,QB3
00-0031503,2025,4,NYG,QB,0,0,hierarchical_conditional_renorm,0.0,0.0,QB3
00-0031503,2025,5,NYG,QB,0,0,hierarchical_conditional_renorm,0.0,0.0,QB3
00-0031503,2025,6,NYG,QB,0,0,hierarchical_conditional_renorm,0.0,0.0,QB3
00-0031503,2025,7,NYG,QB,0,0,hierarchical_conditional_renorm,0.0,0.0,QB3
00-0031503,2025,8,NYG,QB,0,0,hierarchical_conditional_renorm,0.0,0.0,QB3
00-0031503,2025,9,NYG,QB,0,0,hierarchical_conditional_renorm,0.0,0.0,QB3
00-0031503,2025,10,NYG,QB,0,0,hierarchical_conditional_renorm,0.0,0.0,QB3
00-0031503,2025,11,NYG,QB,0,0,hierarchical_conditional_renorm,0.0,0.0,QB3
00-0031503,2025,12,NYG,QB,0,0,hierarchical_conditional_renorm,0.6666666666666666,0.28468665956716466,QB2
00-0031503,2025,13,NYG,QB,0,0,hierarchical_conditional_renorm,0.0,0.5762496441517625,QB1
00-0031503,2025,15,NYG,QB,0,0,hierarchical_conditional_renorm,0.0,0.560195776465218,QB1
00-0031503,2025,16,NYG,QB,0,0,hierarchical_conditional_renorm,0.0,0.2767735716431315,QB2
00-0031503,2025,17,NYG,QB,0,0,hierarchical_conditional_renorm,0.0,0.007247193257177369,QB2
00-0031503,2025,18,NYG,QB,0,0,hierarchical_conditional_renorm,0.0,0.006923264155454233,QB2
00-0031800,2025,1,LAC,QB,1,0,hierarchical_conditional_renorm,0.0,0.0,QB1
00-0032156,2025,1,TEN,QB,1,0,hierarchical_conditional_renorm,0.0,0.0,QB1
00-0032156,2025,2,TEN,QB,1,0,hierarchical_conditional_renorm,0.0,0.0,QB2
00-0032156,2025,3,TEN,QB,1,0,hierarchical_conditional_renorm,0.0,0.0,QB2
00-0032156,2025,4,TEN,QB,0,0,hierarchical_conditional_renorm,0.0,0.0,QB2
00-0032156,2025,5,TEN,QB,0,0,hierarchical_conditional_renorm,0.0,0.0,QB2
00-0032156,2025,6,TEN,QB,0,0,hierarchical_conditional_renorm,0.0,0.0,QB2
00-0032156,2025,7,TEN,QB,0,0,hierarchical_conditional_renorm,0.0,0.0,QB2
00-0032156,2025,8,TEN,QB,0,0,hierarchical_conditional_renorm,0.0,0.0,QB2
00-0032156,2025,9,TEN,QB,0,0,hierarchical_conditional_renorm,0.0,0.0,QB2
00-0032156,2025,11,TEN,QB,0,0,hierarchical_conditional_renorm,0.0,0.0,QB2
00-0032156,2025,12,TEN,QB,0,0,hierarchical_conditional_renorm,0.0,0.0,QB2
00-0032156,2025,13,TEN,QB,0,0,hierarchical_conditional_renorm,0.0,0.0,QB2
00-0032156,2025,14,TEN,QB,0,0,hierarchical_conditional_renorm,0.0,0.0,QB2
00-0032156,2025,15,TEN,QB,0,0,hierarchical_conditional_renorm,0.0,0.0,QB2
00-0032156,2025,16,TEN,QB,0,0,hierarchical_conditional_renorm,0.0,0.0,QB2
00-0032156,2025,17,TEN,QB,0,0,hierarchical_conditional_renorm,0.0,0.0,QB2
00-0032156,2025,18,TEN,QB,0,0,hierarchical_conditional_renorm,0.0,0.0,QB2
00-0032268,2025,1,WAS,QB,1,0,hierarchical_conditional_renorm,0.0,0.0,QB2
00-0032268,2025,2,WAS,QB,1,0,hierarchical_conditional_renorm,0.0,0.0,QB3
00-0032268,2025,3,WAS,QB,1,0,hierarchical_conditional_renorm,1.0,0.0,QB3
00-0032268,2025,4,WAS,QB,0,0,hierarchical_conditional_renorm,1.0,0.27053092285983177,QB2
00-0032268,2025,5,WAS,QB,0,0,hierarchical_conditional_renorm,0.0,0.6032147773867693,QB1
00-0032268,2025,6,WAS,QB,0,0,hierarchical_conditional_renorm,0.0,0.5832441479238083,QB1
00-0032268,2025,7,WAS,QB,0,0,hierarchical_conditional_renorm,0.0,0.329880380491115,QB2
00-0032268,2025,8,WAS,QB,0,0,hierarchical_conditional_renorm,1.0,0.10455480749402261,QB2
00-0032268,2025,9,WAS,QB,0,0,hierarchical_conditional_renorm,0.0,0.42663653088861886,QB2
00-0032268,2025,10,WAS,QB,0,0,hierarchical_conditional_renorm,1.0,0.4182667988368684,QB2
00-0032268,2025,11,WAS,QB,0,0,hierarchical_conditional_renorm,1.0,0.5914853388669475,QB1
00-0032268,2025,13,WAS,QB,0,0,hierarchical_conditional_renorm,1.0,0.6057784960790169,QB1
00-0032268,2025,14,WAS,QB,0,0,hierarchical_conditional_renorm,0.0,1.0,QB1
00-0032268,2025,15,WAS,QB,0,0,hierarchical_conditional_renorm,1.0,0.7123388142656497,QB1
00-0032268,2025,16,WAS,QB,0,0,hierarchical_conditional_renorm,0.0,0.7136259809801768,QB1
00-0032268,2025,17,WAS,QB,0,0,hierarchical_conditional_renorm,0.0,0.6294788813644979,QB1
00-0032268,2025,18,WAS,QB,0,0,hierarchical_conditional_renorm,0.0,0.6173382853827476,QB1
00-0032434,2025,1,TEN,QB,1,0,hierarchical_conditional_renorm,0.0,0.0,QB2
00-0032434,2025,2,TEN,QB,1,0,hierarchical_conditional_renorm,0.0,0.0,QB3
00-0032434,2025,3,TEN,QB,1,0,hierarchical_conditional_renorm,0.0,0.0,QB3
00-0032434,2025,4,TEN,QB,0,0,hierarchical_conditional_renorm,0.0,0.0,QB3
00-0032434,2025,5,TEN,QB,0,0,hierarchical_conditional_renorm,0.0,0.0,QB3
00-0032434,2025,6,TEN,QB,0,0,hierarchical_conditional_renorm,0.0,0.0,QB3
00-0032434,2025,7,TEN,QB,0,0,hierarchical_conditional_renorm,0.0,0.0,QB3
00-0032434,2025,8,TEN,QB,0,0,hierarchical_conditional_renorm,0.0,0.0,QB3
00-0032434,2025,9,TEN,QB,0,0,hierarchical_conditional_renorm,0.0,0.0,QB3
00-0032434,2025,11,TEN,QB,0,0,hierarchical_conditional_renorm,0.0,0.0,QB3
00-0032434,2025,12,TEN,QB,0,0,hierarchical_conditional_renorm,0.0,0.0,QB3
00-0032434,2025,13,TEN,QB,0,0,hierarchical_conditional_renorm,0.0,0.0,QB3
00-0032434,2025,14,TEN,QB,0,0,hierarchical_conditional_renorm,0.0,0.0,QB3
00-0032434,2025,15,TEN,QB,0,0,hierarchical_conditional_renorm,0.0,0.0,QB3
00-0032434,2025,16,TEN,QB,0,0,hierarchical_conditional_renorm,0.0,0.0,QB3
00-0032434,2025,17,TEN,QB,0,0,hierarchical_conditional_renorm,0.0,0.0,QB3
00-0032434,2025,18,TEN,QB,0,0,hierarchical_conditional_renorm,0.0,0.0,QB3
00-0032436,2025,1,LV,QB,1,0,hierarchical_conditional_renorm,0.0,0.0,QB2
00-0032436,2025,2,LV,QB,1,0,hierarchical_conditional_renorm,0.0,0.0,QB2
00-0032436,2025,3,LV,QB,1,0,hierarchical_conditional_renorm,0.0,0.0,QB2
00-0032436,2025,4,LV,QB,0,0,hierarchical_conditional_renorm,0.0,0.0,QB2
00-0032436,2025,5,LV,QB,0,0,hierarchical_conditional_renorm,0.0,0.0,QB2
00-0032436,2025,6,LV,QB,0,0,hierarchical_conditional_renorm,0.0,0.0,QB2
00-0032436,2025,10,ARI,QB,0,0,hierarchical_conditional_renorm,0.0,0.0,QB2
00-0032436,2025,11,ARI,QB,0,0,hierarchical_conditional_renorm,0.0,0.0,QB3
00-0032436,2025,12,ARI,QB,0,0,hierarchical_conditional_renorm,0.0,0.0,QB3
00-0032436,2025,13,ARI,QB,0,0,hierarchical_conditional_renorm,0.0,0.0,QB3
00-0032436,2025,14,ARI,QB,0,0,hierarchical_conditional_renorm,0.0,0.0,QB3
00-0032436,2025,15,ARI,QB,0,0,hierarchical_conditional_renorm,0.0,0.0,QB3
00-0032436,2025,16,ARI,QB,0,0,hierarchical_conditional_renorm,0.0,0.0,QB2
00-0032436,2025,17,WAS,QB,0,0,hierarchical_conditional_renorm,0.0,0.0,QB4
00-0032436,2025,18,WAS,QB,0,0,hierarchical_conditional_renorm,0.0,0.0,QB3
00-0032950,2025,1,MIN,QB,1,0,hierarchical_conditional_renorm,0.0,0.0,QB1
00-0032950,2025,2,MIN,QB,1,0,hierarchical_conditional_renorm,0.0,0.0,QB2
00-0032950,2025,3,MIN,QB,1,0,hierarchical_conditional_renorm,1.0,0.0,QB2
00-0032950,2025,4,MIN,QB,0,0,hierarchical_conditional_renorm,1.0,0.31143490475170604,QB2
00-0032950,2025,5,MIN,QB,0,0,hierarchical_conditional_renorm,0.5,0.6211672728744121,QB1
00-0032950,2025,7,MIN,QB,0,0,hierarchical_conditional_renorm,0.0,0.9794812578162122,QB1
00-0032950,2025,8,MIN,QB,0,0,hierarchical_conditional_renorm,1.0,1.0,QB1
00-0032950,2025,9,MIN,QB,0,0,hierarchical_conditional_renorm,0.0,0.981121866367308,QB1
00-0032950,2025,10,MIN,QB,0,0,hierarchical_conditional_renorm,0.0,0.6399374578452911,QB1
00-0032950,2025,11,MIN,QB,0,0,hierarchical_conditional_renorm,0.0,0.3960506089374737,QB2
00-0032950,2025,12,MIN,QB,0,0,hierarchical_conditional_renorm,0.0,0.0,QB2
00-0032950,2025,13,MIN,QB,0,0,hierarchical_conditional_renorm,0.0,0.0,QB2
00-0032950,2025,14,MIN,QB,0,0,hierarchical_conditional_renorm,0.0,0.0,QB3
00-0032950,2025,15,MIN,QB,0,0,hierarchical_conditional_renorm,0.0,0.0,QB3
00-0032950,2025,16,MIN,QB,0,0,hierarchical_conditional_renorm,0.0,0.0,QB3
00-0032950,2025,17,MIN,QB,0,0,hierarchical_conditional_renorm,0.0,0.0,QB3
00-0032950,2025,18,MIN,QB,0,0,hierarchical_conditional_renorm,0.0,0.0,QB3
00-0033077,2025,1,DAL,QB,1,0,hierarchical_conditional_renorm,0.0,0.0,QB1
00-0033077,2025,2,DAL,QB,1,0,hierarchical_conditional_renorm,1.0,1.0,QB1
00-0033077,2025,3,DAL,QB,1,0,hierarchical_conditional_renorm,1.0,1.0,QB1
00-0033077,2025,4,DAL,QB,0,0,hierarchical_conditional_renorm,1.0,0.980612216720853,QB1
00-0033077,2025,5,DAL,QB,0,0,hierarchical_conditional_renorm,1.0,0.9813607175792112,QB1
00-0033077,2025,6,DAL,QB,0,0,hierarchical_conditional_renorm,1.0,0.9811128543095008,QB1
00-0033077,2025,7,DAL,QB,0,0,hierarchical_conditional_renorm,1.0,1.0,QB1
00-0033077,2025,8,DAL,QB,0,0,hierarchical_conditional_renorm,0.0,1.0,QB1
00-0033077,2025,9,DAL,QB,0,0,hierarchical_conditional_renorm,1.0,0.9817721345335949,QB1
00-0033077,2025,11,DAL,QB,0,0,hierarchical_conditional_renorm,1.0,0.9814683907116728,QB1
00-0033077,2025,12,DAL,QB,0,0,hierarchical_conditional_renorm,1.0,0.981177202108836,QB1
00-0033077,2025,13,DAL,QB,0,0,hierarchical_conditional_renorm,1.0,1.0,QB1
00-0033077,2025,14,DAL,QB,0,0,hierarchical_conditional_renorm,1.0,1.0,QB1
00-0033077,2025,15,DAL,QB,0,0,hierarchical_conditional_renorm,0.0,1.0,QB1
00-0033077,2025,16,DAL,QB,0,0,hierarchical_conditional_renorm,1.0,1.0,QB1
00-0033077,2025,17,DAL,QB,0,0,hierarchical_conditional_renorm,1.0,0.992412511311911,QB1
00-0033077,2025,18,DAL,QB,0,0,hierarchical_conditional_renorm,0.0,0.9925753000153816,QB1
00-0033106,2025,1,DET,QB,1,0,hierarchical_conditional_renorm,1.0,0.0,QB1
00-0033106,2025,2,DET,QB,1,0,hierarchical_conditional_renorm,1.0,1.0,QB1
00-0033106,2025,3,DET,QB,1,0,hierarchical_conditional_renorm,1.0,1.0,QB1
00-0033106,2025,4,DET,QB,0,0,hierarchical_conditional_renorm,1.0,1.0,QB1
00-0033106,2025,5,DET,QB,0,0,hierarchical_conditional_renorm,0.75,1.0,QB1
00-0033106,2025,6,DET,QB,0,0,hierarchical_conditional_renorm,1.0,1.0,QB1
00-0033106,2025,7,DET,QB,0,0,hierarchical_conditional_renorm,1.0,1.0,QB1
00-0033106,2025,9,DET,QB,0,0,hierarchical_conditional_renorm,1.0,1.0,QB1
00-0033106,2025,10,DET,QB,0,0,hierarchical_conditional_renorm,1.0,1.0,QB1
00-0033106,2025,11,DET,QB,0,0,hierarchical_conditional_renorm,1.0,0.9914785774379515,QB1
00-0033106,2025,12,DET,QB,0,0,hierarchical_conditional_renorm,1.0,0.9915019686448289,QB1
00-0033106,2025,13,DET,QB,0,0,hierarchical_conditional_renorm,1.0,0.9916795396475848,QB1
00-0033106,2025,14,DET,QB,0,0,hierarchical_conditional_renorm,1.0,1.0,QB1
00-0033106,2025,15,DET,QB,0,0,hierarchical_conditional_renorm,1.0,1.0,QB1
00-0033106,2025,16,DET,QB,0,0,hierarchical_conditional_renorm,1.0,1.0,QB1
00-0033106,2025,17,DET,QB,0,0,hierarchical_conditional_renorm,1.0,1.0,QB1
00-0033106,2025,18,DET,QB,0,0,hierarchical_conditional_renorm,1.0,1.0,QB1
00-0033119,2025,1,ARI,QB,1,0,hierarchical_conditional_renorm,0.0,0.0,QB1
00-0033119,2025,2,ARI,QB,1,0,hierarchical_conditional_renorm,0.0,0.0,QB2
00-0033119,2025,3,ARI,QB,1,0,hierarchical_conditional_renorm,0.0,0.0,QB2
00-0033119,2025,4,ARI,QB,0,0,hierarchical_conditional_renorm,0.0,0.0,QB2
00-0033119,2025,5,ARI,QB,0,0,hierarchical_conditional_renorm,0.0,0.0,QB2
00-0033119,2025,6,ARI,QB,0,0,hierarchical_conditional_renorm,1.0,0.0053387957671246185,QB2
00-0033119,2025,7,ARI,QB,0,0,hierarchical_conditional_renorm,1.0,0.31291266436648507,QB2
00-0033119,2025,9,ARI,QB,0,0,hierarchical_conditional_renorm,1.0,0.555391404207503,QB1
00-0033119,2025,10,ARI,QB,0,0,hierarchical_conditional_renorm,1.0,1.0,QB1
00-0033119,2025,11,ARI,QB,0,0,hierarchical_conditional_renorm,1.0,0.9952055821312442,QB1
00-0033119,2025,12,ARI,QB,0,0,hierarchical_conditional_renorm,1.0,0.9956543551063236,QB1
00-0033119,2025,13,ARI,QB,0,0,hierarchical_conditional_renorm,1.0,0.9913374219595817,QB1
00-0033119,2025,14,ARI,QB,0,0,hierarchical_conditional_renorm,1.0,0.9959002179857506,QB1
00-0033119,2025,15,ARI,QB,0,0,hierarchical_conditional_renorm,1.0,0.9959157805339354,QB1
00-0033119,2025,16,ARI,QB,0,0,hierarchical_conditional_renorm,1.0,1.0,QB1
00-0033119,2025,17,ARI,QB,0,0,hierarchical_conditional_renorm,1.0,1.0,QB1
00-0033119,2025,18,ARI,QB,0,0,hierarchical_conditional_renorm,1.0,1.0,QB1
00-0033319,2025,1,JAX,QB,1,0,hierarchical_conditional_renorm,0.0,0.0,QB1
00-0033319,2025,2,JAX,QB,1,0,hierarchical_conditional_renorm,0.0,0.0,QB2
00-0033319,2025,3,JAX,QB,1,0,hierarchical_conditional_renorm,0.0,0.0,QB2
00-0033319,2025,4,JAX,QB,0,0,hierarchical_conditional_renorm,0.0,0.0,QB2
00-0033319,2025,5,JAX,QB,0,0,hierarchical_conditional_renorm,0.0,0.0,QB2
00-0033319,2025,6,JAX,QB,0,0,hierarchical_conditional_renorm,0.0,0.0,QB2
00-0033319,2025,7,JAX,QB,0,0,hierarchical_conditional_renorm,0.0,0.0,QB2
00-0033319,2025,9,JAX,QB,0,0,hierarchical_conditional_renorm,0.0,0.0,QB2
00-0033319,2025,10,JAX,QB,0,0,hierarchical_conditional_renorm,0.0,0.0,QB2
00-0033319,2025,11,JAX,QB,0,0,hierarchical_conditional_renorm,0.0,0.0,QB2
00-0033319,2025,12,JAX,QB,0,0,hierarchical_conditional_renorm,0.0,0.0,QB2
00-0033319,2025,13,JAX,QB,0,0,hierarchical_conditional_renorm,0.0,0.0,QB2
00-0033319,2025,14,JAX,QB,0,0,hierarchical_conditional_renorm,0.0,0.0,QB2
00-0033319,2025,15,JAX,QB,0,0,hierarchical_conditional_renorm,0.0,0.004332812354122966,QB2
00-0033319,2025,16,JAX,QB,0,0,hierarchical_conditional_renorm,0.0,0.004123022556920178,QB2
00-0033319,2025,17,JAX,QB,0,0,hierarchical_conditional_renorm,0.0,0.004081986635645216,QB2
00-0033319,2025,18,JAX,QB,0,0,hierarchical_conditional_renorm,0.0,0.0,QB2
00-0033357,2025,1,NO,QB,1,0,hierarchical_conditional_renorm,0.0,0.0,QB1
00-0033357,2025,2,NO,QB,1,0,hierarchical_conditional_renorm,0.0,0.0,QB2
00-0033357,2025,3,NO,QB,1,0,hierarchical_conditional_renorm,0.0,0.0,QB2
00-0033357,2025,4,NO,QB,0,0,hierarchical_conditional_renorm,0.0,0.0,QB4
00-0033357,2025,5,NO,QB,0,0,hierarchical_conditional_renorm,0.0,0.0,QB4
00-0033357,2025,6,NO,QB,0,0,hierarchical_conditional_renorm,0.0,0.005286163606315794,QB2
00-0033357,2025,7,NO,QB,0,0,hierarchical_conditional_renorm,0.0,0.005519955466100827,QB2
00-0033357,2025,8,NO,QB,0,0,hierarchical_conditional_renorm,0.0,0.005428751422602498,QB2
00-0033357,2025,9,NO,QB,0,0,hierarchical_conditional_renorm,0.0,0.0,QB3
00-0033357,2025,10,NO,QB,0,0,hierarchical_conditional_renorm,0.0,0.0029754502297390894,QB3
00-0033357,2025,12,NO,QB,0,0,hierarchical_conditional_renorm,0.0,0.006072422020713764,QB2
00-0033357,2025,13,NO,QB,0,0,hierarchical_conditional_renorm,0.0,0.019912767653686686,QB2
00-0033357,2025,14,NO,QB,0,0,hierarchical_conditional_renorm,0.0,0.015595636827521938,QB2
00-0033357,2025,15,NO,QB,0,0,hierarchical_conditional_renorm,0.0,0.011318314516692211,QB2
00-0033357,2025,16,NO,QB,0,0,hierarchical_conditional_renorm,0.5,0.0,QB2
00-0033357,2025,17,NO,QB,0,0,hierarchical_conditional_renorm,0.0,0.00528026067343015,QB2
00-0033357,2025,18,NO,QB,0,0,hierarchical_conditional_renorm,0.0,0.004881527776552801,QB2
00-0033537,2025,1,CLE,QB,1,0,hierarchical_conditional_renorm,0.0,0.0,QB2
00-0033537,2025,2,CLE,QB,1,0,hierarchical_conditional_renorm,0.0,0.0,QB2
00-0033537,2025,3,CLE,QB,1,0,hierarchical_conditional_renorm,0.0,0.0,QB3
00-0033537,2025,4,CLE,QB,0,0,hierarchical_conditional_renorm,0.0,0.0,QB3
00-0033537,2025,5,CLE,QB,0,0,hierarchical_conditional_renorm,0.0,0.0,QB3
00-0033537,2025,6,CLE,QB,0,0,hierarchical_conditional_renorm,0.0,0.0,QB2
00-0033537,2025,7,CLE,QB,0,0,hierarchical_conditional_renorm,0.0,0.0,QB2
00-0033537,2025,8,CLE,QB,0,0,hierarchical_conditional_renorm,0.0,0.0,QB2
00-0033537,2025,10,CLE,QB,0,0,hierarchical_conditional_renorm,0.0,0.0,QB2
00-0033537,2025,11,CLE,QB,0,0,hierarchical_conditional_renorm,0.0,0.0,QB2
00-0033537,2025,12,CLE,QB,0,0,hierarchical_conditional_renorm,0.0,0.0,QB3
00-0033537,2025,13,CLE,QB,0,0,hierarchical_conditional_renorm,0.0,0.0,QB3
00-0033537,2025,14,CLE,QB,0,0,hierarchical_conditional_renorm,0.0,0.0,QB3
00-0033537,2025,15,CLE,QB,0,0,hierarchical_conditional_renorm,0.0,0.0,QB3
00-0033537,2025,16,CLE,QB,0,0,hierarchical_conditional_renorm,0.0,0.0,QB3
00-0033537,2025,17,CLE,QB,0,0,hierarchical_conditional_renorm,0.0,0.0,QB3
00-0033537,2025,18,CLE,QB,0,0,hierarchical_conditional_renorm,0.0,0.0,QB3
00-0033662,2025,1,BAL,QB,1,0,hierarchical_conditional_renorm,0.0,0.0,QB1
00-0033662,2025,2,BAL,QB,1,0,hierarchical_conditional_renorm,0.0,0.0,QB2
00-0033662,2025,3,BAL,QB,1,0,hierarchical_conditional_renorm,0.0,0.0,QB2
00-0033662,2025,4,BAL,QB,0,0,hierarchical_conditional_renorm,0.0,0.0,QB2
00-0033662,2025,5,BAL,QB,0,0,hierarchical_conditional_renorm,0.0,0.08685261589570761,QB2
00-0033662,2025,6,BAL,QB,0,0,hierarchical_conditional_renorm,0.0,0.4004392437215418,QB2
00-0033662,2025,8,BAL,QB,0,0,hierarchical_conditional_renorm,0.0,0.5445980146436175,QB1
00-0033662,2025,9,BAL,QB,0,0,hierarchical_conditional_renorm,0.0,0.5137646160078443,QB1
00-0033662,2025,10,BAL,QB,0,0,hierarchical_conditional_renorm,0.0,0.17307771356010257,QB3
00-0033662,2025,11,BAL,QB,0,0,hierarchical_conditional_renorm,0.0,0.0,QB3
00-0033662,2025,12,BAL,QB,0,0,hierarchical_conditional_renorm,0.0,0.0,QB2
00-0033662,2025,13,BAL,QB,0,0,hierarchical_conditional_renorm,0.0,0.0,QB2
00-0033662,2025,14,BAL,QB,0,0,hierarchical_conditional_renorm,0.0,0.0,QB2
00-0033662,2025,15,BAL,QB,0,0,hierarchical_conditional_renorm,0.0,0.0,QB2
00-0033662,2025,16,BAL,QB,0,0,hierarchical_conditional_renorm,0.0,0.0,QB3
00-0033662,2025,17,BAL,QB,0,0,hierarchical_conditional_renorm,0.0,0.0,QB3
00-0033662,2025,18,BAL,QB,0,0,hierarchical_conditional_renorm,0.0,0.0,QB3
00-0033869,2025,1,BUF,QB,1,0,hierarchical_conditional_renorm,0.0,0.0,QB1
00-0033869,2025,2,BUF,QB,1,0,hierarchical_conditional_renorm,0.0,0.0,QB2
00-0033869,2025,3,BUF,QB,1,0,hierarchical_conditional_renorm,0.0,0.017587172617756438,QB2
00-0033869,2025,4,BUF,QB,0,0,hierarchical_conditional_renorm,0.0,0.009446705056104628,QB2
00-0033869,2025,5,BUF,QB,0,0,hierarchical_conditional_renorm,0.0,0.0110169686181302,QB2
00-0033869,2025,6,BUF,QB,0,0,hierarchical_conditional_renorm,0.0,0.0,QB2
00-0033869,2025,8,BUF,QB,0,0,hierarchical_conditional_renorm,0.0,0.0,QB2
00-0033869,2025,9,BUF,QB,0,0,hierarchical_conditional_renorm,0.0,0.022862365316952026,QB2
00-0033869,2025,10,BUF,QB,0,0,hierarchical_conditional_renorm,0.0,0.02260528409041807,QB2
00-0033869,2025,11,BUF,QB,0,0,hierarchical_conditional_renorm,0.0,0.01986981814798098,QB2
00-0033869,2025,12,BUF,QB,0,0,hierarchical_conditional_renorm,0.0,0.0,QB2
00-0033869,2025,13,BUF,QB,0,0,hierarchical_conditional_renorm,0.0,0.0,QB2
00-0033869,2025,14,BUF,QB,0,0,hierarchical_conditional_renorm,0.0,0.0,QB2
00-0033869,2025,15,BUF,QB,0,0,hierarchical_conditional_renorm,0.0,0.0,QB2
00-0033869,2025,16,BUF,QB,0,0,hierarchical_conditional_renorm,0.0,0.0,QB2
00-0033869,2025,17,BUF,QB,0,0,hierarchical_conditional_renorm,0.0,0.0,QB2
00-0033869,2025,18,BUF,QB,0,0,hierarchical_conditional_renorm,1.0,0.0,QB2
00-0033873,2025,1,KC,QB,1,0,hierarchical_conditional_renorm,1.0,0.0,QB1
00-0033873,2025,2,KC,QB,1,0,hierarchical_conditional_renorm,1.0,1.0,QB1
00-0033873,2025,3,KC,QB,1,0,hierarchical_conditional_renorm,1.0,1.0,QB1
00-0033873,2025,4,KC,QB,0,0,hierarchical_conditional_renorm,1.0,1.0,QB1
00-0033873,2025,5,KC,QB,0,0,hierarchical_conditional_renorm,1.0,1.0,QB1
00-0033873,2025,6,KC,QB,0,0,hierarchical_conditional_renorm,1.0,1.0,QB1
00-0033873,2025,7,KC,QB,0,0,hierarchical_conditional_renorm,1.0,1.0,QB1
00-0033873,2025,8,KC,QB,0,0,hierarchical_conditional_renorm,1.0,1.0,QB1
00-0033873,2025,9,KC,QB,0,0,hierarchical_conditional_renorm,0.0,1.0,QB1
00-0033873,2025,11,KC,QB,0,0,hierarchical_conditional_renorm,1.0,1.0,QB1
00-0033873,2025,12,KC,QB,0,0,hierarchical_conditional_renorm,0.0,1.0,QB1
00-0033873,2025,13,KC,QB,0,0,hierarchical_conditional_renorm,1.0,1.0,QB1
00-0033873,2025,14,KC,QB,0,0,hierarchical_conditional_renorm,0.0,1.0,QB1
00-0033873,2025,15,KC,QB,0,0,hierarchical_conditional_renorm,0.0,1.0,QB1
00-0033873,2025,16,KC,QB,0,0,hierarchical_conditional_renorm,0.0,0.980026665114767,QB1
00-0033873,2025,17,KC,QB,0,0,hierarchical_conditional_renorm,0.0,0.7682513766014532,QB1
00-0033873,2025,18,KC,QB,0,0,hierarchical_conditional_renorm,0.0,0.46816810184471114,QB2
00-0033936,2025,1,DET,QB,1,0,hierarchical_conditional_renorm,0.0,0.0,QB2
00-0033936,2025,2,DET,QB,1,0,hierarchical_conditional_renorm,0.0,0.0,QB2
00-0033936,2025,3,DET,QB,1,0,hierarchical_conditional_renorm,0.0,0.0,QB3
00-0033936,2025,4,DET,QB,0,0,hierarchical_conditional_renorm,0.0,0.0,QB3
00-0033936,2025,5,DET,QB,0,0,hierarchical_conditional_renorm,0.0,0.0,QB3
00-0033936,2025,6,DET,QB,0,0,hierarchical_conditional_renorm,0.0,0.0,QB3
00-0033936,2025,7,DET,QB,0,0,hierarchical_conditional_renorm,0.0,0.0,QB3
00-0033936,2025,9,DET,QB,0,0,hierarchical_conditional_renorm,0.0,0.0,QB2
00-0033936,2025,10,DET,QB,0,0,hierarchical_conditional_renorm,0.0,0.0,QB2
00-0033936,2025,11,DET,QB,0,0,hierarchical_conditional_renorm,0.0,0.0,QB3
00-0033936,2025,12,DET,QB,0,0,hierarchical_conditional_renorm,0.0,0.0,QB3
00-0033936,2025,13,DET,QB,0,0,hierarchical_conditional_renorm,0.0,0.0,QB3
00-0033936,2025,14,DET,QB,0,0,hierarchical_conditional_renorm,0.0,0.0,QB2
00-0033936,2025,15,DET,QB,0,0,hierarchical_conditional_renorm,0.0,0.0,QB2
00-0033936,2025,16,DET,QB,0,0,hierarchical_conditional_renorm,0.0,0.0,QB2
00-0033936,2025,17,DET,QB,0,0,hierarchical_conditional_renorm,0.0,0.0,QB2
00-0033936,2025,18,DET,QB,0,0,hierarchical_conditional_renorm,0.0,0.0,QB2
00-0033949,2025,1,NE,QB,1,0,hierarchical_conditional_renorm,0.0,0.0,QB1
00-0033949,2025,2,NE,QB,1,0,hierarchical_conditional_renorm,0.0,0.0,QB2
00-0033949,2025,3,NE,QB,1,0,hierarchical_conditional_renorm,0.0,0.0,QB2
00-0033949,2025,4,NE,QB,0,0,hierarchical_conditional_renorm,0.0,0.0,QB2
00-0033949,2025,5,NE,QB,0,0,hierarchical_conditional_renorm,0.0,0.004831246825144379,QB2
00-0033949,2025,6,NE,QB,0,0,hierarchical_conditional_renorm,0.0,0.0047707699097759996,QB2
00-0033949,2025,7,NE,QB,0,0,hierarchical_conditional_renorm,0.0,0.004801479309744639,QB2
00-0033949,2025,8,NE,QB,0,0,hierarchical_conditional_renorm,0.0,0.005191248164928054,QB2
00-0033949,2025,9,NE,QB,0,0,hierarchical_conditional_renorm,0.0,0.005132362319377168,QB2
00-0033949,2025,10,NE,QB,0,0,hierarchical_conditional_renorm,0.0,0.005162811564496447,QB2
00-0033949,2025,11,NE,QB,0,0,hierarchical_conditional_renorm,0.0,0.0,QB2
00-0033949,2025,12,NE,QB,0,0,hierarchical_conditional_renorm,0.0,0.0,QB2
00-0033949,2025,13,NE,QB,0,0,hierarchical_conditional_renorm,0.0,0.0,QB2
00-0033949,2025,15,NE,QB,0,0,hierarchical_conditional_renorm,0.0,0.0,QB2
00-0033949,2025,16,NE,QB,0,0,hierarchical_conditional_renorm,0.0,0.0,QB2
00-0033949,2025,17,NE,QB,0,0,hierarchical_conditional_renorm,0.0,0.0,QB2
00-0033949,2025,18,NE,QB,0,0,hierarchical_conditional_renorm,0.0,0.01934485127777362,QB2
00-0034401,2025,1,BUF,QB,1,0,hierarchical_conditional_renorm,0.0,0.0,QB2
00-0034401,2025,3,CIN,QB,1,0,hierarchical_conditional_renorm,0.0,0.0,QB3
00-0034401,2025,4,CIN,QB,1,0,hierarchical_conditional_renorm,0.0,0.0,QB4
00-0034401,2025,5,CIN,QB,0,0,hierarchical_conditional_renorm,0.0,0.0,QB4
00-0034401,2025,6,CIN,QB,0,0,hierarchical_conditional_renorm,0.0,0.0,QB4
00-0034401,2025,8,CAR,QB,0,0,hierarchical_conditional_renorm,0.0,0.0,QB3
00-0034401,2025,9,CAR,QB,0,0,hierarchical_conditional_renorm,0.0,0.0,QB3
00-0034401,2025,10,CAR,QB,0,0,hierarchical_conditional_renorm,0.0,0.0,QB3
00-0034401,2025,11,CAR,QB,0,0,hierarchical_conditional_renorm,0.0,0.0,QB3
00-0034401,2025,12,CAR,QB,0,0,hierarchical_conditional_renorm,0.0,0.0,QB3
00-0034401,2025,13,CAR,QB,0,0,hierarchical_conditional_renorm,0.0,0.0,QB3
00-0034401,2025,15,CAR,QB,0,0,hierarchical_conditional_renorm,0.0,0.0,QB3
00-0034401,2025,16,CAR,QB,0,0,hierarchical_conditional_renorm,0.0,0.0,QB3
00-0034401,2025,17,CAR,QB,0,0,hierarchical_conditional_renorm,0.0,0.0,QB3
00-0034401,2025,18,CAR,QB,0,0,hierarchical_conditional_renorm,0.0,0.0,QB3
00-0034438,2025,2,PIT,QB,1,0,hierarchical_conditional_renorm,0.0,0.0,QB4
00-0034438,2025,3,PIT,QB,1,0,hierarchical_conditional_renorm,0.0,0.0,QB3
00-0034438,2025,4,PIT,QB,1,0,hierarchical_conditional_renorm,0.0,0.0,QB3
00-0034438,2025,6,PIT,QB,0,0,hierarchical_conditional_renorm,0.0,0.0,QB3
00-0034438,2025,7,PIT,QB,0,0,hierarchical_conditional_renorm,0.0,0.0,QB3
00-0034438,2025,8,PIT,QB,0,0,hierarchical_conditional_renorm,0.0,0.0,QB3
00-0034438,2025,17,ARI,QB,0,0,hierarchical_conditional_renorm,0.0,0.0,QB2
00-0034438,2025,18,ARI,QB,0,0,hierarchical_conditional_renorm,0.0,0.0,QB2
00-0034577,2025,1,DET,QB,1,0,hierarchical_conditional_renorm,0.0,0.0,QB3
00-0034577,2025,2,DET,QB,1,0,hierarchical_conditional_renorm,0.0,0.0,QB3
00-0034577,2025,3,DET,QB,1,0,hierarchical_conditional_renorm,0.0,0.0,QB2
00-0034577,2025,4,DET,QB,0,0,hierarchical_conditional_renorm,0.0,0.0,QB2
00-0034577,2025,5,DET,QB,0,0,hierarchical_conditional_renorm,0.0,0.0,QB2
00-0034577,2025,6,DET,QB,0,0,hierarchical_conditional_renorm,0.0,0.0,QB2
00-0034577,2025,7,DET,QB,0,0,hierarchical_conditional_renorm,0.0,0.0,QB2
00-0034577,2025,9,DET,QB,0,0,hierarchical_conditional_renorm,0.0,0.0,QB3
00-0034577,2025,10,DET,QB,0,0,hierarchical_conditional_renorm,0.0,0.0,QB3
00-0034577,2025,11,DET,QB,0,0,hierarchical_conditional_renorm,0.0,0.00852142256204846,QB2
00-0034577,2025,12,DET,QB,0,0,hierarchical_conditional_renorm,0.0,0.008498031355171071,QB2
00-0034577,2025,13,DET,QB,0,0,hierarchical_conditional_renorm,0.0,0.008320460352415243,QB2
00-0034577,2025,14,DET,QB,0,0,hierarchical_conditional_renorm,0.0,0.0,QB3
00-0034577,2025,15,DET,QB,0,0,hierarchical_conditional_renorm,0.0,0.0,QB3
00-0034577,2025,16,DET,QB,0,0,hierarchical_conditional_renorm,0.0,0.0,QB3
00-0034577,2025,17,DET,QB,0,0,hierarchical_conditional_renorm,0.0,0.0,QB3
00-0034577,2025,18,DET,QB,0,0,hierarchical_conditional_renorm,0.0,0.0,QB3
00-0034771,2025,1,PIT,QB,1,0,hierarchical_conditional_renorm,0.0,0.0,QB2
00-0034771,2025,2,PIT,QB,1,0,hierarchical_conditional_renorm,0.0,0.0,QB2
00-0034771,2025,3,PIT,QB,1,0,hierarchical_conditional_renorm,0.0,0.046445105507560765,QB2
00-0034771,2025,4,PIT,QB,0,0,hierarchical_conditional_renorm,0.0,0.010640918665081192,QB2
00-0034771,2025,6,PIT,QB,0,0,hierarchical_conditional_renorm,0.0,0.011329076885451485,QB2
00-0034771,2025,7,PIT,QB,0,0,hierarchical_conditional_renorm,0.0,0.0,QB2
00-0034771,2025,8,PIT,QB,0,0,hierarchical_conditional_renorm,0.0,0.0,QB2
00-0034771,2025,9,PIT,QB,0,0,hierarchical_conditional_renorm,0.0,0.0,QB2
00-0034771,2025,10,PIT,QB,0,0,hierarchical_conditional_renorm,0.0,0.0,QB2
00-0034771,2025,11,PIT,QB,0,0,hierarchical_conditional_renorm,0.5,0.0,QB2
00-0034771,2025,12,PIT,QB,0,0,hierarchical_conditional_renorm,1.0,0.12261515974970093,QB2
00-0034771,2025,13,PIT,QB,0,0,hierarchical_conditional_renorm,0.0,0.4168923380263659,QB2
00-0034771,2025,14,PIT,QB,0,0,hierarchical_conditional_renorm,0.0,0.42170990114208107,QB1
00-0034771,2025,15,PIT,QB,0,0,hierarchical_conditional_renorm,0.0,0.30138027136766615,QB2
00-0034771,2025,16,PIT,QB,0,0,hierarchical_conditional_renorm,0.0,0.016977962908551324,QB2
00-0034771,2025,17,PIT,QB,0,0,hierarchical_conditional_renorm,0.0,0.0,QB2
00-0034771,2025,18,PIT,QB,0,0,hierarchical_conditional_renorm,0.0,0.0,QB2
00-0034796,2025,1,BAL,QB,1,0,hierarchical_conditional_renorm,1.0,0.0,QB2
00-0034796,2025,2,BAL,QB,1,0,hierarchical_conditional_renorm,1.0,1.0,QB1
00-0034796,2025,3,BAL,QB,1,0,hierarchical_conditional_renorm,1.0,1.0,QB1
00-0034796,2025,4,BAL,QB,0,0,hierarchical_conditional_renorm,1.0,1.0,QB1
00-0034796,2025,5,BAL,QB,0,0,hierarchical_conditional_renorm,0.0,0.9131473841042923,QB1
00-0034796,2025,6,BAL,QB,0,0,hierarchical_conditional_renorm,0.0,0.5995607562784582,QB1
00-0034796,2025,8,BAL,QB,0,0,hierarchical_conditional_renorm,0.0,0.32364920417506543,QB2
00-0034796,2025,9,BAL,QB,0,0,hierarchical_conditional_renorm,1.0,0.0,QB3
00-0034796,2025,10,BAL,QB,0,0,hierarchical_conditional_renorm,1.0,0.40449082937506486,QB2
00-0034796,2025,11,BAL,QB,0,0,hierarchical_conditional_renorm,0.0,0.6854519793639315,QB1
00-0034796,2025,12,BAL,QB,0,0,hierarchical_conditional_renorm,0.0,1.0,QB1
00-0034796,2025,13,BAL,QB,0,0,hierarchical_conditional_renorm,0.0,1.0,QB1
00-0034796,2025,14,BAL,QB,0,0,hierarchical_conditional_renorm,1.0,1.0,QB1
00-0034796,2025,15,BAL,QB,0,0,hierarchical_conditional_renorm,1.0,1.0,QB1
00-0034796,2025,16,BAL,QB,0,0,hierarchical_conditional_renorm,0.0,1.0,QB1
00-0034796,2025,17,BAL,QB,0,0,hierarchical_conditional_renorm,0.0,0.8881379100954012,QB1
00-0034796,2025,18,BAL,QB,0,0,hierarchical_conditional_renorm,1.0,0.5827089533312612,QB2
00-0034855,2025,1,TB,QB,1,0,hierarchical_conditional_renorm,1.0,0.0,QB2
00-0034855,2025,2,TB,QB,1,0,hierarchical_conditional_renorm,1.0,1.0,QB1
00-0034855,2025,3,TB,QB,1,0,hierarchical_conditional_renorm,1.0,1.0,QB1
00-0034855,2025,4,TB,QB,0,0,hierarchical_conditional_renorm,1.0,1.0,QB1
00-0034855,2025,5,TB,QB,0,0,hierarchical_conditional_renorm,1.0,1.0,QB1
00-0034855,2025,6,TB,QB,0,0,hierarchical_conditional_renorm,1.0,1.0,QB1
00-0034855,2025,7,TB,QB,0,0,hierarchical_conditional_renorm,1.0,1.0,QB1
00-0034855,2025,8,TB,QB,0,0,hierarchical_conditional_renorm,0.0,1.0,QB1
00-0034855,2025,10,TB,QB,0,0,hierarchical_conditional_renorm,1.0,1.0,QB1
00-0034855,2025,11,TB,QB,0,0,hierarchical_conditional_renorm,1.0,1.0,QB1
00-0034855,2025,12,TB,QB,0,0,hierarchical_conditional_renorm,1.0,1.0,QB1
00-0034855,2025,13,TB,QB,0,0,hierarchical_conditional_renorm,1.0,0.8754886999075286,QB1
00-0034855,2025,14,TB,QB,0,0,hierarchical_conditional_renorm,1.0,0.8715311174176309,QB1
00-0034855,2025,15,TB,QB,0,0,hierarchical_conditional_renorm,1.0,0.8667002592264591,QB1
00-0034855,2025,16,TB,QB,0,0,hierarchical_conditional_renorm,1.0,1.0,QB1
00-0034855,2025,17,TB,QB,0,0,hierarchical_conditional_renorm,1.0,1.0,QB1
00-0034855,2025,18,TB,QB,0,0,hierarchical_conditional_renorm,1.0,1.0,QB1
00-0034857,2025,1,BUF,QB,1,0,hierarchical_conditional_renorm,1.0,0.0,QB3
00-0034857,2025,2,BUF,QB,1,0,hierarchical_conditional_renorm,0.0,1.0,QB1
00-0034857,2025,3,BUF,QB,1,0,hierarchical_conditional_renorm,1.0,0.9824128273822437,QB1
00-0034857,2025,4,BUF,QB,0,0,hierarchical_conditional_renorm,1.0,0.9905532949438954,QB1
00-0034857,2025,5,BUF,QB,0,0,hierarchical_conditional_renorm,1.0,0.9889830313818698,QB1
00-0034857,2025,6,BUF,QB,0,0,hierarchical_conditional_renorm,1.0,1.0,QB1
00-0034857,2025,8,BUF,QB,0,0,hierarchical_conditional_renorm,1.0,1.0,QB1
00-0034857,2025,9,BUF,QB,0,0,hierarchical_conditional_renorm,1.0,0.977137634683048,QB1
00-0034857,2025,10,BUF,QB,0,0,hierarchical_conditional_renorm,1.0,0.9773947159095818,QB1
00-0034857,2025,11,BUF,QB,0,0,hierarchical_conditional_renorm,1.0,0.9801301818520191,QB1
00-0034857,2025,12,BUF,QB,0,0,hierarchical_conditional_renorm,0.0,1.0,QB1
00-0034857,2025,13,BUF,QB,0,0,hierarchical_conditional_renorm,1.0,1.0,QB1
00-0034857,2025,14,BUF,QB,0,0,hierarchical_conditional_renorm,1.0,1.0,QB1
00-0034857,2025,15,BUF,QB,0,0,hierarchical_conditional_renorm,1.0,1.0,QB1
00-0034857,2025,16,BUF,QB,0,0,hierarchical_conditional_renorm,0.0,1.0,QB1
00-0034857,2025,17,BUF,QB,0,0,hierarchical_conditional_renorm,0.0,1.0,QB1
00-0034857,2025,18,BUF,QB,0,0,hierarchical_conditional_renorm,0.0,1.0,QB1
00-0034869,2025,1,SEA,QB,1,0,hierarchical_conditional_renorm,0.0,0.0,QB1
00-0034869,2025,2,SEA,QB,1,0,hierarchical_conditional_renorm,1.0,1.0,QB1
00-0034869,2025,3,SEA,QB,1,0,hierarchical_conditional_renorm,1.0,1.0,QB1
00-0034869,2025,4,SEA,QB,0,0,hierarchical_conditional_renorm,1.0,0.9816061065728857,QB1
00-0034869,2025,5,SEA,QB,0,0,hierarchical_conditional_renorm,1.0,0.983276298994339,QB1
00-0034869,2025,6,SEA,QB,0,0,hierarchical_conditional_renorm,1.0,0.9849294190899269,QB1
00-0034869,2025,7,SEA,QB,0,0,hierarchical_conditional_renorm,1.0,1.0,QB1
00-0034869,2025,9,SEA,QB,0,0,hierarchical_conditional_renorm,1.0,1.0,QB1
00-0034869,2025,10,SEA,QB,0,0,hierarchical_conditional_renorm,1.0,1.0,QB1
00-0034869,2025,11,SEA,QB,0,0,hierarchical_conditional_renorm,0.0,1.0,QB1
00-0034869,2025,12,SEA,QB,0,0,hierarchical_conditional_renorm,1.0,1.0,QB1
00-0034869,2025,13,SEA,QB,0,0,hierarchical_conditional_renorm,0.0,1.0,QB1
00-0034869,2025,14,SEA,QB,0,0,hierarchical_conditional_renorm,1.0,1.0,QB1
00-0034869,2025,15,SEA,QB,0,0,hierarchical_conditional_renorm,0.0,1.0,QB1
00-0034869,2025,16,SEA,QB,0,0,hierarchical_conditional_renorm,1.0,1.0,QB1
00-0034869,2025,17,SEA,QB,0,0,hierarchical_conditional_renorm,1.0,1.0,QB1
00-0034869,2025,18,SEA,QB,0,0,hierarchical_conditional_renorm,0.0,1.0,QB1
00-0034899,2025,1,JAX,QB,1,0,hierarchical_conditional_renorm,0.0,0.0,QB2
00-0034899,2025,9,MIN,QB,1,0,hierarchical_conditional_renorm,0.0,0.0,QB3
00-0034899,2025,10,MIN,QB,1,0,hierarchical_conditional_renorm,0.0,0.0,QB4
00-0034899,2025,11,MIN,QB,0,0,hierarchical_conditional_renorm,0.0,0.0,QB4
00-0034899,2025,12,MIN,QB,0,0,hierarchical_conditional_renorm,0.0,0.0,QB3
00-0034899,2025,13,MIN,QB,0,0,hierarchical_conditional_renorm,0.0,0.0,QB3
00-0034899,2025,14,MIN,QB,0,0,hierarchical_conditional_renorm,0.0,0.0,QB4
00-0034899,2025,15,MIN,QB,0,0,hierarchical_conditional_renorm,0.0,0.0,QB4
00-0034899,2025,16,MIN,QB,0,0,hierarchical_conditional_renorm,0.0,0.0,QB4
00-0034899,2025,17,MIN,QB,0,0,hierarchical_conditional_renorm,0.0,0.0,QB4
00-0034899,2025,18,MIN,QB,0,0,hierarchical_conditional_renorm,0.0,0.0,QB4
00-0034955,2025,1,CIN,QB,1,0,hierarchical_conditional_renorm,0.0,0.0,QB1
00-0034955,2025,2,CIN,QB,1,0,hierarchical_conditional_renorm,0.0,0.0,QB2
00-0034955,2025,3,CIN,QB,1,0,hierarchical_conditional_renorm,0.0,0.0,QB4
00-0034955,2025,4,CIN,QB,0,0,hierarchical_conditional_renorm,0.0,0.0035535441130375455,QB3
00-0034955,2025,5,CIN,QB,0,0,hierarchical_conditional_renorm,0.0,0.004794890279420826,QB3
00-0034955,2025,6,CIN,QB,0,0,hierarchical_conditional_renorm,0.0,0.00195145095119802,QB3
00-0034955,2025,7,IND,QB,0,0,hierarchical_conditional_renorm,0.0,0.0,QB3
00-0034955,2025,8,IND,QB,0,0,hierarchical_conditional_renorm,0.0,0.0,QB3
00-0034955,2025,9,IND,QB,0,0,hierarchical_conditional_renorm,0.0,0.0,QB3
00-0034955,2025,10,IND,QB,0,0,hierarchical_conditional_renorm,0.0,0.0,QB3
00-0034955,2025,12,IND,QB,0,0,hierarchical_conditional_renorm,0.0,0.0,QB3
00-0034955,2025,13,IND,QB,0,0,hierarchical_conditional_renorm,0.0,0.0,QB2
00-0034955,2025,14,IND,QB,0,0,hierarchical_conditional_renorm,0.0,0.0,QB2
00-0034955,2025,15,IND,QB,0,0,hierarchical_conditional_renorm,0.0,0.0,QB3
00-0034955,2025,16,IND,QB,0,0,hierarchical_conditional_renorm,0.0,0.0,QB4
00-0034955,2025,17,MIN,QB,0,0,hierarchical_conditional_renorm,0.0,0.0,QB4
00-0034955,2025,18,MIN,QB,0,0,hierarchical_conditional_renorm,0.0,0.0,QB4
00-0035100,2025,1,CIN,QB,1,0,hierarchical_conditional_renorm,0.0,0.0,QB2
00-0035100,2025,2,CIN,QB,1,0,hierarchical_conditional_renorm,0.6666666666666666,0.0,QB3
00-0035100,2025,3,CIN,QB,1,0,hierarchical_conditional_renorm,1.0,0.24616250908695983,QB2
00-0035100,2025,4,CIN,QB,0,0,hierarchical_conditional_renorm,0.0,0.5662269321520774,QB1
00-0035100,2025,5,CIN,QB,0,0,hierarchical_conditional_renorm,1.0,0.867345265766201,QB1
00-0035100,2025,6,CIN,QB,0,0,hierarchical_conditional_renorm,0.0,0.40630673551099733,QB1
00-0035100,2025,7,CIN,QB,0,0,hierarchical_conditional_renorm,0.0,0.48756783940388604,QB1
00-0035100,2025,8,CIN,QB,0,0,hierarchical_conditional_renorm,0.0,0.37690877307404647,QB2
00-0035100,2025,9,CIN,QB,0,0,hierarchical_conditional_renorm,0.0,0.0,QB2
00-0035100,2025,11,CIN,QB,0,0,hierarchical_conditional_renorm,0.0,0.0,QB2
00-0035100,2025,12,CIN,QB,0,0,hierarchical_conditional_renorm,0.0,0.0,QB2
00-0035100,2025,13,CIN,QB,0,0,hierarchical_conditional_renorm,0.0,0.008049212614752407,QB2
00-0035100,2025,14,CIN,QB,0,0,hierarchical_conditional_renorm,0.0,0.005191094907747411,QB3
00-0035100,2025,15,CIN,QB,0,0,hierarchical_conditional_renorm,0.0,0.004445641949799099,QB3
00-0035100,2025,16,CIN,QB,0,0,hierarchical_conditional_renorm,0.0,0.0,QB3
00-0035100,2025,17,CIN,QB,0,0,hierarchical_conditional_renorm,0.0,0.0,QB3
00-0035100,2025,18,CIN,QB,0,0,hierarchical_conditional_renorm,0.0,0.0,QB3
00-0035228,2025,1,ARI,QB,1,0,hierarchical_conditional_renorm,1.0,0.0,QB2
00-0035228,2025,2,ARI,QB,1,0,hierarchical_conditional_renorm,1.0,1.0,QB1
00-0035228,2025,3,ARI,QB,1,0,hierarchical_conditional_renorm,1.0,1.0,QB1
00-0035228,2025,4,ARI,QB,0,0,hierarchical_conditional_renorm,1.0,1.0,QB1
00-0035228,2025,5,ARI,QB,0,0,hierarchical_conditional_renorm,0.0,1.0,QB1
00-0035228,2025,6,ARI,QB,0,0,hierarchical_conditional_renorm,0.0,0.9946612042328754,QB1
00-0035228,2025,7,ARI,QB,0,0,hierarchical_conditional_renorm,0.0,0.687087335633515,QB1
00-0035228,2025,9,ARI,QB,0,0,hierarchical_conditional_renorm,0.0,0.44460859579249706,QB2
00-0035228,2025,10,ARI,QB,0,0,hierarchical_conditional_renorm,0.0,0.0,QB3
00-0035228,2025,11,ARI,QB,0,0,hierarchical_conditional_renorm,0.0,0.0,QB4
00-0035228,2025,12,ARI,QB,0,0,hierarchical_conditional_renorm,0.0,0.0,QB4
00-0035228,2025,13,ARI,QB,0,0,hierarchical_conditional_renorm,0.0,0.0,QB4
00-0035228,2025,14,ARI,QB,0,0,hierarchical_conditional_renorm,0.0,0.0,QB4
00-0035228,2025,15,ARI,QB,0,0,hierarchical_conditional_renorm,0.0,0.0,QB4
00-0035228,2025,16,ARI,QB,0,0,hierarchical_conditional_renorm,0.0,0.0,QB3
00-0035228,2025,17,ARI,QB,0,0,hierarchical_conditional_renorm,0.0,0.0,QB3
00-0035228,2025,18,ARI,QB,0,0,hierarchical_conditional_renorm,0.0,0.0,QB3
00-0035251,2025,1,DAL,QB,1,0,hierarchical_conditional_renorm,0.0,0.0,QB2
00-0035251,2025,2,DAL,QB,1,0,hierarchical_conditional_renorm,0.0,0.0,QB2
00-0035251,2025,3,DAL,QB,1,0,hierarchical_conditional_renorm,0.0,0.0,QB2
00-0035251,2025,4,DAL,QB,0,0,hierarchical_conditional_renorm,0.0,0.0,QB3
00-0035251,2025,5,DAL,QB,0,0,hierarchical_conditional_renorm,0.0,0.0,QB3
00-0035251,2025,6,DAL,QB,0,0,hierarchical_conditional_renorm,0.0,0.0,QB3
00-0035251,2025,7,DAL,QB,0,0,hierarchical_conditional_renorm,0.0,0.0,QB2
00-0035251,2025,8,DAL,QB,0,0,hierarchical_conditional_renorm,0.0,0.0,QB2
00-0035251,2025,9,DAL,QB,0,0,hierarchical_conditional_renorm,0.0,0.0,QB3
00-0035251,2025,11,DAL,QB,0,0,hierarchical_conditional_renorm,0.0,0.0,QB3
00-0035251,2025,12,DAL,QB,0,0,hierarchical_conditional_renorm,0.0,0.0,QB3
00-0035251,2025,13,DAL,QB,0,0,hierarchical_conditional_renorm,0.0,0.0,QB2
00-0035251,2025,14,DAL,QB,0,0,hierarchical_conditional_renorm,0.0,0.0,QB2
00-0035251,2025,15,DAL,QB,0,0,hierarchical_conditional_renorm,0.0,0.0,QB2
00-0035251,2025,16,DAL,QB,0,0,hierarchical_conditional_renorm,0.0,0.0,QB2
00-0035251,2025,17,DAL,QB,0,0,hierarchical_conditional_renorm,0.0,0.0,QB3
00-0035251,2025,18,DAL,QB,0,0,hierarchical_conditional_renorm,0.0,0.0,QB3
00-0035264,2025,1,DEN,QB,1,0,hierarchical_conditional_renorm,0.0,0.0,QB2
00-0035264,2025,2,DEN,QB,1,0,hierarchical_conditional_renorm,0.0,0.0,QB2
00-0035264,2025,3,DEN,QB,1,0,hierarchical_conditional_renorm,0.0,0.0,QB2
00-0035264,2025,4,DEN,QB,0,0,hierarchical_conditional_renorm,0.0,0.0,QB2
00-0035264,2025,5,DEN,QB,0,0,hierarchical_conditional_renorm,0.0,0.0,QB2
00-0035264,2025,6,DEN,QB,0,0,hierarchical_conditional_renorm,0.0,0.0,QB2
00-0035264,2025,7,DEN,QB,0,0,hierarchical_conditional_renorm,0.0,0.0,QB2
00-0035264,2025,8,DEN,QB,0,0,hierarchical_conditional_renorm,0.0,0.0,QB2
00-0035264,2025,9,DEN,QB,0,0,hierarchical_conditional_renorm,0.0,0.0,QB2
00-0035264,2025,10,DEN,QB,0,0,hierarchical_conditional_renorm,0.0,0.0,QB2
00-0035264,2025,11,DEN,QB,0,0,hierarchical_conditional_renorm,0.0,0.0,QB2
00-0035264,2025,13,DEN,QB,0,0,hierarchical_conditional_renorm,0.0,0.0,QB2
00-0035264,2025,14,DEN,QB,0,0,hierarchical_conditional_renorm,0.0,0.0,QB2
00-0035264,2025,15,DEN,QB,0,0,hierarchical_conditional_renorm,0.0,0.0,QB2
00-0035264,2025,16,DEN,QB,0,0,hierarchical_conditional_renorm,0.0,0.0,QB2
00-0035264,2025,17,DEN,QB,0,0,hierarchical_conditional_renorm,0.0,0.0,QB2
00-0035264,2025,18,DEN,QB,0,0,hierarchical_conditional_renorm,0.0,0.0,QB2
00-0035282,2025,1,ATL,QB,1,0,hierarchical_conditional_renorm,0.0,0.0,QB2
00-0035282,2025,2,ATL,QB,1,0,hierarchical_conditional_renorm,0.0,0.0,QB3
00-0035282,2025,3,ATL,QB,1,0,hierarchical_conditional_renorm,0.0,0.0,QB3
00-0035282,2025,4,ATL,QB,0,0,hierarchical_conditional_renorm,0.0,0.0,QB3
00-0035282,2025,6,ATL,QB,0,0,hierarchical_conditional_renorm,0.0,0.0,QB3
00-0035282,2025,7,ATL,QB,0,0,hierarchical_conditional_renorm,0.0,0.0,QB3
00-0035282,2025,8,ATL,QB,0,0,hierarchical_conditional_renorm,0.0,0.0,QB3
00-0035282,2025,9,ATL,QB,0,0,hierarchical_conditional_renorm,0.0,0.0,QB3
00-0035282,2025,10,ATL,QB,0,0,hierarchical_conditional_renorm,0.0,0.0,QB3
00-0035282,2025,11,ATL,QB,0,0,hierarchical_conditional_renorm,0.0,0.0,QB3
00-0035282,2025,12,ATL,QB,0,0,hierarchical_conditional_renorm,0.0,0.0,QB3
00-0035282,2025,13,ATL,QB,0,0,hierarchical_conditional_renorm,0.0,0.0,QB3
00-0035282,2025,14,ATL,QB,0,0,hierarchical_conditional_renorm,0.0,0.0,QB3
00-0035282,2025,15,ATL,QB,0,0,hierarchical_conditional_renorm,0.0,0.0,QB2
00-0035282,2025,16,ATL,QB,0,0,hierarchical_conditional_renorm,0.0,0.0,QB2
00-0035282,2025,17,ATL,QB,0,0,hierarchical_conditional_renorm,0.0,0.0,QB2
00-0035282,2025,18,ATL,QB,0,0,hierarchical_conditional_renorm,0.0,0.0,QB2
00-0035289,2025,1,KC,QB,1,0,hierarchical_conditional_renorm,0.0,0.0,QB2
00-0035289,2025,2,KC,QB,1,0,hierarchical_conditional_renorm,0.0,0.0,QB2
00-0035289,2025,3,KC,QB,1,0,hierarchical_conditional_renorm,0.0,0.0,QB2
00-0035289,2025,4,KC,QB,0,0,hierarchical_conditional_renorm,0.0,0.0,QB2
00-0035289,2025,5,KC,QB,0,0,hierarchical_conditional_renorm,0.0,0.0,QB2
00-0035289,2025,6,KC,QB,0,0,hierarchical_conditional_renorm,0.0,0.0,QB2
00-0035289,2025,7,KC,QB,0,0,hierarchical_conditional_renorm,0.0,0.0,QB2
00-0035289,2025,8,KC,QB,0,0,hierarchical_conditional_renorm,0.0,0.0,QB2
00-0035289,2025,9,KC,QB,0,0,hierarchical_conditional_renorm,0.0,0.0,QB2
00-0035289,2025,11,KC,QB,0,0,hierarchical_conditional_renorm,0.0,0.0,QB2
00-0035289,2025,12,KC,QB,0,0,hierarchical_conditional_renorm,0.0,0.0,QB2
00-0035289,2025,13,KC,QB,0,0,hierarchical_conditional_renorm,0.0,0.0,QB2
00-0035289,2025,14,KC,QB,0,0,hierarchical_conditional_renorm,0.0,0.0,QB2
00-0035289,2025,15,KC,QB,0,0,hierarchical_conditional_renorm,0.0,0.0,QB2
00-0035289,2025,16,KC,QB,0,0,hierarchical_conditional_renorm,0.0,0.019973334885233007,QB2
00-0035289,2025,17,KC,QB,0,0,hierarchical_conditional_renorm,0.0,0.061953082968134045,QB3
00-0035289,2025,18,KC,QB,0,0,hierarchical_conditional_renorm,0.0,0.057042810492864235,QB3
00-0035704,2025,1,SEA,QB,1,0,hierarchical_conditional_renorm,0.0,0.0,QB2
00-0035704,2025,2,SEA,QB,1,0,hierarchical_conditional_renorm,0.0,0.0,QB3
00-0035704,2025,3,SEA,QB,1,0,hierarchical_conditional_renorm,0.0,0.0,QB3
00-0035704,2025,4,SEA,QB,0,0,hierarchical_conditional_renorm,0.0,0.018393893427114314,QB2
00-0035704,2025,5,SEA,QB,0,0,hierarchical_conditional_renorm,0.0,0.016723701005660993,QB2
00-0035704,2025,6,SEA,QB,0,0,hierarchical_conditional_renorm,0.0,0.01507058091007308,QB2
00-0035704,2025,7,SEA,QB,0,0,hierarchical_conditional_renorm,0.0,0.0,QB3
00-0035704,2025,9,SEA,QB,0,0,hierarchical_conditional_renorm,0.0,0.0,QB3
00-0035704,2025,10,SEA,QB,0,0,hierarchical_conditional_renorm,0.0,0.0,QB2
00-0035704,2025,11,SEA,QB,0,0,hierarchical_conditional_renorm,0.0,0.0,QB2
00-0035704,2025,12,SEA,QB,0,0,hierarchical_conditional_renorm,0.0,0.0,QB2
00-0035704,2025,13,SEA,QB,0,0,hierarchical_conditional_renorm,0.0,0.0,QB2
00-0035704,2025,14,SEA,QB,0,0,hierarchical_conditional_renorm,0.0,0.0,QB2
00-0035704,2025,15,SEA,QB,0,0,hierarchical_conditional_renorm,0.0,0.0,QB2
00-0035704,2025,16,SEA,QB,0,0,hierarchical_conditional_renorm,0.0,0.0,QB2
00-0035704,2025,17,SEA,QB,0,0,hierarchical_conditional_renorm,0.0,0.0,QB2
00-0035704,2025,18,SEA,QB,0,0,hierarchical_conditional_renorm,0.0,0.0,QB2
00-0035710,2025,1,IND,QB,1,0,hierarchical_conditional_renorm,1.0,0.0,QB2
00-0035710,2025,2,IND,QB,1,0,hierarchical_conditional_renorm,1.0,1.0,QB1
00-0035710,2025,3,IND,QB,1,0,hierarchical_conditional_renorm,1.0,1.0,QB1
00-0035710,2025,4,IND,QB,0,0,hierarchical_conditional_renorm,1.0,1.0,QB1
00-0035710,2025,5,IND,QB,0,0,hierarchical_conditional_renorm,1.0,1.0,QB1
00-0035710,2025,6,IND,QB,0,0,hierarchical_conditional_renorm,1.0,0.9910249595880127,QB1
00-0035710,2025,7,IND,QB,0,0,hierarchical_conditional_renorm,1.0,0.9907610152303082,QB1
00-0035710,2025,8,IND,QB,0,0,hierarchical_conditional_renorm,1.0,0.9910928831696295,QB1
00-0035710,2025,9,IND,QB,0,0,hierarchical_conditional_renorm,1.0,0.9913767182908787,QB1
00-0035710,2025,10,IND,QB,0,0,hierarchical_conditional_renorm,1.0,0.9918764590839908,QB1
00-0035710,2025,12,IND,QB,0,0,hierarchical_conditional_renorm,1.0,0.99174318450487,QB1
00-0035710,2025,13,IND,QB,0,0,hierarchical_conditional_renorm,1.0,1.0,QB1
00-0035710,2025,14,IND,QB,0,0,hierarchical_conditional_renorm,0.0,1.0,QB1
00-0035710,2025,15,IND,QB,0,0,hierarchical_conditional_renorm,0.0,0.7896516114738306,QB1
00-0035710,2025,16,IND,QB,0,0,hierarchical_conditional_renorm,0.0,0.4300968045411177,QB2
00-0035710,2025,17,IND,QB,0,0,hierarchical_conditional_renorm,0.0,0.0820792179099091,QB3
00-0035710,2025,18,IND,QB,0,0,hierarchical_conditional_renorm,0.0,0.0,QB3
00-0035939,2025,1,CAR,QB,1,0,hierarchical_conditional_renorm,0.0,0.0,QB4
00-0035993,2025,1,BAL,QB,1,0,hierarchical_conditional_renorm,0.0,0.0,QB3
00-0035993,2025,2,BAL,QB,1,0,hierarchical_conditional_renorm,0.0,0.0,QB3
00-0035993,2025,3,BAL,QB,1,0,hierarchical_conditional_renorm,0.0,0.0,QB3
00-0035993,2025,4,BAL,QB,0,0,hierarchical_conditional_renorm,0.0,0.0,QB3
00-0035993,2025,5,BAL,QB,0,0,hierarchical_conditional_renorm,0.0,0.0,QB3
00-0035993,2025,6,BAL,QB,0,0,hierarchical_conditional_renorm,0.0,0.0,QB3
00-0035993,2025,8,BAL,QB,0,0,hierarchical_conditional_renorm,1.0,0.13175278118131709,QB3
00-0035993,2025,9,BAL,QB,0,0,hierarchical_conditional_renorm,0.0,0.48623538399215577,QB2
00-0035993,2025,10,BAL,QB,0,0,hierarchical_conditional_renorm,0.0,0.4224314570648325,QB1
00-0035993,2025,11,BAL,QB,0,0,hierarchical_conditional_renorm,0.0,0.31454802063606846,QB2
00-0035993,2025,12,BAL,QB,0,0,hierarchical_conditional_renorm,0.0,0.0,QB3
00-0035993,2025,13,BAL,QB,0,0,hierarchical_conditional_renorm,0.0,0.0,QB3
00-0035993,2025,14,BAL,QB,0,0,hierarchical_conditional_renorm,0.0,0.0,QB3
00-0035993,2025,15,BAL,QB,0,0,hierarchical_conditional_renorm,0.0,0.0,QB3
00-0035993,2025,16,BAL,QB,0,0,hierarchical_conditional_renorm,0.0,0.0,QB2
00-0035993,2025,17,BAL,QB,0,0,hierarchical_conditional_renorm,1.0,0.11186208990459887,QB2
00-0035993,2025,18,BAL,QB,0,0,hierarchical_conditional_renorm,0.0,0.41729104666873884,QB1
00-0036212,2025,1,MIA,QB,1,0,hierarchical_conditional_renorm,1.0,0.0,QB1
00-0036212,2025,2,MIA,QB,1,0,hierarchical_conditional_renorm,1.0,0.7816536472183526,QB1
00-0036212,2025,3,MIA,QB,1,0,hierarchical_conditional_renorm,1.0,0.9152074100247302,QB1
00-0036212,2025,4,MIA,QB,0,0,hierarchical_conditional_renorm,1.0,0.9489540558582455,QB1
00-0036212,2025,5,MIA,QB,0,0,hierarchical_conditional_renorm,1.0,1.0,QB1
00-0036212,2025,6,MIA,QB,0,0,hierarchical_conditional_renorm,1.0,1.0,QB1
00-0036212,2025,7,MIA,QB,0,0,hierarchical_conditional_renorm,0.0,1.0,QB1
00-0036212,2025,8,MIA,QB,0,0,hierarchical_conditional_renorm,1.0,0.9338968585263573,QB1
00-0036212,2025,9,MIA,QB,0,0,hierarchical_conditional_renorm,0.0,0.9268817053934288,QB1
00-0036212,2025,10,MIA,QB,0,0,hierarchical_conditional_renorm,1.0,0.9317456821744126,QB1
00-0036212,2025,11,MIA,QB,0,0,hierarchical_conditional_renorm,0.0,0.994192344632854,QB1
00-0036212,2025,13,MIA,QB,0,0,hierarchical_conditional_renorm,0.0,1.0,QB1
00-0036212,2025,14,MIA,QB,0,0,hierarchical_conditional_renorm,1.0,1.0,QB1
00-0036212,2025,15,MIA,QB,0,0,hierarchical_conditional_renorm,1.0,1.0,QB1
00-0036212,2025,16,MIA,QB,0,0,hierarchical_conditional_renorm,0.0,1.0,QB1
00-0036212,2025,17,MIA,QB,0,0,hierarchical_conditional_renorm,0.0,0.7210469577056353,QB1
00-0036212,2025,18,MIA,QB,0,0,hierarchical_conditional_renorm,0.0,0.46420866478843004,QB2
00-0036264,2025,1,GB,QB,1,0,hierarchical_conditional_renorm,1.0,0.0,QB1
00-0036264,2025,2,GB,QB,1,0,hierarchical_conditional_renorm,1.0,1.0,QB1
00-0036264,2025,3,GB,QB,1,0,hierarchical_conditional_renorm,1.0,1.0,QB1
00-0036264,2025,4,GB,QB,0,0,hierarchical_conditional_renorm,1.0,1.0,QB1
00-0036264,2025,6,GB,QB,0,0,hierarchical_conditional_renorm,1.0,1.0,QB1
00-0036264,2025,7,GB,QB,0,0,hierarchical_conditional_renorm,1.0,1.0,QB1
00-0036264,2025,8,GB,QB,0,0,hierarchical_conditional_renorm,1.0,1.0,QB1
00-0036264,2025,9,GB,QB,0,0,hierarchical_conditional_renorm,0.0,1.0,QB1
00-0036264,2025,10,GB,QB,0,0,hierarchical_conditional_renorm,0.0,1.0,QB1
00-0036264,2025,11,GB,QB,0,0,hierarchical_conditional_renorm,0.6666666666666666,1.0,QB1
00-0036264,2025,12,GB,QB,0,0,hierarchical_conditional_renorm,0.0,0.9889741849036583,QB1
00-0036264,2025,13,GB,QB,0,0,hierarchical_conditional_renorm,1.0,0.9819150576504512,QB1
00-0036264,2025,14,GB,QB,0,0,hierarchical_conditional_renorm,1.0,0.9825021585035123,QB1
00-0036264,2025,15,GB,QB,0,0,hierarchical_conditional_renorm,1.0,0.9941823058806039,QB1
00-0036264,2025,16,GB,QB,0,0,hierarchical_conditional_renorm,0.0,1.0,QB1
00-0036264,2025,17,GB,QB,0,0,hierarchical_conditional_renorm,0.0,0.8863515902524978,QB1
00-0036264,2025,18,GB,QB,0,0,hierarchical_conditional_renorm,0.0,0.5847136430666163,QB2
00-0036355,2025,1,LAC,QB,1,0,hierarchical_conditional_renorm,1.0,0.0,QB2
00-0036355,2025,2,LAC,QB,1,0,hierarchical_conditional_renorm,1.0,1.0,QB1
00-0036355,2025,3,LAC,QB,1,0,hierarchical_conditional_renorm,1.0,1.0,QB1
00-0036355,2025,4,LAC,QB,0,0,hierarchical_conditional_renorm,1.0,1.0,QB1
00-0036355,2025,5,LAC,QB,0,0,hierarchical_conditional_renorm,1.0,1.0,QB1
00-0036355,2025,6,LAC,QB,0,0,hierarchical_conditional_renorm,1.0,0.9806861283261377,QB1
00-0036355,2025,7,LAC,QB,0,0,hierarchical_conditional_renorm,1.0,0.981576515465596,QB1
00-0036355,2025,8,LAC,QB,0,0,hierarchical_conditional_renorm,1.0,0.9842202336276648,QB1
00-0036355,2025,9,LAC,QB,0,0,hierarchical_conditional_renorm,1.0,1.0,QB1
00-0036355,2025,10,LAC,QB,0,0,hierarchical_conditional_renorm,1.0,1.0,QB1
00-0036355,2025,11,LAC,QB,0,0,hierarchical_conditional_renorm,0.0,1.0,QB1
00-0036355,2025,13,LAC,QB,0,0,hierarchical_conditional_renorm,1.0,0.9506795991141899,QB1
00-0036355,2025,14,LAC,QB,0,0,hierarchical_conditional_renorm,1.0,0.9372064666145319,QB1
00-0036355,2025,15,LAC,QB,0,0,hierarchical_conditional_renorm,1.0,0.9335825453767721,QB1
00-0036355,2025,16,LAC,QB,0,0,hierarchical_conditional_renorm,1.0,0.9951849191040886,QB1
00-0036355,2025,17,LAC,QB,0,0,hierarchical_conditional_renorm,1.0,1.0,QB1
00-0036355,2025,18,LAC,QB,0,0,hierarchical_conditional_renorm,0.0,1.0,QB1
00-0036384,2025,1,ATL,QB,1,0,hierarchical_conditional_renorm,0.0,0.0,QB3
00-0036389,2025,1,PHI,QB,1,0,hierarchical_conditional_renorm,0.0,0.0,QB1
00-0036389,2025,2,PHI,QB,1,0,hierarchical_conditional_renorm,0.0,1.0,QB1
00-0036389,2025,3,PHI,QB,1,0,hierarchical_conditional_renorm,1.0,1.0,QB1
00-0036389,2025,4,PHI,QB,0,0,hierarchical_conditional_renorm,1.0,1.0,QB1
00-0036389,2025,5,PHI,QB,0,0,hierarchical_conditional_renorm,1.0,1.0,QB1
00-0036389,2025,6,PHI,QB,0,0,hierarchical_conditional_renorm,1.0,1.0,QB1
00-0036389,2025,7,PHI,QB,0,0,hierarchical_conditional_renorm,1.0,1.0,QB1
00-0036389,2025,8,PHI,QB,0,0,hierarchical_conditional_renorm,1.0,1.0,QB1
00-0036389,2025,10,PHI,QB,0,0,hierarchical_conditional_renorm,1.0,1.0,QB1
00-0036389,2025,11,PHI,QB,0,0,hierarchical_conditional_renorm,0.0,1.0,QB1
00-0036389,2025,12,PHI,QB,0,0,hierarchical_conditional_renorm,1.0,1.0,QB1
00-0036389,2025,13,PHI,QB,0,0,hierarchical_conditional_renorm,1.0,1.0,QB1
00-0036389,2025,14,PHI,QB,0,0,hierarchical_conditional_renorm,0.0,1.0,QB1
00-0036389,2025,15,PHI,QB,0,0,hierarchical_conditional_renorm,1.0,1.0,QB1
00-0036389,2025,16,PHI,QB,0,0,hierarchical_conditional_renorm,1.0,0.9819815577265104,QB1
00-0036389,2025,17,PHI,QB,0,0,hierarchical_conditional_renorm,1.0,0.9815604453687973,QB1
00-0036389,2025,18,PHI,QB,0,0,hierarchical_conditional_renorm,0.0,0.9797782707433896,QB1
00-0036442,2025,1,CIN,QB,1,0,hierarchical_conditional_renorm,1.0,0.0,QB3
00-0036442,2025,2,CIN,QB,1,0,hierarchical_conditional_renorm,0.3333333333333333,1.0,QB1
00-0036442,2025,3,CIN,QB,1,0,hierarchical_conditional_renorm,0.0,0.7538374909130401,QB1
00-0036442,2025,4,CIN,QB,0,0,hierarchical_conditional_renorm,0.0,0.430219523734885,QB2
00-0036442,2025,5,CIN,QB,0,0,hierarchical_conditional_renorm,0.0,0.1278598439543783,QB2
00-0036442,2025,6,CIN,QB,0,0,hierarchical_conditional_renorm,0.0,0.0,QB4
00-0036442,2025,7,CIN,QB,0,0,hierarchical_conditional_renorm,0.0,0.0,QB3
00-0036442,2025,8,CIN,QB,0,0,hierarchical_conditional_renorm,0.0,0.0,QB3
00-0036442,2025,9,CIN,QB,0,0,hierarchical_conditional_renorm,0.0,0.0,QB3
00-0036442,2025,11,CIN,QB,0,0,hierarchical_conditional_renorm,0.0,0.0,QB3
00-0036442,2025,12,CIN,QB,0,0,hierarchical_conditional_renorm,0.0,0.0,QB3
00-0036442,2025,13,CIN,QB,0,0,hierarchical_conditional_renorm,1.0,0.0,QB3
00-0036442,2025,14,CIN,QB,0,0,hierarchical_conditional_renorm,1.0,0.29662496343504485,QB2
00-0036442,2025,15,CIN,QB,0,0,hierarchical_conditional_renorm,0.0,0.5268134534616608,QB1
00-0036442,2025,16,CIN,QB,0,0,hierarchical_conditional_renorm,1.0,1.0,QB1
00-0036442,2025,17,CIN,QB,0,0,hierarchical_conditional_renorm,1.0,0.9822074401772721,QB1
00-0036442,2025,18,CIN,QB,0,0,hierarchical_conditional_renorm,1.0,0.9191200286597354,QB1
00-0036679,2025,1,BUF,QB,1,0,hierarchical_conditional_renorm,0.0,0.0,QB4
00-0036679,2025,2,BUF,QB,1,0,hierarchical_conditional_renorm,0.0,0.0,QB3
00-0036679,2025,3,BUF,QB,1,0,hierarchical_conditional_renorm,0.0,0.0,QB3
00-0036679,2025,4,BUF,QB,0,0,hierarchical_conditional_renorm,0.0,0.0,QB3
00-0036679,2025,5,BUF,QB,0,0,hierarchical_conditional_renorm,0.0,0.0,QB3
00-0036679,2025,6,BUF,QB,0,0,hierarchical_conditional_renorm,0.0,0.0,QB3
00-0036679,2025,8,BUF,QB,0,0,hierarchical_conditional_renorm,0.0,0.0,QB3
00-0036679,2025,9,BUF,QB,0,0,hierarchical_conditional_renorm,0.0,0.0,QB3
00-0036679,2025,10,BUF,QB,0,0,hierarchical_conditional_renorm,0.0,0.0,QB3
00-0036679,2025,11,BUF,QB,0,0,hierarchical_conditional_renorm,0.0,0.0,QB3
00-0036679,2025,12,BUF,QB,0,0,hierarchical_conditional_renorm,0.0,0.0,QB3
00-0036679,2025,13,BUF,QB,0,0,hierarchical_conditional_renorm,0.0,0.0,QB3
00-0036679,2025,14,BUF,QB,0,0,hierarchical_conditional_renorm,0.0,0.0,QB3
00-0036679,2025,15,BUF,QB,0,0,hierarchical_conditional_renorm,0.0,0.0,QB3
00-0036679,2025,16,BUF,QB,0,0,hierarchical_conditional_renorm,0.0,0.0,QB3
00-0036679,2025,17,KC,QB,0,0,hierarchical_conditional_renorm,0.0,0.0,QB4
00-0036679,2025,18,KC,QB,0,0,hierarchical_conditional_renorm,0.0,0.0,QB4
00-0036879,2025,1,DEN,QB,1,0,hierarchical_conditional_renorm,0.0,0.0,QB3
00-0036879,2025,2,DEN,QB,1,0,hierarchical_conditional_renorm,0.0,0.0,QB3
00-0036879,2025,3,DEN,QB,1,0,hierarchical_conditional_renorm,0.0,0.0,QB3
00-0036879,2025,4,DEN,QB,0,0,hierarchical_conditional_renorm,0.0,0.0,QB3
00-0036879,2025,5,DEN,QB,0,0,hierarchical_conditional_renorm,0.0,0.0,QB3
00-0036879,2025,6,DEN,QB,0,0,hierarchical_conditional_renorm,0.0,0.0,QB3
00-0036879,2025,7,DEN,QB,0,0,hierarchical_conditional_renorm,0.0,0.0,QB3
00-0036879,2025,8,DEN,QB,0,0,hierarchical_conditional_renorm,0.0,0.0,QB3
00-0036879,2025,9,DEN,QB,0,0,hierarchical_conditional_renorm,0.0,0.0,QB3
00-0036879,2025,10,DEN,QB,0,0,hierarchical_conditional_renorm,0.0,0.0,QB3
00-0036879,2025,11,DEN,QB,0,0,hierarchical_conditional_renorm,0.0,0.0,QB3
00-0036879,2025,13,DEN,QB,0,0,hierarchical_conditional_renorm,0.0,0.0,QB3
00-0036879,2025,14,DEN,QB,0,0,hierarchical_conditional_renorm,0.0,0.0,QB3
00-0036879,2025,15,DEN,QB,0,0,hierarchical_conditional_renorm,0.0,0.0,QB3
00-0036879,2025,16,DEN,QB,0,0,hierarchical_conditional_renorm,0.0,0.0,QB3
00-0036879,2025,17,DEN,QB,0,0,hierarchical_conditional_renorm,0.0,0.0,QB3
00-0036879,2025,18,DEN,QB,0,0,hierarchical_conditional_renorm,0.0,0.0,QB3
00-0036898,2025,1,HOU,QB,1,0,hierarchical_conditional_renorm,0.0,0.0,QB2
00-0036898,2025,2,HOU,QB,1,0,hierarchical_conditional_renorm,0.0,0.0,QB2
00-0036898,2025,3,HOU,QB,1,0,hierarchical_conditional_renorm,0.0,0.0,QB2
00-0036898,2025,4,HOU,QB,0,0,hierarchical_conditional_renorm,0.0,0.0,QB2
00-0036898,2025,5,HOU,QB,0,0,hierarchical_conditional_renorm,0.0,0.0,QB2
00-0036898,2025,7,HOU,QB,0,0,hierarchical_conditional_renorm,0.0,0.020455947324343863,QB2
00-0036898,2025,8,HOU,QB,0,0,hierarchical_conditional_renorm,0.0,0.018329130998664022,QB2
00-0036898,2025,9,HOU,QB,0,0,hierarchical_conditional_renorm,0.0,0.0172421476139917,QB2
00-0036898,2025,10,HOU,QB,0,0,hierarchical_conditional_renorm,1.0,0.2178375000067722,QB2
00-0036898,2025,11,HOU,QB,0,0,hierarchical_conditional_renorm,1.0,0.45314254477750165,QB1
00-0036898,2025,12,HOU,QB,0,0,hierarchical_conditional_renorm,1.0,0.8303511461096309,QB1
00-0036898,2025,13,HOU,QB,0,0,hierarchical_conditional_renorm,0.0,1.0,QB1
00-0036898,2025,14,HOU,QB,0,0,hierarchical_conditional_renorm,0.0,0.5666821421605298,QB1
00-0036898,2025,15,HOU,QB,0,0,hierarchical_conditional_renorm,0.0,0.3352505240006987,QB2
00-0036898,2025,16,HOU,QB,0,0,hierarchical_conditional_renorm,0.0,0.0,QB2
00-0036898,2025,17,HOU,QB,0,0,hierarchical_conditional_renorm,0.0,0.0,QB2
00-0036898,2025,18,HOU,QB,0,0,hierarchical_conditional_renorm,0.0,0.0,QB2
00-0036928,2025,1,TB,QB,1,0,hierarchical_conditional_renorm,0.0,0.0,QB3
00-0036928,2025,12,ATL,QB,1,0,hierarchical_conditional_renorm,0.0,0.0,QB4
00-0036928,2025,13,ATL,QB,1,0,hierarchical_conditional_renorm,0.0,0.0,QB4
00-0036928,2025,14,ATL,QB,0,0,hierarchical_conditional_renorm,0.0,0.0,QB4
00-0036928,2025,15,ATL,QB,0,0,hierarchical_conditional_renorm,0.0,0.0,QB3
00-0036928,2025,16,ATL,QB,0,0,hierarchical_conditional_renorm,0.0,0.0,QB3
00-0036928,2025,17,ATL,QB,0,0,hierarchical_conditional_renorm,0.0,0.0,QB3
00-0036928,2025,18,ATL,QB,0,0,hierarchical_conditional_renorm,0.0,0.0,QB3
00-0036945,2025,1,NYJ,QB,1,0,hierarchical_conditional_renorm,1.0,0.0,QB2
00-0036945,2025,2,NYJ,QB,1,0,hierarchical_conditional_renorm,0.0,1.0,QB1
00-0036945,2025,3,NYJ,QB,1,0,hierarchical_conditional_renorm,0.0,0.7323908411468693,QB1
00-0036945,2025,4,NYJ,QB,0,0,hierarchical_conditional_renorm,1.0,0.46770159925642135,QB1
00-0036945,2025,5,NYJ,QB,0,0,hierarchical_conditional_renorm,1.0,0.49508491545909955,QB1
00-0036945,2025,6,NYJ,QB,0,0,hierarchical_conditional_renorm,0.0,0.6508354919187543,QB1
00-0036945,2025,7,NYJ,QB,0,0,hierarchical_conditional_renorm,0.0,1.0,QB1
00-0036945,2025,8,NYJ,QB,0,0,hierarchical_conditional_renorm,0.5,0.7213989459803737,QB1
00-0036945,2025,10,NYJ,QB,0,0,hierarchical_conditional_renorm,1.0,0.7266013797700622,QB1
00-0036945,2025,11,NYJ,QB,0,0,hierarchical_conditional_renorm,1.0,0.7346416872094143,QB1
00-0036945,2025,12,NYJ,QB,0,0,hierarchical_conditional_renorm,0.0,1.0,QB1
00-0036945,2025,13,NYJ,QB,0,0,hierarchical_conditional_renorm,0.0,0.6600608157094829,QB1
00-0036945,2025,14,NYJ,QB,0,0,hierarchical_conditional_renorm,0.0,0.4256297139221544,QB2
00-0036945,2025,15,NYJ,QB,0,0,hierarchical_conditional_renorm,0.0,0.0,QB3
00-0036945,2025,16,NYJ,QB,0,0,hierarchical_conditional_renorm,0.0,0.0,QB3
00-0036945,2025,17,NYJ,QB,0,0,hierarchical_conditional_renorm,0.0,0.0,QB3
00-0036945,2025,18,NYJ,QB,0,0,hierarchical_conditional_renorm,0.0,0.0,QB3
00-0036971,2025,1,JAX,QB,1,0,hierarchical_conditional_renorm,1.0,0.0,QB3
00-0036971,2025,2,JAX,QB,1,0,hierarchical_conditional_renorm,1.0,1.0,QB1
00-0036971,2025,3,JAX,QB,1,0,hierarchical_conditional_renorm,0.0,1.0,QB1
00-0036971,2025,4,JAX,QB,0,0,hierarchical_conditional_renorm,1.0,1.0,QB1
00-0036971,2025,5,JAX,QB,0,0,hierarchical_conditional_renorm,1.0,1.0,QB1
00-0036971,2025,6,JAX,QB,0,0,hierarchical_conditional_renorm,1.0,1.0,QB1
00-0036971,2025,7,JAX,QB,0,0,hierarchical_conditional_renorm,1.0,1.0,QB1
00-0036971,2025,9,JAX,QB,0,0,hierarchical_conditional_renorm,0.0,1.0,QB1
00-0036971,2025,10,JAX,QB,0,0,hierarchical_conditional_renorm,1.0,1.0,QB1
00-0036971,2025,11,JAX,QB,0,0,hierarchical_conditional_renorm,1.0,1.0,QB1
00-0036971,2025,12,JAX,QB,0,0,hierarchical_conditional_renorm,1.0,1.0,QB1
00-0036971,2025,13,JAX,QB,0,0,hierarchical_conditional_renorm,1.0,1.0,QB1
00-0036971,2025,14,JAX,QB,0,0,hierarchical_conditional_renorm,1.0,1.0,QB1
00-0036971,2025,15,JAX,QB,0,0,hierarchical_conditional_renorm,1.0,0.995667187645877,QB1
00-0036971,2025,16,JAX,QB,0,0,hierarchical_conditional_renorm,1.0,0.9958769774430798,QB1
00-0036971,2025,17,JAX,QB,0,0,hierarchical_conditional_renorm,0.0,0.9959180133643548,QB1
00-0036971,2025,18,JAX,QB,0,0,hierarchical_conditional_renorm,1.0,1.0,QB1
00-0036972,2025,1,SF,QB,1,0,hierarchical_conditional_renorm,0.0,0.0,QB1
00-0036972,2025,2,SF,QB,1,0,hierarchical_conditional_renorm,1.0,0.0,QB2
00-0036972,2025,3,SF,QB,1,0,hierarchical_conditional_renorm,1.0,0.445814431465817,QB1
00-0036972,2025,4,SF,QB,0,0,hierarchical_conditional_renorm,0.0,0.6769540191932071,QB1
00-0036972,2025,5,SF,QB,0,0,hierarchical_conditional_renorm,1.0,0.625080978218342,QB1
00-0036972,2025,6,SF,QB,0,0,hierarchical_conditional_renorm,0.0,0.6599105782359022,QB1
00-0036972,2025,7,SF,QB,0,0,hierarchical_conditional_renorm,0.0,0.6835950686456386,QB1
00-0036972,2025,8,SF,QB,0,0,hierarchical_conditional_renorm,1.0,1.0,QB1
00-0036972,2025,9,SF,QB,0,0,hierarchical_conditional_renorm,1.0,1.0,QB1
00-0036972,2025,10,SF,QB,0,0,hierarchical_conditional_renorm,1.0,1.0,QB1
00-0036972,2025,11,SF,QB,0,0,hierarchical_conditional_renorm,0.0,1.0,QB1
00-0036972,2025,12,SF,QB,0,0,hierarchical_conditional_renorm,0.0,0.7044249779121129,QB1
00-0036972,2025,13,SF,QB,0,0,hierarchical_conditional_renorm,0.0,0.42550555670426987,QB2
00-0036972,2025,15,SF,QB,0,0,hierarchical_conditional_renorm,0.0,0.0,QB2
00-0036972,2025,16,SF,QB,0,0,hierarchical_conditional_renorm,0.0,0.0,QB2
00-0036972,2025,17,SF,QB,0,0,hierarchical_conditional_renorm,0.0,0.0,QB2
00-0036972,2025,18,SF,QB,0,0,hierarchical_conditional_renorm,0.0,0.0,QB2
00-0037012,2025,1,LAC,QB,1,0,hierarchical_conditional_renorm,0.0,0.0,QB3
00-0037012,2025,2,LAC,QB,1,0,hierarchical_conditional_renorm,0.0,0.0,QB2
00-0037012,2025,3,LAC,QB,1,0,hierarchical_conditional_renorm,0.0,0.0,QB2
00-0037012,2025,4,LAC,QB,0,0,hierarchical_conditional_renorm,0.0,0.0,QB2
00-0037012,2025,5,LAC,QB,0,0,hierarchical_conditional_renorm,0.0,0.0,QB2
00-0037012,2025,6,LAC,QB,0,0,hierarchical_conditional_renorm,0.0,0.019313871673862313,QB2
00-0037012,2025,7,LAC,QB,0,0,hierarchical_conditional_renorm,0.0,0.018423484534403952,QB2
00-0037012,2025,8,LAC,QB,0,0,hierarchical_conditional_renorm,0.0,0.01577976637233533,QB2
00-0037012,2025,9,LAC,QB,0,0,hierarchical_conditional_renorm,0.0,0.0,QB2
00-0037012,2025,10,LAC,QB,0,0,hierarchical_conditional_renorm,0.0,0.0,QB2
00-0037012,2025,11,LAC,QB,0,0,hierarchical_conditional_renorm,0.0,0.0,QB2
00-0037012,2025,13,LAC,QB,0,0,hierarchical_conditional_renorm,0.0,0.049320400885810085,QB2
00-0037012,2025,14,LAC,QB,0,0,hierarchical_conditional_renorm,0.0,0.06279353338546811,QB2
00-0037012,2025,15,LAC,QB,0,0,hierarchical_conditional_renorm,0.0,0.066417454623228,QB2
00-0037012,2025,16,LAC,QB,0,0,hierarchical_conditional_renorm,0.0,0.004815080895911352,QB2
00-0037012,2025,17,LAC,QB,0,0,hierarchical_conditional_renorm,0.0,0.0,QB2
00-0037012,2025,18,LAC,QB,0,0,hierarchical_conditional_renorm,0.0,0.0,QB2
00-0037013,2025,1,MIA,QB,1,0,hierarchical_conditional_renorm,0.0,0.0,QB2
00-0037013,2025,2,MIA,QB,1,0,hierarchical_conditional_renorm,0.0,0.2183463527816474,QB2
00-0037013,2025,3,MIA,QB,1,0,hierarchical_conditional_renorm,0.0,0.08479258997526987,QB2
00-0037013,2025,4,MIA,QB,0,0,hierarchical_conditional_renorm,0.0,0.051045944141754375,QB2
00-0037013,2025,5,MIA,QB,0,0,hierarchical_conditional_renorm,0.0,0.0,QB2
00-0037013,2025,6,MIA,QB,0,0,hierarchical_conditional_renorm,0.0,0.0,QB2
00-0037013,2025,7,MIA,QB,0,0,hierarchical_conditional_renorm,0.0,0.0,QB2
00-0037013,2025,8,MIA,QB,0,0,hierarchical_conditional_renorm,0.0,0.0,QB3
00-0037013,2025,9,MIA,QB,0,0,hierarchical_conditional_renorm,0.0,0.00527378578232196,QB3
00-0037013,2025,10,MIA,QB,0,0,hierarchical_conditional_renorm,0.0,0.004870141667411489,QB3
00-0037013,2025,11,MIA,QB,0,0,hierarchical_conditional_renorm,0.0,0.005807655367146096,QB2
00-0037013,2025,13,MIA,QB,0,0,hierarchical_conditional_renorm,0.0,0.0,QB2
00-0037013,2025,14,MIA,QB,0,0,hierarchical_conditional_renorm,0.0,0.0,QB2
00-0037013,2025,15,MIA,QB,0,0,hierarchical_conditional_renorm,0.0,0.0,QB2
00-0037013,2025,16,MIA,QB,0,0,hierarchical_conditional_renorm,0.0,0.0,QB2
00-0037013,2025,17,MIA,QB,0,0,hierarchical_conditional_renorm,0.0,0.0,QB3
00-0037013,2025,18,MIA,QB,0,0,hierarchical_conditional_renorm,0.0,0.0,QB3
00-0037077,2025,1,PHI,QB,1,0,hierarchical_conditional_renorm,0.0,0.0,QB2
00-0037077,2025,2,PHI,QB,1,0,hierarchical_conditional_renorm,0.0,0.0,QB2
00-0037077,2025,3,PHI,QB,1,0,hierarchical_conditional_renorm,0.0,0.0,QB2
00-0037077,2025,4,PHI,QB,0,0,hierarchical_conditional_renorm,0.0,0.0,QB2
00-0037077,2025,5,PHI,QB,0,0,hierarchical_conditional_renorm,0.0,0.0,QB2
00-0037077,2025,6,PHI,QB,0,0,hierarchical_conditional_renorm,0.0,0.0,QB2
00-0037077,2025,7,PHI,QB,0,0,hierarchical_conditional_renorm,0.0,0.0,QB2
00-0037077,2025,8,PHI,QB,0,0,hierarchical_conditional_renorm,0.0,0.0,QB2
00-0037077,2025,10,PHI,QB,0,0,hierarchical_conditional_renorm,0.0,0.0,QB3
00-0037077,2025,11,PHI,QB,0,0,hierarchical_conditional_renorm,0.0,0.0,QB3
00-0037077,2025,12,PHI,QB,0,0,hierarchical_conditional_renorm,0.0,0.0,QB3
00-0037077,2025,13,PHI,QB,0,0,hierarchical_conditional_renorm,0.0,0.0,QB2
00-0037077,2025,14,PHI,QB,0,0,hierarchical_conditional_renorm,0.0,0.0,QB2
00-0037077,2025,15,PHI,QB,0,0,hierarchical_conditional_renorm,0.0,0.0,QB2
00-0037077,2025,16,PHI,QB,0,0,hierarchical_conditional_renorm,0.0,0.0,QB3
00-0037077,2025,17,PHI,QB,0,0,hierarchical_conditional_renorm,0.0,0.0,QB3
00-0037077,2025,18,PHI,QB,0,0,hierarchical_conditional_renorm,0.0,0.0,QB3
00-0037324,2025,1,KC,QB,1,0,hierarchical_conditional_renorm,0.0,0.0,QB3
00-0037324,2025,2,KC,QB,1,0,hierarchical_conditional_renorm,0.0,0.0,QB3
00-0037324,2025,3,KC,QB,1,0,hierarchical_conditional_renorm,0.0,0.0,QB3
00-0037324,2025,4,KC,QB,0,0,hierarchical_conditional_renorm,0.0,0.0,QB3
00-0037324,2025,5,KC,QB,0,0,hierarchical_conditional_renorm,0.0,0.0,QB3
00-0037324,2025,6,KC,QB,0,0,hierarchical_conditional_renorm,0.0,0.0,QB3
00-0037324,2025,7,KC,QB,0,0,hierarchical_conditional_renorm,0.0,0.0,QB3
00-0037324,2025,8,KC,QB,0,0,hierarchical_conditional_renorm,0.0,0.0,QB3
00-0037324,2025,9,KC,QB,0,0,hierarchical_conditional_renorm,0.0,0.0,QB3
00-0037324,2025,11,KC,QB,0,0,hierarchical_conditional_renorm,0.0,0.0,QB3
00-0037324,2025,12,KC,QB,0,0,hierarchical_conditional_renorm,0.0,0.0,QB3
00-0037324,2025,13,KC,QB,0,0,hierarchical_conditional_renorm,0.0,0.0,QB3
00-0037324,2025,14,KC,QB,0,0,hierarchical_conditional_renorm,0.0,0.0,QB3
00-0037324,2025,15,KC,QB,0,0,hierarchical_conditional_renorm,0.0,0.0,QB3
00-0037324,2025,16,KC,QB,0,0,hierarchical_conditional_renorm,0.0,0.0,QB3
00-0037324,2025,17,KC,QB,0,0,hierarchical_conditional_renorm,1.0,0.16979554043041287,QB2
00-0037324,2025,18,KC,QB,0,0,hierarchical_conditional_renorm,0.0,0.4747890876624246,QB1
00-0037327,2025,1,PIT,QB,1,0,hierarchical_conditional_renorm,0.0,0.0,QB3
00-0037327,2025,2,PIT,QB,1,0,hierarchical_conditional_renorm,0.0,0.0,QB3
00-0037327,2025,3,PIT,QB,1,0,hierarchical_conditional_renorm,0.0,0.0,QB4
00-0037327,2025,4,PIT,QB,0,0,hierarchical_conditional_renorm,0.0,0.0,QB4
00-0037327,2025,6,PIT,QB,0,0,hierarchical_conditional_renorm,0.0,0.0,QB4
00-0037327,2025,7,PIT,QB,0,0,hierarchical_conditional_renorm,0.0,0.0,QB4
00-0037327,2025,8,PIT,QB,0,0,hierarchical_conditional_renorm,0.0,0.0,QB4
00-0037327,2025,9,PIT,QB,0,0,hierarchical_conditional_renorm,0.0,0.0,QB3
00-0037327,2025,10,PIT,QB,0,0,hierarchical_conditional_renorm,0.0,0.0,QB3
00-0037327,2025,11,PIT,QB,0,0,hierarchical_conditional_renorm,0.0,0.0,QB3
00-0037327,2025,12,PIT,QB,0,0,hierarchical_conditional_renorm,0.0,0.0,QB3
00-0037327,2025,13,PIT,QB,0,0,hierarchical_conditional_renorm,0.0,0.0,QB3
00-0037327,2025,14,PIT,QB,0,0,hierarchical_conditional_renorm,0.0,0.0,QB3
00-0037327,2025,15,PIT,QB,0,0,hierarchical_conditional_renorm,0.0,0.0,QB3
00-0037327,2025,16,PIT,QB,0,0,hierarchical_conditional_renorm,0.0,0.0,QB3
00-0037327,2025,17,PIT,QB,0,0,hierarchical_conditional_renorm,0.0,0.0,QB3
00-0037327,2025,18,PIT,QB,0,0,hierarchical_conditional_renorm,0.0,0.0,QB3
00-0037834,2025,1,SF,QB,1,0,hierarchical_conditional_renorm,1.0,0.0,QB2
00-0037834,2025,2,SF,QB,1,0,hierarchical_conditional_renorm,0.0,1.0,QB1
00-0037834,2025,3,SF,QB,1,0,hierarchical_conditional_renorm,0.0,0.5541855685341831,QB2
00-0037834,2025,4,SF,QB,0,0,hierarchical_conditional_renorm,1.0,0.3230459808067928,QB2
00-0037834,2025,5,SF,QB,0,0,hierarchical_conditional_renorm,0.0,0.374919021781658,QB2
00-0037834,2025,6,SF,QB,0,0,hierarchical_conditional_renorm,0.0,0.34008942176409784,QB2
00-0037834,2025,7,SF,QB,0,0,hierarchical_conditional_renorm,0.0,0.3164049313543615,QB2
00-0037834,2025,8,SF,QB,0,0,hierarchical_conditional_renorm,0.0,0.0,QB2
00-0037834,2025,9,SF,QB,0,0,hierarchical_conditional_renorm,0.0,0.0,QB2
00-0037834,2025,10,SF,QB,0,0,hierarchical_conditional_renorm,0.0,0.0,QB2
00-0037834,2025,11,SF,QB,0,0,hierarchical_conditional_renorm,1.0,0.0,QB2
00-0037834,2025,12,SF,QB,0,0,hierarchical_conditional_renorm,1.0,0.2955750220878871,QB2
00-0037834,2025,13,SF,QB,0,0,hierarchical_conditional_renorm,1.0,0.5744944432957302,QB1
00-0037834,2025,15,SF,QB,0,0,hierarchical_conditional_renorm,1.0,1.0,QB1
00-0037834,2025,16,SF,QB,0,0,hierarchical_conditional_renorm,1.0,1.0,QB1
00-0037834,2025,17,SF,QB,0,0,hierarchical_conditional_renorm,1.0,1.0,QB1
00-0037834,2025,18,SF,QB,0,0,hierarchical_conditional_renorm,0.0,1.0,QB1
00-0038102,2025,1,LV,QB,1,0,hierarchical_conditional_renorm,0.0,0.0,QB3
00-0038102,2025,2,LV,QB,1,0,hierarchical_conditional_renorm,0.0,0.0,QB3
00-0038102,2025,3,LV,QB,1,0,hierarchical_conditional_renorm,0.0,0.0,QB3
00-0038102,2025,4,LV,QB,0,0,hierarchical_conditional_renorm,0.0,0.0,QB3
00-0038102,2025,5,LV,QB,0,0,hierarchical_conditional_renorm,0.0,0.0,QB3
00-0038102,2025,6,LV,QB,0,0,hierarchical_conditional_renorm,0.0,0.0,QB3
00-0038102,2025,7,LV,QB,0,0,hierarchical_conditional_renorm,0.0,0.0,QB2
00-0038102,2025,9,LV,QB,0,0,hierarchical_conditional_renorm,0.0,0.010942497037726855,QB2
00-0038102,2025,10,LV,QB,0,0,hierarchical_conditional_renorm,0.0,0.009998749435490955,QB2
00-0038102,2025,11,LV,QB,0,0,hierarchical_conditional_renorm,0.0,0.015480306071505542,QB2
00-0038102,2025,12,LV,QB,0,0,hierarchical_conditional_renorm,0.0,0.004679776377533453,QB2
00-0038102,2025,13,LV,QB,0,0,hierarchical_conditional_renorm,0.0,0.004697113224509754,QB2
00-0038102,2025,14,LV,QB,0,0,hierarchical_conditional_renorm,0.5,0.0,QB2
00-0038102,2025,15,LV,QB,0,0,hierarchical_conditional_renorm,0.0,0.06671792495299712,QB2
00-0038102,2025,16,LV,QB,0,0,hierarchical_conditional_renorm,0.0,0.3798764791790211,QB2
00-0038102,2025,17,LV,QB,0,0,hierarchical_conditional_renorm,0.0,0.3765427317879917,QB2
00-0038102,2025,18,LV,QB,0,0,hierarchical_conditional_renorm,0.0,0.30409947080133737,QB2
00-0038108,2025,1,CLE,QB,1,0,hierarchical_conditional_renorm,0.0,0.0,QB3
00-0038108,2025,2,CLE,QB,1,0,hierarchical_conditional_renorm,0.0,0.0,QB3
00-0038108,2025,3,CLE,QB,1,0,hierarchical_conditional_renorm,0.0,0.0,QB4
00-0038108,2025,4,CLE,QB,0,0,hierarchical_conditional_renorm,0.0,0.0,QB4
00-0038108,2025,5,CLE,QB,0,0,hierarchical_conditional_renorm,0.0,0.0,QB4
00-0038108,2025,6,CLE,QB,0,0,hierarchical_conditional_renorm,0.0,0.0,QB3
00-0038108,2025,7,CLE,QB,0,0,hierarchical_conditional_renorm,0.0,0.0,QB3
00-0038108,2025,8,CLE,QB,0,0,hierarchical_conditional_renorm,0.0,0.0,QB3
00-0038108,2025,10,CLE,QB,0,0,hierarchical_conditional_renorm,0.0,0.0,QB3
00-0038108,2025,11,CLE,QB,0,0,hierarchical_conditional_renorm,0.0,0.0,QB3
00-0038108,2025,12,CLE,QB,0,0,hierarchical_conditional_renorm,0.0,0.0,QB4
00-0038108,2025,13,CLE,QB,0,0,hierarchical_conditional_renorm,0.0,0.0,QB4
00-0038108,2025,14,CLE,QB,0,0,hierarchical_conditional_renorm,0.0,0.0,QB4
00-0038108,2025,15,CLE,QB,0,0,hierarchical_conditional_renorm,0.0,0.0,QB4
00-0038108,2025,16,CLE,QB,0,0,hierarchical_conditional_renorm,0.0,0.0,QB4
00-0038108,2025,17,CLE,QB,0,0,hierarchical_conditional_renorm,0.0,0.0,QB4
00-0038108,2025,18,CLE,QB,0,0,hierarchical_conditional_renorm,0.0,0.0,QB4
00-0038122,2025,1,CIN,QB,1,0,hierarchical_conditional_renorm,0.0,0.0,QB4
00-0038122,2025,3,MIN,QB,1,0,hierarchical_conditional_renorm,0.0,0.0,QB3
00-0038122,2025,4,MIN,QB,1,0,hierarchical_conditional_renorm,0.0,0.0,QB4
00-0038122,2025,5,MIN,QB,0,0,hierarchical_conditional_renorm,0.0,0.0,QB4
00-0038122,2025,13,MIN,QB,0,0,hierarchical_conditional_renorm,0.0,0.0,QB4
00-0038122,2025,14,MIN,QB,0,0,hierarchical_conditional_renorm,0.0,0.0,QB4
00-0038122,2025,18,GB,QB,0,0,hierarchical_conditional_renorm,0.0,0.0,QB4
00-0038128,2025,1,GB,QB,1,0,hierarchical_conditional_renorm,0.0,0.0,QB2
00-0038128,2025,2,GB,QB,1,0,hierarchical_conditional_renorm,0.0,0.0,QB2
00-0038128,2025,3,GB,QB,1,0,hierarchical_conditional_renorm,0.0,0.0,QB2
00-0038128,2025,4,GB,QB,0,0,hierarchical_conditional_renorm,0.0,0.0,QB2
00-0038128,2025,6,GB,QB,0,0,hierarchical_conditional_renorm,0.0,0.0,QB2
00-0038128,2025,7,GB,QB,0,0,hierarchical_conditional_renorm,0.0,0.0,QB2
00-0038128,2025,8,GB,QB,0,0,hierarchical_conditional_renorm,0.0,0.0,QB2
00-0038128,2025,9,GB,QB,0,0,hierarchical_conditional_renorm,0.0,0.0,QB2
00-0038128,2025,10,GB,QB,0,0,hierarchical_conditional_renorm,0.0,0.0,QB2
00-0038128,2025,11,GB,QB,0,0,hierarchical_conditional_renorm,0.3333333333333333,0.0,QB2
00-0038128,2025,12,GB,QB,0,0,hierarchical_conditional_renorm,0.0,0.011025815096341722,QB2
00-0038128,2025,13,GB,QB,0,0,hierarchical_conditional_renorm,0.0,0.018084942349548775,QB2
00-0038128,2025,14,GB,QB,0,0,hierarchical_conditional_renorm,0.0,0.017497841496487716,QB2
00-0038128,2025,15,GB,QB,0,0,hierarchical_conditional_renorm,0.0,0.005817694119396128,QB2
00-0038128,2025,16,GB,QB,0,0,hierarchical_conditional_renorm,1.0,0.0,QB2
00-0038128,2025,17,GB,QB,0,0,hierarchical_conditional_renorm,1.0,0.1136484097475022,QB2
00-0038128,2025,18,GB,QB,0,0,hierarchical_conditional_renorm,0.0,0.3968745254124238,QB1
00-0038385,2025,1,LA,QB,1,0,hierarchical_conditional_renorm,0.0,0.0,QB3
00-0038391,2025,1,GB,QB,1,0,hierarchical_conditional_renorm,0.0,0.0,QB3
00-0038391,2025,3,CIN,QB,1,0,hierarchical_conditional_renorm,0.0,0.0,QB4
00-0038391,2025,4,CIN,QB,1,0,hierarchical_conditional_renorm,0.0,0.0,QB4
00-0038391,2025,5,CIN,QB,0,0,hierarchical_conditional_renorm,0.0,0.0,QB4
00-0038391,2025,6,CIN,QB,0,0,hierarchical_conditional_renorm,0.0,0.0,QB4
00-0038391,2025,7,CIN,QB,0,0,hierarchical_conditional_renorm,0.0,0.0,QB4
00-0038391,2025,8,CIN,QB,0,0,hierarchical_conditional_renorm,0.0,0.0,QB4
00-0038391,2025,9,CIN,QB,0,0,hierarchical_conditional_renorm,0.0,0.0,QB4
00-0038391,2025,11,CIN,QB,0,0,hierarchical_conditional_renorm,0.0,0.0,QB4
00-0038391,2025,12,CIN,QB,0,0,hierarchical_conditional_renorm,0.0,0.0,QB4
00-0038391,2025,13,CIN,QB,0,0,hierarchical_conditional_renorm,0.0,0.0,QB4
00-0038391,2025,14,CIN,QB,0,0,hierarchical_conditional_renorm,0.0,0.0,QB4
00-0038391,2025,15,CIN,QB,0,0,hierarchical_conditional_renorm,0.0,0.0,QB4
00-0038391,2025,16,CIN,QB,0,0,hierarchical_conditional_renorm,0.0,0.0,QB4
00-0038391,2025,17,CIN,QB,0,0,hierarchical_conditional_renorm,0.0,0.0,QB4
00-0038391,2025,18,CIN,QB,0,0,hierarchical_conditional_renorm,0.0,0.0,QB4
00-0038400,2025,1,PHI,QB,1,0,hierarchical_conditional_renorm,0.0,0.0,QB3
00-0038400,2025,2,PHI,QB,1,0,hierarchical_conditional_renorm,0.0,0.0,QB3
00-0038400,2025,3,PHI,QB,1,0,hierarchical_conditional_renorm,0.0,0.0,QB3
00-0038400,2025,4,PHI,QB,0,0,hierarchical_conditional_renorm,0.0,0.0,QB3
00-0038400,2025,5,PHI,QB,0,0,hierarchical_conditional_renorm,0.0,0.0,QB3
00-0038400,2025,6,PHI,QB,0,0,hierarchical_conditional_renorm,0.0,0.0,QB3
00-0038400,2025,7,PHI,QB,0,0,hierarchical_conditional_renorm,0.0,0.0,QB3
00-0038400,2025,8,PHI,QB,0,0,hierarchical_conditional_renorm,0.0,0.0,QB3
00-0038400,2025,10,PHI,QB,0,0,hierarchical_conditional_renorm,0.0,0.0,QB2
00-0038400,2025,11,PHI,QB,0,0,hierarchical_conditional_renorm,0.0,0.0,QB2
00-0038400,2025,12,PHI,QB,0,0,hierarchical_conditional_renorm,0.0,0.0,QB2
00-0038400,2025,13,PHI,QB,0,0,hierarchical_conditional_renorm,0.0,0.0,QB3
00-0038400,2025,14,PHI,QB,0,0,hierarchical_conditional_renorm,0.0,0.0,QB3
00-0038400,2025,15,PHI,QB,0,0,hierarchical_conditional_renorm,0.0,0.0,QB3
00-0038400,2025,16,PHI,QB,0,0,hierarchical_conditional_renorm,0.0,0.01801844227348965,QB2
00-0038400,2025,17,PHI,QB,0,0,hierarchical_conditional_renorm,0.0,0.018439554631202733,QB2
00-0038400,2025,18,PHI,QB,0,0,hierarchical_conditional_renorm,1.0,0.020221729256610328,QB2
00-0038416,2025,1,CHI,QB,1,0,hierarchical_conditional_renorm,0.0,0.0,QB2
00-0038416,2025,2,CHI,QB,1,0,hierarchical_conditional_renorm,0.0,0.0,QB3
00-0038416,2025,3,CHI,QB,1,0,hierarchical_conditional_renorm,0.0,0.02848777915321068,QB2
00-0038416,2025,4,CHI,QB,0,0,hierarchical_conditional_renorm,0.0,0.014708124615982756,QB2
00-0038416,2025,6,CHI,QB,0,0,hierarchical_conditional_renorm,0.0,0.014088324318457019,QB2
00-0038416,2025,7,CHI,QB,0,0,hierarchical_conditional_renorm,0.0,0.0,QB3
00-0038416,2025,8,CHI,QB,0,0,hierarchical_conditional_renorm,0.0,0.0,QB3
00-0038416,2025,9,CHI,QB,0,0,hierarchical_conditional_renorm,0.0,0.0,QB3
00-0038416,2025,10,CHI,QB,0,0,hierarchical_conditional_renorm,0.0,0.004498300740137452,QB2
00-0038416,2025,11,CHI,QB,0,0,hierarchical_conditional_renorm,0.0,0.004430932346035948,QB2
00-0038416,2025,12,CHI,QB,0,0,hierarchical_conditional_renorm,0.0,0.004660952052273145,QB2
00-0038416,2025,13,CHI,QB,0,0,hierarchical_conditional_renorm,0.0,0.0,QB2
00-0038416,2025,14,CHI,QB,0,0,hierarchical_conditional_renorm,0.0,0.0,QB2
00-0038416,2025,15,CHI,QB,0,0,hierarchical_conditional_renorm,0.0,0.0,QB3
00-0038416,2025,16,CHI,QB,0,0,hierarchical_conditional_renorm,0.0,0.0,QB3
00-0038416,2025,17,CHI,QB,0,0,hierarchical_conditional_renorm,0.0,0.0,QB3
00-0038416,2025,18,CHI,QB,0,0,hierarchical_conditional_renorm,0.0,0.0,QB3
00-0038476,2025,1,NE,QB,1,0,hierarchical_conditional_renorm,0.0,0.0,QB2
00-0038476,2025,2,NE,QB,1,0,hierarchical_conditional_renorm,0.0,0.0,QB3
00-0038476,2025,3,NE,QB,1,0,hierarchical_conditional_renorm,0.0,0.0,QB3
00-0038476,2025,4,NE,QB,0,0,hierarchical_conditional_renorm,0.0,0.0,QB3
00-0038476,2025,5,NE,QB,0,0,hierarchical_conditional_renorm,0.0,0.0,QB3
00-0038476,2025,6,NE,QB,0,0,hierarchical_conditional_renorm,0.0,0.0,QB3
00-0038476,2025,7,NE,QB,0,0,hierarchical_conditional_renorm,0.0,0.0,QB3
00-0038476,2025,8,NE,QB,0,0,hierarchical_conditional_renorm,0.0,0.0,QB3
00-0038476,2025,9,NE,QB,0,0,hierarchical_conditional_renorm,0.0,0.0,QB3
00-0038476,2025,10,NE,QB,0,0,hierarchical_conditional_renorm,0.0,0.0,QB3
00-0038476,2025,11,NE,QB,0,0,hierarchical_conditional_renorm,0.0,0.0,QB3
00-0038476,2025,12,NE,QB,0,0,hierarchical_conditional_renorm,0.0,0.0,QB3
00-0038476,2025,13,NE,QB,0,0,hierarchical_conditional_renorm,0.0,0.0,QB3
00-0038476,2025,15,NE,QB,0,0,hierarchical_conditional_renorm,0.0,0.0,QB3
00-0038476,2025,16,NE,QB,0,0,hierarchical_conditional_renorm,0.0,0.0,QB3
00-0038476,2025,17,NE,QB,0,0,hierarchical_conditional_renorm,0.0,0.0,QB3
00-0038476,2025,18,NE,QB,0,0,hierarchical_conditional_renorm,0.0,0.0,QB3
00-0038550,2025,1,CAR,QB,1,0,hierarchical_conditional_renorm,0.0,0.0,QB2
00-0038550,2025,2,CAR,QB,1,0,hierarchical_conditional_renorm,0.0,0.0,QB3
00-0038550,2025,3,CAR,QB,1,0,hierarchical_conditional_renorm,0.0,0.0,QB3
00-0038550,2025,4,CAR,QB,0,0,hierarchical_conditional_renorm,0.0,0.0,QB3
00-0038550,2025,5,CAR,QB,0,0,hierarchical_conditional_renorm,0.0,0.0,QB3
00-0038550,2025,6,CAR,QB,0,0,hierarchical_conditional_renorm,0.0,0.0,QB3
00-0038550,2025,7,CAR,QB,0,0,hierarchical_conditional_renorm,0.0,0.0,QB3
00-0038550,2025,8,CAR,QB,0,0,hierarchical_conditional_renorm,0.0,0.0,QB4
00-0038550,2025,9,CAR,QB,0,0,hierarchical_conditional_renorm,0.0,0.0,QB4
00-0038550,2025,10,CAR,QB,0,0,hierarchical_conditional_renorm,0.0,0.0,QB4
00-0038550,2025,16,NYJ,QB,0,0,hierarchical_conditional_renorm,0.0,0.0,QB4
00-0038550,2025,17,NYJ,QB,0,0,hierarchical_conditional_renorm,0.0,0.0,QB4
00-0038550,2025,18,NYJ,QB,0,0,hierarchical_conditional_renorm,0.0,0.0,QB4
00-0038579,2025,1,LV,QB,1,0,hierarchical_conditional_renorm,0.0,0.0,QB4
00-0038579,2025,2,LV,QB,1,0,hierarchical_conditional_renorm,0.0,0.0,QB4
00-0038579,2025,3,LV,QB,1,0,hierarchical_conditional_renorm,0.0,0.0,QB4
00-0038579,2025,4,LV,QB,0,0,hierarchical_conditional_renorm,0.0,0.0,QB4
00-0038579,2025,5,LV,QB,0,0,hierarchical_conditional_renorm,0.0,0.0,QB4
00-0038579,2025,6,LV,QB,0,0,hierarchical_conditional_renorm,0.0,0.0,QB4
00-0038579,2025,7,LV,QB,0,0,hierarchical_conditional_renorm,0.0,0.0,QB3
00-0038579,2025,9,LV,QB,0,0,hierarchical_conditional_renorm,0.0,0.0,QB3
00-0038579,2025,10,LV,QB,0,0,hierarchical_conditional_renorm,0.0,0.0,QB3
00-0038579,2025,11,LV,QB,0,0,hierarchical_conditional_renorm,0.0,0.0,QB3
00-0038579,2025,12,LV,QB,0,0,hierarchical_conditional_renorm,0.0,0.0,QB3
00-0038579,2025,13,LV,QB,0,0,hierarchical_conditional_renorm,0.0,0.0,QB3
00-0038579,2025,14,LV,QB,0,0,hierarchical_conditional_renorm,0.0,0.0,QB3
00-0038579,2025,15,LV,QB,0,0,hierarchical_conditional_renorm,0.0,0.0,QB3
00-0038579,2025,16,LV,QB,0,0,hierarchical_conditional_renorm,0.0,0.0,QB3
00-0038579,2025,17,LV,QB,0,0,hierarchical_conditional_renorm,0.0,0.0,QB3
00-0038579,2025,18,LV,QB,0,0,hierarchical_conditional_renorm,0.0,0.0,QB3
00-0038582,2025,1,GB,QB,1,0,hierarchical_conditional_renorm,0.0,0.0,QB4
00-0038582,2025,2,GB,QB,1,0,hierarchical_conditional_renorm,0.0,0.0,QB3
00-0038582,2025,3,GB,QB,1,0,hierarchical_conditional_renorm,0.0,0.0,QB3
00-0038582,2025,4,GB,QB,0,0,hierarchical_conditional_renorm,0.0,0.0,QB3
00-0038582,2025,6,GB,QB,0,0,hierarchical_conditional_renorm,0.0,0.0,QB3
00-0038582,2025,7,GB,QB,0,0,hierarchical_conditional_renorm,0.0,0.0,QB3
00-0038582,2025,8,GB,QB,0,0,hierarchical_conditional_renorm,0.0,0.0,QB3
00-0038582,2025,9,GB,QB,0,0,hierarchical_conditional_renorm,0.0,0.0,QB3
00-0038582,2025,10,GB,QB,0,0,hierarchical_conditional_renorm,0.0,0.0,QB3
00-0038582,2025,11,GB,QB,0,0,hierarchical_conditional_renorm,0.0,0.0,QB3
00-0038582,2025,12,GB,QB,0,0,hierarchical_conditional_renorm,0.0,0.0,QB3
00-0038582,2025,13,GB,QB,0,0,hierarchical_conditional_renorm,0.0,0.0,QB3
00-0038582,2025,14,GB,QB,0,0,hierarchical_conditional_renorm,0.0,0.0,QB3
00-0038582,2025,15,GB,QB,0,0,hierarchical_conditional_renorm,0.0,0.0,QB3
00-0038582,2025,16,GB,QB,0,0,hierarchical_conditional_renorm,0.0,0.0,QB3
00-0038582,2025,17,GB,QB,0,0,hierarchical_conditional_renorm,0.0,0.0,QB3
00-0038582,2025,18,GB,QB,0,0,hierarchical_conditional_renorm,0.0,0.01841183152095979,QB3
00-0038583,2025,1,PHI,QB,1,0,hierarchical_conditional_renorm,0.0,0.0,QB4
00-0038658,2025,1,SF,QB,1,0,hierarchical_conditional_renorm,0.0,0.0,QB3
00-0038658,2025,2,SF,QB,1,0,hierarchical_conditional_renorm,0.0,0.0,QB3
00-0038658,2025,3,SF,QB,1,0,hierarchical_conditional_renorm,0.0,0.0,QB3
00-0038658,2025,4,SF,QB,0,0,hierarchical_conditional_renorm,0.0,0.0,QB3
00-0038658,2025,5,SF,QB,0,0,hierarchical_conditional_renorm,0.0,0.0,QB3
00-0038658,2025,6,SF,QB,0,0,hierarchical_conditional_renorm,0.0,0.0,QB3
00-0038658,2025,7,SF,QB,0,0,hierarchical_conditional_renorm,0.0,0.0,QB3
00-0038658,2025,8,SF,QB,0,0,hierarchical_conditional_renorm,0.0,0.0,QB3
00-0038658,2025,9,SF,QB,0,0,hierarchical_conditional_renorm,0.0,0.0,QB3
00-0038658,2025,10,SF,QB,0,0,hierarchical_conditional_renorm,0.0,0.0,QB3
00-0038658,2025,11,SF,QB,0,0,hierarchical_conditional_renorm,0.0,0.0,QB3
00-0038658,2025,12,SF,QB,0,0,hierarchical_conditional_renorm,0.0,0.0,QB3
00-0038658,2025,13,SF,QB,0,0,hierarchical_conditional_renorm,0.0,0.0,QB3
00-0038658,2025,15,NYJ,QB,0,0,hierarchical_conditional_renorm,0.0,0.0,QB4
00-0038658,2025,16,SF,QB,0,0,hierarchical_conditional_renorm,0.0,0.0,QB3
00-0038658,2025,17,SF,QB,0,0,hierarchical_conditional_renorm,0.0,0.0,QB3
00-0038658,2025,18,SF,QB,0,0,hierarchical_conditional_renorm,0.0,0.0,QB3
00-0038998,2025,1,NO,QB,1,0,hierarchical_conditional_renorm,0.0,0.0,QB3
00-0038998,2025,2,NO,QB,1,0,hierarchical_conditional_renorm,0.0,0.0,QB4
00-0038998,2025,3,NO,QB,1,0,hierarchical_conditional_renorm,0.0,0.0,QB4
00-0038998,2025,4,NO,QB,0,0,hierarchical_conditional_renorm,0.0,0.0,QB4
00-0038998,2025,5,NO,QB,0,0,hierarchical_conditional_renorm,0.0,0.0,QB4
00-0038998,2025,6,NO,QB,0,0,hierarchical_conditional_renorm,0.0,0.0,QB4
00-0038998,2025,7,NO,QB,0,0,hierarchical_conditional_renorm,0.0,0.0,QB4
00-0038998,2025,8,NO,QB,0,0,hierarchical_conditional_renorm,0.0,0.0,QB4
00-0038998,2025,9,NO,QB,0,0,hierarchical_conditional_renorm,0.0,0.0,QB4
00-0038998,2025,10,NO,QB,0,0,hierarchical_conditional_renorm,0.0,0.0,QB4
00-0038998,2025,12,NO,QB,0,0,hierarchical_conditional_renorm,0.0,0.0,QB4
00-0038998,2025,13,NO,QB,0,0,hierarchical_conditional_renorm,0.0,0.0,QB4
00-0038998,2025,14,NO,QB,0,0,hierarchical_conditional_renorm,0.0,0.0,QB4
00-0038998,2025,15,NO,QB,0,0,hierarchical_conditional_renorm,0.0,0.0,QB4
00-0038998,2025,16,NO,QB,0,0,hierarchical_conditional_renorm,0.0,0.0,QB4
00-0038998,2025,17,NO,QB,0,0,hierarchical_conditional_renorm,0.0,0.0,QB4
00-0038998,2025,18,NO,QB,0,0,hierarchical_conditional_renorm,0.0,0.0,QB4
00-0039107,2025,1,LA,QB,1,0,hierarchical_conditional_renorm,0.0,0.0,QB4
00-0039107,2025,2,LA,QB,1,0,hierarchical_conditional_renorm,0.0,0.0,QB3
00-0039107,2025,3,LA,QB,1,0,hierarchical_conditional_renorm,0.0,0.0,QB3
00-0039107,2025,4,LA,QB,0,0,hierarchical_conditional_renorm,0.0,0.0,QB3
00-0039107,2025,5,LA,QB,0,0,hierarchical_conditional_renorm,0.0,0.0,QB3
00-0039107,2025,6,LA,QB,0,0,hierarchical_conditional_renorm,0.0,0.0,QB3
00-0039107,2025,7,LA,QB,0,0,hierarchical_conditional_renorm,0.0,0.0,QB3
00-0039107,2025,9,LA,QB,0,0,hierarchical_conditional_renorm,0.0,0.0,QB3
00-0039107,2025,10,LA,QB,0,0,hierarchical_conditional_renorm,0.0,0.0,QB3
00-0039107,2025,11,LA,QB,0,0,hierarchical_conditional_renorm,0.0,0.0,QB3
00-0039107,2025,12,LA,QB,0,0,hierarchical_conditional_renorm,0.0,0.0,QB3
00-0039107,2025,13,LA,QB,0,0,hierarchical_conditional_renorm,0.0,0.0,QB3
00-0039107,2025,14,LA,QB,0,0,hierarchical_conditional_renorm,0.0,0.0,QB3
00-0039107,2025,15,LA,QB,0,0,hierarchical_conditional_renorm,0.0,0.0,QB3
00-0039107,2025,16,LA,QB,0,0,hierarchical_conditional_renorm,0.0,0.0,QB3
00-0039107,2025,17,LA,QB,0,0,hierarchical_conditional_renorm,0.0,0.0,QB3
00-0039107,2025,18,LA,QB,0,0,hierarchical_conditional_renorm,0.0,0.0,QB3
00-0039150,2025,1,CAR,QB,1,0,hierarchical_conditional_renorm,1.0,0.0,QB3
00-0039150,2025,2,CAR,QB,1,0,hierarchical_conditional_renorm,1.0,1.0,QB1
00-0039150,2025,3,CAR,QB,1,0,hierarchical_conditional_renorm,0.0,1.0,QB1
00-0039150,2025,4,CAR,QB,0,0,hierarchical_conditional_renorm,0.5,1.0,QB1
00-0039150,2025,5,CAR,QB,0,0,hierarchical_conditional_renorm,1.0,0.9677171099925382,QB1
00-0039150,2025,6,CAR,QB,0,0,hierarchical_conditional_renorm,1.0,0.9657331013226259,QB1
00-0039150,2025,7,CAR,QB,0,0,hierarchical_conditional_renorm,1.0,0.9652713698160175,QB1
00-0039150,2025,8,CAR,QB,0,0,hierarchical_conditional_renorm,0.0,0.9497868411901385,QB1
00-0039150,2025,9,CAR,QB,0,0,hierarchical_conditional_renorm,0.0,0.6387069485949568,QB1
00-0039150,2025,10,CAR,QB,0,0,hierarchical_conditional_renorm,0.0,0.6364753473130487,QB1
00-0039150,2025,11,CAR,QB,0,0,hierarchical_conditional_renorm,1.0,0.7019205124971658,QB1
00-0039150,2025,12,CAR,QB,0,0,hierarchical_conditional_renorm,1.0,1.0,QB1
00-0039150,2025,13,CAR,QB,0,0,hierarchical_conditional_renorm,1.0,1.0,QB1
00-0039150,2025,15,CAR,QB,0,0,hierarchical_conditional_renorm,1.0,1.0,QB1
00-0039150,2025,16,CAR,QB,0,0,hierarchical_conditional_renorm,1.0,1.0,QB1
00-0039150,2025,17,CAR,QB,0,0,hierarchical_conditional_renorm,0.0,1.0,QB1
00-0039150,2025,18,CAR,QB,0,0,hierarchical_conditional_renorm,1.0,1.0,QB1
00-0039152,2025,1,TEN,QB,1,0,hierarchical_conditional_renorm,0.0,0.0,QB3
00-0039152,2025,2,TEN,QB,1,0,hierarchical_conditional_renorm,0.0,0.0,QB4
00-0039152,2025,3,TEN,QB,1,0,hierarchical_conditional_renorm,0.0,0.0,QB4
00-0039152,2025,4,TEN,QB,0,0,hierarchical_conditional_renorm,0.0,0.0,QB4
00-0039152,2025,5,TEN,QB,0,0,hierarchical_conditional_renorm,0.0,0.0,QB4
00-0039152,2025,6,TEN,QB,0,0,hierarchical_conditional_renorm,0.0,0.0,QB4
00-0039152,2025,7,TEN,QB,0,0,hierarchical_conditional_renorm,0.0,0.0,QB4
00-0039152,2025,8,TEN,QB,0,0,hierarchical_conditional_renorm,0.0,0.0,QB4
00-0039152,2025,9,TEN,QB,0,0,hierarchical_conditional_renorm,0.0,0.0,QB4
00-0039152,2025,11,TEN,QB,0,0,hierarchical_conditional_renorm,0.0,0.0,QB4
00-0039152,2025,12,TEN,QB,0,0,hierarchical_conditional_renorm,0.0,0.0,QB4
00-0039152,2025,13,TEN,QB,0,0,hierarchical_conditional_renorm,0.0,0.0,QB4
00-0039152,2025,14,TEN,QB,0,0,hierarchical_conditional_renorm,0.0,0.0,QB4
00-0039152,2025,15,TEN,QB,0,0,hierarchical_conditional_renorm,0.0,0.0,QB4
00-0039152,2025,16,TEN,QB,0,0,hierarchical_conditional_renorm,0.0,0.0,QB4
00-0039152,2025,17,TEN,QB,0,0,hierarchical_conditional_renorm,0.0,0.0,QB4
00-0039152,2025,18,TEN,QB,0,0,hierarchical_conditional_renorm,0.0,0.0,QB4
00-0039163,2025,1,HOU,QB,1,0,hierarchical_conditional_renorm,0.0,0.0,QB1
00-0039163,2025,2,HOU,QB,1,0,hierarchical_conditional_renorm,1.0,1.0,QB1
00-0039163,2025,3,HOU,QB,1,0,hierarchical_conditional_renorm,1.0,1.0,QB1
00-0039163,2025,4,HOU,QB,0,0,hierarchical_conditional_renorm,1.0,1.0,QB1
00-0039163,2025,5,HOU,QB,0,0,hierarchical_conditional_renorm,1.0,1.0,QB1
00-0039163,2025,7,HOU,QB,0,0,hierarchical_conditional_renorm,1.0,0.9795440526756561,QB1
00-0039163,2025,8,HOU,QB,0,0,hierarchical_conditional_renorm,1.0,0.9816708690013359,QB1
00-0039163,2025,9,HOU,QB,0,0,hierarchical_conditional_renorm,0.0,0.9827578523860083,QB1
00-0039163,2025,10,HOU,QB,0,0,hierarchical_conditional_renorm,0.0,0.7821624999932278,QB1
00-0039163,2025,11,HOU,QB,0,0,hierarchical_conditional_renorm,0.0,0.5468574552224984,QB2
00-0039163,2025,12,HOU,QB,0,0,hierarchical_conditional_renorm,0.0,0.16964885389036907,QB2
00-0039163,2025,13,HOU,QB,0,0,hierarchical_conditional_renorm,0.0,0.0,QB2
00-0039163,2025,14,HOU,QB,0,0,hierarchical_conditional_renorm,1.0,0.43331785783947024,QB2
00-0039163,2025,15,HOU,QB,0,0,hierarchical_conditional_renorm,1.0,0.6647494759993012,QB1
00-0039163,2025,16,HOU,QB,0,0,hierarchical_conditional_renorm,1.0,1.0,QB1
00-0039163,2025,17,HOU,QB,0,0,hierarchical_conditional_renorm,1.0,1.0,QB1
00-0039163,2025,18,HOU,QB,0,0,hierarchical_conditional_renorm,1.0,1.0,QB1
00-0039164,2025,1,IND,QB,1,0,hierarchical_conditional_renorm,0.0,0.0,QB1
00-0039164,2025,2,IND,QB,1,0,hierarchical_conditional_renorm,0.0,0.0,QB2
00-0039164,2025,3,IND,QB,1,0,hierarchical_conditional_renorm,0.0,0.0,QB2
00-0039164,2025,4,IND,QB,0,0,hierarchical_conditional_renorm,0.0,0.0,QB2
00-0039164,2025,5,IND,QB,0,0,hierarchical_conditional_renorm,0.0,0.0,QB2
00-0039164,2025,6,IND,QB,0,0,hierarchical_conditional_renorm,0.0,0.008975040411987236,QB2
00-0039164,2025,7,IND,QB,0,0,hierarchical_conditional_renorm,0.0,0.009238984769691825,QB2
00-0039164,2025,8,IND,QB,0,0,hierarchical_conditional_renorm,0.0,0.008907116830370442,QB2
00-0039164,2025,9,IND,QB,0,0,hierarchical_conditional_renorm,0.0,0.0,QB4
00-0039164,2025,10,IND,QB,0,0,hierarchical_conditional_renorm,0.0,0.0,QB4
00-0039164,2025,12,IND,QB,0,0,hierarchical_conditional_renorm,0.0,0.0,QB4
00-0039164,2025,13,IND,QB,0,0,hierarchical_conditional_renorm,0.0,0.0,QB3
00-0039164,2025,14,IND,QB,0,0,hierarchical_conditional_renorm,0.0,0.0,QB3
00-0039164,2025,15,IND,QB,0,0,hierarchical_conditional_renorm,0.0,0.0,QB4
00-0039164,2025,16,IND,QB,0,0,hierarchical_conditional_renorm,0.0,0.0,QB4
00-0039164,2025,17,IND,QB,0,0,hierarchical_conditional_renorm,0.0,0.0,QB4
00-0039164,2025,18,IND,QB,0,0,hierarchical_conditional_renorm,0.0,0.0,QB4
00-0039331,2025,1,ATL,QB,1,0,hierarchical_conditional_renorm,0.0,0.0,QB4
00-0039331,2025,2,ATL,QB,1,0,hierarchical_conditional_renorm,0.0,0.0,QB4
00-0039331,2025,3,ATL,QB,1,0,hierarchical_conditional_renorm,0.0,0.0,QB4
00-0039331,2025,4,ATL,QB,0,0,hierarchical_conditional_renorm,0.0,0.0,QB4
00-0039331,2025,6,ATL,QB,0,0,hierarchical_conditional_renorm,0.0,0.0,QB4
00-0039331,2025,7,ATL,QB,0,0,hierarchical_conditional_renorm,0.0,0.0,QB4
00-0039331,2025,8,ATL,QB,0,0,hierarchical_conditional_renorm,0.0,0.0,QB4
00-0039331,2025,9,ATL,QB,0,0,hierarchical_conditional_renorm,0.0,0.0,QB4
00-0039331,2025,10,ATL,QB,0,0,hierarchical_conditional_renorm,0.0,0.0,QB4
00-0039331,2025,11,ATL,QB,0,0,hierarchical_conditional_renorm,0.0,0.0,QB4
00-0039331,2025,12,ATL,QB,0,0,hierarchical_conditional_renorm,0.0,0.0,QB4
00-0039331,2025,13,ATL,QB,0,0,hierarchical_conditional_renorm,0.0,0.0,QB4
00-0039331,2025,14,ATL,QB,0,0,hierarchical_conditional_renorm,0.0,0.0,QB4
00-0039331,2025,15,ATL,QB,0,0,hierarchical_conditional_renorm,0.0,0.0,QB4
00-0039331,2025,16,ATL,QB,0,0,hierarchical_conditional_renorm,0.0,0.0,QB4
00-0039331,2025,17,ATL,QB,0,0,hierarchical_conditional_renorm,0.0,0.0,QB4
00-0039331,2025,18,ATL,QB,0,0,hierarchical_conditional_renorm,0.0,0.0,QB4
00-0039376,2025,1,NO,QB,1,0,hierarchical_conditional_renorm,0.0,0.0,QB4
00-0039376,2025,2,NO,QB,1,0,hierarchical_conditional_renorm,1.0,1.0,QB1
00-0039376,2025,3,NO,QB,1,0,hierarchical_conditional_renorm,1.0,1.0,QB1
00-0039376,2025,4,NO,QB,0,0,hierarchical_conditional_renorm,1.0,0.9894062940199326,QB1
00-0039376,2025,5,NO,QB,0,0,hierarchical_conditional_renorm,1.0,0.9890817357031776,QB1
00-0039376,2025,6,NO,QB,0,0,hierarchical_conditional_renorm,0.0,0.9838064164414029,QB1
00-0039376,2025,7,NO,QB,0,0,hierarchical_conditional_renorm,1.0,0.9944800445338992,QB1
00-0039376,2025,8,NO,QB,0,0,hierarchical_conditional_renorm,0.0,0.9945712485773974,QB1
00-0039376,2025,9,NO,QB,0,0,hierarchical_conditional_renorm,0.0,0.8269562294971711,QB1
00-0039376,2025,10,NO,QB,0,0,hierarchical_conditional_renorm,0.0,0.5795586005645816,QB1
00-0039376,2025,12,NO,QB,0,0,hierarchical_conditional_renorm,0.0,0.3082304170886043,QB3
00-0039376,2025,13,NO,QB,0,0,hierarchical_conditional_renorm,0.0,0.0,QB4
00-0039376,2025,14,NO,QB,0,0,hierarchical_conditional_renorm,0.0,0.0,QB4
00-0039376,2025,15,NO,QB,0,0,hierarchical_conditional_renorm,0.0,0.0,QB4
00-0039376,2025,16,NO,QB,0,0,hierarchical_conditional_renorm,0.0,0.013088475390871724,QB3
00-0039376,2025,17,NO,QB,0,0,hierarchical_conditional_renorm,0.0,0.011261640992024716,QB3
00-0039376,2025,18,NO,QB,0,0,hierarchical_conditional_renorm,0.0,0.009969369292749188,QB3
00-0039398,2025,1,DAL,QB,1,0,hierarchical_conditional_renorm,0.0,0.0,QB3
00-0039398,2025,2,DAL,QB,1,0,hierarchical_conditional_renorm,0.0,0.0,QB3
00-0039398,2025,3,DAL,QB,1,0,hierarchical_conditional_renorm,0.0,0.0,QB3
00-0039398,2025,4,DAL,QB,0,0,hierarchical_conditional_renorm,0.0,0.019387783279146975,QB2
00-0039398,2025,5,DAL,QB,0,0,hierarchical_conditional_renorm,0.0,0.01863928242078876,QB2
00-0039398,2025,6,DAL,QB,0,0,hierarchical_conditional_renorm,0.0,0.018887145690499218,QB2
00-0039398,2025,7,DAL,QB,0,0,hierarchical_conditional_renorm,0.0,0.0,QB3
00-0039398,2025,8,DAL,QB,0,0,hierarchical_conditional_renorm,1.0,0.0,QB3
00-0039398,2025,9,DAL,QB,0,0,hierarchical_conditional_renorm,0.0,0.018227865466405067,QB2
00-0039398,2025,11,DAL,QB,0,0,hierarchical_conditional_renorm,0.0,0.01853160928832713,QB2
00-0039398,2025,12,DAL,QB,0,0,hierarchical_conditional_renorm,0.0,0.01882279789116406,QB2
00-0039398,2025,13,DAL,QB,0,0,hierarchical_conditional_renorm,0.0,0.0,QB3
00-0039398,2025,14,DAL,QB,0,0,hierarchical_conditional_renorm,0.0,0.0,QB3
00-0039398,2025,15,DAL,QB,0,0,hierarchical_conditional_renorm,0.0,0.0,QB3
00-0039398,2025,16,DAL,QB,0,0,hierarchical_conditional_renorm,0.0,0.0,QB3
00-0039398,2025,17,DAL,QB,0,0,hierarchical_conditional_renorm,0.0,0.007587488688089019,QB2
00-0039398,2025,18,DAL,QB,0,0,hierarchical_conditional_renorm,0.0,0.0074246999846183685,QB2
00-0039464,2025,1,CHI,QB,1,0,hierarchical_conditional_renorm,0.0,0.0,QB3
00-0039501,2025,1,CAR,QB,1,0,hierarchical_conditional_renorm,0.0,0.0,QB4
00-0039534,2025,1,SF,QB,1,0,hierarchical_conditional_renorm,0.0,0.0,QB4
00-0039534,2025,5,JAX,QB,1,0,hierarchical_conditional_renorm,0.0,0.0,QB3
00-0039534,2025,6,JAX,QB,1,0,hierarchical_conditional_renorm,0.0,0.0,QB3
00-0039534,2025,7,JAX,QB,0,0,hierarchical_conditional_renorm,0.0,0.0,QB3
00-0039534,2025,9,JAX,QB,0,0,hierarchical_conditional_renorm,0.0,0.0,QB3
00-0039534,2025,10,JAX,QB,0,0,hierarchical_conditional_renorm,0.0,0.0,QB3
00-0039534,2025,11,JAX,QB,0,0,hierarchical_conditional_renorm,0.0,0.0,QB3
00-0039534,2025,12,JAX,QB,0,0,hierarchical_conditional_renorm,0.0,0.0,QB3
00-0039534,2025,13,JAX,QB,0,0,hierarchical_conditional_renorm,0.0,0.0,QB3
00-0039534,2025,14,JAX,QB,0,0,hierarchical_conditional_renorm,0.0,0.0,QB3
00-0039534,2025,15,JAX,QB,0,0,hierarchical_conditional_renorm,0.0,0.0,QB3
00-0039534,2025,16,JAX,QB,0,0,hierarchical_conditional_renorm,0.0,0.0,QB3
00-0039534,2025,17,JAX,QB,0,0,hierarchical_conditional_renorm,0.0,0.0,QB3
00-0039534,2025,18,JAX,QB,0,0,hierarchical_conditional_renorm,0.0,0.0,QB3
00-0039575,2025,1,IND,QB,1,0,hierarchical_conditional_renorm,0.0,0.0,QB3
00-0039577,2025,1,ARI,QB,1,0,hierarchical_conditional_renorm,0.0,0.0,QB3
00-0039577,2025,2,ARI,QB,1,0,hierarchical_conditional_renorm,0.0,0.0,QB3
00-0039577,2025,3,ARI,QB,1,0,hierarchical_conditional_renorm,0.0,0.0,QB3
00-0039577,2025,4,ARI,QB,0,0,hierarchical_conditional_renorm,0.0,0.0,QB3
00-0039577,2025,5,ARI,QB,0,0,hierarchical_conditional_renorm,0.0,0.0,QB3
00-0039577,2025,6,ARI,QB,0,0,hierarchical_conditional_renorm,0.0,0.0,QB3
00-0039577,2025,7,ARI,QB,0,0,hierarchical_conditional_renorm,0.0,0.0,QB3
00-0039577,2025,9,ARI,QB,0,0,hierarchical_conditional_renorm,0.0,0.0,QB3
00-0039577,2025,10,ARI,QB,0,0,hierarchical_conditional_renorm,0.0,0.0,QB4
00-0039577,2025,11,ARI,QB,0,0,hierarchical_conditional_renorm,0.0,0.004794417868755799,QB2
00-0039577,2025,12,ARI,QB,0,0,hierarchical_conditional_renorm,0.0,0.004345644893676371,QB2
00-0039577,2025,13,ARI,QB,0,0,hierarchical_conditional_renorm,0.0,0.008662578040418263,QB2
00-0039577,2025,14,ARI,QB,0,0,hierarchical_conditional_renorm,0.0,0.00409978201424934,QB2
00-0039577,2025,15,ARI,QB,0,0,hierarchical_conditional_renorm,0.0,0.004084219466064643,QB2
00-0039577,2025,16,ARI,QB,0,0,hierarchical_conditional_renorm,0.0,0.0,QB4
00-0039577,2025,17,ARI,QB,0,0,hierarchical_conditional_renorm,0.0,0.0,QB4
00-0039577,2025,18,ARI,QB,0,0,hierarchical_conditional_renorm,0.0,0.0,QB4
00-0039677,2025,1,WAS,QB,1,0,hierarchical_conditional_renorm,0.0,0.0,QB3
00-0039677,2025,2,WAS,QB,1,0,hierarchical_conditional_renorm,0.0,0.0,QB4
00-0039677,2025,3,WAS,QB,1,0,hierarchical_conditional_renorm,0.0,0.0,QB4
00-0039677,2025,4,WAS,QB,0,0,hierarchical_conditional_renorm,0.0,0.0,QB4
00-0039677,2025,5,WAS,QB,0,0,hierarchical_conditional_renorm,0.0,0.0,QB4
00-0039677,2025,6,WAS,QB,0,0,hierarchical_conditional_renorm,0.0,0.0,QB4
00-0039677,2025,7,WAS,QB,0,0,hierarchical_conditional_renorm,0.0,0.0,QB4
00-0039677,2025,8,WAS,QB,0,0,hierarchical_conditional_renorm,0.0,0.0,QB4
00-0039677,2025,9,WAS,QB,0,0,hierarchical_conditional_renorm,0.0,0.0,QB4
00-0039677,2025,10,WAS,QB,0,0,hierarchical_conditional_renorm,0.0,0.0,QB4
00-0039677,2025,11,WAS,QB,0,0,hierarchical_conditional_renorm,0.0,0.0,QB4
00-0039677,2025,13,WAS,QB,0,0,hierarchical_conditional_renorm,0.0,0.0,QB4
00-0039677,2025,14,WAS,QB,0,0,hierarchical_conditional_renorm,0.0,0.0,QB3
00-0039677,2025,15,WAS,QB,0,0,hierarchical_conditional_renorm,0.0,0.0,QB4
00-0039677,2025,16,WAS,QB,0,0,hierarchical_conditional_renorm,0.0,0.0,QB4
00-0039677,2025,17,WAS,QB,0,0,hierarchical_conditional_renorm,0.0,0.0,QB4
00-0039677,2025,18,WAS,QB,0,0,hierarchical_conditional_renorm,0.0,0.0,QB4
00-0039699,2025,1,SF,QB,1,0,hierarchical_conditional_renorm,0.0,0.0,QB4
00-0039732,2025,1,DEN,QB,1,0,hierarchical_conditional_renorm,1.0,0.0,QB1
00-0039732,2025,2,DEN,QB,1,0,hierarchical_conditional_renorm,1.0,1.0,QB1
00-0039732,2025,3,DEN,QB,1,0,hierarchical_conditional_renorm,1.0,1.0,QB1
00-0039732,2025,4,DEN,QB,0,0,hierarchical_conditional_renorm,1.0,1.0,QB1
00-0039732,2025,5,DEN,QB,0,0,hierarchical_conditional_renorm,1.0,1.0,QB1
00-0039732,2025,6,DEN,QB,0,0,hierarchical_conditional_renorm,1.0,1.0,QB1
00-0039732,2025,7,DEN,QB,0,0,hierarchical_conditional_renorm,1.0,1.0,QB1
00-0039732,2025,8,DEN,QB,0,0,hierarchical_conditional_renorm,1.0,1.0,QB1
00-0039732,2025,9,DEN,QB,0,0,hierarchical_conditional_renorm,1.0,1.0,QB1
00-0039732,2025,10,DEN,QB,0,0,hierarchical_conditional_renorm,1.0,1.0,QB1
00-0039732,2025,11,DEN,QB,0,0,hierarchical_conditional_renorm,0.0,1.0,QB1
00-0039732,2025,13,DEN,QB,0,0,hierarchical_conditional_renorm,1.0,1.0,QB1
00-0039732,2025,14,DEN,QB,0,0,hierarchical_conditional_renorm,0.0,1.0,QB1
00-0039732,2025,15,DEN,QB,0,0,hierarchical_conditional_renorm,1.0,1.0,QB1
00-0039732,2025,16,DEN,QB,0,0,hierarchical_conditional_renorm,1.0,1.0,QB1
00-0039732,2025,17,DEN,QB,0,0,hierarchical_conditional_renorm,1.0,1.0,QB1
00-0039732,2025,18,DEN,QB,0,0,hierarchical_conditional_renorm,0.0,1.0,QB1
00-0039797,2025,1,NYJ,QB,1,0,hierarchical_conditional_renorm,0.0,0.0,QB3
00-0039797,2025,2,NYJ,QB,1,0,hierarchical_conditional_renorm,0.0,0.0,QB3
00-0039797,2025,3,NYJ,QB,1,0,hierarchical_conditional_renorm,0.0,0.0,QB3
00-0039797,2025,4,NYJ,QB,0,0,hierarchical_conditional_renorm,0.0,0.0,QB3
00-0039797,2025,5,NYJ,QB,0,0,hierarchical_conditional_renorm,0.0,0.0,QB3
00-0039797,2025,6,NYJ,QB,0,0,hierarchical_conditional_renorm,0.0,0.0,QB3
00-0039797,2025,7,NYJ,QB,0,0,hierarchical_conditional_renorm,0.0,0.0,QB3
00-0039797,2025,8,NYJ,QB,0,0,hierarchical_conditional_renorm,0.0,0.0,QB3
00-0039797,2025,10,NYJ,QB,0,0,hierarchical_conditional_renorm,0.0,0.0,QB3
00-0039797,2025,11,NYJ,QB,0,0,hierarchical_conditional_renorm,0.0,0.0,QB3
00-0039797,2025,12,NYJ,QB,0,0,hierarchical_conditional_renorm,0.0,0.0,QB3
00-0039797,2025,13,NYJ,QB,0,0,hierarchical_conditional_renorm,0.0,0.0,QB3
00-0039797,2025,14,NYJ,QB,0,0,hierarchical_conditional_renorm,0.0,0.0,QB3
00-0039797,2025,15,NYJ,QB,0,0,hierarchical_conditional_renorm,0.0,0.0,QB4
00-0039797,2025,16,NYJ,QB,0,0,hierarchical_conditional_renorm,0.0,0.0,QB4
00-0039797,2025,17,NYJ,QB,0,0,hierarchical_conditional_renorm,0.0,0.0,QB4
00-0039797,2025,18,NYJ,QB,0,0,hierarchical_conditional_renorm,0.0,0.0,QB4
00-0039801,2025,1,BAL,QB,1,0,hierarchical_conditional_renorm,0.0,0.0,QB4
00-0039851,2025,1,NE,QB,1,0,hierarchical_conditional_renorm,1.0,0.0,QB3
00-0039851,2025,2,NE,QB,1,0,hierarchical_conditional_renorm,1.0,1.0,QB1
00-0039851,2025,3,NE,QB,1,0,hierarchical_conditional_renorm,1.0,1.0,QB1
00-0039851,2025,4,NE,QB,0,0,hierarchical_conditional_renorm,1.0,1.0,QB1
00-0039851,2025,5,NE,QB,0,0,hierarchical_conditional_renorm,0.0,0.9951687531748556,QB1
00-0039851,2025,6,NE,QB,0,0,hierarchical_conditional_renorm,1.0,0.995229230090224,QB1
00-0039851,2025,7,NE,QB,0,0,hierarchical_conditional_renorm,1.0,0.9951985206902554,QB1
00-0039851,2025,8,NE,QB,0,0,hierarchical_conditional_renorm,1.0,0.9948087518350719,QB1
00-0039851,2025,9,NE,QB,0,0,hierarchical_conditional_renorm,1.0,0.9948676376806229,QB1
00-0039851,2025,10,NE,QB,0,0,hierarchical_conditional_renorm,1.0,0.9948371884355035,QB1
00-0039851,2025,11,NE,QB,0,0,hierarchical_conditional_renorm,1.0,1.0,QB1
00-0039851,2025,12,NE,QB,0,0,hierarchical_conditional_renorm,1.0,1.0,QB1
00-0039851,2025,13,NE,QB,0,0,hierarchical_conditional_renorm,1.0,1.0,QB1
00-0039851,2025,15,NE,QB,0,0,hierarchical_conditional_renorm,0.0,1.0,QB1
00-0039851,2025,16,NE,QB,0,0,hierarchical_conditional_renorm,1.0,1.0,QB1
00-0039851,2025,17,NE,QB,0,0,hierarchical_conditional_renorm,1.0,1.0,QB1
00-0039851,2025,18,NE,QB,0,0,hierarchical_conditional_renorm,1.0,0.9806551487222264,QB1
00-0039910,2025,1,WAS,QB,1,0,hierarchical_conditional_renorm,1.0,0.0,QB4
00-0039910,2025,2,WAS,QB,1,0,hierarchical_conditional_renorm,1.0,1.0,QB1
00-0039910,2025,3,WAS,QB,1,0,hierarchical_conditional_renorm,0.0,1.0,QB1
00-0039910,2025,4,WAS,QB,0,0,hierarchical_conditional_renorm,0.0,0.7294690771401683,QB1
00-0039910,2025,5,WAS,QB,0,0,hierarchical_conditional_renorm,1.0,0.39678522261323074,QB2
00-0039910,2025,6,WAS,QB,0,0,hierarchical_conditional_renorm,1.0,0.4167558520761917,QB2
00-0039910,2025,7,WAS,QB,0,0,hierarchical_conditional_renorm,1.0,0.670119619508885,QB1
00-0039910,2025,8,WAS,QB,0,0,hierarchical_conditional_renorm,0.0,0.8954451925059774,QB1
00-0039910,2025,9,WAS,QB,0,0,hierarchical_conditional_renorm,0.0,0.5733634691113811,QB1
00-0039910,2025,10,WAS,QB,0,0,hierarchical_conditional_renorm,0.0,0.5817332011631315,QB1
00-0039910,2025,11,WAS,QB,0,0,hierarchical_conditional_renorm,0.0,0.4085146611330524,QB2
00-0039910,2025,13,WAS,QB,0,0,hierarchical_conditional_renorm,0.0,0.3942215039209832,QB2
00-0039910,2025,14,WAS,QB,0,0,hierarchical_conditional_renorm,0.0,0.0,QB4
00-0039910,2025,15,WAS,QB,0,0,hierarchical_conditional_renorm,0.0,0.2876611857343504,QB2
00-0039910,2025,16,WAS,QB,0,0,hierarchical_conditional_renorm,0.0,0.2863740190198232,QB2
00-0039910,2025,17,WAS,QB,0,0,hierarchical_conditional_renorm,0.0,0.3022084981667777,QB2
00-0039910,2025,18,WAS,QB,0,0,hierarchical_conditional_renorm,0.0,0.0,QB4
00-0039917,2025,1,ATL,QB,1,0,hierarchical_conditional_renorm,1.0,0.0,QB4
00-0039917,2025,2,ATL,QB,1,0,hierarchical_conditional_renorm,0.0,1.0,QB1
00-0039917,2025,3,ATL,QB,1,0,hierarchical_conditional_renorm,0.0,1.0,QB1
00-0039917,2025,4,ATL,QB,0,0,hierarchical_conditional_renorm,1.0,0.9548606176866528,QB1
00-0039917,2025,6,ATL,QB,0,0,hierarchical_conditional_renorm,1.0,0.9575084219860021,QB1
00-0039917,2025,7,ATL,QB,0,0,hierarchical_conditional_renorm,1.0,0.9599255438352513,QB1
00-0039917,2025,8,ATL,QB,0,0,hierarchical_conditional_renorm,0.0,1.0,QB1
00-0039917,2025,9,ATL,QB,0,0,hierarchical_conditional_renorm,1.0,0.6994200408690381,QB1
00-0039917,2025,10,ATL,QB,0,0,hierarchical_conditional_renorm,1.0,0.6995890919418953,QB1
00-0039917,2025,11,ATL,QB,0,0,hierarchical_conditional_renorm,0.0,0.7058358842351445,QB1
00-0039917,2025,12,ATL,QB,0,0,hierarchical_conditional_renorm,0.0,0.9047530209437523,QB1
00-0039917,2025,13,ATL,QB,0,0,hierarchical_conditional_renorm,0.0,0.6198658385175795,QB1
00-0039917,2025,14,ATL,QB,0,0,hierarchical_conditional_renorm,0.0,0.2820467252667802,QB2
00-0039917,2025,15,ATL,QB,0,0,hierarchical_conditional_renorm,0.0,0.0,QB4
00-0039917,2025,16,ATL,QB,0,0,hierarchical_conditional_renorm,0.0,0.0,QB4
00-0039917,2025,17,ATL,QB,0,0,hierarchical_conditional_renorm,0.0,0.0,QB4
00-0039917,2025,18,ATL,QB,0,0,hierarchical_conditional_renorm,0.0,0.0,QB4
00-0039918,2025,1,CHI,QB,1,0,hierarchical_conditional_renorm,1.0,0.0,QB4
00-0039918,2025,2,CHI,QB,1,0,hierarchical_conditional_renorm,1.0,1.0,QB1
00-0039918,2025,3,CHI,QB,1,0,hierarchical_conditional_renorm,1.0,0.9715122208467895,QB1
00-0039918,2025,4,CHI,QB,0,0,hierarchical_conditional_renorm,1.0,0.9852918753840172,QB1
00-0039918,2025,6,CHI,QB,0,0,hierarchical_conditional_renorm,1.0,0.985911675681543,QB1
00-0039918,2025,7,CHI,QB,0,0,hierarchical_conditional_renorm,0.0,1.0,QB1
00-0039918,2025,8,CHI,QB,0,0,hierarchical_conditional_renorm,0.0,1.0,QB1
00-0039918,2025,9,CHI,QB,0,0,hierarchical_conditional_renorm,0.75,1.0,QB1
00-0039918,2025,10,CHI,QB,0,0,hierarchical_conditional_renorm,1.0,0.9955016992598625,QB1
00-0039918,2025,11,CHI,QB,0,0,hierarchical_conditional_renorm,0.0,0.9955690676539641,QB1
00-0039918,2025,12,CHI,QB,0,0,hierarchical_conditional_renorm,1.0,0.9953390479477268,QB1
00-0039918,2025,13,CHI,QB,0,0,hierarchical_conditional_renorm,1.0,1.0,QB1
00-0039918,2025,14,CHI,QB,0,0,hierarchical_conditional_renorm,1.0,1.0,QB1
00-0039918,2025,15,CHI,QB,0,0,hierarchical_conditional_renorm,1.0,1.0,QB1
00-0039918,2025,16,CHI,QB,0,0,hierarchical_conditional_renorm,1.0,1.0,QB1
00-0039918,2025,17,CHI,QB,0,0,hierarchical_conditional_renorm,1.0,1.0,QB1
00-0039918,2025,18,CHI,QB,0,0,hierarchical_conditional_renorm,1.0,1.0,QB1
00-0039923,2025,1,MIN,QB,1,0,hierarchical_conditional_renorm,1.0,0.0,QB2
00-0039923,2025,2,MIN,QB,1,0,hierarchical_conditional_renorm,0.0,1.0,QB1
00-0039923,2025,3,MIN,QB,1,0,hierarchical_conditional_renorm,0.0,1.0,QB1
00-0039923,2025,4,MIN,QB,0,0,hierarchical_conditional_renorm,0.0,0.6626888256192167,QB1
00-0039923,2025,5,MIN,QB,0,0,hierarchical_conditional_renorm,0.0,0.3609635027400443,QB2
00-0039923,2025,7,MIN,QB,0,0,hierarchical_conditional_renorm,0.0,0.0,QB3
00-0039923,2025,8,MIN,QB,0,0,hierarchical_conditional_renorm,0.0,0.0,QB3
00-0039923,2025,9,MIN,QB,0,0,hierarchical_conditional_renorm,1.0,0.0,QB4
00-0039923,2025,10,MIN,QB,0,0,hierarchical_conditional_renorm,1.0,0.34416103221953376,QB2
00-0039923,2025,11,MIN,QB,0,0,hierarchical_conditional_renorm,1.0,0.5888016749886015,QB1
00-0039923,2025,12,MIN,QB,0,0,hierarchical_conditional_renorm,0.0,1.0,QB1
00-0039923,2025,13,MIN,QB,0,0,hierarchical_conditional_renorm,0.0,1.0,QB1
00-0039923,2025,14,MIN,QB,0,0,hierarchical_conditional_renorm,1.0,0.6886933053400218,QB1
00-0039923,2025,15,MIN,QB,0,0,hierarchical_conditional_renorm,1.0,0.6967221701083294,QB1
00-0039923,2025,16,MIN,QB,0,0,hierarchical_conditional_renorm,0.0,0.7090570576764946,QB1
00-0039923,2025,17,MIN,QB,0,0,hierarchical_conditional_renorm,0.0,0.9199810696879807,QB1
00-0039923,2025,18,MIN,QB,0,0,hierarchical_conditional_renorm,0.0,0.5943951483078154,QB1
00-0040014,2025,1,PHI,QB,1,0,hierarchical_conditional_renorm,0.0,0.0,QB4
00-0040014,2025,2,PHI,QB,1,0,hierarchical_conditional_renorm,0.0,0.0,QB4
00-0040014,2025,3,PHI,QB,1,0,hierarchical_conditional_renorm,0.0,0.0,QB4
00-0040014,2025,4,PHI,QB,0,0,hierarchical_conditional_renorm,0.0,0.0,QB4
00-0040014,2025,5,PHI,QB,0,0,hierarchical_conditional_renorm,0.0,0.0,QB4
00-0040014,2025,6,PHI,QB,0,0,hierarchical_conditional_renorm,0.0,0.0,QB4
00-0040014,2025,7,PHI,QB,0,0,hierarchical_conditional_renorm,0.0,0.0,QB4
00-0040014,2025,8,PHI,QB,0,0,hierarchical_conditional_renorm,0.0,0.0,QB4
00-0040014,2025,10,PHI,QB,0,0,hierarchical_conditional_renorm,0.0,0.0,QB4
00-0040014,2025,11,PHI,QB,0,0,hierarchical_conditional_renorm,0.0,0.0,QB4
00-0040014,2025,12,PHI,QB,0,0,hierarchical_conditional_renorm,0.0,0.0,QB4
00-0040014,2025,13,PHI,QB,0,0,hierarchical_conditional_renorm,0.0,0.0,QB4
00-0040014,2025,14,PHI,QB,0,0,hierarchical_conditional_renorm,0.0,0.0,QB4
00-0040014,2025,15,PHI,QB,0,0,hierarchical_conditional_renorm,0.0,0.0,QB4
00-0040014,2025,16,PHI,QB,0,0,hierarchical_conditional_renorm,0.0,0.0,QB4
00-0040014,2025,17,PHI,QB,0,0,hierarchical_conditional_renorm,0.0,0.0,QB4
00-0040014,2025,18,PHI,QB,0,0,hierarchical_conditional_renorm,0.0,0.0,QB4
00-0040203,2025,1,PIT,QB,1,0,hierarchical_conditional_renorm,0.0,0.0,QB4
00-0040203,2025,2,PIT,QB,1,0,hierarchical_conditional_renorm,0.0,0.0,QB4
00-0040203,2025,3,PIT,QB,1,0,hierarchical_conditional_renorm,0.0,0.0,QB4
00-0040203,2025,4,PIT,QB,0,0,hierarchical_conditional_renorm,0.0,0.0,QB4
00-0040203,2025,6,PIT,QB,0,0,hierarchical_conditional_renorm,0.0,0.0,QB4
00-0040203,2025,7,PIT,QB,0,0,hierarchical_conditional_renorm,0.0,0.0,QB4
00-0040203,2025,8,PIT,QB,0,0,hierarchical_conditional_renorm,0.0,0.0,QB4
00-0040203,2025,9,PIT,QB,0,0,hierarchical_conditional_renorm,0.0,0.0,QB4
00-0040203,2025,10,PIT,QB,0,0,hierarchical_conditional_renorm,0.0,0.0,QB4
00-0040203,2025,11,PIT,QB,0,0,hierarchical_conditional_renorm,0.0,0.0,QB4
00-0040203,2025,12,PIT,QB,0,0,hierarchical_conditional_renorm,0.0,0.0,QB4
00-0040203,2025,13,PIT,QB,0,0,hierarchical_conditional_renorm,0.0,0.0,QB4
00-0040203,2025,14,PIT,QB,0,0,hierarchical_conditional_renorm,0.0,0.0,QB4
00-0040203,2025,15,PIT,QB,0,0,hierarchical_conditional_renorm,0.0,0.0,QB4
00-0040203,2025,16,PIT,QB,0,0,hierarchical_conditional_renorm,0.0,0.0,QB4
00-0040203,2025,17,PIT,QB,0,0,hierarchical_conditional_renorm,0.0,0.0,QB4
00-0040203,2025,18,PIT,QB,0,0,hierarchical_conditional_renorm,0.0,0.0,QB4
00-0040206,2025,1,IND,QB,1,0,hierarchical_conditional_renorm,0.0,0.0,QB4
00-0040206,2025,2,IND,QB,1,0,hierarchical_conditional_renorm,0.0,0.0,QB3
00-0040206,2025,3,IND,QB,1,0,hierarchical_conditional_renorm,0.0,0.0,QB3
00-0040206,2025,4,IND,QB,0,0,hierarchical_conditional_renorm,0.0,0.0,QB3
00-0040206,2025,5,IND,QB,0,0,hierarchical_conditional_renorm,0.0,0.0,QB3
00-0040206,2025,6,IND,QB,0,0,hierarchical_conditional_renorm,0.0,0.0,QB3
00-0040206,2025,7,IND,QB,0,0,hierarchical_conditional_renorm,0.0,0.0,QB4
00-0040206,2025,8,IND,QB,0,0,hierarchical_conditional_renorm,0.0,0.0,QB4
00-0040206,2025,9,IND,QB,0,0,hierarchical_conditional_renorm,0.0,0.008623281709121331,QB2
00-0040206,2025,10,IND,QB,0,0,hierarchical_conditional_renorm,0.0,0.00812354091600932,QB2
00-0040206,2025,12,IND,QB,0,0,hierarchical_conditional_renorm,0.0,0.008256815495130012,QB2
00-0040206,2025,13,IND,QB,0,0,hierarchical_conditional_renorm,0.0,0.0,QB4
00-0040206,2025,14,IND,QB,0,0,hierarchical_conditional_renorm,0.0,0.0,QB4
00-0040206,2025,15,IND,QB,0,0,hierarchical_conditional_renorm,0.0,0.21034838852616936,QB2
00-0040206,2025,16,IND,QB,0,0,hierarchical_conditional_renorm,0.0,0.14665146743584204,QB3
00-0040206,2025,17,IND,QB,0,0,hierarchical_conditional_renorm,0.0,0.19262673035399205,QB2
00-0040206,2025,18,IND,QB,0,0,hierarchical_conditional_renorm,1.0,0.0103646850975127,QB2
00-0040211,2025,1,HOU,QB,1,0,hierarchical_conditional_renorm,0.0,0.0,QB3
00-0040211,2025,2,HOU,QB,1,0,hierarchical_conditional_renorm,0.0,0.0,QB3
00-0040211,2025,3,HOU,QB,1,0,hierarchical_conditional_renorm,0.0,0.0,QB3
00-0040211,2025,4,HOU,QB,0,0,hierarchical_conditional_renorm,0.0,0.0,QB3
00-0040211,2025,5,HOU,QB,0,0,hierarchical_conditional_renorm,0.0,0.0,QB3
00-0040211,2025,7,HOU,QB,0,0,hierarchical_conditional_renorm,0.0,0.0,QB3
00-0040211,2025,8,HOU,QB,0,0,hierarchical_conditional_renorm,0.0,0.0,QB3
00-0040211,2025,9,HOU,QB,0,0,hierarchical_conditional_renorm,0.0,0.0,QB3
00-0040211,2025,10,HOU,QB,0,0,hierarchical_conditional_renorm,0.0,0.0,QB3
00-0040211,2025,11,HOU,QB,0,0,hierarchical_conditional_renorm,0.0,0.0,QB3
00-0040211,2025,12,HOU,QB,0,0,hierarchical_conditional_renorm,0.0,0.0,QB3
00-0040211,2025,13,HOU,QB,0,0,hierarchical_conditional_renorm,0.0,0.0,QB3
00-0040211,2025,14,HOU,QB,0,0,hierarchical_conditional_renorm,0.0,0.0,QB3
00-0040211,2025,15,HOU,QB,0,0,hierarchical_conditional_renorm,0.0,0.0,QB3
00-0040211,2025,16,HOU,QB,0,0,hierarchical_conditional_renorm,0.0,0.0,QB3
00-0040211,2025,17,HOU,QB,0,0,hierarchical_conditional_renorm,0.0,0.0,QB3
00-0040211,2025,18,HOU,QB,0,0,hierarchical_conditional_renorm,0.0,0.0,QB3
00-0040222,2025,1,LV,QB,1,0,hierarchical_conditional_renorm,0.0,0.0,QB4
00-0040222,2025,2,LV,QB,1,0,hierarchical_conditional_renorm,0.0,0.0,QB4
00-0040222,2025,3,LV,QB,1,0,hierarchical_conditional_renorm,0.0,0.0,QB4
00-0040222,2025,4,LV,QB,0,0,hierarchical_conditional_renorm,0.0,0.0,QB4
00-0040222,2025,5,LV,QB,0,0,hierarchical_conditional_renorm,0.0,0.0,QB4
00-0040222,2025,6,LV,QB,0,0,hierarchical_conditional_renorm,0.0,0.0,QB4
00-0040222,2025,7,LV,QB,0,0,hierarchical_conditional_renorm,0.0,0.0,QB4
00-0040222,2025,9,LV,QB,0,0,hierarchical_conditional_renorm,0.0,0.0,QB4
00-0040222,2025,10,LV,QB,0,0,hierarchical_conditional_renorm,0.0,0.0,QB4
00-0040222,2025,11,LV,QB,0,0,hierarchical_conditional_renorm,0.0,0.0,QB4
00-0040222,2025,12,LV,QB,0,0,hierarchical_conditional_renorm,0.0,0.0,QB4
00-0040222,2025,13,LV,QB,0,0,hierarchical_conditional_renorm,0.0,0.0,QB4
00-0040222,2025,14,LV,QB,0,0,hierarchical_conditional_renorm,0.0,0.0,QB4
00-0040222,2025,15,LV,QB,0,0,hierarchical_conditional_renorm,0.0,0.0,QB4
00-0040222,2025,16,LV,QB,0,0,hierarchical_conditional_renorm,0.0,0.0,QB4
00-0040222,2025,17,LV,QB,0,0,hierarchical_conditional_renorm,0.0,0.0,QB4
00-0040222,2025,18,MIA,QB,0,0,hierarchical_conditional_renorm,0.0,0.0,QB4
00-0040234,2025,1,MIA,QB,1,0,hierarchical_conditional_renorm,0.0,0.0,QB3
00-0040234,2025,2,MIA,QB,1,0,hierarchical_conditional_renorm,0.0,0.0,QB3
00-0040234,2025,3,MIA,QB,1,0,hierarchical_conditional_renorm,0.0,0.0,QB3
00-0040234,2025,4,MIA,QB,0,0,hierarchical_conditional_renorm,0.0,0.0,QB3
00-0040234,2025,5,MIA,QB,0,0,hierarchical_conditional_renorm,0.0,0.0,QB3
00-0040234,2025,6,MIA,QB,0,0,hierarchical_conditional_renorm,0.0,0.0,QB3
00-0040234,2025,7,MIA,QB,0,0,hierarchical_conditional_renorm,0.0,0.0,QB3
00-0040234,2025,8,MIA,QB,0,0,hierarchical_conditional_renorm,0.0,0.06610314147364277,QB2
00-0040234,2025,9,MIA,QB,0,0,hierarchical_conditional_renorm,0.0,0.06784450882424921,QB2
00-0040234,2025,10,MIA,QB,0,0,hierarchical_conditional_renorm,0.0,0.06338417615817594,QB2
00-0040234,2025,11,MIA,QB,0,0,hierarchical_conditional_renorm,0.0,0.0,QB3
00-0040234,2025,13,MIA,QB,0,0,hierarchical_conditional_renorm,0.0,0.0,QB3
00-0040234,2025,14,MIA,QB,0,0,hierarchical_conditional_renorm,0.0,0.0,QB3
00-0040234,2025,15,MIA,QB,0,0,hierarchical_conditional_renorm,0.0,0.0,QB3
00-0040234,2025,16,MIA,QB,0,0,hierarchical_conditional_renorm,0.0,0.0,QB3
00-0040234,2025,17,MIA,QB,0,0,hierarchical_conditional_renorm,1.0,0.27895304229436474,QB2
00-0040234,2025,18,MIA,QB,0,0,hierarchical_conditional_renorm,1.0,0.53579133521157,QB1
00-0040330,2025,1,JAX,QB,1,0,hierarchical_conditional_renorm,0.0,0.0,QB4
00-0040330,2025,2,JAX,QB,1,0,hierarchical_conditional_renorm,0.0,0.0,QB3
00-0040330,2025,3,JAX,QB,1,0,hierarchical_conditional_renorm,0.0,0.0,QB3
00-0040330,2025,4,JAX,QB,0,0,hierarchical_conditional_renorm,0.0,0.0,QB3
00-0040330,2025,18,IND,QB,0,0,hierarchical_conditional_renorm,0.0,0.0,QB4
00-0040378,2025,1,CIN,QB,1,0,hierarchical_conditional_renorm,0.0,0.0,QB4
00-0040398,2025,1,NYJ,QB,1,0,hierarchical_conditional_renorm,0.0,0.0,QB4
00-0040398,2025,2,NYJ,QB,1,0,hierarchical_conditional_renorm,0.0,0.0,QB4
00-0040398,2025,3,NYJ,QB,1,0,hierarchical_conditional_renorm,0.0,0.0,QB4
00-0040398,2025,4,NYJ,QB,0,0,hierarchical_conditional_renorm,0.0,0.0,QB4
00-0040398,2025,5,NYJ,QB,0,0,hierarchical_conditional_renorm,0.0,0.0,QB4
00-0040398,2025,6,NYJ,QB,0,0,hierarchical_conditional_renorm,0.0,0.0,QB4
00-0040398,2025,7,NYJ,QB,0,0,hierarchical_conditional_renorm,0.0,0.0,QB4
00-0040398,2025,8,NYJ,QB,0,0,hierarchical_conditional_renorm,0.0,0.0,QB4
00-0040398,2025,10,NYJ,QB,0,0,hierarchical_conditional_renorm,0.0,0.0,QB4
00-0040398,2025,11,NYJ,QB,0,0,hierarchical_conditional_renorm,0.0,0.0,QB4
00-0040398,2025,12,NYJ,QB,0,0,hierarchical_conditional_renorm,0.0,0.0,QB4
00-0040398,2025,13,NYJ,QB,0,0,hierarchical_conditional_renorm,0.0,0.0,QB4
00-0040398,2025,14,NYJ,QB,0,0,hierarchical_conditional_renorm,0.0,0.0,QB4
00-0040398,2025,15,NYJ,QB,0,0,hierarchical_conditional_renorm,1.0,0.30730622171813715,QB2
00-0040398,2025,16,NYJ,QB,0,0,hierarchical_conditional_renorm,0.0,0.5878628998670206,QB1
00-0040398,2025,17,NYJ,QB,0,0,hierarchical_conditional_renorm,0.0,0.9626998877857197,QB1
00-0040398,2025,18,NYJ,QB,0,0,hierarchical_conditional_renorm,1.0,1.0,QB1
00-0040415,2025,1,TB,QB,1,0,hierarchical_conditional_renorm,0.0,0.0,QB4
00-0040415,2025,2,TB,QB,1,0,hierarchical_conditional_renorm,0.0,0.0,QB3
00-0040415,2025,3,TB,QB,1,0,hierarchical_conditional_renorm,0.0,0.0,QB3
00-0040415,2025,4,TB,QB,0,0,hierarchical_conditional_renorm,0.0,0.0,QB3
00-0040415,2025,5,TB,QB,0,0,hierarchical_conditional_renorm,0.0,0.0,QB3
00-0040415,2025,6,TB,QB,0,0,hierarchical_conditional_renorm,0.0,0.0,QB3
00-0040415,2025,7,TB,QB,0,0,hierarchical_conditional_renorm,0.0,0.0,QB3
00-0040415,2025,8,TB,QB,0,0,hierarchical_conditional_renorm,0.0,0.0,QB3
00-0040415,2025,10,TB,QB,0,0,hierarchical_conditional_renorm,0.0,0.0,QB3
00-0040415,2025,11,TB,QB,0,0,hierarchical_conditional_renorm,0.0,0.0,QB3
00-0040415,2025,12,TB,QB,0,0,hierarchical_conditional_renorm,0.0,0.0,QB3
00-0040415,2025,13,TB,QB,0,0,hierarchical_conditional_renorm,0.0,0.0,QB3
00-0040415,2025,14,TB,QB,0,0,hierarchical_conditional_renorm,0.0,0.0,QB3
00-0040415,2025,15,TB,QB,0,0,hierarchical_conditional_renorm,0.0,0.0,QB3
00-0040415,2025,16,TB,QB,0,0,hierarchical_conditional_renorm,0.0,0.0,QB3
00-0040415,2025,17,TB,QB,0,0,hierarchical_conditional_renorm,0.0,0.0,QB3
00-0040415,2025,18,TB,QB,0,0,hierarchical_conditional_renorm,0.0,0.0,QB3
00-0040464,2025,1,LAC,QB,1,0,hierarchical_conditional_renorm,0.0,0.0,QB4
00-0040464,2025,2,LAC,QB,1,0,hierarchical_conditional_renorm,0.0,0.0,QB3
00-0040464,2025,3,LAC,QB,1,0,hierarchical_conditional_renorm,0.0,0.0,QB3
00-0040464,2025,4,LAC,QB,0,0,hierarchical_conditional_renorm,0.0,0.0,QB3
00-0040464,2025,5,LAC,QB,0,0,hierarchical_conditional_renorm,0.0,0.0,QB3
00-0040464,2025,6,LAC,QB,0,0,hierarchical_conditional_renorm,0.0,0.0,QB3
00-0040464,2025,7,LAC,QB,0,0,hierarchical_conditional_renorm,0.0,0.0,QB3
00-0040464,2025,8,LAC,QB,0,0,hierarchical_conditional_renorm,0.0,0.0,QB3
00-0040464,2025,9,LAC,QB,0,0,hierarchical_conditional_renorm,0.0,0.0,QB3
00-0040464,2025,10,LAC,QB,0,0,hierarchical_conditional_renorm,0.0,0.0,QB3
00-0040464,2025,11,LAC,QB,0,0,hierarchical_conditional_renorm,0.0,0.0,QB3
00-0040464,2025,13,LAC,QB,0,0,hierarchical_conditional_renorm,0.0,0.0,QB3
00-0040464,2025,14,LAC,QB,0,0,hierarchical_conditional_renorm,0.0,0.0,QB3
00-0040464,2025,15,LAC,QB,0,0,hierarchical_conditional_renorm,0.0,0.0,QB3
00-0040464,2025,16,LAC,QB,0,0,hierarchical_conditional_renorm,0.0,0.0,QB3
00-0040464,2025,17,LAC,QB,0,0,hierarchical_conditional_renorm,0.0,0.0,QB3
00-0040464,2025,18,LAC,QB,0,0,hierarchical_conditional_renorm,0.0,0.0,QB3
00-0040494,2025,1,MIN,QB,1,0,hierarchical_conditional_renorm,0.0,0.0,QB3
00-0040494,2025,2,MIN,QB,1,0,hierarchical_conditional_renorm,0.0,0.0,QB3
00-0040494,2025,3,MIN,QB,1,0,hierarchical_conditional_renorm,0.0,0.0,QB4
00-0040494,2025,4,MIN,QB,0,0,hierarchical_conditional_renorm,0.0,0.025876269629077308,QB3
00-0040494,2025,5,MIN,QB,0,0,hierarchical_conditional_renorm,0.0,0.017869224385543604,QB3
00-0040494,2025,7,MIN,QB,0,0,hierarchical_conditional_renorm,0.0,0.02051874218378774,QB2
00-0040494,2025,8,MIN,QB,0,0,hierarchical_conditional_renorm,0.0,0.0,QB2
00-0040494,2025,9,MIN,QB,0,0,hierarchical_conditional_renorm,0.0,0.018878133632691974,QB2
00-0040494,2025,10,MIN,QB,0,0,hierarchical_conditional_renorm,0.0,0.01590150993517516,QB3
00-0040494,2025,11,MIN,QB,0,0,hierarchical_conditional_renorm,0.0,0.015147716073924749,QB3
00-0040494,2025,12,MIN,QB,0,0,hierarchical_conditional_renorm,0.0,0.0,QB4
00-0040494,2025,13,MIN,QB,0,0,hierarchical_conditional_renorm,0.0,0.0,QB4
00-0040494,2025,14,MIN,QB,0,0,hierarchical_conditional_renorm,0.0,0.3113066946599782,QB2
00-0040494,2025,15,MIN,QB,0,0,hierarchical_conditional_renorm,0.0,0.30327782989167074,QB2
00-0040494,2025,16,MIN,QB,0,0,hierarchical_conditional_renorm,0.0,0.2909429423235053,QB2
00-0040494,2025,17,MIN,QB,0,0,hierarchical_conditional_renorm,0.0,0.08001893031201933,QB2
00-0040494,2025,18,MIN,QB,0,0,hierarchical_conditional_renorm,0.0,0.4056048516921846,QB2
00-0040569,2025,1,NE,QB,1,0,hierarchical_conditional_renorm,0.0,0.0,QB4
00-0040589,2025,1,SF,QB,1,0,hierarchical_conditional_renorm,0.0,0.0,QB4
00-0040589,2025,2,SF,QB,1,0,hierarchical_conditional_renorm,0.0,0.0,QB4
00-0040589,2025,3,SF,QB,1,0,hierarchical_conditional_renorm,0.0,0.0,QB4
00-0040589,2025,4,SF,QB,0,0,hierarchical_conditional_renorm,0.0,0.0,QB4
00-0040589,2025,5,SF,QB,0,0,hierarchical_conditional_renorm,0.0,0.0,QB4
00-0040589,2025,6,SF,QB,0,0,hierarchical_conditional_renorm,0.0,0.0,QB4
00-0040589,2025,7,SF,QB,0,0,hierarchical_conditional_renorm,0.0,0.0,QB4
00-0040589,2025,8,SF,QB,0,0,hierarchical_conditional_renorm,0.0,0.0,QB4
00-0040589,2025,9,SF,QB,0,0,hierarchical_conditional_renorm,0.0,0.0,QB4
00-0040589,2025,10,SF,QB,0,0,hierarchical_conditional_renorm,0.0,0.0,QB4
00-0040589,2025,11,SF,QB,0,0,hierarchical_conditional_renorm,0.0,0.0,QB4
00-0040589,2025,12,SF,QB,0,0,hierarchical_conditional_renorm,0.0,0.0,QB4
00-0040589,2025,13,SF,QB,0,0,hierarchical_conditional_renorm,0.0,0.0,QB4
00-0040589,2025,15,SF,QB,0,0,hierarchical_conditional_renorm,0.0,0.0,QB3
00-0040589,2025,16,SF,QB,0,0,hierarchical_conditional_renorm,0.0,0.0,QB4
00-0040589,2025,17,SF,QB,0,0,hierarchical_conditional_renorm,0.0,0.0,QB4
00-0040589,2025,18,SF,QB,0,0,hierarchical_conditional_renorm,0.0,0.0,QB4
00-0040591,2025,1,GB,QB,1,0,hierarchical_conditional_renorm,0.0,0.0,QB4
00-0040656,2025,1,NO,QB,1,0,hierarchical_conditional_renorm,0.0,0.0,QB4
00-0040656,2025,2,NO,QB,1,0,hierarchical_conditional_renorm,0.0,0.0,QB4
00-0040656,2025,3,NO,QB,1,0,hierarchical_conditional_renorm,0.0,0.0,QB4
00-0040656,2025,4,NO,QB,0,0,hierarchical_conditional_renorm,0.0,0.0,QB4
00-0040656,2025,5,NO,QB,0,0,hierarchical_conditional_renorm,0.0,0.0,QB4
00-0040656,2025,6,NO,QB,0,0,hierarchical_conditional_renorm,0.0,0.0,QB4
00-0040656,2025,7,NO,QB,0,0,hierarchical_conditional_renorm,0.0,0.0,QB4
00-0040656,2025,8,NO,QB,0,0,hierarchical_conditional_renorm,0.0,0.0,QB4
00-0040656,2025,9,NO,QB,0,0,hierarchical_conditional_renorm,0.0,0.0,QB4
00-0040656,2025,10,NO,QB,0,0,hierarchical_conditional_renorm,0.0,0.0,QB4
00-0040656,2025,12,NO,QB,0,0,hierarchical_conditional_renorm,0.0,0.0,QB4
00-0040656,2025,13,NO,QB,0,0,hierarchical_conditional_renorm,0.0,0.0,QB4
00-0040656,2025,14,NO,QB,0,0,hierarchical_conditional_renorm,0.0,0.0,QB4
00-0040656,2025,15,NO,QB,0,0,hierarchical_conditional_renorm,0.0,0.0,QB4
00-0040656,2025,16,NO,QB,0,0,hierarchical_conditional_renorm,0.0,0.0,QB4
00-0040656,2025,17,NO,QB,0,0,hierarchical_conditional_renorm,0.0,0.0,QB4
00-0040656,2025,18,NO,QB,0,0,hierarchical_conditional_renorm,0.0,0.0,QB4
00-0040668,2025,1,CLE,QB,1,0,hierarchical_conditional_renorm,0.0,0.0,QB4
00-0040668,2025,2,CLE,QB,1,0,hierarchical_conditional_renorm,0.0,0.0,QB4
00-0040668,2025,3,CLE,QB,1,0,hierarchical_conditional_renorm,0.0,0.0,QB4
00-0040668,2025,4,CLE,QB,0,0,hierarchical_conditional_renorm,0.0,0.0,QB4
00-0040668,2025,5,CLE,QB,0,0,hierarchical_conditional_renorm,0.0,0.0,QB4
00-0040668,2025,6,CLE,QB,0,0,hierarchical_conditional_renorm,0.0,0.0,QB4
00-0040668,2025,7,CLE,QB,0,0,hierarchical_conditional_renorm,0.0,0.0,QB4
00-0040668,2025,8,CLE,QB,0,0,hierarchical_conditional_renorm,0.0,0.0,QB4
00-0040668,2025,10,CLE,QB,0,0,hierarchical_conditional_renorm,0.0,0.0,QB4
00-0040668,2025,11,CLE,QB,0,0,hierarchical_conditional_renorm,0.0,0.0,QB4
00-0040668,2025,12,CLE,QB,0,0,hierarchical_conditional_renorm,1.0,0.12488979112139373,QB2
00-0040668,2025,13,CLE,QB,0,0,hierarchical_conditional_renorm,1.0,0.43786067738638085,QB2
00-0040668,2025,14,CLE,QB,0,0,hierarchical_conditional_renorm,1.0,0.7989593486734204,QB1
00-0040668,2025,15,CLE,QB,0,0,hierarchical_conditional_renorm,0.0,0.9871337372490109,QB1
00-0040668,2025,16,CLE,QB,0,0,hierarchical_conditional_renorm,1.0,0.9872738058750805,QB1
00-0040668,2025,17,CLE,QB,0,0,hierarchical_conditional_renorm,1.0,0.9878881739145066,QB1
00-0040668,2025,18,CLE,QB,0,0,hierarchical_conditional_renorm,0.0,0.9879575469472885,QB1
00-0040673,2025,1,SEA,QB,1,0,hierarchical_conditional_renorm,0.0,0.0,QB3
00-0040673,2025,2,SEA,QB,1,0,hierarchical_conditional_renorm,0.0,0.0,QB2
00-0040673,2025,3,SEA,QB,1,0,hierarchical_conditional_renorm,0.0,0.0,QB2
00-0040673,2025,4,SEA,QB,0,0,hierarchical_conditional_renorm,0.0,0.0,QB3
00-0040673,2025,5,SEA,QB,0,0,hierarchical_conditional_renorm,0.0,0.0,QB3
00-0040673,2025,6,SEA,QB,0,0,hierarchical_conditional_renorm,0.0,0.0,QB3
00-0040673,2025,7,SEA,QB,0,0,hierarchical_conditional_renorm,0.0,0.0,QB2
00-0040673,2025,9,SEA,QB,0,0,hierarchical_conditional_renorm,0.0,0.0,QB2
00-0040673,2025,10,SEA,QB,0,0,hierarchical_conditional_renorm,0.0,0.0,QB3
00-0040673,2025,11,SEA,QB,0,0,hierarchical_conditional_renorm,0.0,0.0,QB3
00-0040673,2025,12,SEA,QB,0,0,hierarchical_conditional_renorm,0.0,0.0,QB3
00-0040673,2025,13,SEA,QB,0,0,hierarchical_conditional_renorm,0.0,0.0,QB3
00-0040673,2025,14,SEA,QB,0,0,hierarchical_conditional_renorm,0.0,0.0,QB3
00-0040673,2025,15,SEA,QB,0,0,hierarchical_conditional_renorm,0.0,0.0,QB3
00-0040673,2025,16,SEA,QB,0,0,hierarchical_conditional_renorm,0.0,0.0,QB3
00-0040673,2025,17,SEA,QB,0,0,hierarchical_conditional_renorm,0.0,0.0,QB3
00-0040673,2025,18,SEA,QB,0,0,hierarchical_conditional_renorm,0.0,0.0,QB3
00-0040676,2025,1,TEN,QB,1,0,hierarchical_conditional_renorm,0.0,0.0,QB4
00-0040676,2025,2,TEN,QB,1,0,hierarchical_conditional_renorm,1.0,1.0,QB1
00-0040676,2025,3,TEN,QB,1,0,hierarchical_conditional_renorm,1.0,1.0,QB1
00-0040676,2025,4,TEN,QB,0,0,hierarchical_conditional_renorm,0.0,1.0,QB1
00-0040676,2025,5,TEN,QB,0,0,hierarchical_conditional_renorm,0.0,1.0,QB1
00-0040676,2025,6,TEN,QB,0,0,hierarchical_conditional_renorm,1.0,1.0,QB1
00-0040676,2025,7,TEN,QB,0,0,hierarchical_conditional_renorm,1.0,1.0,QB1
00-0040676,2025,8,TEN,QB,0,0,hierarchical_conditional_renorm,1.0,1.0,QB1
00-0040676,2025,9,TEN,QB,0,0,hierarchical_conditional_renorm,0.0,1.0,QB1
00-0040676,2025,11,TEN,QB,0,0,hierarchical_conditional_renorm,1.0,1.0,QB1
00-0040676,2025,12,TEN,QB,0,0,hierarchical_conditional_renorm,1.0,1.0,QB1
00-0040676,2025,13,TEN,QB,0,0,hierarchical_conditional_renorm,0.0,1.0,QB1
00-0040676,2025,14,TEN,QB,0,0,hierarchical_conditional_renorm,1.0,1.0,QB1
00-0040676,2025,15,TEN,QB,0,0,hierarchical_conditional_renorm,1.0,1.0,QB1
00-0040676,2025,16,TEN,QB,0,0,hierarchical_conditional_renorm,1.0,1.0,QB1
00-0040676,2025,17,TEN,QB,0,0,hierarchical_conditional_renorm,1.0,1.0,QB1
00-0040676,2025,18,TEN,QB,0,0,hierarchical_conditional_renorm,0.0,1.0,QB1
00-0040691,2025,1,NYG,QB,1,0,hierarchical_conditional_renorm,0.0,0.0,QB3
00-0040691,2025,2,NYG,QB,1,0,hierarchical_conditional_renorm,0.0,0.0,QB3
00-0040691,2025,3,NYG,QB,1,0,hierarchical_conditional_renorm,0.0,0.0,QB2
00-0040691,2025,4,NYG,QB,0,0,hierarchical_conditional_renorm,1.0,0.0,QB2
00-0040691,2025,5,NYG,QB,0,0,hierarchical_conditional_renorm,1.0,0.2549423479240067,QB2
00-0040691,2025,6,NYG,QB,0,0,hierarchical_conditional_renorm,1.0,0.5546759916843659,QB1
00-0040691,2025,7,NYG,QB,0,0,hierarchical_conditional_renorm,1.0,0.9580963985945167,QB1
00-0040691,2025,8,NYG,QB,0,0,hierarchical_conditional_renorm,1.0,0.9884410231457385,QB1
00-0040691,2025,9,NYG,QB,0,0,hierarchical_conditional_renorm,1.0,0.9897291018026586,QB1
00-0040691,2025,10,NYG,QB,0,0,hierarchical_conditional_renorm,0.0,1.0,QB1
00-0040691,2025,11,NYG,QB,0,0,hierarchical_conditional_renorm,0.0,0.9257974272465338,QB1
00-0040691,2025,12,NYG,QB,0,0,hierarchical_conditional_renorm,0.0,0.6539416304738772,QB1
00-0040691,2025,13,NYG,QB,0,0,hierarchical_conditional_renorm,1.0,0.3693147070090568,QB2
00-0040691,2025,15,NYG,QB,0,0,hierarchical_conditional_renorm,1.0,0.43980422353478205,QB2
00-0040691,2025,16,NYG,QB,0,0,hierarchical_conditional_renorm,0.0,0.7232264283568685,QB1
00-0040691,2025,17,NYG,QB,0,0,hierarchical_conditional_renorm,0.0,0.9927528067428226,QB1
00-0040691,2025,18,NYG,QB,0,0,hierarchical_conditional_renorm,1.0,0.9930767358445458,QB1
00-0040704,2025,1,CLE,QB,1,0,hierarchical_conditional_renorm,0.0,0.0,QB4
00-0040704,2025,2,CLE,QB,1,0,hierarchical_conditional_renorm,0.5,0.0,QB4
00-0040704,2025,3,CLE,QB,1,0,hierarchical_conditional_renorm,0.0,0.031234016444444793,QB2
00-0040704,2025,4,CLE,QB,0,0,hierarchical_conditional_renorm,0.0,0.01622715999599075,QB2
00-0040704,2025,5,CLE,QB,0,0,hierarchical_conditional_renorm,1.0,0.021891297867599514,QB2
00-0040704,2025,6,CLE,QB,0,0,hierarchical_conditional_renorm,0.0,1.0,QB1
00-0040704,2025,7,CLE,QB,0,0,hierarchical_conditional_renorm,0.0,1.0,QB1
00-0040704,2025,8,CLE,QB,0,0,hierarchical_conditional_renorm,1.0,1.0,QB1
00-0040704,2025,10,CLE,QB,0,0,hierarchical_conditional_renorm,1.0,1.0,QB1
00-0040704,2025,11,CLE,QB,0,0,hierarchical_conditional_renorm,0.0,1.0,QB1
00-0040704,2025,12,CLE,QB,0,0,hierarchical_conditional_renorm,0.0,0.8751102088786062,QB1
00-0040704,2025,13,CLE,QB,0,0,hierarchical_conditional_renorm,0.0,0.5621393226136191,QB1
00-0040704,2025,14,CLE,QB,0,0,hierarchical_conditional_renorm,0.0,0.20104065132657958,QB2
00-0040704,2025,15,CLE,QB,0,0,hierarchical_conditional_renorm,0.0,0.01286626275098914,QB2
00-0040704,2025,16,CLE,QB,0,0,hierarchical_conditional_renorm,0.0,0.012726194124919637,QB2
00-0040704,2025,17,CLE,QB,0,0,hierarchical_conditional_renorm,0.0,0.012111826085493434,QB2
00-0040704,2025,18,CLE,QB,0,0,hierarchical_conditional_renorm,0.0,0.012042453052711375,QB2
00-0040743,2025,1,NO,QB,1,0,hierarchical_conditional_renorm,0.0,0.0,QB4
00-0040743,2025,2,NO,QB,1,0,hierarchical_conditional_renorm,0.0,0.0,QB4
00-0040743,2025,3,NO,QB,1,0,hierarchical_conditional_renorm,0.0,0.0,QB4
00-0040743,2025,4,NO,QB,0,0,hierarchical_conditional_renorm,0.0,0.010593705980067427,QB2
00-0040743,2025,5,NO,QB,0,0,hierarchical_conditional_renorm,0.0,0.010918264296822414,QB2
00-0040743,2025,6,NO,QB,0,0,hierarchical_conditional_renorm,0.0,0.010907419952281316,QB3
00-0040743,2025,7,NO,QB,0,0,hierarchical_conditional_renorm,0.0,0.0,QB4
00-0040743,2025,8,NO,QB,0,0,hierarchical_conditional_renorm,0.0,0.0,QB4
00-0040743,2025,9,NO,QB,0,0,hierarchical_conditional_renorm,1.0,0.17304377050282904,QB2
00-0040743,2025,10,NO,QB,0,0,hierarchical_conditional_renorm,1.0,0.41746594920567914,QB2
00-0040743,2025,12,NO,QB,0,0,hierarchical_conditional_renorm,0.0,0.6856971608906819,QB1
00-0040743,2025,13,NO,QB,0,0,hierarchical_conditional_renorm,1.0,0.9800872323463132,QB1
00-0040743,2025,14,NO,QB,0,0,hierarchical_conditional_renorm,0.0,0.984404363172478,QB1
00-0040743,2025,15,NO,QB,0,0,hierarchical_conditional_renorm,1.0,0.9886816854833078,QB1
00-0040743,2025,16,NO,QB,0,0,hierarchical_conditional_renorm,0.5,0.9869115246091283,QB1
00-0040743,2025,17,NO,QB,0,0,hierarchical_conditional_renorm,1.0,0.9834580983345451,QB1
00-0040743,2025,18,NO,QB,0,0,hierarchical_conditional_renorm,1.0,0.985149102930698,QB1
00-0022942,2025,15,IND,QB,1,0,rolling3,1.0,0.0,QB4
00-0022942,2025,16,IND,QB,1,0,rolling3,1.0,1.0,QB1
00-0022942,2025,17,IND,QB,1,0,rolling3,1.0,1.0,QB1
00-0022942,2025,18,IND,QB,0,0,rolling3,0.0,1.0,QB1
00-0023459,2025,1,PIT,QB,1,0,rolling3,1.0,0.7941176470588235,QB1
00-0023459,2025,2,PIT,QB,1,0,rolling3,1.0,0.7941176470588235,QB1
00-0023459,2025,3,PIT,QB,1,0,rolling3,1.0,0.7941176470588235,QB1
00-0023459,2025,4,PIT,QB,0,0,rolling3,1.0,1.0,QB1
00-0023459,2025,6,PIT,QB,0,0,rolling3,1.0,1.0,QB1
00-0023459,2025,7,PIT,QB,0,0,rolling3,1.0,1.0,QB1
00-0023459,2025,8,PIT,QB,0,0,rolling3,1.0,1.0,QB1
00-0023459,2025,9,PIT,QB,0,0,rolling3,1.0,1.0,QB1
00-0023459,2025,10,PIT,QB,0,0,rolling3,1.0,1.0,QB1
00-0023459,2025,11,PIT,QB,0,0,rolling3,0.5,1.0,QB1
00-0023459,2025,12,PIT,QB,0,0,rolling3,0.0,0.8333333333333334,QB1
00-0023459,2025,13,PIT,QB,0,0,rolling3,0.0,0.5,QB1
00-0023459,2025,14,PIT,QB,0,0,rolling3,1.0,0.16666666666666666,QB2
00-0023459,2025,15,PIT,QB,0,0,rolling3,1.0,0.3333333333333333,QB1
00-0023459,2025,16,PIT,QB,0,0,rolling3,1.0,0.6666666666666666,QB1
00-0023459,2025,17,PIT,QB,0,0,rolling3,0.0,1.0,QB1
00-0023459,2025,18,PIT,QB,0,0,rolling3,1.0,0.6666666666666666,QB1
00-0026158,2025,1,CLE,QB,1,0,rolling3,1.0,0.35294117647058826,QB1
00-0026158,2025,2,CLE,QB,1,0,rolling3,0.5,0.35294117647058826,QB1
00-0026158,2025,3,CLE,QB,1,0,rolling3,0.0,0.35294117647058826,QB1
00-0026158,2025,4,CLE,QB,0,0,rolling3,0.0,0.5,QB1
00-0026158,2025,5,CLE,QB,0,0,rolling3,0.0,0.16666666666666666,QB1
00-0026158,2025,6,CIN,QB,0,0,rolling3,1.0,0.0,QB2
00-0026158,2025,7,CIN,QB,0,0,rolling3,1.0,0.3333333333333333,QB2
00-0026158,2025,8,CIN,QB,0,0,rolling3,1.0,0.6666666666666666,QB1
00-0026158,2025,9,CIN,QB,0,0,rolling3,1.0,1.0,QB1
00-0026158,2025,11,CIN,QB,0,0,rolling3,1.0,1.0,QB1
00-0026158,2025,12,CIN,QB,0,0,rolling3,1.0,1.0,QB1
00-0026158,2025,13,CIN,QB,0,0,rolling3,0.0,1.0,QB1
00-0026158,2025,14,CIN,QB,0,0,rolling3,0.0,0.6666666666666666,QB1
00-0026158,2025,15,CIN,QB,0,0,rolling3,0.0,0.3333333333333333,QB2
00-0026158,2025,16,CIN,QB,0,0,rolling3,0.0,0.0,QB2
00-0026158,2025,17,CIN,QB,0,0,rolling3,0.0,0.0,QB2
00-0026158,2025,18,CIN,QB,0,0,rolling3,0.0,0.0,QB2
00-0026300,2025,1,WAS,QB,1,0,rolling3,0.0,0.0,QB1
00-0026300,2025,2,WAS,QB,1,0,rolling3,0.0,0.0,QB2
00-0026300,2025,3,WAS,QB,1,0,rolling3,0.0,0.0,QB2
00-0026300,2025,4,WAS,QB,0,0,rolling3,0.0,0.0,QB3
00-0026300,2025,5,WAS,QB,0,0,rolling3,0.0,0.0,QB3
00-0026300,2025,6,WAS,QB,0,0,rolling3,0.0,0.0,QB3
00-0026300,2025,7,WAS,QB,0,0,rolling3,0.0,0.0,QB3
00-0026300,2025,8,WAS,QB,0,0,rolling3,0.0,0.0,QB3
00-0026300,2025,9,WAS,QB,0,0,rolling3,0.0,0.0,QB3
00-0026300,2025,10,WAS,QB,0,0,rolling3,0.0,0.0,QB3
00-0026300,2025,11,WAS,QB,0,0,rolling3,0.0,0.0,QB3
00-0026300,2025,13,WAS,QB,0,0,rolling3,0.0,0.0,QB3
00-0026300,2025,14,WAS,QB,0,0,rolling3,0.0,0.0,QB2
00-0026300,2025,15,WAS,QB,0,0,rolling3,0.0,0.0,QB3
00-0026300,2025,16,WAS,QB,0,0,rolling3,0.0,0.0,QB3
00-0026300,2025,17,WAS,QB,0,0,rolling3,0.0,0.0,QB3
00-0026300,2025,18,WAS,QB,0,0,rolling3,1.0,0.0,QB2
00-0026498,2025,1,LA,QB,1,0,rolling3,1.0,0.5882352941176471,QB1
00-0026498,2025,2,LA,QB,1,0,rolling3,1.0,0.5882352941176471,QB1
00-0026498,2025,3,LA,QB,1,0,rolling3,1.0,0.5882352941176471,QB1
00-0026498,2025,4,LA,QB,0,0,rolling3,1.0,1.0,QB1
00-0026498,2025,5,LA,QB,0,0,rolling3,1.0,1.0,QB1
00-0026498,2025,6,LA,QB,0,0,rolling3,1.0,1.0,QB1
00-0026498,2025,7,LA,QB,0,0,rolling3,1.0,1.0,QB1
00-0026498,2025,9,LA,QB,0,0,rolling3,1.0,1.0,QB1
00-0026498,2025,10,LA,QB,0,0,rolling3,1.0,1.0,QB1
00-0026498,2025,11,LA,QB,0,0,rolling3,1.0,1.0,QB1
00-0026498,2025,12,LA,QB,0,0,rolling3,1.0,1.0,QB1
00-0026498,2025,13,LA,QB,0,0,rolling3,1.0,1.0,QB1
00-0026498,2025,14,LA,QB,0,0,rolling3,1.0,1.0,QB1
00-0026498,2025,15,LA,QB,0,0,rolling3,1.0,1.0,QB1
00-0026498,2025,16,LA,QB,0,0,rolling3,1.0,1.0,QB1
00-0026498,2025,17,LA,QB,0,0,rolling3,1.0,1.0,QB1
00-0026498,2025,18,LA,QB,0,0,rolling3,1.0,1.0,QB1
00-0027973,2025,1,CAR,QB,1,0,rolling3,0.0,0.17647058823529413,QB1
00-0027973,2025,2,CAR,QB,1,0,rolling3,0.0,0.17647058823529413,QB2
00-0027973,2025,3,CAR,QB,1,0,rolling3,0.0,0.17647058823529413,QB2
00-0027973,2025,4,CAR,QB,0,0,rolling3,0.5,0.0,QB2
00-0027973,2025,5,CAR,QB,0,0,rolling3,0.0,0.16666666666666666,QB2
00-0027973,2025,6,CAR,QB,0,0,rolling3,0.0,0.16666666666666666,QB2
00-0027973,2025,7,CAR,QB,0,0,rolling3,0.0,0.16666666666666666,QB2
00-0027973,2025,8,CAR,QB,0,0,rolling3,0.0,0.0,QB2
00-0027973,2025,9,CAR,QB,0,0,rolling3,0.0,0.0,QB2
00-0027973,2025,10,CAR,QB,0,0,rolling3,0.0,0.0,QB2
00-0027973,2025,11,CAR,QB,0,0,rolling3,0.0,0.0,QB2
00-0027973,2025,12,CAR,QB,0,0,rolling3,0.0,0.0,QB2
00-0027973,2025,13,CAR,QB,0,0,rolling3,0.0,0.0,QB2
00-0027973,2025,15,CAR,QB,0,0,rolling3,0.0,0.0,QB2
00-0027973,2025,16,CAR,QB,0,0,rolling3,0.0,0.0,QB2
00-0027973,2025,17,CAR,QB,0,0,rolling3,0.0,0.0,QB2
00-0027973,2025,18,CAR,QB,0,0,rolling3,0.0,0.0,QB2
00-0028118,2025,1,NYJ,QB,1,0,rolling3,0.0,0.08823529411764706,QB1
00-0028118,2025,2,NYJ,QB,1,0,rolling3,1.0,0.08823529411764706,QB2
00-0028118,2025,3,NYJ,QB,1,0,rolling3,1.0,0.08823529411764706,QB2
00-0028118,2025,4,NYJ,QB,0,0,rolling3,0.0,0.6666666666666666,QB2
00-0028118,2025,5,NYJ,QB,0,0,rolling3,0.0,0.6666666666666666,QB2
00-0028118,2025,6,NYJ,QB,0,0,rolling3,0.0,0.3333333333333333,QB2
00-0028118,2025,7,NYJ,QB,0,0,rolling3,0.0,0.0,QB2
00-0028118,2025,8,NYJ,QB,0,0,rolling3,0.0,0.0,QB2
00-0028118,2025,10,NYJ,QB,0,0,rolling3,0.0,0.0,QB2
00-0028118,2025,11,NYJ,QB,0,0,rolling3,0.0,0.0,QB2
00-0028118,2025,12,NYJ,QB,0,0,rolling3,1.0,0.0,QB2
00-0028118,2025,13,NYJ,QB,0,0,rolling3,1.0,0.3333333333333333,QB2
00-0028118,2025,14,NYJ,QB,0,0,rolling3,0.0,0.6666666666666666,QB1
00-0028118,2025,15,NYJ,QB,0,0,rolling3,0.0,0.6666666666666666,QB1
00-0028118,2025,16,NYJ,QB,0,0,rolling3,0.0,0.3333333333333333,QB2
00-0028118,2025,17,NYJ,QB,0,0,rolling3,0.0,0.0,QB2
00-0028118,2025,18,NYJ,QB,0,0,rolling3,0.0,0.0,QB2
00-0028986,2025,1,CHI,QB,1,0,rolling3,0.0,0.0,QB1
00-0028986,2025,2,CHI,QB,1,0,rolling3,0.0,0.0,QB2
00-0028986,2025,3,CHI,QB,1,0,rolling3,0.0,0.0,QB3
00-0028986,2025,4,CHI,QB,0,0,rolling3,0.0,0.0,QB3
00-0028986,2025,6,CHI,QB,0,0,rolling3,0.0,0.0,QB3
00-0028986,2025,7,CHI,QB,0,0,rolling3,0.0,0.0,QB2
00-0028986,2025,8,CHI,QB,0,0,rolling3,0.0,0.0,QB2
00-0028986,2025,9,CHI,QB,0,0,rolling3,0.0,0.0,QB2
00-0028986,2025,10,CHI,QB,0,0,rolling3,0.0,0.0,QB3
00-0028986,2025,11,CHI,QB,0,0,rolling3,0.0,0.0,QB3
00-0028986,2025,12,CHI,QB,0,0,rolling3,0.0,0.0,QB3
00-0028986,2025,13,CHI,QB,0,0,rolling3,0.0,0.0,QB3
00-0028986,2025,14,CHI,QB,0,0,rolling3,0.0,0.0,QB3
00-0028986,2025,15,CHI,QB,0,0,rolling3,0.0,0.0,QB2
00-0028986,2025,16,CHI,QB,0,0,rolling3,0.0,0.0,QB2
00-0028986,2025,17,CHI,QB,0,0,rolling3,0.0,0.0,QB2
00-0028986,2025,18,CHI,QB,0,0,rolling3,0.0,0.0,QB2
00-0029263,2025,1,NYG,QB,1,0,rolling3,0.0,0.5294117647058824,QB1
00-0029263,2025,2,NYG,QB,1,0,rolling3,1.0,0.5294117647058824,QB1
00-0029263,2025,3,NYG,QB,1,0,rolling3,0.0,0.5294117647058824,QB1
00-0029263,2025,4,NYG,QB,0,0,rolling3,0.0,0.3333333333333333,QB1
00-0029263,2025,5,NYG,QB,0,0,rolling3,0.0,0.3333333333333333,QB1
00-0029263,2025,6,NYG,QB,0,0,rolling3,0.0,0.0,QB2
00-0029263,2025,7,NYG,QB,0,0,rolling3,0.0,0.0,QB2
00-0029263,2025,8,NYG,QB,0,0,rolling3,0.0,0.0,QB2
00-0029263,2025,9,NYG,QB,0,0,rolling3,0.0,0.0,QB2
00-0029263,2025,10,NYG,QB,0,0,rolling3,0.0,0.0,QB2
00-0029263,2025,11,NYG,QB,0,0,rolling3,0.0,0.0,QB2
00-0029263,2025,12,NYG,QB,0,0,rolling3,0.0,0.0,QB3
00-0029263,2025,13,NYG,QB,0,0,rolling3,0.0,0.0,QB3
00-0029263,2025,15,NYG,QB,0,0,rolling3,0.0,0.0,QB3
00-0029263,2025,16,NYG,QB,0,0,rolling3,0.0,0.0,QB3
00-0029263,2025,17,NYG,QB,0,0,rolling3,0.0,0.0,QB3
00-0029263,2025,18,NYG,QB,0,0,rolling3,0.0,0.0,QB3
00-0029604,2025,1,ATL,QB,1,0,rolling3,0.0,0.5294117647058824,QB1
00-0029604,2025,2,ATL,QB,1,0,rolling3,0.0,0.5294117647058824,QB2
00-0029604,2025,3,ATL,QB,1,0,rolling3,0.0,0.5294117647058824,QB2
00-0029604,2025,4,ATL,QB,0,0,rolling3,0.0,0.0,QB2
00-0029604,2025,6,ATL,QB,0,0,rolling3,0.0,0.0,QB2
00-0029604,2025,7,ATL,QB,0,0,rolling3,0.0,0.0,QB2
00-0029604,2025,8,ATL,QB,0,0,rolling3,0.0,0.0,QB2
00-0029604,2025,9,ATL,QB,0,0,rolling3,0.0,0.0,QB2
00-0029604,2025,10,ATL,QB,0,0,rolling3,0.0,0.0,QB2
00-0029604,2025,11,ATL,QB,0,0,rolling3,0.0,0.0,QB2
00-0029604,2025,12,ATL,QB,0,0,rolling3,1.0,0.0,QB2
00-0029604,2025,13,ATL,QB,0,0,rolling3,1.0,0.3333333333333333,QB2
00-0029604,2025,14,ATL,QB,0,0,rolling3,0.0,0.6666666666666666,QB1
00-0029604,2025,15,ATL,QB,0,0,rolling3,1.0,0.6666666666666666,QB1
00-0029604,2025,16,ATL,QB,0,0,rolling3,1.0,0.6666666666666666,QB1
00-0029604,2025,17,ATL,QB,0,0,rolling3,1.0,0.6666666666666666,QB1
00-0029604,2025,18,ATL,QB,0,0,rolling3,1.0,1.0,QB1
00-0030565,2025,1,LV,QB,1,0,rolling3,1.0,0.7647058823529411,QB1
00-0030565,2025,2,LV,QB,1,0,rolling3,0.0,0.7647058823529411,QB1
00-0030565,2025,3,LV,QB,1,0,rolling3,1.0,0.7647058823529411,QB1
00-0030565,2025,4,LV,QB,0,0,rolling3,1.0,0.6666666666666666,QB1
00-0030565,2025,5,LV,QB,0,0,rolling3,0.0,0.6666666666666666,QB1
00-0030565,2025,6,LV,QB,0,0,rolling3,1.0,0.6666666666666666,QB1
00-0030565,2025,7,LV,QB,0,0,rolling3,0.0,0.6666666666666666,QB1
00-0030565,2025,9,LV,QB,0,0,rolling3,1.0,0.3333333333333333,QB1
00-0030565,2025,10,LV,QB,0,0,rolling3,0.0,0.6666666666666666,QB1
00-0030565,2025,11,LV,QB,0,0,rolling3,1.0,0.3333333333333333,QB1
00-0030565,2025,12,LV,QB,0,0,rolling3,1.0,0.6666666666666666,QB1
00-0030565,2025,13,LV,QB,0,0,rolling3,1.0,0.6666666666666666,QB1
00-0030565,2025,14,LV,QB,0,0,rolling3,0.5,1.0,QB1
00-0030565,2025,15,LV,QB,0,0,rolling3,0.0,0.8333333333333334,QB1
00-0030565,2025,16,LV,QB,0,0,rolling3,1.0,0.5,QB1
00-0030565,2025,17,LV,QB,0,0,rolling3,1.0,0.5,QB1
00-0030565,2025,18,LV,QB,0,0,rolling3,0.0,0.6666666666666666,QB1
00-0031237,2025,1,TB,QB,1,0,rolling3,0.0,0.0,QB1
00-0031237,2025,2,TB,QB,1,0,rolling3,0.0,0.0,QB2
00-0031237,2025,3,TB,QB,1,0,rolling3,0.0,0.0,QB2
00-0031237,2025,4,TB,QB,0,0,rolling3,0.0,0.0,QB2
00-0031237,2025,5,TB,QB,0,0,rolling3,0.0,0.0,QB2
00-0031237,2025,6,TB,QB,0,0,rolling3,0.0,0.0,QB2
00-0031237,2025,7,TB,QB,0,0,rolling3,0.0,0.0,QB2
00-0031237,2025,8,TB,QB,0,0,rolling3,0.0,0.0,QB2
00-0031237,2025,10,TB,QB,0,0,rolling3,0.0,0.0,QB2
00-0031237,2025,11,TB,QB,0,0,rolling3,0.0,0.0,QB2
00-0031237,2025,12,TB,QB,0,0,rolling3,0.0,0.0,QB2
00-0031237,2025,13,TB,QB,0,0,rolling3,0.0,0.0,QB2
00-0031237,2025,14,TB,QB,0,0,rolling3,0.0,0.0,QB2
00-0031237,2025,15,TB,QB,0,0,rolling3,0.0,0.0,QB2
00-0031237,2025,16,TB,QB,0,0,rolling3,0.0,0.0,QB2
00-0031237,2025,17,TB,QB,0,0,rolling3,0.0,0.0,QB2
00-0031237,2025,18,TB,QB,0,0,rolling3,0.0,0.0,QB2
00-0031280,2025,1,NO,QB,1,0,rolling3,0.0,0.5294117647058824,QB2
00-0031280,2025,2,NO,QB,1,0,rolling3,0.0,0.5294117647058824,QB3
00-0031280,2025,3,NO,QB,1,0,rolling3,0.0,0.5294117647058824,QB3
00-0031280,2025,4,NO,QB,0,0,rolling3,0.0,0.0,QB3
00-0031280,2025,5,NO,QB,0,0,rolling3,0.0,0.0,QB3
00-0031280,2025,6,NO,QB,0,0,rolling3,0.0,0.0,QB4
00-0031280,2025,7,NO,QB,0,0,rolling3,0.0,0.0,QB3
00-0031280,2025,8,NO,QB,0,0,rolling3,0.0,0.0,QB3
00-0031280,2025,9,NO,QB,0,0,rolling3,0.0,0.0,QB4
00-0031280,2025,10,NO,QB,0,0,rolling3,0.0,0.0,QB4
00-0031280,2025,12,NO,QB,0,0,rolling3,0.0,0.0,QB4
00-0031280,2025,13,NO,QB,0,0,rolling3,0.0,0.0,QB3
00-0031280,2025,14,NO,QB,0,0,rolling3,0.0,0.0,QB3
00-0031280,2025,15,NO,QB,0,0,rolling3,0.0,0.0,QB3
00-0031280,2025,16,NO,QB,0,0,rolling3,0.0,0.0,QB4
00-0031280,2025,17,NO,QB,0,0,rolling3,0.0,0.0,QB4
00-0031280,2025,18,NO,QB,0,0,rolling3,0.0,0.0,QB4
00-0031345,2025,1,LA,QB,1,0,rolling3,0.0,0.058823529411764705,QB2
00-0031345,2025,2,LA,QB,1,0,rolling3,0.0,0.058823529411764705,QB2
00-0031345,2025,3,LA,QB,1,0,rolling3,0.0,0.058823529411764705,QB2
00-0031345,2025,4,LA,QB,0,0,rolling3,0.0,0.0,QB2
00-0031345,2025,5,LA,QB,0,0,rolling3,0.0,0.0,QB2
00-0031345,2025,6,LA,QB,0,0,rolling3,0.0,0.0,QB2
00-0031345,2025,7,LA,QB,0,0,rolling3,0.0,0.0,QB2
00-0031345,2025,9,LA,QB,0,0,rolling3,0.0,0.0,QB2
00-0031345,2025,10,LA,QB,0,0,rolling3,0.0,0.0,QB2
00-0031345,2025,11,LA,QB,0,0,rolling3,0.0,0.0,QB2
00-0031345,2025,12,LA,QB,0,0,rolling3,0.0,0.0,QB2
00-0031345,2025,13,LA,QB,0,0,rolling3,0.0,0.0,QB2
00-0031345,2025,14,LA,QB,0,0,rolling3,0.0,0.0,QB2
00-0031345,2025,15,LA,QB,0,0,rolling3,0.0,0.0,QB2
00-0031345,2025,16,LA,QB,0,0,rolling3,0.0,0.0,QB2
00-0031345,2025,17,LA,QB,0,0,rolling3,0.0,0.0,QB2
00-0031345,2025,18,LA,QB,0,0,rolling3,0.0,0.0,QB2
00-0031503,2025,1,NYG,QB,1,0,rolling3,0.0,0.35294117647058826,QB2
00-0031503,2025,2,NYG,QB,1,0,rolling3,0.0,0.35294117647058826,QB2
00-0031503,2025,3,NYG,QB,1,0,rolling3,0.0,0.35294117647058826,QB3
00-0031503,2025,4,NYG,QB,0,0,rolling3,0.0,0.0,QB3
00-0031503,2025,5,NYG,QB,0,0,rolling3,0.0,0.0,QB3
00-0031503,2025,6,NYG,QB,0,0,rolling3,0.0,0.0,QB3
00-0031503,2025,7,NYG,QB,0,0,rolling3,0.0,0.0,QB3
00-0031503,2025,8,NYG,QB,0,0,rolling3,0.0,0.0,QB3
00-0031503,2025,9,NYG,QB,0,0,rolling3,0.0,0.0,QB3
00-0031503,2025,10,NYG,QB,0,0,rolling3,0.0,0.0,QB3
00-0031503,2025,11,NYG,QB,0,0,rolling3,0.0,0.0,QB3
00-0031503,2025,12,NYG,QB,0,0,rolling3,0.6666666666666666,0.0,QB2
00-0031503,2025,13,NYG,QB,0,0,rolling3,0.0,0.2222222222222222,QB1
00-0031503,2025,15,NYG,QB,0,0,rolling3,0.0,0.2222222222222222,QB1
00-0031503,2025,16,NYG,QB,0,0,rolling3,0.0,0.2222222222222222,QB2
00-0031503,2025,17,NYG,QB,0,0,rolling3,0.0,0.0,QB2
00-0031503,2025,18,NYG,QB,0,0,rolling3,0.0,0.0,QB2
00-0031800,2025,1,LAC,QB,1,0,rolling3,0.0,0.0,QB1
00-0032156,2025,1,TEN,QB,1,0,rolling3,0.0,0.0,QB1
00-0032156,2025,2,TEN,QB,1,0,rolling3,0.0,0.0,QB2
00-0032156,2025,3,TEN,QB,1,0,rolling3,0.0,0.0,QB2
00-0032156,2025,4,TEN,QB,0,0,rolling3,0.0,0.0,QB2
00-0032156,2025,5,TEN,QB,0,0,rolling3,0.0,0.0,QB2
00-0032156,2025,6,TEN,QB,0,0,rolling3,0.0,0.0,QB2
00-0032156,2025,7,TEN,QB,0,0,rolling3,0.0,0.0,QB2
00-0032156,2025,8,TEN,QB,0,0,rolling3,0.0,0.0,QB2
00-0032156,2025,9,TEN,QB,0,0,rolling3,0.0,0.0,QB2
00-0032156,2025,11,TEN,QB,0,0,rolling3,0.0,0.0,QB2
00-0032156,2025,12,TEN,QB,0,0,rolling3,0.0,0.0,QB2
00-0032156,2025,13,TEN,QB,0,0,rolling3,0.0,0.0,QB2
00-0032156,2025,14,TEN,QB,0,0,rolling3,0.0,0.0,QB2
00-0032156,2025,15,TEN,QB,0,0,rolling3,0.0,0.0,QB2
00-0032156,2025,16,TEN,QB,0,0,rolling3,0.0,0.0,QB2
00-0032156,2025,17,TEN,QB,0,0,rolling3,0.0,0.0,QB2
00-0032156,2025,18,TEN,QB,0,0,rolling3,0.0,0.0,QB2
00-0032268,2025,1,WAS,QB,1,0,rolling3,0.0,0.11764705882352941,QB2
00-0032268,2025,2,WAS,QB,1,0,rolling3,0.0,0.11764705882352941,QB3
00-0032268,2025,3,WAS,QB,1,0,rolling3,1.0,0.11764705882352941,QB3
00-0032268,2025,4,WAS,QB,0,0,rolling3,1.0,0.3333333333333333,QB2
00-0032268,2025,5,WAS,QB,0,0,rolling3,0.0,0.6666666666666666,QB1
00-0032268,2025,6,WAS,QB,0,0,rolling3,0.0,0.6666666666666666,QB1
00-0032268,2025,7,WAS,QB,0,0,rolling3,0.0,0.3333333333333333,QB2
00-0032268,2025,8,WAS,QB,0,0,rolling3,1.0,0.0,QB2
00-0032268,2025,9,WAS,QB,0,0,rolling3,0.0,0.3333333333333333,QB2
00-0032268,2025,10,WAS,QB,0,0,rolling3,1.0,0.3333333333333333,QB2
00-0032268,2025,11,WAS,QB,0,0,rolling3,1.0,0.6666666666666666,QB1
00-0032268,2025,13,WAS,QB,0,0,rolling3,1.0,0.6666666666666666,QB1
00-0032268,2025,14,WAS,QB,0,0,rolling3,0.0,1.0,QB1
00-0032268,2025,15,WAS,QB,0,0,rolling3,1.0,0.6666666666666666,QB1
00-0032268,2025,16,WAS,QB,0,0,rolling3,0.0,0.6666666666666666,QB1
00-0032268,2025,17,WAS,QB,0,0,rolling3,0.0,0.3333333333333333,QB1
00-0032268,2025,18,WAS,QB,0,0,rolling3,0.0,0.3333333333333333,QB1
00-0032434,2025,1,TEN,QB,1,0,rolling3,0.0,0.058823529411764705,QB2
00-0032434,2025,2,TEN,QB,1,0,rolling3,0.0,0.058823529411764705,QB3
00-0032434,2025,3,TEN,QB,1,0,rolling3,0.0,0.058823529411764705,QB3
00-0032434,2025,4,TEN,QB,0,0,rolling3,0.0,0.0,QB3
00-0032434,2025,5,TEN,QB,0,0,rolling3,0.0,0.0,QB3
00-0032434,2025,6,TEN,QB,0,0,rolling3,0.0,0.0,QB3
00-0032434,2025,7,TEN,QB,0,0,rolling3,0.0,0.0,QB3
00-0032434,2025,8,TEN,QB,0,0,rolling3,0.0,0.0,QB3
00-0032434,2025,9,TEN,QB,0,0,rolling3,0.0,0.0,QB3
00-0032434,2025,11,TEN,QB,0,0,rolling3,0.0,0.0,QB3
00-0032434,2025,12,TEN,QB,0,0,rolling3,0.0,0.0,QB3
00-0032434,2025,13,TEN,QB,0,0,rolling3,0.0,0.0,QB3
00-0032434,2025,14,TEN,QB,0,0,rolling3,0.0,0.0,QB3
00-0032434,2025,15,TEN,QB,0,0,rolling3,0.0,0.0,QB3
00-0032434,2025,16,TEN,QB,0,0,rolling3,0.0,0.0,QB3
00-0032434,2025,17,TEN,QB,0,0,rolling3,0.0,0.0,QB3
00-0032434,2025,18,TEN,QB,0,0,rolling3,0.0,0.0,QB3
00-0032436,2025,1,LV,QB,1,0,rolling3,0.0,0.0,QB2
00-0032436,2025,2,LV,QB,1,0,rolling3,0.0,0.0,QB2
00-0032436,2025,3,LV,QB,1,0,rolling3,0.0,0.0,QB2
00-0032436,2025,4,LV,QB,0,0,rolling3,0.0,0.0,QB2
00-0032436,2025,5,LV,QB,0,0,rolling3,0.0,0.0,QB2
00-0032436,2025,6,LV,QB,0,0,rolling3,0.0,0.0,QB2
00-0032436,2025,10,ARI,QB,0,0,rolling3,0.0,0.0,QB2
00-0032436,2025,11,ARI,QB,0,0,rolling3,0.0,0.0,QB3
00-0032436,2025,12,ARI,QB,0,0,rolling3,0.0,0.0,QB3
00-0032436,2025,13,ARI,QB,0,0,rolling3,0.0,0.0,QB3
00-0032436,2025,14,ARI,QB,0,0,rolling3,0.0,0.0,QB3
00-0032436,2025,15,ARI,QB,0,0,rolling3,0.0,0.0,QB3
00-0032436,2025,16,ARI,QB,0,0,rolling3,0.0,0.0,QB2
00-0032436,2025,17,WAS,QB,0,0,rolling3,0.0,0.0,QB4
00-0032436,2025,18,WAS,QB,0,0,rolling3,0.0,0.0,QB3
00-0032950,2025,1,MIN,QB,1,0,rolling3,0.0,0.0,QB1
00-0032950,2025,2,MIN,QB,1,0,rolling3,0.0,0.0,QB2
00-0032950,2025,3,MIN,QB,1,0,rolling3,1.0,0.0,QB2
00-0032950,2025,4,MIN,QB,0,0,rolling3,1.0,0.3333333333333333,QB2
00-0032950,2025,5,MIN,QB,0,0,rolling3,0.5,0.6666666666666666,QB1
00-0032950,2025,7,MIN,QB,0,0,rolling3,0.0,0.8333333333333334,QB1
00-0032950,2025,8,MIN,QB,0,0,rolling3,1.0,0.5,QB1
00-0032950,2025,9,MIN,QB,0,0,rolling3,0.0,0.5,QB1
00-0032950,2025,10,MIN,QB,0,0,rolling3,0.0,0.3333333333333333,QB1
00-0032950,2025,11,MIN,QB,0,0,rolling3,0.0,0.3333333333333333,QB2
00-0032950,2025,12,MIN,QB,0,0,rolling3,0.0,0.0,QB2
00-0032950,2025,13,MIN,QB,0,0,rolling3,0.0,0.0,QB2
00-0032950,2025,14,MIN,QB,0,0,rolling3,0.0,0.0,QB3
00-0032950,2025,15,MIN,QB,0,0,rolling3,0.0,0.0,QB3
00-0032950,2025,16,MIN,QB,0,0,rolling3,0.0,0.0,QB3
00-0032950,2025,17,MIN,QB,0,0,rolling3,0.0,0.0,QB3
00-0032950,2025,18,MIN,QB,0,0,rolling3,0.0,0.0,QB3
00-0033077,2025,1,DAL,QB,1,0,rolling3,0.0,0.38235294117647056,QB1
00-0033077,2025,2,DAL,QB,1,0,rolling3,1.0,0.38235294117647056,QB1
00-0033077,2025,3,DAL,QB,1,0,rolling3,1.0,0.38235294117647056,QB1
00-0033077,2025,4,DAL,QB,0,0,rolling3,1.0,0.6666666666666666,QB1
00-0033077,2025,5,DAL,QB,0,0,rolling3,1.0,1.0,QB1
00-0033077,2025,6,DAL,QB,0,0,rolling3,1.0,1.0,QB1
00-0033077,2025,7,DAL,QB,0,0,rolling3,1.0,1.0,QB1
00-0033077,2025,8,DAL,QB,0,0,rolling3,0.0,1.0,QB1
00-0033077,2025,9,DAL,QB,0,0,rolling3,1.0,0.6666666666666666,QB1
00-0033077,2025,11,DAL,QB,0,0,rolling3,1.0,0.6666666666666666,QB1
00-0033077,2025,12,DAL,QB,0,0,rolling3,1.0,0.6666666666666666,QB1
00-0033077,2025,13,DAL,QB,0,0,rolling3,1.0,1.0,QB1
00-0033077,2025,14,DAL,QB,0,0,rolling3,1.0,1.0,QB1
00-0033077,2025,15,DAL,QB,0,0,rolling3,0.0,1.0,QB1
00-0033077,2025,16,DAL,QB,0,0,rolling3,1.0,0.6666666666666666,QB1
00-0033077,2025,17,DAL,QB,0,0,rolling3,1.0,0.6666666666666666,QB1
00-0033077,2025,18,DAL,QB,0,0,rolling3,0.0,0.6666666666666666,QB1
00-0033106,2025,1,DET,QB,1,0,rolling3,1.0,0.8480392156862745,QB1
00-0033106,2025,2,DET,QB,1,0,rolling3,1.0,0.8480392156862745,QB1
00-0033106,2025,3,DET,QB,1,0,rolling3,1.0,0.8480392156862745,QB1
00-0033106,2025,4,DET,QB,0,0,rolling3,1.0,1.0,QB1
00-0033106,2025,5,DET,QB,0,0,rolling3,0.75,1.0,QB1
00-0033106,2025,6,DET,QB,0,0,rolling3,1.0,0.9166666666666666,QB1
00-0033106,2025,7,DET,QB,0,0,rolling3,1.0,0.9166666666666666,QB1
00-0033106,2025,9,DET,QB,0,0,rolling3,1.0,0.9166666666666666,QB1
00-0033106,2025,10,DET,QB,0,0,rolling3,1.0,1.0,QB1
00-0033106,2025,11,DET,QB,0,0,rolling3,1.0,1.0,QB1
00-0033106,2025,12,DET,QB,0,0,rolling3,1.0,1.0,QB1
00-0033106,2025,13,DET,QB,0,0,rolling3,1.0,1.0,QB1
00-0033106,2025,14,DET,QB,0,0,rolling3,1.0,1.0,QB1
00-0033106,2025,15,DET,QB,0,0,rolling3,1.0,1.0,QB1
00-0033106,2025,16,DET,QB,0,0,rolling3,1.0,1.0,QB1
00-0033106,2025,17,DET,QB,0,0,rolling3,1.0,1.0,QB1
00-0033106,2025,18,DET,QB,0,0,rolling3,1.0,1.0,QB1
00-0033119,2025,1,ARI,QB,1,0,rolling3,0.0,0.11764705882352941,QB1
00-0033119,2025,2,ARI,QB,1,0,rolling3,0.0,0.11764705882352941,QB2
00-0033119,2025,3,ARI,QB,1,0,rolling3,0.0,0.11764705882352941,QB2
00-0033119,2025,4,ARI,QB,0,0,rolling3,0.0,0.0,QB2
00-0033119,2025,5,ARI,QB,0,0,rolling3,0.0,0.0,QB2
00-0033119,2025,6,ARI,QB,0,0,rolling3,1.0,0.0,QB2
00-0033119,2025,7,ARI,QB,0,0,rolling3,1.0,0.3333333333333333,QB2
00-0033119,2025,9,ARI,QB,0,0,rolling3,1.0,0.6666666666666666,QB1
00-0033119,2025,10,ARI,QB,0,0,rolling3,1.0,1.0,QB1
00-0033119,2025,11,ARI,QB,0,0,rolling3,1.0,1.0,QB1
00-0033119,2025,12,ARI,QB,0,0,rolling3,1.0,1.0,QB1
00-0033119,2025,13,ARI,QB,0,0,rolling3,1.0,1.0,QB1
00-0033119,2025,14,ARI,QB,0,0,rolling3,1.0,1.0,QB1
00-0033119,2025,15,ARI,QB,0,0,rolling3,1.0,1.0,QB1
00-0033119,2025,16,ARI,QB,0,0,rolling3,1.0,1.0,QB1
00-0033119,2025,17,ARI,QB,0,0,rolling3,1.0,1.0,QB1
00-0033119,2025,18,ARI,QB,0,0,rolling3,1.0,1.0,QB1
00-0033319,2025,1,JAX,QB,1,0,rolling3,0.0,0.0,QB1
00-0033319,2025,2,JAX,QB,1,0,rolling3,0.0,0.0,QB2
00-0033319,2025,3,JAX,QB,1,0,rolling3,0.0,0.0,QB2
00-0033319,2025,4,JAX,QB,0,0,rolling3,0.0,0.0,QB2
00-0033319,2025,5,JAX,QB,0,0,rolling3,0.0,0.0,QB2
00-0033319,2025,6,JAX,QB,0,0,rolling3,0.0,0.0,QB2
00-0033319,2025,7,JAX,QB,0,0,rolling3,0.0,0.0,QB2
00-0033319,2025,9,JAX,QB,0,0,rolling3,0.0,0.0,QB2
00-0033319,2025,10,JAX,QB,0,0,rolling3,0.0,0.0,QB2
00-0033319,2025,11,JAX,QB,0,0,rolling3,0.0,0.0,QB2
00-0033319,2025,12,JAX,QB,0,0,rolling3,0.0,0.0,QB2
00-0033319,2025,13,JAX,QB,0,0,rolling3,0.0,0.0,QB2
00-0033319,2025,14,JAX,QB,0,0,rolling3,0.0,0.0,QB2
00-0033319,2025,15,JAX,QB,0,0,rolling3,0.0,0.0,QB2
00-0033319,2025,16,JAX,QB,0,0,rolling3,0.0,0.0,QB2
00-0033319,2025,17,JAX,QB,0,0,rolling3,0.0,0.0,QB2
00-0033319,2025,18,JAX,QB,0,0,rolling3,0.0,0.0,QB2
00-0033357,2025,1,NO,QB,1,0,rolling3,0.0,0.0,QB1
00-0033357,2025,2,NO,QB,1,0,rolling3,0.0,0.0,QB2
00-0033357,2025,3,NO,QB,1,0,rolling3,0.0,0.0,QB2
00-0033357,2025,4,NO,QB,0,0,rolling3,0.0,0.0,QB4
00-0033357,2025,5,NO,QB,0,0,rolling3,0.0,0.0,QB4
00-0033357,2025,6,NO,QB,0,0,rolling3,0.0,0.0,QB2
00-0033357,2025,7,NO,QB,0,0,rolling3,0.0,0.0,QB2
00-0033357,2025,8,NO,QB,0,0,rolling3,0.0,0.0,QB2
00-0033357,2025,9,NO,QB,0,0,rolling3,0.0,0.0,QB3
00-0033357,2025,10,NO,QB,0,0,rolling3,0.0,0.0,QB3
00-0033357,2025,12,NO,QB,0,0,rolling3,0.0,0.0,QB2
00-0033357,2025,13,NO,QB,0,0,rolling3,0.0,0.0,QB2
00-0033357,2025,14,NO,QB,0,0,rolling3,0.0,0.0,QB2
00-0033357,2025,15,NO,QB,0,0,rolling3,0.0,0.0,QB2
00-0033357,2025,16,NO,QB,0,0,rolling3,0.5,0.0,QB2
00-0033357,2025,17,NO,QB,0,0,rolling3,0.0,0.16666666666666666,QB2
00-0033357,2025,18,NO,QB,0,0,rolling3,0.0,0.16666666666666666,QB2
00-0033537,2025,1,CLE,QB,1,0,rolling3,0.0,0.23529411764705882,QB2
00-0033537,2025,2,CLE,QB,1,0,rolling3,0.0,0.23529411764705882,QB2
00-0033537,2025,3,CLE,QB,1,0,rolling3,0.0,0.23529411764705882,QB3
00-0033537,2025,4,CLE,QB,0,0,rolling3,0.0,0.0,QB3
00-0033537,2025,5,CLE,QB,0,0,rolling3,0.0,0.0,QB3
00-0033537,2025,6,CLE,QB,0,0,rolling3,0.0,0.0,QB2
00-0033537,2025,7,CLE,QB,0,0,rolling3,0.0,0.0,QB2
00-0033537,2025,8,CLE,QB,0,0,rolling3,0.0,0.0,QB2
00-0033537,2025,10,CLE,QB,0,0,rolling3,0.0,0.0,QB2
00-0033537,2025,11,CLE,QB,0,0,rolling3,0.0,0.0,QB2
00-0033537,2025,12,CLE,QB,0,0,rolling3,0.0,0.0,QB3
00-0033537,2025,13,CLE,QB,0,0,rolling3,0.0,0.0,QB3
00-0033537,2025,14,CLE,QB,0,0,rolling3,0.0,0.0,QB3
00-0033537,2025,15,CLE,QB,0,0,rolling3,0.0,0.0,QB3
00-0033537,2025,16,CLE,QB,0,0,rolling3,0.0,0.0,QB3
00-0033537,2025,17,CLE,QB,0,0,rolling3,0.0,0.0,QB3
00-0033537,2025,18,CLE,QB,0,0,rolling3,0.0,0.0,QB3
00-0033662,2025,1,BAL,QB,1,0,rolling3,0.0,0.4411764705882353,QB1
00-0033662,2025,2,BAL,QB,1,0,rolling3,0.0,0.4411764705882353,QB2
00-0033662,2025,3,BAL,QB,1,0,rolling3,0.0,0.4411764705882353,QB2
00-0033662,2025,4,BAL,QB,0,0,rolling3,0.0,0.0,QB2
00-0033662,2025,5,BAL,QB,0,0,rolling3,0.0,0.0,QB2
00-0033662,2025,6,BAL,QB,0,0,rolling3,0.0,0.0,QB2
00-0033662,2025,8,BAL,QB,0,0,rolling3,0.0,0.0,QB1
00-0033662,2025,9,BAL,QB,0,0,rolling3,0.0,0.0,QB1
00-0033662,2025,10,BAL,QB,0,0,rolling3,0.0,0.0,QB3
00-0033662,2025,11,BAL,QB,0,0,rolling3,0.0,0.0,QB3
00-0033662,2025,12,BAL,QB,0,0,rolling3,0.0,0.0,QB2
00-0033662,2025,13,BAL,QB,0,0,rolling3,0.0,0.0,QB2
00-0033662,2025,14,BAL,QB,0,0,rolling3,0.0,0.0,QB2
00-0033662,2025,15,BAL,QB,0,0,rolling3,0.0,0.0,QB2
00-0033662,2025,16,BAL,QB,0,0,rolling3,0.0,0.0,QB3
00-0033662,2025,17,BAL,QB,0,0,rolling3,0.0,0.0,QB3
00-0033662,2025,18,BAL,QB,0,0,rolling3,0.0,0.0,QB3
00-0033869,2025,1,BUF,QB,1,0,rolling3,0.0,0.0784313725490196,QB1
00-0033869,2025,2,BUF,QB,1,0,rolling3,0.0,0.0784313725490196,QB2
00-0033869,2025,3,BUF,QB,1,0,rolling3,0.0,0.0784313725490196,QB2
00-0033869,2025,4,BUF,QB,0,0,rolling3,0.0,0.0,QB2
00-0033869,2025,5,BUF,QB,0,0,rolling3,0.0,0.0,QB2
00-0033869,2025,6,BUF,QB,0,0,rolling3,0.0,0.0,QB2
00-0033869,2025,8,BUF,QB,0,0,rolling3,0.0,0.0,QB2
00-0033869,2025,9,BUF,QB,0,0,rolling3,0.0,0.0,QB2
00-0033869,2025,10,BUF,QB,0,0,rolling3,0.0,0.0,QB2
00-0033869,2025,11,BUF,QB,0,0,rolling3,0.0,0.0,QB2
00-0033869,2025,12,BUF,QB,0,0,rolling3,0.0,0.0,QB2
00-0033869,2025,13,BUF,QB,0,0,rolling3,0.0,0.0,QB2
00-0033869,2025,14,BUF,QB,0,0,rolling3,0.0,0.0,QB2
00-0033869,2025,15,BUF,QB,0,0,rolling3,0.0,0.0,QB2
00-0033869,2025,16,BUF,QB,0,0,rolling3,0.0,0.0,QB2
00-0033869,2025,17,BUF,QB,0,0,rolling3,0.0,0.0,QB2
00-0033869,2025,18,BUF,QB,0,0,rolling3,1.0,0.0,QB2
00-0033873,2025,1,KC,QB,1,0,rolling3,1.0,0.8235294117647058,QB1
00-0033873,2025,2,KC,QB,1,0,rolling3,1.0,0.8235294117647058,QB1
00-0033873,2025,3,KC,QB,1,0,rolling3,1.0,0.8235294117647058,QB1
00-0033873,2025,4,KC,QB,0,0,rolling3,1.0,1.0,QB1
00-0033873,2025,5,KC,QB,0,0,rolling3,1.0,1.0,QB1
00-0033873,2025,6,KC,QB,0,0,rolling3,1.0,1.0,QB1
00-0033873,2025,7,KC,QB,0,0,rolling3,1.0,1.0,QB1
00-0033873,2025,8,KC,QB,0,0,rolling3,1.0,1.0,QB1
00-0033873,2025,9,KC,QB,0,0,rolling3,0.0,1.0,QB1
00-0033873,2025,11,KC,QB,0,0,rolling3,1.0,0.6666666666666666,QB1
00-0033873,2025,12,KC,QB,0,0,rolling3,0.0,0.6666666666666666,QB1
00-0033873,2025,13,KC,QB,0,0,rolling3,1.0,0.3333333333333333,QB1
00-0033873,2025,14,KC,QB,0,0,rolling3,0.0,0.6666666666666666,QB1
00-0033873,2025,15,KC,QB,0,0,rolling3,0.0,0.3333333333333333,QB1
00-0033873,2025,16,KC,QB,0,0,rolling3,0.0,0.3333333333333333,QB1
00-0033873,2025,17,KC,QB,0,0,rolling3,0.0,0.0,QB1
00-0033873,2025,18,KC,QB,0,0,rolling3,0.0,0.0,QB2
00-0033936,2025,1,DET,QB,1,0,rolling3,0.0,0.0,QB2
00-0033936,2025,2,DET,QB,1,0,rolling3,0.0,0.0,QB2
00-0033936,2025,3,DET,QB,1,0,rolling3,0.0,0.0,QB3
00-0033936,2025,4,DET,QB,0,0,rolling3,0.0,0.0,QB3
00-0033936,2025,5,DET,QB,0,0,rolling3,0.0,0.0,QB3
00-0033936,2025,6,DET,QB,0,0,rolling3,0.0,0.0,QB3
00-0033936,2025,7,DET,QB,0,0,rolling3,0.0,0.0,QB3
00-0033936,2025,9,DET,QB,0,0,rolling3,0.0,0.0,QB2
00-0033936,2025,10,DET,QB,0,0,rolling3,0.0,0.0,QB2
00-0033936,2025,11,DET,QB,0,0,rolling3,0.0,0.0,QB3
00-0033936,2025,12,DET,QB,0,0,rolling3,0.0,0.0,QB3
00-0033936,2025,13,DET,QB,0,0,rolling3,0.0,0.0,QB3
00-0033936,2025,14,DET,QB,0,0,rolling3,0.0,0.0,QB2
00-0033936,2025,15,DET,QB,0,0,rolling3,0.0,0.0,QB2
00-0033936,2025,16,DET,QB,0,0,rolling3,0.0,0.0,QB2
00-0033936,2025,17,DET,QB,0,0,rolling3,0.0,0.0,QB2
00-0033936,2025,18,DET,QB,0,0,rolling3,0.0,0.0,QB2
00-0033949,2025,1,NE,QB,1,0,rolling3,0.0,0.058823529411764705,QB1
00-0033949,2025,2,NE,QB,1,0,rolling3,0.0,0.058823529411764705,QB2
00-0033949,2025,3,NE,QB,1,0,rolling3,0.0,0.058823529411764705,QB2
00-0033949,2025,4,NE,QB,0,0,rolling3,0.0,0.0,QB2
00-0033949,2025,5,NE,QB,0,0,rolling3,0.0,0.0,QB2
00-0033949,2025,6,NE,QB,0,0,rolling3,0.0,0.0,QB2
00-0033949,2025,7,NE,QB,0,0,rolling3,0.0,0.0,QB2
00-0033949,2025,8,NE,QB,0,0,rolling3,0.0,0.0,QB2
00-0033949,2025,9,NE,QB,0,0,rolling3,0.0,0.0,QB2
00-0033949,2025,10,NE,QB,0,0,rolling3,0.0,0.0,QB2
00-0033949,2025,11,NE,QB,0,0,rolling3,0.0,0.0,QB2
00-0033949,2025,12,NE,QB,0,0,rolling3,0.0,0.0,QB2
00-0033949,2025,13,NE,QB,0,0,rolling3,0.0,0.0,QB2
00-0033949,2025,15,NE,QB,0,0,rolling3,0.0,0.0,QB2
00-0033949,2025,16,NE,QB,0,0,rolling3,0.0,0.0,QB2
00-0033949,2025,17,NE,QB,0,0,rolling3,0.0,0.0,QB2
00-0033949,2025,18,NE,QB,0,0,rolling3,0.0,0.0,QB2
00-0034401,2025,1,BUF,QB,1,0,rolling3,0.0,0.0,QB2
00-0034401,2025,3,CIN,QB,1,0,rolling3,0.0,0.0,QB3
00-0034401,2025,4,CIN,QB,1,0,rolling3,0.0,0.0,QB4
00-0034401,2025,5,CIN,QB,0,0,rolling3,0.0,0.0,QB4
00-0034401,2025,6,CIN,QB,0,0,rolling3,0.0,0.0,QB4
00-0034401,2025,8,CAR,QB,0,0,rolling3,0.0,0.0,QB3
00-0034401,2025,9,CAR,QB,0,0,rolling3,0.0,0.0,QB3
00-0034401,2025,10,CAR,QB,0,0,rolling3,0.0,0.0,QB3
00-0034401,2025,11,CAR,QB,0,0,rolling3,0.0,0.0,QB3
00-0034401,2025,12,CAR,QB,0,0,rolling3,0.0,0.0,QB3
00-0034401,2025,13,CAR,QB,0,0,rolling3,0.0,0.0,QB3
00-0034401,2025,15,CAR,QB,0,0,rolling3,0.0,0.0,QB3
00-0034401,2025,16,CAR,QB,0,0,rolling3,0.0,0.0,QB3
00-0034401,2025,17,CAR,QB,0,0,rolling3,0.0,0.0,QB3
00-0034401,2025,18,CAR,QB,0,0,rolling3,0.0,0.0,QB3
00-0034438,2025,2,PIT,QB,1,0,rolling3,0.0,0.0,QB4
00-0034438,2025,3,PIT,QB,1,0,rolling3,0.0,0.0,QB3
00-0034438,2025,4,PIT,QB,1,0,rolling3,0.0,0.0,QB3
00-0034438,2025,6,PIT,QB,0,0,rolling3,0.0,0.0,QB3
00-0034438,2025,7,PIT,QB,0,0,rolling3,0.0,0.0,QB3
00-0034438,2025,8,PIT,QB,0,0,rolling3,0.0,0.0,QB3
00-0034438,2025,17,ARI,QB,0,0,rolling3,0.0,0.0,QB2
00-0034438,2025,18,ARI,QB,0,0,rolling3,0.0,0.0,QB2
00-0034577,2025,1,DET,QB,1,0,rolling3,0.0,0.0,QB3
00-0034577,2025,2,DET,QB,1,0,rolling3,0.0,0.0,QB3
00-0034577,2025,3,DET,QB,1,0,rolling3,0.0,0.0,QB2
00-0034577,2025,4,DET,QB,0,0,rolling3,0.0,0.0,QB2
00-0034577,2025,5,DET,QB,0,0,rolling3,0.0,0.0,QB2
00-0034577,2025,6,DET,QB,0,0,rolling3,0.0,0.0,QB2
00-0034577,2025,7,DET,QB,0,0,rolling3,0.0,0.0,QB2
00-0034577,2025,9,DET,QB,0,0,rolling3,0.0,0.0,QB3
00-0034577,2025,10,DET,QB,0,0,rolling3,0.0,0.0,QB3
00-0034577,2025,11,DET,QB,0,0,rolling3,0.0,0.0,QB2
00-0034577,2025,12,DET,QB,0,0,rolling3,0.0,0.0,QB2
00-0034577,2025,13,DET,QB,0,0,rolling3,0.0,0.0,QB2
00-0034577,2025,14,DET,QB,0,0,rolling3,0.0,0.0,QB3
00-0034577,2025,15,DET,QB,0,0,rolling3,0.0,0.0,QB3
00-0034577,2025,16,DET,QB,0,0,rolling3,0.0,0.0,QB3
00-0034577,2025,17,DET,QB,0,0,rolling3,0.0,0.0,QB3
00-0034577,2025,18,DET,QB,0,0,rolling3,0.0,0.0,QB3
00-0034771,2025,1,PIT,QB,1,0,rolling3,0.0,0.35294117647058826,QB2
00-0034771,2025,2,PIT,QB,1,0,rolling3,0.0,0.35294117647058826,QB2
00-0034771,2025,3,PIT,QB,1,0,rolling3,0.0,0.35294117647058826,QB2
00-0034771,2025,4,PIT,QB,0,0,rolling3,0.0,0.0,QB2
00-0034771,2025,6,PIT,QB,0,0,rolling3,0.0,0.0,QB2
00-0034771,2025,7,PIT,QB,0,0,rolling3,0.0,0.0,QB2
00-0034771,2025,8,PIT,QB,0,0,rolling3,0.0,0.0,QB2
00-0034771,2025,9,PIT,QB,0,0,rolling3,0.0,0.0,QB2
00-0034771,2025,10,PIT,QB,0,0,rolling3,0.0,0.0,QB2
00-0034771,2025,11,PIT,QB,0,0,rolling3,0.5,0.0,QB2
00-0034771,2025,12,PIT,QB,0,0,rolling3,1.0,0.16666666666666666,QB2
00-0034771,2025,13,PIT,QB,0,0,rolling3,0.0,0.5,QB2
00-0034771,2025,14,PIT,QB,0,0,rolling3,0.0,0.5,QB1
00-0034771,2025,15,PIT,QB,0,0,rolling3,0.0,0.3333333333333333,QB2
00-0034771,2025,16,PIT,QB,0,0,rolling3,0.0,0.0,QB2
00-0034771,2025,17,PIT,QB,0,0,rolling3,0.0,0.0,QB2
00-0034771,2025,18,PIT,QB,0,0,rolling3,0.0,0.0,QB2
00-0034796,2025,1,BAL,QB,1,0,rolling3,1.0,1.0,QB2
00-0034796,2025,2,BAL,QB,1,0,rolling3,1.0,1.0,QB1
00-0034796,2025,3,BAL,QB,1,0,rolling3,1.0,1.0,QB1
00-0034796,2025,4,BAL,QB,0,0,rolling3,1.0,1.0,QB1
00-0034796,2025,5,BAL,QB,0,0,rolling3,0.0,1.0,QB1
00-0034796,2025,6,BAL,QB,0,0,rolling3,0.0,0.6666666666666666,QB1
00-0034796,2025,8,BAL,QB,0,0,rolling3,0.0,0.3333333333333333,QB2
00-0034796,2025,9,BAL,QB,0,0,rolling3,1.0,0.0,QB3
00-0034796,2025,10,BAL,QB,0,0,rolling3,1.0,0.3333333333333333,QB2
00-0034796,2025,11,BAL,QB,0,0,rolling3,0.0,0.6666666666666666,QB1
00-0034796,2025,12,BAL,QB,0,0,rolling3,0.0,0.6666666666666666,QB1
00-0034796,2025,13,BAL,QB,0,0,rolling3,0.0,0.3333333333333333,QB1
00-0034796,2025,14,BAL,QB,0,0,rolling3,1.0,0.0,QB1
00-0034796,2025,15,BAL,QB,0,0,rolling3,1.0,0.3333333333333333,QB1
00-0034796,2025,16,BAL,QB,0,0,rolling3,0.0,0.6666666666666666,QB1
00-0034796,2025,17,BAL,QB,0,0,rolling3,0.0,0.6666666666666666,QB1
00-0034796,2025,18,BAL,QB,0,0,rolling3,1.0,0.3333333333333333,QB2
00-0034855,2025,1,TB,QB,1,0,rolling3,1.0,0.9411764705882353,QB2
00-0034855,2025,2,TB,QB,1,0,rolling3,1.0,0.9411764705882353,QB1
00-0034855,2025,3,TB,QB,1,0,rolling3,1.0,0.9411764705882353,QB1
00-0034855,2025,4,TB,QB,0,0,rolling3,1.0,1.0,QB1
00-0034855,2025,5,TB,QB,0,0,rolling3,1.0,1.0,QB1
00-0034855,2025,6,TB,QB,0,0,rolling3,1.0,1.0,QB1
00-0034855,2025,7,TB,QB,0,0,rolling3,1.0,1.0,QB1
00-0034855,2025,8,TB,QB,0,0,rolling3,0.0,1.0,QB1
00-0034855,2025,10,TB,QB,0,0,rolling3,1.0,0.6666666666666666,QB1
00-0034855,2025,11,TB,QB,0,0,rolling3,1.0,0.6666666666666666,QB1
00-0034855,2025,12,TB,QB,0,0,rolling3,1.0,0.6666666666666666,QB1
00-0034855,2025,13,TB,QB,0,0,rolling3,1.0,1.0,QB1
00-0034855,2025,14,TB,QB,0,0,rolling3,1.0,1.0,QB1
00-0034855,2025,15,TB,QB,0,0,rolling3,1.0,1.0,QB1
00-0034855,2025,16,TB,QB,0,0,rolling3,1.0,1.0,QB1
00-0034855,2025,17,TB,QB,0,0,rolling3,1.0,1.0,QB1
00-0034855,2025,18,TB,QB,0,0,rolling3,1.0,1.0,QB1
00-0034857,2025,1,BUF,QB,1,0,rolling3,1.0,0.8039215686274509,QB3
00-0034857,2025,2,BUF,QB,1,0,rolling3,0.0,0.8039215686274509,QB1
00-0034857,2025,3,BUF,QB,1,0,rolling3,1.0,0.8039215686274509,QB1
00-0034857,2025,4,BUF,QB,0,0,rolling3,1.0,0.6666666666666666,QB1
00-0034857,2025,5,BUF,QB,0,0,rolling3,1.0,0.6666666666666666,QB1
00-0034857,2025,6,BUF,QB,0,0,rolling3,1.0,1.0,QB1
00-0034857,2025,8,BUF,QB,0,0,rolling3,1.0,1.0,QB1
00-0034857,2025,9,BUF,QB,0,0,rolling3,1.0,1.0,QB1
00-0034857,2025,10,BUF,QB,0,0,rolling3,1.0,1.0,QB1
00-0034857,2025,11,BUF,QB,0,0,rolling3,1.0,1.0,QB1
00-0034857,2025,12,BUF,QB,0,0,rolling3,0.0,1.0,QB1
00-0034857,2025,13,BUF,QB,0,0,rolling3,1.0,0.6666666666666666,QB1
00-0034857,2025,14,BUF,QB,0,0,rolling3,1.0,0.6666666666666666,QB1
00-0034857,2025,15,BUF,QB,0,0,rolling3,1.0,0.6666666666666666,QB1
00-0034857,2025,16,BUF,QB,0,0,rolling3,0.0,1.0,QB1
00-0034857,2025,17,BUF,QB,0,0,rolling3,0.0,0.6666666666666666,QB1
00-0034857,2025,18,BUF,QB,0,0,rolling3,0.0,0.3333333333333333,QB1
00-0034869,2025,1,SEA,QB,1,0,rolling3,0.0,0.8235294117647058,QB1
00-0034869,2025,2,SEA,QB,1,0,rolling3,1.0,0.8235294117647058,QB1
00-0034869,2025,3,SEA,QB,1,0,rolling3,1.0,0.8235294117647058,QB1
00-0034869,2025,4,SEA,QB,0,0,rolling3,1.0,0.6666666666666666,QB1
00-0034869,2025,5,SEA,QB,0,0,rolling3,1.0,1.0,QB1
00-0034869,2025,6,SEA,QB,0,0,rolling3,1.0,1.0,QB1
00-0034869,2025,7,SEA,QB,0,0,rolling3,1.0,1.0,QB1
00-0034869,2025,9,SEA,QB,0,0,rolling3,1.0,1.0,QB1
00-0034869,2025,10,SEA,QB,0,0,rolling3,1.0,1.0,QB1
00-0034869,2025,11,SEA,QB,0,0,rolling3,0.0,1.0,QB1
00-0034869,2025,12,SEA,QB,0,0,rolling3,1.0,0.6666666666666666,QB1
00-0034869,2025,13,SEA,QB,0,0,rolling3,0.0,0.6666666666666666,QB1
00-0034869,2025,14,SEA,QB,0,0,rolling3,1.0,0.3333333333333333,QB1
00-0034869,2025,15,SEA,QB,0,0,rolling3,0.0,0.6666666666666666,QB1
00-0034869,2025,16,SEA,QB,0,0,rolling3,1.0,0.3333333333333333,QB1
00-0034869,2025,17,SEA,QB,0,0,rolling3,1.0,0.6666666666666666,QB1
00-0034869,2025,18,SEA,QB,0,0,rolling3,0.0,0.6666666666666666,QB1
00-0034899,2025,1,JAX,QB,1,0,rolling3,0.0,0.0,QB2
00-0034899,2025,9,MIN,QB,1,0,rolling3,0.0,0.0,QB3
00-0034899,2025,10,MIN,QB,1,0,rolling3,0.0,0.0,QB4
00-0034899,2025,11,MIN,QB,0,0,rolling3,0.0,0.0,QB4
00-0034899,2025,12,MIN,QB,0,0,rolling3,0.0,0.0,QB3
00-0034899,2025,13,MIN,QB,0,0,rolling3,0.0,0.0,QB3
00-0034899,2025,14,MIN,QB,0,0,rolling3,0.0,0.0,QB4
00-0034899,2025,15,MIN,QB,0,0,rolling3,0.0,0.0,QB4
00-0034899,2025,16,MIN,QB,0,0,rolling3,0.0,0.0,QB4
00-0034899,2025,17,MIN,QB,0,0,rolling3,0.0,0.0,QB4
00-0034899,2025,18,MIN,QB,0,0,rolling3,0.0,0.0,QB4
00-0034955,2025,1,CIN,QB,1,0,rolling3,0.0,0.0,QB1
00-0034955,2025,2,CIN,QB,1,0,rolling3,0.0,0.0,QB2
00-0034955,2025,3,CIN,QB,1,0,rolling3,0.0,0.0,QB4
00-0034955,2025,4,CIN,QB,0,0,rolling3,0.0,0.0,QB3
00-0034955,2025,5,CIN,QB,0,0,rolling3,0.0,0.0,QB3
00-0034955,2025,6,CIN,QB,0,0,rolling3,0.0,0.0,QB3
00-0034955,2025,7,IND,QB,0,0,rolling3,0.0,0.0,QB3
00-0034955,2025,8,IND,QB,0,0,rolling3,0.0,0.0,QB3
00-0034955,2025,9,IND,QB,0,0,rolling3,0.0,0.0,QB3
00-0034955,2025,10,IND,QB,0,0,rolling3,0.0,0.0,QB3
00-0034955,2025,12,IND,QB,0,0,rolling3,0.0,0.0,QB3
00-0034955,2025,13,IND,QB,0,0,rolling3,0.0,0.0,QB2
00-0034955,2025,14,IND,QB,0,0,rolling3,0.0,0.0,QB2
00-0034955,2025,15,IND,QB,0,0,rolling3,0.0,0.0,QB3
00-0034955,2025,16,IND,QB,0,0,rolling3,0.0,0.0,QB4
00-0034955,2025,17,MIN,QB,0,0,rolling3,0.0,0.0,QB4
00-0034955,2025,18,MIN,QB,0,0,rolling3,0.0,0.0,QB4
00-0035100,2025,1,CIN,QB,1,0,rolling3,0.0,0.0,QB2
00-0035100,2025,2,CIN,QB,1,0,rolling3,0.6666666666666666,0.0,QB3
00-0035100,2025,3,CIN,QB,1,0,rolling3,1.0,0.0,QB2
00-0035100,2025,4,CIN,QB,0,0,rolling3,0.0,0.5555555555555555,QB1
00-0035100,2025,5,CIN,QB,0,0,rolling3,1.0,0.5555555555555555,QB1
00-0035100,2025,6,CIN,QB,0,0,rolling3,0.0,0.6666666666666666,QB1
00-0035100,2025,7,CIN,QB,0,0,rolling3,0.0,0.3333333333333333,QB1
00-0035100,2025,8,CIN,QB,0,0,rolling3,0.0,0.3333333333333333,QB2
00-0035100,2025,9,CIN,QB,0,0,rolling3,0.0,0.0,QB2
00-0035100,2025,11,CIN,QB,0,0,rolling3,0.0,0.0,QB2
00-0035100,2025,12,CIN,QB,0,0,rolling3,0.0,0.0,QB2
00-0035100,2025,13,CIN,QB,0,0,rolling3,0.0,0.0,QB2
00-0035100,2025,14,CIN,QB,0,0,rolling3,0.0,0.0,QB3
00-0035100,2025,15,CIN,QB,0,0,rolling3,0.0,0.0,QB3
00-0035100,2025,16,CIN,QB,0,0,rolling3,0.0,0.0,QB3
00-0035100,2025,17,CIN,QB,0,0,rolling3,0.0,0.0,QB3
00-0035100,2025,18,CIN,QB,0,0,rolling3,0.0,0.0,QB3
00-0035228,2025,1,ARI,QB,1,0,rolling3,1.0,0.8235294117647058,QB2
00-0035228,2025,2,ARI,QB,1,0,rolling3,1.0,0.8235294117647058,QB1
00-0035228,2025,3,ARI,QB,1,0,rolling3,1.0,0.8235294117647058,QB1
00-0035228,2025,4,ARI,QB,0,0,rolling3,1.0,1.0,QB1
00-0035228,2025,5,ARI,QB,0,0,rolling3,0.0,1.0,QB1
00-0035228,2025,6,ARI,QB,0,0,rolling3,0.0,0.6666666666666666,QB1
00-0035228,2025,7,ARI,QB,0,0,rolling3,0.0,0.3333333333333333,QB1
00-0035228,2025,9,ARI,QB,0,0,rolling3,0.0,0.0,QB2
00-0035228,2025,10,ARI,QB,0,0,rolling3,0.0,0.0,QB3
00-0035228,2025,11,ARI,QB,0,0,rolling3,0.0,0.0,QB4
00-0035228,2025,12,ARI,QB,0,0,rolling3,0.0,0.0,QB4
00-0035228,2025,13,ARI,QB,0,0,rolling3,0.0,0.0,QB4
00-0035228,2025,14,ARI,QB,0,0,rolling3,0.0,0.0,QB4
00-0035228,2025,15,ARI,QB,0,0,rolling3,0.0,0.0,QB4
00-0035228,2025,16,ARI,QB,0,0,rolling3,0.0,0.0,QB3
00-0035228,2025,17,ARI,QB,0,0,rolling3,0.0,0.0,QB3
00-0035228,2025,18,ARI,QB,0,0,rolling3,0.0,0.0,QB3
00-0035251,2025,1,DAL,QB,1,0,rolling3,0.0,0.0,QB2
00-0035251,2025,2,DAL,QB,1,0,rolling3,0.0,0.0,QB2
00-0035251,2025,3,DAL,QB,1,0,rolling3,0.0,0.0,QB2
00-0035251,2025,4,DAL,QB,0,0,rolling3,0.0,0.0,QB3
00-0035251,2025,5,DAL,QB,0,0,rolling3,0.0,0.0,QB3
00-0035251,2025,6,DAL,QB,0,0,rolling3,0.0,0.0,QB3
00-0035251,2025,7,DAL,QB,0,0,rolling3,0.0,0.0,QB2
00-0035251,2025,8,DAL,QB,0,0,rolling3,0.0,0.0,QB2
00-0035251,2025,9,DAL,QB,0,0,rolling3,0.0,0.0,QB3
00-0035251,2025,11,DAL,QB,0,0,rolling3,0.0,0.0,QB3
00-0035251,2025,12,DAL,QB,0,0,rolling3,0.0,0.0,QB3
00-0035251,2025,13,DAL,QB,0,0,rolling3,0.0,0.0,QB2
00-0035251,2025,14,DAL,QB,0,0,rolling3,0.0,0.0,QB2
00-0035251,2025,15,DAL,QB,0,0,rolling3,0.0,0.0,QB2
00-0035251,2025,16,DAL,QB,0,0,rolling3,0.0,0.0,QB2
00-0035251,2025,17,DAL,QB,0,0,rolling3,0.0,0.0,QB3
00-0035251,2025,18,DAL,QB,0,0,rolling3,0.0,0.0,QB3
00-0035264,2025,1,DEN,QB,1,0,rolling3,0.0,0.0,QB2
00-0035264,2025,2,DEN,QB,1,0,rolling3,0.0,0.0,QB2
00-0035264,2025,3,DEN,QB,1,0,rolling3,0.0,0.0,QB2
00-0035264,2025,4,DEN,QB,0,0,rolling3,0.0,0.0,QB2
00-0035264,2025,5,DEN,QB,0,0,rolling3,0.0,0.0,QB2
00-0035264,2025,6,DEN,QB,0,0,rolling3,0.0,0.0,QB2
00-0035264,2025,7,DEN,QB,0,0,rolling3,0.0,0.0,QB2
00-0035264,2025,8,DEN,QB,0,0,rolling3,0.0,0.0,QB2
00-0035264,2025,9,DEN,QB,0,0,rolling3,0.0,0.0,QB2
00-0035264,2025,10,DEN,QB,0,0,rolling3,0.0,0.0,QB2
00-0035264,2025,11,DEN,QB,0,0,rolling3,0.0,0.0,QB2
00-0035264,2025,13,DEN,QB,0,0,rolling3,0.0,0.0,QB2
00-0035264,2025,14,DEN,QB,0,0,rolling3,0.0,0.0,QB2
00-0035264,2025,15,DEN,QB,0,0,rolling3,0.0,0.0,QB2
00-0035264,2025,16,DEN,QB,0,0,rolling3,0.0,0.0,QB2
00-0035264,2025,17,DEN,QB,0,0,rolling3,0.0,0.0,QB2
00-0035264,2025,18,DEN,QB,0,0,rolling3,0.0,0.0,QB2
00-0035282,2025,1,ATL,QB,1,0,rolling3,0.0,0.0,QB2
00-0035282,2025,2,ATL,QB,1,0,rolling3,0.0,0.0,QB3
00-0035282,2025,3,ATL,QB,1,0,rolling3,0.0,0.0,QB3
00-0035282,2025,4,ATL,QB,0,0,rolling3,0.0,0.0,QB3
00-0035282,2025,6,ATL,QB,0,0,rolling3,0.0,0.0,QB3
00-0035282,2025,7,ATL,QB,0,0,rolling3,0.0,0.0,QB3
00-0035282,2025,8,ATL,QB,0,0,rolling3,0.0,0.0,QB3
00-0035282,2025,9,ATL,QB,0,0,rolling3,0.0,0.0,QB3
00-0035282,2025,10,ATL,QB,0,0,rolling3,0.0,0.0,QB3
00-0035282,2025,11,ATL,QB,0,0,rolling3,0.0,0.0,QB3
00-0035282,2025,12,ATL,QB,0,0,rolling3,0.0,0.0,QB3
00-0035282,2025,13,ATL,QB,0,0,rolling3,0.0,0.0,QB3
00-0035282,2025,14,ATL,QB,0,0,rolling3,0.0,0.0,QB3
00-0035282,2025,15,ATL,QB,0,0,rolling3,0.0,0.0,QB2
00-0035282,2025,16,ATL,QB,0,0,rolling3,0.0,0.0,QB2
00-0035282,2025,17,ATL,QB,0,0,rolling3,0.0,0.0,QB2
00-0035282,2025,18,ATL,QB,0,0,rolling3,0.0,0.0,QB2
00-0035289,2025,1,KC,QB,1,0,rolling3,0.0,0.38235294117647056,QB2
00-0035289,2025,2,KC,QB,1,0,rolling3,0.0,0.38235294117647056,QB2
00-0035289,2025,3,KC,QB,1,0,rolling3,0.0,0.38235294117647056,QB2
00-0035289,2025,4,KC,QB,0,0,rolling3,0.0,0.0,QB2
00-0035289,2025,5,KC,QB,0,0,rolling3,0.0,0.0,QB2
00-0035289,2025,6,KC,QB,0,0,rolling3,0.0,0.0,QB2
00-0035289,2025,7,KC,QB,0,0,rolling3,0.0,0.0,QB2
00-0035289,2025,8,KC,QB,0,0,rolling3,0.0,0.0,QB2
00-0035289,2025,9,KC,QB,0,0,rolling3,0.0,0.0,QB2
00-0035289,2025,11,KC,QB,0,0,rolling3,0.0,0.0,QB2
00-0035289,2025,12,KC,QB,0,0,rolling3,0.0,0.0,QB2
00-0035289,2025,13,KC,QB,0,0,rolling3,0.0,0.0,QB2
00-0035289,2025,14,KC,QB,0,0,rolling3,0.0,0.0,QB2
00-0035289,2025,15,KC,QB,0,0,rolling3,0.0,0.0,QB2
00-0035289,2025,16,KC,QB,0,0,rolling3,0.0,0.0,QB2
00-0035289,2025,17,KC,QB,0,0,rolling3,0.0,0.0,QB3
00-0035289,2025,18,KC,QB,0,0,rolling3,0.0,0.0,QB3
00-0035704,2025,1,SEA,QB,1,0,rolling3,0.0,0.17647058823529413,QB2
00-0035704,2025,2,SEA,QB,1,0,rolling3,0.0,0.17647058823529413,QB3
00-0035704,2025,3,SEA,QB,1,0,rolling3,0.0,0.17647058823529413,QB3
00-0035704,2025,4,SEA,QB,0,0,rolling3,0.0,0.0,QB2
00-0035704,2025,5,SEA,QB,0,0,rolling3,0.0,0.0,QB2
00-0035704,2025,6,SEA,QB,0,0,rolling3,0.0,0.0,QB2
00-0035704,2025,7,SEA,QB,0,0,rolling3,0.0,0.0,QB3
00-0035704,2025,9,SEA,QB,0,0,rolling3,0.0,0.0,QB3
00-0035704,2025,10,SEA,QB,0,0,rolling3,0.0,0.0,QB2
00-0035704,2025,11,SEA,QB,0,0,rolling3,0.0,0.0,QB2
00-0035704,2025,12,SEA,QB,0,0,rolling3,0.0,0.0,QB2
00-0035704,2025,13,SEA,QB,0,0,rolling3,0.0,0.0,QB2
00-0035704,2025,14,SEA,QB,0,0,rolling3,0.0,0.0,QB2
00-0035704,2025,15,SEA,QB,0,0,rolling3,0.0,0.0,QB2
00-0035704,2025,16,SEA,QB,0,0,rolling3,0.0,0.0,QB2
00-0035704,2025,17,SEA,QB,0,0,rolling3,0.0,0.0,QB2
00-0035704,2025,18,SEA,QB,0,0,rolling3,0.0,0.0,QB2
00-0035710,2025,1,IND,QB,1,0,rolling3,1.0,0.23529411764705882,QB2
00-0035710,2025,2,IND,QB,1,0,rolling3,1.0,0.23529411764705882,QB1
00-0035710,2025,3,IND,QB,1,0,rolling3,1.0,0.23529411764705882,QB1
00-0035710,2025,4,IND,QB,0,0,rolling3,1.0,1.0,QB1
00-0035710,2025,5,IND,QB,0,0,rolling3,1.0,1.0,QB1
00-0035710,2025,6,IND,QB,0,0,rolling3,1.0,1.0,QB1
00-0035710,2025,7,IND,QB,0,0,rolling3,1.0,1.0,QB1
00-0035710,2025,8,IND,QB,0,0,rolling3,1.0,1.0,QB1
00-0035710,2025,9,IND,QB,0,0,rolling3,1.0,1.0,QB1
00-0035710,2025,10,IND,QB,0,0,rolling3,1.0,1.0,QB1
00-0035710,2025,12,IND,QB,0,0,rolling3,1.0,1.0,QB1
00-0035710,2025,13,IND,QB,0,0,rolling3,1.0,1.0,QB1
00-0035710,2025,14,IND,QB,0,0,rolling3,0.0,1.0,QB1
00-0035710,2025,15,IND,QB,0,0,rolling3,0.0,0.6666666666666666,QB1
00-0035710,2025,16,IND,QB,0,0,rolling3,0.0,0.3333333333333333,QB2
00-0035710,2025,17,IND,QB,0,0,rolling3,0.0,0.0,QB3
00-0035710,2025,18,IND,QB,0,0,rolling3,0.0,0.0,QB3
00-0035939,2025,1,CAR,QB,1,0,rolling3,0.0,0.0,QB4
00-0035993,2025,1,BAL,QB,1,0,rolling3,0.0,0.17647058823529413,QB3
00-0035993,2025,2,BAL,QB,1,0,rolling3,0.0,0.17647058823529413,QB3
00-0035993,2025,3,BAL,QB,1,0,rolling3,0.0,0.17647058823529413,QB3
00-0035993,2025,4,BAL,QB,0,0,rolling3,0.0,0.0,QB3
00-0035993,2025,5,BAL,QB,0,0,rolling3,0.0,0.0,QB3
00-0035993,2025,6,BAL,QB,0,0,rolling3,0.0,0.0,QB3
00-0035993,2025,8,BAL,QB,0,0,rolling3,1.0,0.0,QB3
00-0035993,2025,9,BAL,QB,0,0,rolling3,0.0,0.3333333333333333,QB2
00-0035993,2025,10,BAL,QB,0,0,rolling3,0.0,0.3333333333333333,QB1
00-0035993,2025,11,BAL,QB,0,0,rolling3,0.0,0.3333333333333333,QB2
00-0035993,2025,12,BAL,QB,0,0,rolling3,0.0,0.0,QB3
00-0035993,2025,13,BAL,QB,0,0,rolling3,0.0,0.0,QB3
00-0035993,2025,14,BAL,QB,0,0,rolling3,0.0,0.0,QB3
00-0035993,2025,15,BAL,QB,0,0,rolling3,0.0,0.0,QB3
00-0035993,2025,16,BAL,QB,0,0,rolling3,0.0,0.0,QB2
00-0035993,2025,17,BAL,QB,0,0,rolling3,1.0,0.0,QB2
00-0035993,2025,18,BAL,QB,0,0,rolling3,0.0,0.3333333333333333,QB1
00-0036212,2025,1,MIA,QB,1,0,rolling3,1.0,0.6470588235294118,QB1
00-0036212,2025,2,MIA,QB,1,0,rolling3,1.0,0.6470588235294118,QB1
00-0036212,2025,3,MIA,QB,1,0,rolling3,1.0,0.6470588235294118,QB1
00-0036212,2025,4,MIA,QB,0,0,rolling3,1.0,1.0,QB1
00-0036212,2025,5,MIA,QB,0,0,rolling3,1.0,1.0,QB1
00-0036212,2025,6,MIA,QB,0,0,rolling3,1.0,1.0,QB1
00-0036212,2025,7,MIA,QB,0,0,rolling3,0.0,1.0,QB1
00-0036212,2025,8,MIA,QB,0,0,rolling3,1.0,0.6666666666666666,QB1
00-0036212,2025,9,MIA,QB,0,0,rolling3,0.0,0.6666666666666666,QB1
00-0036212,2025,10,MIA,QB,0,0,rolling3,1.0,0.3333333333333333,QB1
00-0036212,2025,11,MIA,QB,0,0,rolling3,0.0,0.6666666666666666,QB1
00-0036212,2025,13,MIA,QB,0,0,rolling3,0.0,0.3333333333333333,QB1
00-0036212,2025,14,MIA,QB,0,0,rolling3,1.0,0.3333333333333333,QB1
00-0036212,2025,15,MIA,QB,0,0,rolling3,1.0,0.3333333333333333,QB1
00-0036212,2025,16,MIA,QB,0,0,rolling3,0.0,0.6666666666666666,QB1
00-0036212,2025,17,MIA,QB,0,0,rolling3,0.0,0.6666666666666666,QB1
00-0036212,2025,18,MIA,QB,0,0,rolling3,0.0,0.3333333333333333,QB2
00-0036264,2025,1,GB,QB,1,0,rolling3,1.0,0.7058823529411765,QB1
00-0036264,2025,2,GB,QB,1,0,rolling3,1.0,0.7058823529411765,QB1
00-0036264,2025,3,GB,QB,1,0,rolling3,1.0,0.7058823529411765,QB1
00-0036264,2025,4,GB,QB,0,0,rolling3,1.0,1.0,QB1
00-0036264,2025,6,GB,QB,0,0,rolling3,1.0,1.0,QB1
00-0036264,2025,7,GB,QB,0,0,rolling3,1.0,1.0,QB1
00-0036264,2025,8,GB,QB,0,0,rolling3,1.0,1.0,QB1
00-0036264,2025,9,GB,QB,0,0,rolling3,0.0,1.0,QB1
00-0036264,2025,10,GB,QB,0,0,rolling3,0.0,0.6666666666666666,QB1
00-0036264,2025,11,GB,QB,0,0,rolling3,0.6666666666666666,0.3333333333333333,QB1
00-0036264,2025,12,GB,QB,0,0,rolling3,0.0,0.2222222222222222,QB1
00-0036264,2025,13,GB,QB,0,0,rolling3,1.0,0.2222222222222222,QB1
00-0036264,2025,14,GB,QB,0,0,rolling3,1.0,0.5555555555555555,QB1
00-0036264,2025,15,GB,QB,0,0,rolling3,1.0,0.6666666666666666,QB1
00-0036264,2025,16,GB,QB,0,0,rolling3,0.0,1.0,QB1
00-0036264,2025,17,GB,QB,0,0,rolling3,0.0,0.6666666666666666,QB1
00-0036264,2025,18,GB,QB,0,0,rolling3,0.0,0.3333333333333333,QB2
00-0036355,2025,1,LAC,QB,1,0,rolling3,1.0,0.8235294117647058,QB2
00-0036355,2025,2,LAC,QB,1,0,rolling3,1.0,0.8235294117647058,QB1
00-0036355,2025,3,LAC,QB,1,0,rolling3,1.0,0.8235294117647058,QB1
00-0036355,2025,4,LAC,QB,0,0,rolling3,1.0,1.0,QB1
00-0036355,2025,5,LAC,QB,0,0,rolling3,1.0,1.0,QB1
00-0036355,2025,6,LAC,QB,0,0,rolling3,1.0,1.0,QB1
00-0036355,2025,7,LAC,QB,0,0,rolling3,1.0,1.0,QB1
00-0036355,2025,8,LAC,QB,0,0,rolling3,1.0,1.0,QB1
00-0036355,2025,9,LAC,QB,0,0,rolling3,1.0,1.0,QB1
00-0036355,2025,10,LAC,QB,0,0,rolling3,1.0,1.0,QB1
00-0036355,2025,11,LAC,QB,0,0,rolling3,0.0,1.0,QB1
00-0036355,2025,13,LAC,QB,0,0,rolling3,1.0,0.6666666666666666,QB1
00-0036355,2025,14,LAC,QB,0,0,rolling3,1.0,0.6666666666666666,QB1
00-0036355,2025,15,LAC,QB,0,0,rolling3,1.0,0.6666666666666666,QB1
00-0036355,2025,16,LAC,QB,0,0,rolling3,1.0,1.0,QB1
00-0036355,2025,17,LAC,QB,0,0,rolling3,1.0,1.0,QB1
00-0036355,2025,18,LAC,QB,0,0,rolling3,0.0,1.0,QB1
00-0036384,2025,1,ATL,QB,1,0,rolling3,0.0,0.0,QB3
00-0036389,2025,1,PHI,QB,1,0,rolling3,0.0,0.7058823529411765,QB1
00-0036389,2025,2,PHI,QB,1,0,rolling3,0.0,0.7058823529411765,QB1
00-0036389,2025,3,PHI,QB,1,0,rolling3,1.0,0.7058823529411765,QB1
00-0036389,2025,4,PHI,QB,0,0,rolling3,1.0,0.3333333333333333,QB1
00-0036389,2025,5,PHI,QB,0,0,rolling3,1.0,0.6666666666666666,QB1
00-0036389,2025,6,PHI,QB,0,0,rolling3,1.0,1.0,QB1
00-0036389,2025,7,PHI,QB,0,0,rolling3,1.0,1.0,QB1
00-0036389,2025,8,PHI,QB,0,0,rolling3,1.0,1.0,QB1
00-0036389,2025,10,PHI,QB,0,0,rolling3,1.0,1.0,QB1
00-0036389,2025,11,PHI,QB,0,0,rolling3,0.0,1.0,QB1
00-0036389,2025,12,PHI,QB,0,0,rolling3,1.0,0.6666666666666666,QB1
00-0036389,2025,13,PHI,QB,0,0,rolling3,1.0,0.6666666666666666,QB1
00-0036389,2025,14,PHI,QB,0,0,rolling3,0.0,0.6666666666666666,QB1
00-0036389,2025,15,PHI,QB,0,0,rolling3,1.0,0.6666666666666666,QB1
00-0036389,2025,16,PHI,QB,0,0,rolling3,1.0,0.6666666666666666,QB1
00-0036389,2025,17,PHI,QB,0,0,rolling3,1.0,0.6666666666666666,QB1
00-0036389,2025,18,PHI,QB,0,0,rolling3,0.0,1.0,QB1
00-0036442,2025,1,CIN,QB,1,0,rolling3,1.0,0.8823529411764706,QB3
00-0036442,2025,2,CIN,QB,1,0,rolling3,0.3333333333333333,0.8823529411764706,QB1
00-0036442,2025,3,CIN,QB,1,0,rolling3,0.0,0.8823529411764706,QB1
00-0036442,2025,4,CIN,QB,0,0,rolling3,0.0,0.4444444444444444,QB2
00-0036442,2025,5,CIN,QB,0,0,rolling3,0.0,0.1111111111111111,QB2
00-0036442,2025,6,CIN,QB,0,0,rolling3,0.0,0.0,QB4
00-0036442,2025,7,CIN,QB,0,0,rolling3,0.0,0.0,QB3
00-0036442,2025,8,CIN,QB,0,0,rolling3,0.0,0.0,QB3
00-0036442,2025,9,CIN,QB,0,0,rolling3,0.0,0.0,QB3
00-0036442,2025,11,CIN,QB,0,0,rolling3,0.0,0.0,QB3
00-0036442,2025,12,CIN,QB,0,0,rolling3,0.0,0.0,QB3
00-0036442,2025,13,CIN,QB,0,0,rolling3,1.0,0.0,QB3
00-0036442,2025,14,CIN,QB,0,0,rolling3,1.0,0.3333333333333333,QB2
00-0036442,2025,15,CIN,QB,0,0,rolling3,0.0,0.6666666666666666,QB1
00-0036442,2025,16,CIN,QB,0,0,rolling3,1.0,0.6666666666666666,QB1
00-0036442,2025,17,CIN,QB,0,0,rolling3,1.0,0.6666666666666666,QB1
00-0036442,2025,18,CIN,QB,0,0,rolling3,1.0,0.6666666666666666,QB1
00-0036679,2025,1,BUF,QB,1,0,rolling3,0.0,0.0,QB4
00-0036679,2025,2,BUF,QB,1,0,rolling3,0.0,0.0,QB3
00-0036679,2025,3,BUF,QB,1,0,rolling3,0.0,0.0,QB3
00-0036679,2025,4,BUF,QB,0,0,rolling3,0.0,0.0,QB3
00-0036679,2025,5,BUF,QB,0,0,rolling3,0.0,0.0,QB3
00-0036679,2025,6,BUF,QB,0,0,rolling3,0.0,0.0,QB3
00-0036679,2025,8,BUF,QB,0,0,rolling3,0.0,0.0,QB3
00-0036679,2025,9,BUF,QB,0,0,rolling3,0.0,0.0,QB3
00-0036679,2025,10,BUF,QB,0,0,rolling3,0.0,0.0,QB3
00-0036679,2025,11,BUF,QB,0,0,rolling3,0.0,0.0,QB3
00-0036679,2025,12,BUF,QB,0,0,rolling3,0.0,0.0,QB3
00-0036679,2025,13,BUF,QB,0,0,rolling3,0.0,0.0,QB3
00-0036679,2025,14,BUF,QB,0,0,rolling3,0.0,0.0,QB3
00-0036679,2025,15,BUF,QB,0,0,rolling3,0.0,0.0,QB3
00-0036679,2025,16,BUF,QB,0,0,rolling3,0.0,0.0,QB3
00-0036679,2025,17,KC,QB,0,0,rolling3,0.0,0.0,QB4
00-0036679,2025,18,KC,QB,0,0,rolling3,0.0,0.0,QB4
00-0036879,2025,1,DEN,QB,1,0,rolling3,0.0,0.0,QB3
00-0036879,2025,2,DEN,QB,1,0,rolling3,0.0,0.0,QB3
00-0036879,2025,3,DEN,QB,1,0,rolling3,0.0,0.0,QB3
00-0036879,2025,4,DEN,QB,0,0,rolling3,0.0,0.0,QB3
00-0036879,2025,5,DEN,QB,0,0,rolling3,0.0,0.0,QB3
00-0036879,2025,6,DEN,QB,0,0,rolling3,0.0,0.0,QB3
00-0036879,2025,7,DEN,QB,0,0,rolling3,0.0,0.0,QB3
00-0036879,2025,8,DEN,QB,0,0,rolling3,0.0,0.0,QB3
00-0036879,2025,9,DEN,QB,0,0,rolling3,0.0,0.0,QB3
00-0036879,2025,10,DEN,QB,0,0,rolling3,0.0,0.0,QB3
00-0036879,2025,11,DEN,QB,0,0,rolling3,0.0,0.0,QB3
00-0036879,2025,13,DEN,QB,0,0,rolling3,0.0,0.0,QB3
00-0036879,2025,14,DEN,QB,0,0,rolling3,0.0,0.0,QB3
00-0036879,2025,15,DEN,QB,0,0,rolling3,0.0,0.0,QB3
00-0036879,2025,16,DEN,QB,0,0,rolling3,0.0,0.0,QB3
00-0036879,2025,17,DEN,QB,0,0,rolling3,0.0,0.0,QB3
00-0036879,2025,18,DEN,QB,0,0,rolling3,0.0,0.0,QB3
00-0036898,2025,1,HOU,QB,1,0,rolling3,0.0,0.0,QB2
00-0036898,2025,2,HOU,QB,1,0,rolling3,0.0,0.0,QB2
00-0036898,2025,3,HOU,QB,1,0,rolling3,0.0,0.0,QB2
00-0036898,2025,4,HOU,QB,0,0,rolling3,0.0,0.0,QB2
00-0036898,2025,5,HOU,QB,0,0,rolling3,0.0,0.0,QB2
00-0036898,2025,7,HOU,QB,0,0,rolling3,0.0,0.0,QB2
00-0036898,2025,8,HOU,QB,0,0,rolling3,0.0,0.0,QB2
00-0036898,2025,9,HOU,QB,0,0,rolling3,0.0,0.0,QB2
00-0036898,2025,10,HOU,QB,0,0,rolling3,1.0,0.0,QB2
00-0036898,2025,11,HOU,QB,0,0,rolling3,1.0,0.3333333333333333,QB1
00-0036898,2025,12,HOU,QB,0,0,rolling3,1.0,0.6666666666666666,QB1
00-0036898,2025,13,HOU,QB,0,0,rolling3,0.0,1.0,QB1
00-0036898,2025,14,HOU,QB,0,0,rolling3,0.0,0.6666666666666666,QB1
00-0036898,2025,15,HOU,QB,0,0,rolling3,0.0,0.3333333333333333,QB2
00-0036898,2025,16,HOU,QB,0,0,rolling3,0.0,0.0,QB2
00-0036898,2025,17,HOU,QB,0,0,rolling3,0.0,0.0,QB2
00-0036898,2025,18,HOU,QB,0,0,rolling3,0.0,0.0,QB2
00-0036928,2025,1,TB,QB,1,0,rolling3,0.0,0.0,QB3
00-0036928,2025,12,ATL,QB,1,0,rolling3,0.0,0.0,QB4
00-0036928,2025,13,ATL,QB,1,0,rolling3,0.0,0.0,QB4
00-0036928,2025,14,ATL,QB,0,0,rolling3,0.0,0.0,QB4
00-0036928,2025,15,ATL,QB,0,0,rolling3,0.0,0.0,QB3
00-0036928,2025,16,ATL,QB,0,0,rolling3,0.0,0.0,QB3
00-0036928,2025,17,ATL,QB,0,0,rolling3,0.0,0.0,QB3
00-0036928,2025,18,ATL,QB,0,0,rolling3,0.0,0.0,QB3
00-0036945,2025,1,NYJ,QB,1,0,rolling3,1.0,0.23529411764705882,QB2
00-0036945,2025,2,NYJ,QB,1,0,rolling3,0.0,0.23529411764705882,QB1
00-0036945,2025,3,NYJ,QB,1,0,rolling3,0.0,0.23529411764705882,QB1
00-0036945,2025,4,NYJ,QB,0,0,rolling3,1.0,0.3333333333333333,QB1
00-0036945,2025,5,NYJ,QB,0,0,rolling3,1.0,0.3333333333333333,QB1
00-0036945,2025,6,NYJ,QB,0,0,rolling3,0.0,0.6666666666666666,QB1
00-0036945,2025,7,NYJ,QB,0,0,rolling3,0.0,0.6666666666666666,QB1
00-0036945,2025,8,NYJ,QB,0,0,rolling3,0.5,0.3333333333333333,QB1
00-0036945,2025,10,NYJ,QB,0,0,rolling3,1.0,0.16666666666666666,QB1
00-0036945,2025,11,NYJ,QB,0,0,rolling3,1.0,0.5,QB1
00-0036945,2025,12,NYJ,QB,0,0,rolling3,0.0,0.8333333333333334,QB1
00-0036945,2025,13,NYJ,QB,0,0,rolling3,0.0,0.6666666666666666,QB1
00-0036945,2025,14,NYJ,QB,0,0,rolling3,0.0,0.3333333333333333,QB2
00-0036945,2025,15,NYJ,QB,0,0,rolling3,0.0,0.0,QB3
00-0036945,2025,16,NYJ,QB,0,0,rolling3,0.0,0.0,QB3
00-0036945,2025,17,NYJ,QB,0,0,rolling3,0.0,0.0,QB3
00-0036945,2025,18,NYJ,QB,0,0,rolling3,0.0,0.0,QB3
00-0036971,2025,1,JAX,QB,1,0,rolling3,1.0,0.4117647058823529,QB3
00-0036971,2025,2,JAX,QB,1,0,rolling3,1.0,0.4117647058823529,QB1
00-0036971,2025,3,JAX,QB,1,0,rolling3,0.0,0.4117647058823529,QB1
00-0036971,2025,4,JAX,QB,0,0,rolling3,1.0,0.6666666666666666,QB1
00-0036971,2025,5,JAX,QB,0,0,rolling3,1.0,0.6666666666666666,QB1
00-0036971,2025,6,JAX,QB,0,0,rolling3,1.0,0.6666666666666666,QB1
00-0036971,2025,7,JAX,QB,0,0,rolling3,1.0,1.0,QB1
00-0036971,2025,9,JAX,QB,0,0,rolling3,0.0,1.0,QB1
00-0036971,2025,10,JAX,QB,0,0,rolling3,1.0,0.6666666666666666,QB1
00-0036971,2025,11,JAX,QB,0,0,rolling3,1.0,0.6666666666666666,QB1
00-0036971,2025,12,JAX,QB,0,0,rolling3,1.0,0.6666666666666666,QB1
00-0036971,2025,13,JAX,QB,0,0,rolling3,1.0,1.0,QB1
00-0036971,2025,14,JAX,QB,0,0,rolling3,1.0,1.0,QB1
00-0036971,2025,15,JAX,QB,0,0,rolling3,1.0,1.0,QB1
00-0036971,2025,16,JAX,QB,0,0,rolling3,1.0,1.0,QB1
00-0036971,2025,17,JAX,QB,0,0,rolling3,0.0,1.0,QB1
00-0036971,2025,18,JAX,QB,0,0,rolling3,1.0,0.6666666666666666,QB1
00-0036972,2025,1,SF,QB,1,0,rolling3,0.0,0.29411764705882354,QB1
00-0036972,2025,2,SF,QB,1,0,rolling3,1.0,0.29411764705882354,QB2
00-0036972,2025,3,SF,QB,1,0,rolling3,1.0,0.29411764705882354,QB1
00-0036972,2025,4,SF,QB,0,0,rolling3,0.0,0.6666666666666666,QB1
00-0036972,2025,5,SF,QB,0,0,rolling3,1.0,0.6666666666666666,QB1
00-0036972,2025,6,SF,QB,0,0,rolling3,0.0,0.6666666666666666,QB1
00-0036972,2025,7,SF,QB,0,0,rolling3,0.0,0.3333333333333333,QB1
00-0036972,2025,8,SF,QB,0,0,rolling3,1.0,0.3333333333333333,QB1
00-0036972,2025,9,SF,QB,0,0,rolling3,1.0,0.3333333333333333,QB1
00-0036972,2025,10,SF,QB,0,0,rolling3,1.0,0.6666666666666666,QB1
00-0036972,2025,11,SF,QB,0,0,rolling3,0.0,1.0,QB1
00-0036972,2025,12,SF,QB,0,0,rolling3,0.0,0.6666666666666666,QB1
00-0036972,2025,13,SF,QB,0,0,rolling3,0.0,0.3333333333333333,QB2
00-0036972,2025,15,SF,QB,0,0,rolling3,0.0,0.0,QB2
00-0036972,2025,16,SF,QB,0,0,rolling3,0.0,0.0,QB2
00-0036972,2025,17,SF,QB,0,0,rolling3,0.0,0.0,QB2
00-0036972,2025,18,SF,QB,0,0,rolling3,0.0,0.0,QB2
00-0037012,2025,1,LAC,QB,1,0,rolling3,0.0,0.0,QB3
00-0037012,2025,2,LAC,QB,1,0,rolling3,0.0,0.0,QB2
00-0037012,2025,3,LAC,QB,1,0,rolling3,0.0,0.0,QB2
00-0037012,2025,4,LAC,QB,0,0,rolling3,0.0,0.0,QB2
00-0037012,2025,5,LAC,QB,0,0,rolling3,0.0,0.0,QB2
00-0037012,2025,6,LAC,QB,0,0,rolling3,0.0,0.0,QB2
00-0037012,2025,7,LAC,QB,0,0,rolling3,0.0,0.0,QB2
00-0037012,2025,8,LAC,QB,0,0,rolling3,0.0,0.0,QB2
00-0037012,2025,9,LAC,QB,0,0,rolling3,0.0,0.0,QB2
00-0037012,2025,10,LAC,QB,0,0,rolling3,0.0,0.0,QB2
00-0037012,2025,11,LAC,QB,0,0,rolling3,0.0,0.0,QB2
00-0037012,2025,13,LAC,QB,0,0,rolling3,0.0,0.0,QB2
00-0037012,2025,14,LAC,QB,0,0,rolling3,0.0,0.0,QB2
00-0037012,2025,15,LAC,QB,0,0,rolling3,0.0,0.0,QB2
00-0037012,2025,16,LAC,QB,0,0,rolling3,0.0,0.0,QB2
00-0037012,2025,17,LAC,QB,0,0,rolling3,0.0,0.0,QB2
00-0037012,2025,18,LAC,QB,0,0,rolling3,0.0,0.0,QB2
00-0037013,2025,1,MIA,QB,1,0,rolling3,0.0,0.0,QB2
00-0037013,2025,2,MIA,QB,1,0,rolling3,0.0,0.0,QB2
00-0037013,2025,3,MIA,QB,1,0,rolling3,0.0,0.0,QB2
00-0037013,2025,4,MIA,QB,0,0,rolling3,0.0,0.0,QB2
00-0037013,2025,5,MIA,QB,0,0,rolling3,0.0,0.0,QB2
00-0037013,2025,6,MIA,QB,0,0,rolling3,0.0,0.0,QB2
00-0037013,2025,7,MIA,QB,0,0,rolling3,0.0,0.0,QB2
00-0037013,2025,8,MIA,QB,0,0,rolling3,0.0,0.0,QB3
00-0037013,2025,9,MIA,QB,0,0,rolling3,0.0,0.0,QB3
00-0037013,2025,10,MIA,QB,0,0,rolling3,0.0,0.0,QB3
00-0037013,2025,11,MIA,QB,0,0,rolling3,0.0,0.0,QB2
00-0037013,2025,13,MIA,QB,0,0,rolling3,0.0,0.0,QB2
00-0037013,2025,14,MIA,QB,0,0,rolling3,0.0,0.0,QB2
00-0037013,2025,15,MIA,QB,0,0,rolling3,0.0,0.0,QB2
00-0037013,2025,16,MIA,QB,0,0,rolling3,0.0,0.0,QB2
00-0037013,2025,17,MIA,QB,0,0,rolling3,0.0,0.0,QB3
00-0037013,2025,18,MIA,QB,0,0,rolling3,0.0,0.0,QB3
00-0037077,2025,1,PHI,QB,1,0,rolling3,0.0,0.0,QB2
00-0037077,2025,2,PHI,QB,1,0,rolling3,0.0,0.0,QB2
00-0037077,2025,3,PHI,QB,1,0,rolling3,0.0,0.0,QB2
00-0037077,2025,4,PHI,QB,0,0,rolling3,0.0,0.0,QB2
00-0037077,2025,5,PHI,QB,0,0,rolling3,0.0,0.0,QB2
00-0037077,2025,6,PHI,QB,0,0,rolling3,0.0,0.0,QB2
00-0037077,2025,7,PHI,QB,0,0,rolling3,0.0,0.0,QB2
00-0037077,2025,8,PHI,QB,0,0,rolling3,0.0,0.0,QB2
00-0037077,2025,10,PHI,QB,0,0,rolling3,0.0,0.0,QB3
00-0037077,2025,11,PHI,QB,0,0,rolling3,0.0,0.0,QB3
00-0037077,2025,12,PHI,QB,0,0,rolling3,0.0,0.0,QB3
00-0037077,2025,13,PHI,QB,0,0,rolling3,0.0,0.0,QB2
00-0037077,2025,14,PHI,QB,0,0,rolling3,0.0,0.0,QB2
00-0037077,2025,15,PHI,QB,0,0,rolling3,0.0,0.0,QB2
00-0037077,2025,16,PHI,QB,0,0,rolling3,0.0,0.0,QB3
00-0037077,2025,17,PHI,QB,0,0,rolling3,0.0,0.0,QB3
00-0037077,2025,18,PHI,QB,0,0,rolling3,0.0,0.0,QB3
00-0037324,2025,1,KC,QB,1,0,rolling3,0.0,0.0,QB3
00-0037324,2025,2,KC,QB,1,0,rolling3,0.0,0.0,QB3
00-0037324,2025,3,KC,QB,1,0,rolling3,0.0,0.0,QB3
00-0037324,2025,4,KC,QB,0,0,rolling3,0.0,0.0,QB3
00-0037324,2025,5,KC,QB,0,0,rolling3,0.0,0.0,QB3
00-0037324,2025,6,KC,QB,0,0,rolling3,0.0,0.0,QB3
00-0037324,2025,7,KC,QB,0,0,rolling3,0.0,0.0,QB3
00-0037324,2025,8,KC,QB,0,0,rolling3,0.0,0.0,QB3
00-0037324,2025,9,KC,QB,0,0,rolling3,0.0,0.0,QB3
00-0037324,2025,11,KC,QB,0,0,rolling3,0.0,0.0,QB3
00-0037324,2025,12,KC,QB,0,0,rolling3,0.0,0.0,QB3
00-0037324,2025,13,KC,QB,0,0,rolling3,0.0,0.0,QB3
00-0037324,2025,14,KC,QB,0,0,rolling3,0.0,0.0,QB3
00-0037324,2025,15,KC,QB,0,0,rolling3,0.0,0.0,QB3
00-0037324,2025,16,KC,QB,0,0,rolling3,0.0,0.0,QB3
00-0037324,2025,17,KC,QB,0,0,rolling3,1.0,0.0,QB2
00-0037324,2025,18,KC,QB,0,0,rolling3,0.0,0.3333333333333333,QB1
00-0037327,2025,1,PIT,QB,1,0,rolling3,0.0,0.0,QB3
00-0037327,2025,2,PIT,QB,1,0,rolling3,0.0,0.0,QB3
00-0037327,2025,3,PIT,QB,1,0,rolling3,0.0,0.0,QB4
00-0037327,2025,4,PIT,QB,0,0,rolling3,0.0,0.0,QB4
00-0037327,2025,6,PIT,QB,0,0,rolling3,0.0,0.0,QB4
00-0037327,2025,7,PIT,QB,0,0,rolling3,0.0,0.0,QB4
00-0037327,2025,8,PIT,QB,0,0,rolling3,0.0,0.0,QB4
00-0037327,2025,9,PIT,QB,0,0,rolling3,0.0,0.0,QB3
00-0037327,2025,10,PIT,QB,0,0,rolling3,0.0,0.0,QB3
00-0037327,2025,11,PIT,QB,0,0,rolling3,0.0,0.0,QB3
00-0037327,2025,12,PIT,QB,0,0,rolling3,0.0,0.0,QB3
00-0037327,2025,13,PIT,QB,0,0,rolling3,0.0,0.0,QB3
00-0037327,2025,14,PIT,QB,0,0,rolling3,0.0,0.0,QB3
00-0037327,2025,15,PIT,QB,0,0,rolling3,0.0,0.0,QB3
00-0037327,2025,16,PIT,QB,0,0,rolling3,0.0,0.0,QB3
00-0037327,2025,17,PIT,QB,0,0,rolling3,0.0,0.0,QB3
00-0037327,2025,18,PIT,QB,0,0,rolling3,0.0,0.0,QB3
00-0037834,2025,1,SF,QB,1,0,rolling3,1.0,0.6470588235294118,QB2
00-0037834,2025,2,SF,QB,1,0,rolling3,0.0,0.6470588235294118,QB1
00-0037834,2025,3,SF,QB,1,0,rolling3,0.0,0.6470588235294118,QB2
00-0037834,2025,4,SF,QB,0,0,rolling3,1.0,0.3333333333333333,QB2
00-0037834,2025,5,SF,QB,0,0,rolling3,0.0,0.3333333333333333,QB2
00-0037834,2025,6,SF,QB,0,0,rolling3,0.0,0.3333333333333333,QB2
00-0037834,2025,7,SF,QB,0,0,rolling3,0.0,0.3333333333333333,QB2
00-0037834,2025,8,SF,QB,0,0,rolling3,0.0,0.0,QB2
00-0037834,2025,9,SF,QB,0,0,rolling3,0.0,0.0,QB2
00-0037834,2025,10,SF,QB,0,0,rolling3,0.0,0.0,QB2
00-0037834,2025,11,SF,QB,0,0,rolling3,1.0,0.0,QB2
00-0037834,2025,12,SF,QB,0,0,rolling3,1.0,0.3333333333333333,QB2
00-0037834,2025,13,SF,QB,0,0,rolling3,1.0,0.6666666666666666,QB1
00-0037834,2025,15,SF,QB,0,0,rolling3,1.0,1.0,QB1
00-0037834,2025,16,SF,QB,0,0,rolling3,1.0,1.0,QB1
00-0037834,2025,17,SF,QB,0,0,rolling3,1.0,1.0,QB1
00-0037834,2025,18,SF,QB,0,0,rolling3,0.0,1.0,QB1
00-0038102,2025,1,LV,QB,1,0,rolling3,0.0,0.0784313725490196,QB3
00-0038102,2025,2,LV,QB,1,0,rolling3,0.0,0.0784313725490196,QB3
00-0038102,2025,3,LV,QB,1,0,rolling3,0.0,0.0784313725490196,QB3
00-0038102,2025,4,LV,QB,0,0,rolling3,0.0,0.0,QB3
00-0038102,2025,5,LV,QB,0,0,rolling3,0.0,0.0,QB3
00-0038102,2025,6,LV,QB,0,0,rolling3,0.0,0.0,QB3
00-0038102,2025,7,LV,QB,0,0,rolling3,0.0,0.0,QB2
00-0038102,2025,9,LV,QB,0,0,rolling3,0.0,0.0,QB2
00-0038102,2025,10,LV,QB,0,0,rolling3,0.0,0.0,QB2
00-0038102,2025,11,LV,QB,0,0,rolling3,0.0,0.0,QB2
00-0038102,2025,12,LV,QB,0,0,rolling3,0.0,0.0,QB2
00-0038102,2025,13,LV,QB,0,0,rolling3,0.0,0.0,QB2
00-0038102,2025,14,LV,QB,0,0,rolling3,0.5,0.0,QB2
00-0038102,2025,15,LV,QB,0,0,rolling3,0.0,0.16666666666666666,QB2
00-0038102,2025,16,LV,QB,0,0,rolling3,0.0,0.16666666666666666,QB2
00-0038102,2025,17,LV,QB,0,0,rolling3,0.0,0.16666666666666666,QB2
00-0038102,2025,18,LV,QB,0,0,rolling3,0.0,0.0,QB2
00-0038108,2025,1,CLE,QB,1,0,rolling3,0.0,0.0625,QB3
00-0038108,2025,2,CLE,QB,1,0,rolling3,0.0,0.0625,QB3
00-0038108,2025,3,CLE,QB,1,0,rolling3,0.0,0.0625,QB4
00-0038108,2025,4,CLE,QB,0,0,rolling3,0.0,0.0,QB4
00-0038108,2025,5,CLE,QB,0,0,rolling3,0.0,0.0,QB4
00-0038108,2025,6,CLE,QB,0,0,rolling3,0.0,0.0,QB3
00-0038108,2025,7,CLE,QB,0,0,rolling3,0.0,0.0,QB3
00-0038108,2025,8,CLE,QB,0,0,rolling3,0.0,0.0,QB3
00-0038108,2025,10,CLE,QB,0,0,rolling3,0.0,0.0,QB3
00-0038108,2025,11,CLE,QB,0,0,rolling3,0.0,0.0,QB3
00-0038108,2025,12,CLE,QB,0,0,rolling3,0.0,0.0,QB4
00-0038108,2025,13,CLE,QB,0,0,rolling3,0.0,0.0,QB4
00-0038108,2025,14,CLE,QB,0,0,rolling3,0.0,0.0,QB4
00-0038108,2025,15,CLE,QB,0,0,rolling3,0.0,0.0,QB4
00-0038108,2025,16,CLE,QB,0,0,rolling3,0.0,0.0,QB4
00-0038108,2025,17,CLE,QB,0,0,rolling3,0.0,0.0,QB4
00-0038108,2025,18,CLE,QB,0,0,rolling3,0.0,0.0,QB4
00-0038122,2025,1,CIN,QB,1,0,rolling3,0.0,0.11764705882352941,QB4
00-0038122,2025,3,MIN,QB,1,0,rolling3,0.0,0.11764705882352941,QB3
00-0038122,2025,4,MIN,QB,1,0,rolling3,0.0,0.11764705882352941,QB4
00-0038122,2025,5,MIN,QB,0,0,rolling3,0.0,0.0,QB4
00-0038122,2025,13,MIN,QB,0,0,rolling3,0.0,0.0,QB4
00-0038122,2025,14,MIN,QB,0,0,rolling3,0.0,0.0,QB4
00-0038122,2025,18,GB,QB,0,0,rolling3,0.0,0.0,QB4
00-0038128,2025,1,GB,QB,1,0,rolling3,0.0,0.17647058823529413,QB2
00-0038128,2025,2,GB,QB,1,0,rolling3,0.0,0.17647058823529413,QB2
00-0038128,2025,3,GB,QB,1,0,rolling3,0.0,0.17647058823529413,QB2
00-0038128,2025,4,GB,QB,0,0,rolling3,0.0,0.0,QB2
00-0038128,2025,6,GB,QB,0,0,rolling3,0.0,0.0,QB2
00-0038128,2025,7,GB,QB,0,0,rolling3,0.0,0.0,QB2
00-0038128,2025,8,GB,QB,0,0,rolling3,0.0,0.0,QB2
00-0038128,2025,9,GB,QB,0,0,rolling3,0.0,0.0,QB2
00-0038128,2025,10,GB,QB,0,0,rolling3,0.0,0.0,QB2
00-0038128,2025,11,GB,QB,0,0,rolling3,0.3333333333333333,0.0,QB2
00-0038128,2025,12,GB,QB,0,0,rolling3,0.0,0.1111111111111111,QB2
00-0038128,2025,13,GB,QB,0,0,rolling3,0.0,0.1111111111111111,QB2
00-0038128,2025,14,GB,QB,0,0,rolling3,0.0,0.1111111111111111,QB2
00-0038128,2025,15,GB,QB,0,0,rolling3,0.0,0.0,QB2
00-0038128,2025,16,GB,QB,0,0,rolling3,1.0,0.0,QB2
00-0038128,2025,17,GB,QB,0,0,rolling3,1.0,0.3333333333333333,QB2
00-0038128,2025,18,GB,QB,0,0,rolling3,0.0,0.6666666666666666,QB1
00-0038385,2025,1,LA,QB,1,0,rolling3,0.0,0.0,QB3
00-0038391,2025,1,GB,QB,1,0,rolling3,0.0,0.0,QB3
00-0038391,2025,3,CIN,QB,1,0,rolling3,0.0,0.0,QB4
00-0038391,2025,4,CIN,QB,1,0,rolling3,0.0,0.0,QB4
00-0038391,2025,5,CIN,QB,0,0,rolling3,0.0,0.0,QB4
00-0038391,2025,6,CIN,QB,0,0,rolling3,0.0,0.0,QB4
00-0038391,2025,7,CIN,QB,0,0,rolling3,0.0,0.0,QB4
00-0038391,2025,8,CIN,QB,0,0,rolling3,0.0,0.0,QB4
00-0038391,2025,9,CIN,QB,0,0,rolling3,0.0,0.0,QB4
00-0038391,2025,11,CIN,QB,0,0,rolling3,0.0,0.0,QB4
00-0038391,2025,12,CIN,QB,0,0,rolling3,0.0,0.0,QB4
00-0038391,2025,13,CIN,QB,0,0,rolling3,0.0,0.0,QB4
00-0038391,2025,14,CIN,QB,0,0,rolling3,0.0,0.0,QB4
00-0038391,2025,15,CIN,QB,0,0,rolling3,0.0,0.0,QB4
00-0038391,2025,16,CIN,QB,0,0,rolling3,0.0,0.0,QB4
00-0038391,2025,17,CIN,QB,0,0,rolling3,0.0,0.0,QB4
00-0038391,2025,18,CIN,QB,0,0,rolling3,0.0,0.0,QB4
00-0038400,2025,1,PHI,QB,1,0,rolling3,0.0,0.0980392156862745,QB3
00-0038400,2025,2,PHI,QB,1,0,rolling3,0.0,0.0980392156862745,QB3
00-0038400,2025,3,PHI,QB,1,0,rolling3,0.0,0.0980392156862745,QB3
00-0038400,2025,4,PHI,QB,0,0,rolling3,0.0,0.0,QB3
00-0038400,2025,5,PHI,QB,0,0,rolling3,0.0,0.0,QB3
00-0038400,2025,6,PHI,QB,0,0,rolling3,0.0,0.0,QB3
00-0038400,2025,7,PHI,QB,0,0,rolling3,0.0,0.0,QB3
00-0038400,2025,8,PHI,QB,0,0,rolling3,0.0,0.0,QB3
00-0038400,2025,10,PHI,QB,0,0,rolling3,0.0,0.0,QB2
00-0038400,2025,11,PHI,QB,0,0,rolling3,0.0,0.0,QB2
00-0038400,2025,12,PHI,QB,0,0,rolling3,0.0,0.0,QB2
00-0038400,2025,13,PHI,QB,0,0,rolling3,0.0,0.0,QB3
00-0038400,2025,14,PHI,QB,0,0,rolling3,0.0,0.0,QB3
00-0038400,2025,15,PHI,QB,0,0,rolling3,0.0,0.0,QB3
00-0038400,2025,16,PHI,QB,0,0,rolling3,0.0,0.0,QB2
00-0038400,2025,17,PHI,QB,0,0,rolling3,0.0,0.0,QB2
00-0038400,2025,18,PHI,QB,0,0,rolling3,1.0,0.0,QB2
00-0038416,2025,1,CHI,QB,1,0,rolling3,0.0,0.0,QB2
00-0038416,2025,2,CHI,QB,1,0,rolling3,0.0,0.0,QB3
00-0038416,2025,3,CHI,QB,1,0,rolling3,0.0,0.0,QB2
00-0038416,2025,4,CHI,QB,0,0,rolling3,0.0,0.0,QB2
00-0038416,2025,6,CHI,QB,0,0,rolling3,0.0,0.0,QB2
00-0038416,2025,7,CHI,QB,0,0,rolling3,0.0,0.0,QB3
00-0038416,2025,8,CHI,QB,0,0,rolling3,0.0,0.0,QB3
00-0038416,2025,9,CHI,QB,0,0,rolling3,0.0,0.0,QB3
00-0038416,2025,10,CHI,QB,0,0,rolling3,0.0,0.0,QB2
00-0038416,2025,11,CHI,QB,0,0,rolling3,0.0,0.0,QB2
00-0038416,2025,12,CHI,QB,0,0,rolling3,0.0,0.0,QB2
00-0038416,2025,13,CHI,QB,0,0,rolling3,0.0,0.0,QB2
00-0038416,2025,14,CHI,QB,0,0,rolling3,0.0,0.0,QB2
00-0038416,2025,15,CHI,QB,0,0,rolling3,0.0,0.0,QB3
00-0038416,2025,16,CHI,QB,0,0,rolling3,0.0,0.0,QB3
00-0038416,2025,17,CHI,QB,0,0,rolling3,0.0,0.0,QB3
00-0038416,2025,18,CHI,QB,0,0,rolling3,0.0,0.0,QB3
00-0038476,2025,1,NE,QB,1,0,rolling3,0.0,0.0,QB2
00-0038476,2025,2,NE,QB,1,0,rolling3,0.0,0.0,QB3
00-0038476,2025,3,NE,QB,1,0,rolling3,0.0,0.0,QB3
00-0038476,2025,4,NE,QB,0,0,rolling3,0.0,0.0,QB3
00-0038476,2025,5,NE,QB,0,0,rolling3,0.0,0.0,QB3
00-0038476,2025,6,NE,QB,0,0,rolling3,0.0,0.0,QB3
00-0038476,2025,7,NE,QB,0,0,rolling3,0.0,0.0,QB3
00-0038476,2025,8,NE,QB,0,0,rolling3,0.0,0.0,QB3
00-0038476,2025,9,NE,QB,0,0,rolling3,0.0,0.0,QB3
00-0038476,2025,10,NE,QB,0,0,rolling3,0.0,0.0,QB3
00-0038476,2025,11,NE,QB,0,0,rolling3,0.0,0.0,QB3
00-0038476,2025,12,NE,QB,0,0,rolling3,0.0,0.0,QB3
00-0038476,2025,13,NE,QB,0,0,rolling3,0.0,0.0,QB3
00-0038476,2025,15,NE,QB,0,0,rolling3,0.0,0.0,QB3
00-0038476,2025,16,NE,QB,0,0,rolling3,0.0,0.0,QB3
00-0038476,2025,17,NE,QB,0,0,rolling3,0.0,0.0,QB3
00-0038476,2025,18,NE,QB,0,0,rolling3,0.0,0.0,QB3
00-0038550,2025,1,CAR,QB,1,0,rolling3,0.0,0.0,QB2
00-0038550,2025,2,CAR,QB,1,0,rolling3,0.0,0.0,QB3
00-0038550,2025,3,CAR,QB,1,0,rolling3,0.0,0.0,QB3
00-0038550,2025,4,CAR,QB,0,0,rolling3,0.0,0.0,QB3
00-0038550,2025,5,CAR,QB,0,0,rolling3,0.0,0.0,QB3
00-0038550,2025,6,CAR,QB,0,0,rolling3,0.0,0.0,QB3
00-0038550,2025,7,CAR,QB,0,0,rolling3,0.0,0.0,QB3
00-0038550,2025,8,CAR,QB,0,0,rolling3,0.0,0.0,QB4
00-0038550,2025,9,CAR,QB,0,0,rolling3,0.0,0.0,QB4
00-0038550,2025,10,CAR,QB,0,0,rolling3,0.0,0.0,QB4
00-0038550,2025,16,NYJ,QB,0,0,rolling3,0.0,0.0,QB4
00-0038550,2025,17,NYJ,QB,0,0,rolling3,0.0,0.0,QB4
00-0038550,2025,18,NYJ,QB,0,0,rolling3,0.0,0.0,QB4
00-0038579,2025,1,LV,QB,1,0,rolling3,0.0,0.2647058823529412,QB4
00-0038579,2025,2,LV,QB,1,0,rolling3,0.0,0.2647058823529412,QB4
00-0038579,2025,3,LV,QB,1,0,rolling3,0.0,0.2647058823529412,QB4
00-0038579,2025,4,LV,QB,0,0,rolling3,0.0,0.0,QB4
00-0038579,2025,5,LV,QB,0,0,rolling3,0.0,0.0,QB4
00-0038579,2025,6,LV,QB,0,0,rolling3,0.0,0.0,QB4
00-0038579,2025,7,LV,QB,0,0,rolling3,0.0,0.0,QB3
00-0038579,2025,9,LV,QB,0,0,rolling3,0.0,0.0,QB3
00-0038579,2025,10,LV,QB,0,0,rolling3,0.0,0.0,QB3
00-0038579,2025,11,LV,QB,0,0,rolling3,0.0,0.0,QB3
00-0038579,2025,12,LV,QB,0,0,rolling3,0.0,0.0,QB3
00-0038579,2025,13,LV,QB,0,0,rolling3,0.0,0.0,QB3
00-0038579,2025,14,LV,QB,0,0,rolling3,0.0,0.0,QB3
00-0038579,2025,15,LV,QB,0,0,rolling3,0.0,0.0,QB3
00-0038579,2025,16,LV,QB,0,0,rolling3,0.0,0.0,QB3
00-0038579,2025,17,LV,QB,0,0,rolling3,0.0,0.0,QB3
00-0038579,2025,18,LV,QB,0,0,rolling3,0.0,0.0,QB3
00-0038582,2025,1,GB,QB,1,0,rolling3,0.0,0.0,QB4
00-0038582,2025,2,GB,QB,1,0,rolling3,0.0,0.0,QB3
00-0038582,2025,3,GB,QB,1,0,rolling3,0.0,0.0,QB3
00-0038582,2025,4,GB,QB,0,0,rolling3,0.0,0.0,QB3
00-0038582,2025,6,GB,QB,0,0,rolling3,0.0,0.0,QB3
00-0038582,2025,7,GB,QB,0,0,rolling3,0.0,0.0,QB3
00-0038582,2025,8,GB,QB,0,0,rolling3,0.0,0.0,QB3
00-0038582,2025,9,GB,QB,0,0,rolling3,0.0,0.0,QB3
00-0038582,2025,10,GB,QB,0,0,rolling3,0.0,0.0,QB3
00-0038582,2025,11,GB,QB,0,0,rolling3,0.0,0.0,QB3
00-0038582,2025,12,GB,QB,0,0,rolling3,0.0,0.0,QB3
00-0038582,2025,13,GB,QB,0,0,rolling3,0.0,0.0,QB3
00-0038582,2025,14,GB,QB,0,0,rolling3,0.0,0.0,QB3
00-0038582,2025,15,GB,QB,0,0,rolling3,0.0,0.0,QB3
00-0038582,2025,16,GB,QB,0,0,rolling3,0.0,0.0,QB3
00-0038582,2025,17,GB,QB,0,0,rolling3,0.0,0.0,QB3
00-0038582,2025,18,GB,QB,0,0,rolling3,0.0,0.0,QB3
00-0038583,2025,1,PHI,QB,1,0,rolling3,0.0,0.0,QB4
00-0038658,2025,1,SF,QB,1,0,rolling3,0.0,0.0,QB3
00-0038658,2025,2,SF,QB,1,0,rolling3,0.0,0.0,QB3
00-0038658,2025,3,SF,QB,1,0,rolling3,0.0,0.0,QB3
00-0038658,2025,4,SF,QB,0,0,rolling3,0.0,0.0,QB3
00-0038658,2025,5,SF,QB,0,0,rolling3,0.0,0.0,QB3
00-0038658,2025,6,SF,QB,0,0,rolling3,0.0,0.0,QB3
00-0038658,2025,7,SF,QB,0,0,rolling3,0.0,0.0,QB3
00-0038658,2025,8,SF,QB,0,0,rolling3,0.0,0.0,QB3
00-0038658,2025,9,SF,QB,0,0,rolling3,0.0,0.0,QB3
00-0038658,2025,10,SF,QB,0,0,rolling3,0.0,0.0,QB3
00-0038658,2025,11,SF,QB,0,0,rolling3,0.0,0.0,QB3
00-0038658,2025,12,SF,QB,0,0,rolling3,0.0,0.0,QB3
00-0038658,2025,13,SF,QB,0,0,rolling3,0.0,0.0,QB3
00-0038658,2025,15,NYJ,QB,0,0,rolling3,0.0,0.0,QB4
00-0038658,2025,16,SF,QB,0,0,rolling3,0.0,0.0,QB3
00-0038658,2025,17,SF,QB,0,0,rolling3,0.0,0.0,QB3
00-0038658,2025,18,SF,QB,0,0,rolling3,0.0,0.0,QB3
00-0038998,2025,1,NO,QB,1,0,rolling3,0.0,0.058823529411764705,QB3
00-0038998,2025,2,NO,QB,1,0,rolling3,0.0,0.058823529411764705,QB4
00-0038998,2025,3,NO,QB,1,0,rolling3,0.0,0.058823529411764705,QB4
00-0038998,2025,4,NO,QB,0,0,rolling3,0.0,0.0,QB4
00-0038998,2025,5,NO,QB,0,0,rolling3,0.0,0.0,QB4
00-0038998,2025,6,NO,QB,0,0,rolling3,0.0,0.0,QB4
00-0038998,2025,7,NO,QB,0,0,rolling3,0.0,0.0,QB4
00-0038998,2025,8,NO,QB,0,0,rolling3,0.0,0.0,QB4
00-0038998,2025,9,NO,QB,0,0,rolling3,0.0,0.0,QB4
00-0038998,2025,10,NO,QB,0,0,rolling3,0.0,0.0,QB4
00-0038998,2025,12,NO,QB,0,0,rolling3,0.0,0.0,QB4
00-0038998,2025,13,NO,QB,0,0,rolling3,0.0,0.0,QB4
00-0038998,2025,14,NO,QB,0,0,rolling3,0.0,0.0,QB4
00-0038998,2025,15,NO,QB,0,0,rolling3,0.0,0.0,QB4
00-0038998,2025,16,NO,QB,0,0,rolling3,0.0,0.0,QB4
00-0038998,2025,17,NO,QB,0,0,rolling3,0.0,0.0,QB4
00-0038998,2025,18,NO,QB,0,0,rolling3,0.0,0.0,QB4
00-0039107,2025,1,LA,QB,1,0,rolling3,0.0,0.0,QB4
00-0039107,2025,2,LA,QB,1,0,rolling3,0.0,0.0,QB3
00-0039107,2025,3,LA,QB,1,0,rolling3,0.0,0.0,QB3
00-0039107,2025,4,LA,QB,0,0,rolling3,0.0,0.0,QB3
00-0039107,2025,5,LA,QB,0,0,rolling3,0.0,0.0,QB3
00-0039107,2025,6,LA,QB,0,0,rolling3,0.0,0.0,QB3
00-0039107,2025,7,LA,QB,0,0,rolling3,0.0,0.0,QB3
00-0039107,2025,9,LA,QB,0,0,rolling3,0.0,0.0,QB3
00-0039107,2025,10,LA,QB,0,0,rolling3,0.0,0.0,QB3
00-0039107,2025,11,LA,QB,0,0,rolling3,0.0,0.0,QB3
00-0039107,2025,12,LA,QB,0,0,rolling3,0.0,0.0,QB3
00-0039107,2025,13,LA,QB,0,0,rolling3,0.0,0.0,QB3
00-0039107,2025,14,LA,QB,0,0,rolling3,0.0,0.0,QB3
00-0039107,2025,15,LA,QB,0,0,rolling3,0.0,0.0,QB3
00-0039107,2025,16,LA,QB,0,0,rolling3,0.0,0.0,QB3
00-0039107,2025,17,LA,QB,0,0,rolling3,0.0,0.0,QB3
00-0039107,2025,18,LA,QB,0,0,rolling3,0.0,0.0,QB3
00-0039150,2025,1,CAR,QB,1,0,rolling3,1.0,0.5882352941176471,QB3
00-0039150,2025,2,CAR,QB,1,0,rolling3,1.0,0.5882352941176471,QB1
00-0039150,2025,3,CAR,QB,1,0,rolling3,0.0,0.5882352941176471,QB1
00-0039150,2025,4,CAR,QB,0,0,rolling3,0.5,0.6666666666666666,QB1
00-0039150,2025,5,CAR,QB,0,0,rolling3,1.0,0.5,QB1
00-0039150,2025,6,CAR,QB,0,0,rolling3,1.0,0.5,QB1
00-0039150,2025,7,CAR,QB,0,0,rolling3,1.0,0.8333333333333334,QB1
00-0039150,2025,8,CAR,QB,0,0,rolling3,0.0,1.0,QB1
00-0039150,2025,9,CAR,QB,0,0,rolling3,0.0,0.6666666666666666,QB1
00-0039150,2025,10,CAR,QB,0,0,rolling3,0.0,0.3333333333333333,QB1
00-0039150,2025,11,CAR,QB,0,0,rolling3,1.0,0.0,QB1
00-0039150,2025,12,CAR,QB,0,0,rolling3,1.0,0.3333333333333333,QB1
00-0039150,2025,13,CAR,QB,0,0,rolling3,1.0,0.6666666666666666,QB1
00-0039150,2025,15,CAR,QB,0,0,rolling3,1.0,1.0,QB1
00-0039150,2025,16,CAR,QB,0,0,rolling3,1.0,1.0,QB1
00-0039150,2025,17,CAR,QB,0,0,rolling3,0.0,1.0,QB1
00-0039150,2025,18,CAR,QB,0,0,rolling3,1.0,0.6666666666666666,QB1
00-0039152,2025,1,TEN,QB,1,0,rolling3,0.0,0.5294117647058824,QB3
00-0039152,2025,2,TEN,QB,1,0,rolling3,0.0,0.5294117647058824,QB4
00-0039152,2025,3,TEN,QB,1,0,rolling3,0.0,0.5294117647058824,QB4
00-0039152,2025,4,TEN,QB,0,0,rolling3,0.0,0.0,QB4
00-0039152,2025,5,TEN,QB,0,0,rolling3,0.0,0.0,QB4
00-0039152,2025,6,TEN,QB,0,0,rolling3,0.0,0.0,QB4
00-0039152,2025,7,TEN,QB,0,0,rolling3,0.0,0.0,QB4
00-0039152,2025,8,TEN,QB,0,0,rolling3,0.0,0.0,QB4
00-0039152,2025,9,TEN,QB,0,0,rolling3,0.0,0.0,QB4
00-0039152,2025,11,TEN,QB,0,0,rolling3,0.0,0.0,QB4
00-0039152,2025,12,TEN,QB,0,0,rolling3,0.0,0.0,QB4
00-0039152,2025,13,TEN,QB,0,0,rolling3,0.0,0.0,QB4
00-0039152,2025,14,TEN,QB,0,0,rolling3,0.0,0.0,QB4
00-0039152,2025,15,TEN,QB,0,0,rolling3,0.0,0.0,QB4
00-0039152,2025,16,TEN,QB,0,0,rolling3,0.0,0.0,QB4
00-0039152,2025,17,TEN,QB,0,0,rolling3,0.0,0.0,QB4
00-0039152,2025,18,TEN,QB,0,0,rolling3,0.0,0.0,QB4
00-0039163,2025,1,HOU,QB,1,0,rolling3,0.0,0.7647058823529411,QB1
00-0039163,2025,2,HOU,QB,1,0,rolling3,1.0,0.7647058823529411,QB1
00-0039163,2025,3,HOU,QB,1,0,rolling3,1.0,0.7647058823529411,QB1
00-0039163,2025,4,HOU,QB,0,0,rolling3,1.0,0.6666666666666666,QB1
00-0039163,2025,5,HOU,QB,0,0,rolling3,1.0,1.0,QB1
00-0039163,2025,7,HOU,QB,0,0,rolling3,1.0,1.0,QB1
00-0039163,2025,8,HOU,QB,0,0,rolling3,1.0,1.0,QB1
00-0039163,2025,9,HOU,QB,0,0,rolling3,0.0,1.0,QB1
00-0039163,2025,10,HOU,QB,0,0,rolling3,0.0,0.6666666666666666,QB1
00-0039163,2025,11,HOU,QB,0,0,rolling3,0.0,0.3333333333333333,QB2
00-0039163,2025,12,HOU,QB,0,0,rolling3,0.0,0.0,QB2
00-0039163,2025,13,HOU,QB,0,0,rolling3,0.0,0.0,QB2
00-0039163,2025,14,HOU,QB,0,0,rolling3,1.0,0.0,QB2
00-0039163,2025,15,HOU,QB,0,0,rolling3,1.0,0.3333333333333333,QB1
00-0039163,2025,16,HOU,QB,0,0,rolling3,1.0,0.6666666666666666,QB1
00-0039163,2025,17,HOU,QB,0,0,rolling3,1.0,1.0,QB1
00-0039163,2025,18,HOU,QB,0,0,rolling3,1.0,1.0,QB1
00-0039164,2025,1,IND,QB,1,0,rolling3,0.0,0.35294117647058826,QB1
00-0039164,2025,2,IND,QB,1,0,rolling3,0.0,0.35294117647058826,QB2
00-0039164,2025,3,IND,QB,1,0,rolling3,0.0,0.35294117647058826,QB2
00-0039164,2025,4,IND,QB,0,0,rolling3,0.0,0.0,QB2
00-0039164,2025,5,IND,QB,0,0,rolling3,0.0,0.0,QB2
00-0039164,2025,6,IND,QB,0,0,rolling3,0.0,0.0,QB2
00-0039164,2025,7,IND,QB,0,0,rolling3,0.0,0.0,QB2
00-0039164,2025,8,IND,QB,0,0,rolling3,0.0,0.0,QB2
00-0039164,2025,9,IND,QB,0,0,rolling3,0.0,0.0,QB4
00-0039164,2025,10,IND,QB,0,0,rolling3,0.0,0.0,QB4
00-0039164,2025,12,IND,QB,0,0,rolling3,0.0,0.0,QB4
00-0039164,2025,13,IND,QB,0,0,rolling3,0.0,0.0,QB3
00-0039164,2025,14,IND,QB,0,0,rolling3,0.0,0.0,QB3
00-0039164,2025,15,IND,QB,0,0,rolling3,0.0,0.0,QB4
00-0039164,2025,16,IND,QB,0,0,rolling3,0.0,0.0,QB4
00-0039164,2025,17,IND,QB,0,0,rolling3,0.0,0.0,QB4
00-0039164,2025,18,IND,QB,0,0,rolling3,0.0,0.0,QB4
00-0039331,2025,1,ATL,QB,1,0,rolling3,0.0,0.0,QB4
00-0039331,2025,2,ATL,QB,1,0,rolling3,0.0,0.0,QB4
00-0039331,2025,3,ATL,QB,1,0,rolling3,0.0,0.0,QB4
00-0039331,2025,4,ATL,QB,0,0,rolling3,0.0,0.0,QB4
00-0039331,2025,6,ATL,QB,0,0,rolling3,0.0,0.0,QB4
00-0039331,2025,7,ATL,QB,0,0,rolling3,0.0,0.0,QB4
00-0039331,2025,8,ATL,QB,0,0,rolling3,0.0,0.0,QB4
00-0039331,2025,9,ATL,QB,0,0,rolling3,0.0,0.0,QB4
00-0039331,2025,10,ATL,QB,0,0,rolling3,0.0,0.0,QB4
00-0039331,2025,11,ATL,QB,0,0,rolling3,0.0,0.0,QB4
00-0039331,2025,12,ATL,QB,0,0,rolling3,0.0,0.0,QB4
00-0039331,2025,13,ATL,QB,0,0,rolling3,0.0,0.0,QB4
00-0039331,2025,14,ATL,QB,0,0,rolling3,0.0,0.0,QB4
00-0039331,2025,15,ATL,QB,0,0,rolling3,0.0,0.0,QB4
00-0039331,2025,16,ATL,QB,0,0,rolling3,0.0,0.0,QB4
00-0039331,2025,17,ATL,QB,0,0,rolling3,0.0,0.0,QB4
00-0039331,2025,18,ATL,QB,0,0,rolling3,0.0,0.0,QB4
00-0039376,2025,1,NO,QB,1,0,rolling3,0.0,0.20588235294117646,QB4
00-0039376,2025,2,NO,QB,1,0,rolling3,1.0,0.20588235294117646,QB1
00-0039376,2025,3,NO,QB,1,0,rolling3,1.0,0.20588235294117646,QB1
00-0039376,2025,4,NO,QB,0,0,rolling3,1.0,0.6666666666666666,QB1
00-0039376,2025,5,NO,QB,0,0,rolling3,1.0,1.0,QB1
00-0039376,2025,6,NO,QB,0,0,rolling3,0.0,1.0,QB1
00-0039376,2025,7,NO,QB,0,0,rolling3,1.0,0.6666666666666666,QB1
00-0039376,2025,8,NO,QB,0,0,rolling3,0.0,0.6666666666666666,QB1
00-0039376,2025,9,NO,QB,0,0,rolling3,0.0,0.3333333333333333,QB1
00-0039376,2025,10,NO,QB,0,0,rolling3,0.0,0.3333333333333333,QB1
00-0039376,2025,12,NO,QB,0,0,rolling3,0.0,0.0,QB3
00-0039376,2025,13,NO,QB,0,0,rolling3,0.0,0.0,QB4
00-0039376,2025,14,NO,QB,0,0,rolling3,0.0,0.0,QB4
00-0039376,2025,15,NO,QB,0,0,rolling3,0.0,0.0,QB4
00-0039376,2025,16,NO,QB,0,0,rolling3,0.0,0.0,QB3
00-0039376,2025,17,NO,QB,0,0,rolling3,0.0,0.0,QB3
00-0039376,2025,18,NO,QB,0,0,rolling3,0.0,0.0,QB3
00-0039398,2025,1,DAL,QB,1,0,rolling3,0.0,0.058823529411764705,QB3
00-0039398,2025,2,DAL,QB,1,0,rolling3,0.0,0.058823529411764705,QB3
00-0039398,2025,3,DAL,QB,1,0,rolling3,0.0,0.058823529411764705,QB3
00-0039398,2025,4,DAL,QB,0,0,rolling3,0.0,0.0,QB2
00-0039398,2025,5,DAL,QB,0,0,rolling3,0.0,0.0,QB2
00-0039398,2025,6,DAL,QB,0,0,rolling3,0.0,0.0,QB2
00-0039398,2025,7,DAL,QB,0,0,rolling3,0.0,0.0,QB3
00-0039398,2025,8,DAL,QB,0,0,rolling3,1.0,0.0,QB3
00-0039398,2025,9,DAL,QB,0,0,rolling3,0.0,0.3333333333333333,QB2
00-0039398,2025,11,DAL,QB,0,0,rolling3,0.0,0.3333333333333333,QB2
00-0039398,2025,12,DAL,QB,0,0,rolling3,0.0,0.3333333333333333,QB2
00-0039398,2025,13,DAL,QB,0,0,rolling3,0.0,0.0,QB3
00-0039398,2025,14,DAL,QB,0,0,rolling3,0.0,0.0,QB3
00-0039398,2025,15,DAL,QB,0,0,rolling3,0.0,0.0,QB3
00-0039398,2025,16,DAL,QB,0,0,rolling3,0.0,0.0,QB3
00-0039398,2025,17,DAL,QB,0,0,rolling3,0.0,0.0,QB2
00-0039398,2025,18,DAL,QB,0,0,rolling3,0.0,0.0,QB2
00-0039464,2025,1,CHI,QB,1,0,rolling3,0.0,0.0,QB3
00-0039501,2025,1,CAR,QB,1,0,rolling3,0.0,0.0,QB4
00-0039534,2025,1,SF,QB,1,0,rolling3,0.0,0.0,QB4
00-0039534,2025,5,JAX,QB,1,0,rolling3,0.0,0.0,QB3
00-0039534,2025,6,JAX,QB,1,0,rolling3,0.0,0.0,QB3
00-0039534,2025,7,JAX,QB,0,0,rolling3,0.0,0.0,QB3
00-0039534,2025,9,JAX,QB,0,0,rolling3,0.0,0.0,QB3
00-0039534,2025,10,JAX,QB,0,0,rolling3,0.0,0.0,QB3
00-0039534,2025,11,JAX,QB,0,0,rolling3,0.0,0.0,QB3
00-0039534,2025,12,JAX,QB,0,0,rolling3,0.0,0.0,QB3
00-0039534,2025,13,JAX,QB,0,0,rolling3,0.0,0.0,QB3
00-0039534,2025,14,JAX,QB,0,0,rolling3,0.0,0.0,QB3
00-0039534,2025,15,JAX,QB,0,0,rolling3,0.0,0.0,QB3
00-0039534,2025,16,JAX,QB,0,0,rolling3,0.0,0.0,QB3
00-0039534,2025,17,JAX,QB,0,0,rolling3,0.0,0.0,QB3
00-0039534,2025,18,JAX,QB,0,0,rolling3,0.0,0.0,QB3
00-0039575,2025,1,IND,QB,1,0,rolling3,0.0,0.0,QB3
00-0039577,2025,1,ARI,QB,1,0,rolling3,0.0,0.0,QB3
00-0039577,2025,2,ARI,QB,1,0,rolling3,0.0,0.0,QB3
00-0039577,2025,3,ARI,QB,1,0,rolling3,0.0,0.0,QB3
00-0039577,2025,4,ARI,QB,0,0,rolling3,0.0,0.0,QB3
00-0039577,2025,5,ARI,QB,0,0,rolling3,0.0,0.0,QB3
00-0039577,2025,6,ARI,QB,0,0,rolling3,0.0,0.0,QB3
00-0039577,2025,7,ARI,QB,0,0,rolling3,0.0,0.0,QB3
00-0039577,2025,9,ARI,QB,0,0,rolling3,0.0,0.0,QB3
00-0039577,2025,10,ARI,QB,0,0,rolling3,0.0,0.0,QB4
00-0039577,2025,11,ARI,QB,0,0,rolling3,0.0,0.0,QB2
00-0039577,2025,12,ARI,QB,0,0,rolling3,0.0,0.0,QB2
00-0039577,2025,13,ARI,QB,0,0,rolling3,0.0,0.0,QB2
00-0039577,2025,14,ARI,QB,0,0,rolling3,0.0,0.0,QB2
00-0039577,2025,15,ARI,QB,0,0,rolling3,0.0,0.0,QB2
00-0039577,2025,16,ARI,QB,0,0,rolling3,0.0,0.0,QB4
00-0039577,2025,17,ARI,QB,0,0,rolling3,0.0,0.0,QB4
00-0039577,2025,18,ARI,QB,0,0,rolling3,0.0,0.0,QB4
00-0039677,2025,1,WAS,QB,1,0,rolling3,0.0,0.0,QB3
00-0039677,2025,2,WAS,QB,1,0,rolling3,0.0,0.0,QB4
00-0039677,2025,3,WAS,QB,1,0,rolling3,0.0,0.0,QB4
00-0039677,2025,4,WAS,QB,0,0,rolling3,0.0,0.0,QB4
00-0039677,2025,5,WAS,QB,0,0,rolling3,0.0,0.0,QB4
00-0039677,2025,6,WAS,QB,0,0,rolling3,0.0,0.0,QB4
00-0039677,2025,7,WAS,QB,0,0,rolling3,0.0,0.0,QB4
00-0039677,2025,8,WAS,QB,0,0,rolling3,0.0,0.0,QB4
00-0039677,2025,9,WAS,QB,0,0,rolling3,0.0,0.0,QB4
00-0039677,2025,10,WAS,QB,0,0,rolling3,0.0,0.0,QB4
00-0039677,2025,11,WAS,QB,0,0,rolling3,0.0,0.0,QB4
00-0039677,2025,13,WAS,QB,0,0,rolling3,0.0,0.0,QB4
00-0039677,2025,14,WAS,QB,0,0,rolling3,0.0,0.0,QB3
00-0039677,2025,15,WAS,QB,0,0,rolling3,0.0,0.0,QB4
00-0039677,2025,16,WAS,QB,0,0,rolling3,0.0,0.0,QB4
00-0039677,2025,17,WAS,QB,0,0,rolling3,0.0,0.0,QB4
00-0039677,2025,18,WAS,QB,0,0,rolling3,0.0,0.0,QB4
00-0039699,2025,1,SF,QB,1,0,rolling3,0.0,0.0,QB4
00-0039732,2025,1,DEN,QB,1,0,rolling3,1.0,0.7058823529411765,QB1
00-0039732,2025,2,DEN,QB,1,0,rolling3,1.0,0.7058823529411765,QB1
00-0039732,2025,3,DEN,QB,1,0,rolling3,1.0,0.7058823529411765,QB1
00-0039732,2025,4,DEN,QB,0,0,rolling3,1.0,1.0,QB1
00-0039732,2025,5,DEN,QB,0,0,rolling3,1.0,1.0,QB1
00-0039732,2025,6,DEN,QB,0,0,rolling3,1.0,1.0,QB1
00-0039732,2025,7,DEN,QB,0,0,rolling3,1.0,1.0,QB1
00-0039732,2025,8,DEN,QB,0,0,rolling3,1.0,1.0,QB1
00-0039732,2025,9,DEN,QB,0,0,rolling3,1.0,1.0,QB1
00-0039732,2025,10,DEN,QB,0,0,rolling3,1.0,1.0,QB1
00-0039732,2025,11,DEN,QB,0,0,rolling3,0.0,1.0,QB1
00-0039732,2025,13,DEN,QB,0,0,rolling3,1.0,0.6666666666666666,QB1
00-0039732,2025,14,DEN,QB,0,0,rolling3,0.0,0.6666666666666666,QB1
00-0039732,2025,15,DEN,QB,0,0,rolling3,1.0,0.3333333333333333,QB1
00-0039732,2025,16,DEN,QB,0,0,rolling3,1.0,0.6666666666666666,QB1
00-0039732,2025,17,DEN,QB,0,0,rolling3,1.0,0.6666666666666666,QB1
00-0039732,2025,18,DEN,QB,0,0,rolling3,0.0,1.0,QB1
00-0039797,2025,1,NYJ,QB,1,0,rolling3,0.0,0.0,QB3
00-0039797,2025,2,NYJ,QB,1,0,rolling3,0.0,0.0,QB3
00-0039797,2025,3,NYJ,QB,1,0,rolling3,0.0,0.0,QB3
00-0039797,2025,4,NYJ,QB,0,0,rolling3,0.0,0.0,QB3
00-0039797,2025,5,NYJ,QB,0,0,rolling3,0.0,0.0,QB3
00-0039797,2025,6,NYJ,QB,0,0,rolling3,0.0,0.0,QB3
00-0039797,2025,7,NYJ,QB,0,0,rolling3,0.0,0.0,QB3
00-0039797,2025,8,NYJ,QB,0,0,rolling3,0.0,0.0,QB3
00-0039797,2025,10,NYJ,QB,0,0,rolling3,0.0,0.0,QB3
00-0039797,2025,11,NYJ,QB,0,0,rolling3,0.0,0.0,QB3
00-0039797,2025,12,NYJ,QB,0,0,rolling3,0.0,0.0,QB3
00-0039797,2025,13,NYJ,QB,0,0,rolling3,0.0,0.0,QB3
00-0039797,2025,14,NYJ,QB,0,0,rolling3,0.0,0.0,QB3
00-0039797,2025,15,NYJ,QB,0,0,rolling3,0.0,0.0,QB4
00-0039797,2025,16,NYJ,QB,0,0,rolling3,0.0,0.0,QB4
00-0039797,2025,17,NYJ,QB,0,0,rolling3,0.0,0.0,QB4
00-0039797,2025,18,NYJ,QB,0,0,rolling3,0.0,0.0,QB4
00-0039801,2025,1,BAL,QB,1,0,rolling3,0.0,0.0,QB4
00-0039851,2025,1,NE,QB,1,0,rolling3,1.0,0.5882352941176471,QB3
00-0039851,2025,2,NE,QB,1,0,rolling3,1.0,0.5882352941176471,QB1
00-0039851,2025,3,NE,QB,1,0,rolling3,1.0,0.5882352941176471,QB1
00-0039851,2025,4,NE,QB,0,0,rolling3,1.0,1.0,QB1
00-0039851,2025,5,NE,QB,0,0,rolling3,0.0,1.0,QB1
00-0039851,2025,6,NE,QB,0,0,rolling3,1.0,0.6666666666666666,QB1
00-0039851,2025,7,NE,QB,0,0,rolling3,1.0,0.6666666666666666,QB1
00-0039851,2025,8,NE,QB,0,0,rolling3,1.0,0.6666666666666666,QB1
00-0039851,2025,9,NE,QB,0,0,rolling3,1.0,1.0,QB1
00-0039851,2025,10,NE,QB,0,0,rolling3,1.0,1.0,QB1
00-0039851,2025,11,NE,QB,0,0,rolling3,1.0,1.0,QB1
00-0039851,2025,12,NE,QB,0,0,rolling3,1.0,1.0,QB1
00-0039851,2025,13,NE,QB,0,0,rolling3,1.0,1.0,QB1
00-0039851,2025,15,NE,QB,0,0,rolling3,0.0,1.0,QB1
00-0039851,2025,16,NE,QB,0,0,rolling3,1.0,0.6666666666666666,QB1
00-0039851,2025,17,NE,QB,0,0,rolling3,1.0,0.6666666666666666,QB1
00-0039851,2025,18,NE,QB,0,0,rolling3,1.0,0.6666666666666666,QB1
00-0039910,2025,1,WAS,QB,1,0,rolling3,1.0,0.7058823529411765,QB4
00-0039910,2025,2,WAS,QB,1,0,rolling3,1.0,0.7058823529411765,QB1
00-0039910,2025,3,WAS,QB,1,0,rolling3,0.0,0.7058823529411765,QB1
00-0039910,2025,4,WAS,QB,0,0,rolling3,0.0,0.6666666666666666,QB1
00-0039910,2025,5,WAS,QB,0,0,rolling3,1.0,0.3333333333333333,QB2
00-0039910,2025,6,WAS,QB,0,0,rolling3,1.0,0.3333333333333333,QB2
00-0039910,2025,7,WAS,QB,0,0,rolling3,1.0,0.6666666666666666,QB1
00-0039910,2025,8,WAS,QB,0,0,rolling3,0.0,1.0,QB1
00-0039910,2025,9,WAS,QB,0,0,rolling3,0.0,0.6666666666666666,QB1
00-0039910,2025,10,WAS,QB,0,0,rolling3,0.0,0.3333333333333333,QB1
00-0039910,2025,11,WAS,QB,0,0,rolling3,0.0,0.0,QB2
00-0039910,2025,13,WAS,QB,0,0,rolling3,0.0,0.0,QB2
00-0039910,2025,14,WAS,QB,0,0,rolling3,0.0,0.0,QB4
00-0039910,2025,15,WAS,QB,0,0,rolling3,0.0,0.0,QB2
00-0039910,2025,16,WAS,QB,0,0,rolling3,0.0,0.0,QB2
00-0039910,2025,17,WAS,QB,0,0,rolling3,0.0,0.0,QB2
00-0039910,2025,18,WAS,QB,0,0,rolling3,0.0,0.0,QB4
00-0039917,2025,1,ATL,QB,1,0,rolling3,1.0,0.11764705882352941,QB4
00-0039917,2025,2,ATL,QB,1,0,rolling3,0.0,0.11764705882352941,QB1
00-0039917,2025,3,ATL,QB,1,0,rolling3,0.0,0.11764705882352941,QB1
00-0039917,2025,4,ATL,QB,0,0,rolling3,1.0,0.3333333333333333,QB1
00-0039917,2025,6,ATL,QB,0,0,rolling3,1.0,0.3333333333333333,QB1
00-0039917,2025,7,ATL,QB,0,0,rolling3,1.0,0.6666666666666666,QB1
00-0039917,2025,8,ATL,QB,0,0,rolling3,0.0,1.0,QB1
00-0039917,2025,9,ATL,QB,0,0,rolling3,1.0,0.6666666666666666,QB1
00-0039917,2025,10,ATL,QB,0,0,rolling3,1.0,0.6666666666666666,QB1
00-0039917,2025,11,ATL,QB,0,0,rolling3,0.0,0.6666666666666666,QB1
00-0039917,2025,12,ATL,QB,0,0,rolling3,0.0,0.6666666666666666,QB1
00-0039917,2025,13,ATL,QB,0,0,rolling3,0.0,0.3333333333333333,QB1
00-0039917,2025,14,ATL,QB,0,0,rolling3,0.0,0.0,QB2
00-0039917,2025,15,ATL,QB,0,0,rolling3,0.0,0.0,QB4
00-0039917,2025,16,ATL,QB,0,0,rolling3,0.0,0.0,QB4
00-0039917,2025,17,ATL,QB,0,0,rolling3,0.0,0.0,QB4
00-0039917,2025,18,ATL,QB,0,0,rolling3,0.0,0.0,QB4
00-0039918,2025,1,CHI,QB,1,0,rolling3,1.0,0.5882352941176471,QB4
00-0039918,2025,2,CHI,QB,1,0,rolling3,1.0,0.5882352941176471,QB1
00-0039918,2025,3,CHI,QB,1,0,rolling3,1.0,0.5882352941176471,QB1
00-0039918,2025,4,CHI,QB,0,0,rolling3,1.0,1.0,QB1
00-0039918,2025,6,CHI,QB,0,0,rolling3,1.0,1.0,QB1
00-0039918,2025,7,CHI,QB,0,0,rolling3,0.0,1.0,QB1
00-0039918,2025,8,CHI,QB,0,0,rolling3,0.0,0.6666666666666666,QB1
00-0039918,2025,9,CHI,QB,0,0,rolling3,0.75,0.3333333333333333,QB1
00-0039918,2025,10,CHI,QB,0,0,rolling3,1.0,0.25,QB1
00-0039918,2025,11,CHI,QB,0,0,rolling3,0.0,0.5833333333333334,QB1
00-0039918,2025,12,CHI,QB,0,0,rolling3,1.0,0.5833333333333334,QB1
00-0039918,2025,13,CHI,QB,0,0,rolling3,1.0,0.6666666666666666,QB1
00-0039918,2025,14,CHI,QB,0,0,rolling3,1.0,0.6666666666666666,QB1
00-0039918,2025,15,CHI,QB,0,0,rolling3,1.0,1.0,QB1
00-0039918,2025,16,CHI,QB,0,0,rolling3,1.0,1.0,QB1
00-0039918,2025,17,CHI,QB,0,0,rolling3,1.0,1.0,QB1
00-0039918,2025,18,CHI,QB,0,0,rolling3,1.0,1.0,QB1
00-0039923,2025,1,MIN,QB,1,0,rolling3,1.0,0.0,QB2
00-0039923,2025,2,MIN,QB,1,0,rolling3,0.0,0.0,QB1
00-0039923,2025,3,MIN,QB,1,0,rolling3,0.0,0.0,QB1
00-0039923,2025,4,MIN,QB,0,0,rolling3,0.0,0.3333333333333333,QB1
00-0039923,2025,5,MIN,QB,0,0,rolling3,0.0,0.0,QB2
00-0039923,2025,7,MIN,QB,0,0,rolling3,0.0,0.0,QB3
00-0039923,2025,8,MIN,QB,0,0,rolling3,0.0,0.0,QB3
00-0039923,2025,9,MIN,QB,0,0,rolling3,1.0,0.0,QB4
00-0039923,2025,10,MIN,QB,0,0,rolling3,1.0,0.3333333333333333,QB2
00-0039923,2025,11,MIN,QB,0,0,rolling3,1.0,0.6666666666666666,QB1
00-0039923,2025,12,MIN,QB,0,0,rolling3,0.0,1.0,QB1
00-0039923,2025,13,MIN,QB,0,0,rolling3,0.0,0.6666666666666666,QB1
00-0039923,2025,14,MIN,QB,0,0,rolling3,1.0,0.3333333333333333,QB1
00-0039923,2025,15,MIN,QB,0,0,rolling3,1.0,0.3333333333333333,QB1
00-0039923,2025,16,MIN,QB,0,0,rolling3,0.0,0.6666666666666666,QB1
00-0039923,2025,17,MIN,QB,0,0,rolling3,0.0,0.6666666666666666,QB1
00-0039923,2025,18,MIN,QB,0,0,rolling3,0.0,0.3333333333333333,QB1
00-0040014,2025,1,PHI,QB,1,0,rolling3,0.0,0.0,QB4
00-0040014,2025,2,PHI,QB,1,0,rolling3,0.0,0.0,QB4
00-0040014,2025,3,PHI,QB,1,0,rolling3,0.0,0.0,QB4
00-0040014,2025,4,PHI,QB,0,0,rolling3,0.0,0.0,QB4
00-0040014,2025,5,PHI,QB,0,0,rolling3,0.0,0.0,QB4
00-0040014,2025,6,PHI,QB,0,0,rolling3,0.0,0.0,QB4
00-0040014,2025,7,PHI,QB,0,0,rolling3,0.0,0.0,QB4
00-0040014,2025,8,PHI,QB,0,0,rolling3,0.0,0.0,QB4
00-0040014,2025,10,PHI,QB,0,0,rolling3,0.0,0.0,QB4
00-0040014,2025,11,PHI,QB,0,0,rolling3,0.0,0.0,QB4
00-0040014,2025,12,PHI,QB,0,0,rolling3,0.0,0.0,QB4
00-0040014,2025,13,PHI,QB,0,0,rolling3,0.0,0.0,QB4
00-0040014,2025,14,PHI,QB,0,0,rolling3,0.0,0.0,QB4
00-0040014,2025,15,PHI,QB,0,0,rolling3,0.0,0.0,QB4
00-0040014,2025,16,PHI,QB,0,0,rolling3,0.0,0.0,QB4
00-0040014,2025,17,PHI,QB,0,0,rolling3,0.0,0.0,QB4
00-0040014,2025,18,PHI,QB,0,0,rolling3,0.0,0.0,QB4
00-0040203,2025,1,PIT,QB,1,0,rolling3,0.0,0.0,QB4
00-0040203,2025,2,PIT,QB,1,0,rolling3,0.0,0.0,QB4
00-0040203,2025,3,PIT,QB,1,0,rolling3,0.0,0.0,QB4
00-0040203,2025,4,PIT,QB,0,0,rolling3,0.0,0.0,QB4
00-0040203,2025,6,PIT,QB,0,0,rolling3,0.0,0.0,QB4
00-0040203,2025,7,PIT,QB,0,0,rolling3,0.0,0.0,QB4
00-0040203,2025,8,PIT,QB,0,0,rolling3,0.0,0.0,QB4
00-0040203,2025,9,PIT,QB,0,0,rolling3,0.0,0.0,QB4
00-0040203,2025,10,PIT,QB,0,0,rolling3,0.0,0.0,QB4
00-0040203,2025,11,PIT,QB,0,0,rolling3,0.0,0.0,QB4
00-0040203,2025,12,PIT,QB,0,0,rolling3,0.0,0.0,QB4
00-0040203,2025,13,PIT,QB,0,0,rolling3,0.0,0.0,QB4
00-0040203,2025,14,PIT,QB,0,0,rolling3,0.0,0.0,QB4
00-0040203,2025,15,PIT,QB,0,0,rolling3,0.0,0.0,QB4
00-0040203,2025,16,PIT,QB,0,0,rolling3,0.0,0.0,QB4
00-0040203,2025,17,PIT,QB,0,0,rolling3,0.0,0.0,QB4
00-0040203,2025,18,PIT,QB,0,0,rolling3,0.0,0.0,QB4
00-0040206,2025,1,IND,QB,1,0,rolling3,0.0,0.0,QB4
00-0040206,2025,2,IND,QB,1,0,rolling3,0.0,0.0,QB3
00-0040206,2025,3,IND,QB,1,0,rolling3,0.0,0.0,QB3
00-0040206,2025,4,IND,QB,0,0,rolling3,0.0,0.0,QB3
00-0040206,2025,5,IND,QB,0,0,rolling3,0.0,0.0,QB3
00-0040206,2025,6,IND,QB,0,0,rolling3,0.0,0.0,QB3
00-0040206,2025,7,IND,QB,0,0,rolling3,0.0,0.0,QB4
00-0040206,2025,8,IND,QB,0,0,rolling3,0.0,0.0,QB4
00-0040206,2025,9,IND,QB,0,0,rolling3,0.0,0.0,QB2
00-0040206,2025,10,IND,QB,0,0,rolling3,0.0,0.0,QB2
00-0040206,2025,12,IND,QB,0,0,rolling3,0.0,0.0,QB2
00-0040206,2025,13,IND,QB,0,0,rolling3,0.0,0.0,QB4
00-0040206,2025,14,IND,QB,0,0,rolling3,0.0,0.0,QB4
00-0040206,2025,15,IND,QB,0,0,rolling3,0.0,0.0,QB2
00-0040206,2025,16,IND,QB,0,0,rolling3,0.0,0.0,QB3
00-0040206,2025,17,IND,QB,0,0,rolling3,0.0,0.0,QB2
00-0040206,2025,18,IND,QB,0,0,rolling3,1.0,0.0,QB2
00-0040211,2025,1,HOU,QB,1,0,rolling3,0.0,0.0,QB3
00-0040211,2025,2,HOU,QB,1,0,rolling3,0.0,0.0,QB3
00-0040211,2025,3,HOU,QB,1,0,rolling3,0.0,0.0,QB3
00-0040211,2025,4,HOU,QB,0,0,rolling3,0.0,0.0,QB3
00-0040211,2025,5,HOU,QB,0,0,rolling3,0.0,0.0,QB3
00-0040211,2025,7,HOU,QB,0,0,rolling3,0.0,0.0,QB3
00-0040211,2025,8,HOU,QB,0,0,rolling3,0.0,0.0,QB3
00-0040211,2025,9,HOU,QB,0,0,rolling3,0.0,0.0,QB3
00-0040211,2025,10,HOU,QB,0,0,rolling3,0.0,0.0,QB3
00-0040211,2025,11,HOU,QB,0,0,rolling3,0.0,0.0,QB3
00-0040211,2025,12,HOU,QB,0,0,rolling3,0.0,0.0,QB3
00-0040211,2025,13,HOU,QB,0,0,rolling3,0.0,0.0,QB3
00-0040211,2025,14,HOU,QB,0,0,rolling3,0.0,0.0,QB3
00-0040211,2025,15,HOU,QB,0,0,rolling3,0.0,0.0,QB3
00-0040211,2025,16,HOU,QB,0,0,rolling3,0.0,0.0,QB3
00-0040211,2025,17,HOU,QB,0,0,rolling3,0.0,0.0,QB3
00-0040211,2025,18,HOU,QB,0,0,rolling3,0.0,0.0,QB3
00-0040222,2025,1,LV,QB,1,0,rolling3,0.0,0.0,QB4
00-0040222,2025,2,LV,QB,1,0,rolling3,0.0,0.0,QB4
00-0040222,2025,3,LV,QB,1,0,rolling3,0.0,0.0,QB4
00-0040222,2025,4,LV,QB,0,0,rolling3,0.0,0.0,QB4
00-0040222,2025,5,LV,QB,0,0,rolling3,0.0,0.0,QB4
00-0040222,2025,6,LV,QB,0,0,rolling3,0.0,0.0,QB4
00-0040222,2025,7,LV,QB,0,0,rolling3,0.0,0.0,QB4
00-0040222,2025,9,LV,QB,0,0,rolling3,0.0,0.0,QB4
00-0040222,2025,10,LV,QB,0,0,rolling3,0.0,0.0,QB4
00-0040222,2025,11,LV,QB,0,0,rolling3,0.0,0.0,QB4
00-0040222,2025,12,LV,QB,0,0,rolling3,0.0,0.0,QB4
00-0040222,2025,13,LV,QB,0,0,rolling3,0.0,0.0,QB4
00-0040222,2025,14,LV,QB,0,0,rolling3,0.0,0.0,QB4
00-0040222,2025,15,LV,QB,0,0,rolling3,0.0,0.0,QB4
00-0040222,2025,16,LV,QB,0,0,rolling3,0.0,0.0,QB4
00-0040222,2025,17,LV,QB,0,0,rolling3,0.0,0.0,QB4
00-0040222,2025,18,MIA,QB,0,0,rolling3,0.0,0.0,QB4
00-0040234,2025,1,MIA,QB,1,0,rolling3,0.0,0.0,QB3
00-0040234,2025,2,MIA,QB,1,0,rolling3,0.0,0.0,QB3
00-0040234,2025,3,MIA,QB,1,0,rolling3,0.0,0.0,QB3
00-0040234,2025,4,MIA,QB,0,0,rolling3,0.0,0.0,QB3
00-0040234,2025,5,MIA,QB,0,0,rolling3,0.0,0.0,QB3
00-0040234,2025,6,MIA,QB,0,0,rolling3,0.0,0.0,QB3
00-0040234,2025,7,MIA,QB,0,0,rolling3,0.0,0.0,QB3
00-0040234,2025,8,MIA,QB,0,0,rolling3,0.0,0.0,QB2
00-0040234,2025,9,MIA,QB,0,0,rolling3,0.0,0.0,QB2
00-0040234,2025,10,MIA,QB,0,0,rolling3,0.0,0.0,QB2
00-0040234,2025,11,MIA,QB,0,0,rolling3,0.0,0.0,QB3
00-0040234,2025,13,MIA,QB,0,0,rolling3,0.0,0.0,QB3
00-0040234,2025,14,MIA,QB,0,0,rolling3,0.0,0.0,QB3
00-0040234,2025,15,MIA,QB,0,0,rolling3,0.0,0.0,QB3
00-0040234,2025,16,MIA,QB,0,0,rolling3,0.0,0.0,QB3
00-0040234,2025,17,MIA,QB,0,0,rolling3,1.0,0.0,QB2
00-0040234,2025,18,MIA,QB,0,0,rolling3,1.0,0.3333333333333333,QB1
00-0040330,2025,1,JAX,QB,1,0,rolling3,0.0,0.0,QB4
00-0040330,2025,2,JAX,QB,1,0,rolling3,0.0,0.0,QB3
00-0040330,2025,3,JAX,QB,1,0,rolling3,0.0,0.0,QB3
00-0040330,2025,4,JAX,QB,0,0,rolling3,0.0,0.0,QB3
00-0040330,2025,18,IND,QB,0,0,rolling3,0.0,0.0,QB4
00-0040378,2025,1,CIN,QB,1,0,rolling3,0.0,0.0,QB4
00-0040398,2025,1,NYJ,QB,1,0,rolling3,0.0,0.0,QB4
00-0040398,2025,2,NYJ,QB,1,0,rolling3,0.0,0.0,QB4
00-0040398,2025,3,NYJ,QB,1,0,rolling3,0.0,0.0,QB4
00-0040398,2025,4,NYJ,QB,0,0,rolling3,0.0,0.0,QB4
00-0040398,2025,5,NYJ,QB,0,0,rolling3,0.0,0.0,QB4
00-0040398,2025,6,NYJ,QB,0,0,rolling3,0.0,0.0,QB4
00-0040398,2025,7,NYJ,QB,0,0,rolling3,0.0,0.0,QB4
00-0040398,2025,8,NYJ,QB,0,0,rolling3,0.0,0.0,QB4
00-0040398,2025,10,NYJ,QB,0,0,rolling3,0.0,0.0,QB4
00-0040398,2025,11,NYJ,QB,0,0,rolling3,0.0,0.0,QB4
00-0040398,2025,12,NYJ,QB,0,0,rolling3,0.0,0.0,QB4
00-0040398,2025,13,NYJ,QB,0,0,rolling3,0.0,0.0,QB4
00-0040398,2025,14,NYJ,QB,0,0,rolling3,0.0,0.0,QB4
00-0040398,2025,15,NYJ,QB,0,0,rolling3,1.0,0.0,QB2
00-0040398,2025,16,NYJ,QB,0,0,rolling3,0.0,0.3333333333333333,QB1
00-0040398,2025,17,NYJ,QB,0,0,rolling3,0.0,0.3333333333333333,QB1
00-0040398,2025,18,NYJ,QB,0,0,rolling3,1.0,0.3333333333333333,QB1
00-0040415,2025,1,TB,QB,1,0,rolling3,0.0,0.0,QB4
00-0040415,2025,2,TB,QB,1,0,rolling3,0.0,0.0,QB3
00-0040415,2025,3,TB,QB,1,0,rolling3,0.0,0.0,QB3
00-0040415,2025,4,TB,QB,0,0,rolling3,0.0,0.0,QB3
00-0040415,2025,5,TB,QB,0,0,rolling3,0.0,0.0,QB3
00-0040415,2025,6,TB,QB,0,0,rolling3,0.0,0.0,QB3
00-0040415,2025,7,TB,QB,0,0,rolling3,0.0,0.0,QB3
00-0040415,2025,8,TB,QB,0,0,rolling3,0.0,0.0,QB3
00-0040415,2025,10,TB,QB,0,0,rolling3,0.0,0.0,QB3
00-0040415,2025,11,TB,QB,0,0,rolling3,0.0,0.0,QB3
00-0040415,2025,12,TB,QB,0,0,rolling3,0.0,0.0,QB3
00-0040415,2025,13,TB,QB,0,0,rolling3,0.0,0.0,QB3
00-0040415,2025,14,TB,QB,0,0,rolling3,0.0,0.0,QB3
00-0040415,2025,15,TB,QB,0,0,rolling3,0.0,0.0,QB3
00-0040415,2025,16,TB,QB,0,0,rolling3,0.0,0.0,QB3
00-0040415,2025,17,TB,QB,0,0,rolling3,0.0,0.0,QB3
00-0040415,2025,18,TB,QB,0,0,rolling3,0.0,0.0,QB3
00-0040464,2025,1,LAC,QB,1,0,rolling3,0.0,0.0,QB4
00-0040464,2025,2,LAC,QB,1,0,rolling3,0.0,0.0,QB3
00-0040464,2025,3,LAC,QB,1,0,rolling3,0.0,0.0,QB3
00-0040464,2025,4,LAC,QB,0,0,rolling3,0.0,0.0,QB3
00-0040464,2025,5,LAC,QB,0,0,rolling3,0.0,0.0,QB3
00-0040464,2025,6,LAC,QB,0,0,rolling3,0.0,0.0,QB3
00-0040464,2025,7,LAC,QB,0,0,rolling3,0.0,0.0,QB3
00-0040464,2025,8,LAC,QB,0,0,rolling3,0.0,0.0,QB3
00-0040464,2025,9,LAC,QB,0,0,rolling3,0.0,0.0,QB3
00-0040464,2025,10,LAC,QB,0,0,rolling3,0.0,0.0,QB3
00-0040464,2025,11,LAC,QB,0,0,rolling3,0.0,0.0,QB3
00-0040464,2025,13,LAC,QB,0,0,rolling3,0.0,0.0,QB3
00-0040464,2025,14,LAC,QB,0,0,rolling3,0.0,0.0,QB3
00-0040464,2025,15,LAC,QB,0,0,rolling3,0.0,0.0,QB3
00-0040464,2025,16,LAC,QB,0,0,rolling3,0.0,0.0,QB3
00-0040464,2025,17,LAC,QB,0,0,rolling3,0.0,0.0,QB3
00-0040464,2025,18,LAC,QB,0,0,rolling3,0.0,0.0,QB3
00-0040494,2025,1,MIN,QB,1,0,rolling3,0.0,0.0,QB3
00-0040494,2025,2,MIN,QB,1,0,rolling3,0.0,0.0,QB3
00-0040494,2025,3,MIN,QB,1,0,rolling3,0.0,0.0,QB4
00-0040494,2025,4,MIN,QB,0,0,rolling3,0.0,0.0,QB3
00-0040494,2025,5,MIN,QB,0,0,rolling3,0.0,0.0,QB3
00-0040494,2025,7,MIN,QB,0,0,rolling3,0.0,0.0,QB2
00-0040494,2025,8,MIN,QB,0,0,rolling3,0.0,0.0,QB2
00-0040494,2025,9,MIN,QB,0,0,rolling3,0.0,0.0,QB2
00-0040494,2025,10,MIN,QB,0,0,rolling3,0.0,0.0,QB3
00-0040494,2025,11,MIN,QB,0,0,rolling3,0.0,0.0,QB3
00-0040494,2025,12,MIN,QB,0,0,rolling3,0.0,0.0,QB4
00-0040494,2025,13,MIN,QB,0,0,rolling3,0.0,0.0,QB4
00-0040494,2025,14,MIN,QB,0,0,rolling3,0.0,0.0,QB2
00-0040494,2025,15,MIN,QB,0,0,rolling3,0.0,0.0,QB2
00-0040494,2025,16,MIN,QB,0,0,rolling3,0.0,0.0,QB2
00-0040494,2025,17,MIN,QB,0,0,rolling3,0.0,0.0,QB2
00-0040494,2025,18,MIN,QB,0,0,rolling3,0.0,0.0,QB2
00-0040569,2025,1,NE,QB,1,0,rolling3,0.0,0.0,QB4
00-0040589,2025,1,SF,QB,1,0,rolling3,0.0,0.0,QB4
00-0040589,2025,2,SF,QB,1,0,rolling3,0.0,0.0,QB4
00-0040589,2025,3,SF,QB,1,0,rolling3,0.0,0.0,QB4
00-0040589,2025,4,SF,QB,0,0,rolling3,0.0,0.0,QB4
00-0040589,2025,5,SF,QB,0,0,rolling3,0.0,0.0,QB4
00-0040589,2025,6,SF,QB,0,0,rolling3,0.0,0.0,QB4
00-0040589,2025,7,SF,QB,0,0,rolling3,0.0,0.0,QB4
00-0040589,2025,8,SF,QB,0,0,rolling3,0.0,0.0,QB4
00-0040589,2025,9,SF,QB,0,0,rolling3,0.0,0.0,QB4
00-0040589,2025,10,SF,QB,0,0,rolling3,0.0,0.0,QB4
00-0040589,2025,11,SF,QB,0,0,rolling3,0.0,0.0,QB4
00-0040589,2025,12,SF,QB,0,0,rolling3,0.0,0.0,QB4
00-0040589,2025,13,SF,QB,0,0,rolling3,0.0,0.0,QB4
00-0040589,2025,15,SF,QB,0,0,rolling3,0.0,0.0,QB3
00-0040589,2025,16,SF,QB,0,0,rolling3,0.0,0.0,QB4
00-0040589,2025,17,SF,QB,0,0,rolling3,0.0,0.0,QB4
00-0040589,2025,18,SF,QB,0,0,rolling3,0.0,0.0,QB4
00-0040591,2025,1,GB,QB,1,0,rolling3,0.0,0.0,QB4
00-0040656,2025,1,NO,QB,1,0,rolling3,0.0,0.0,QB4
00-0040656,2025,2,NO,QB,1,0,rolling3,0.0,0.0,QB4
00-0040656,2025,3,NO,QB,1,0,rolling3,0.0,0.0,QB4
00-0040656,2025,4,NO,QB,0,0,rolling3,0.0,0.0,QB4
00-0040656,2025,5,NO,QB,0,0,rolling3,0.0,0.0,QB4
00-0040656,2025,6,NO,QB,0,0,rolling3,0.0,0.0,QB4
00-0040656,2025,7,NO,QB,0,0,rolling3,0.0,0.0,QB4
00-0040656,2025,8,NO,QB,0,0,rolling3,0.0,0.0,QB4
00-0040656,2025,9,NO,QB,0,0,rolling3,0.0,0.0,QB4
00-0040656,2025,10,NO,QB,0,0,rolling3,0.0,0.0,QB4
00-0040656,2025,12,NO,QB,0,0,rolling3,0.0,0.0,QB4
00-0040656,2025,13,NO,QB,0,0,rolling3,0.0,0.0,QB4
00-0040656,2025,14,NO,QB,0,0,rolling3,0.0,0.0,QB4
00-0040656,2025,15,NO,QB,0,0,rolling3,0.0,0.0,QB4
00-0040656,2025,16,NO,QB,0,0,rolling3,0.0,0.0,QB4
00-0040656,2025,17,NO,QB,0,0,rolling3,0.0,0.0,QB4
00-0040656,2025,18,NO,QB,0,0,rolling3,0.0,0.0,QB4
00-0040668,2025,1,CLE,QB,1,0,rolling3,0.0,0.0,QB4
00-0040668,2025,2,CLE,QB,1,0,rolling3,0.0,0.0,QB4
00-0040668,2025,3,CLE,QB,1,0,rolling3,0.0,0.0,QB4
00-0040668,2025,4,CLE,QB,0,0,rolling3,0.0,0.0,QB4
00-0040668,2025,5,CLE,QB,0,0,rolling3,0.0,0.0,QB4
00-0040668,2025,6,CLE,QB,0,0,rolling3,0.0,0.0,QB4
00-0040668,2025,7,CLE,QB,0,0,rolling3,0.0,0.0,QB4
00-0040668,2025,8,CLE,QB,0,0,rolling3,0.0,0.0,QB4
00-0040668,2025,10,CLE,QB,0,0,rolling3,0.0,0.0,QB4
00-0040668,2025,11,CLE,QB,0,0,rolling3,0.0,0.0,QB4
00-0040668,2025,12,CLE,QB,0,0,rolling3,1.0,0.0,QB2
00-0040668,2025,13,CLE,QB,0,0,rolling3,1.0,0.3333333333333333,QB2
00-0040668,2025,14,CLE,QB,0,0,rolling3,1.0,0.6666666666666666,QB1
00-0040668,2025,15,CLE,QB,0,0,rolling3,0.0,1.0,QB1
00-0040668,2025,16,CLE,QB,0,0,rolling3,1.0,0.6666666666666666,QB1
00-0040668,2025,17,CLE,QB,0,0,rolling3,1.0,0.6666666666666666,QB1
00-0040668,2025,18,CLE,QB,0,0,rolling3,0.0,0.6666666666666666,QB1
00-0040673,2025,1,SEA,QB,1,0,rolling3,0.0,0.0,QB3
00-0040673,2025,2,SEA,QB,1,0,rolling3,0.0,0.0,QB2
00-0040673,2025,3,SEA,QB,1,0,rolling3,0.0,0.0,QB2
00-0040673,2025,4,SEA,QB,0,0,rolling3,0.0,0.0,QB3
00-0040673,2025,5,SEA,QB,0,0,rolling3,0.0,0.0,QB3
00-0040673,2025,6,SEA,QB,0,0,rolling3,0.0,0.0,QB3
00-0040673,2025,7,SEA,QB,0,0,rolling3,0.0,0.0,QB2
00-0040673,2025,9,SEA,QB,0,0,rolling3,0.0,0.0,QB2
00-0040673,2025,10,SEA,QB,0,0,rolling3,0.0,0.0,QB3
00-0040673,2025,11,SEA,QB,0,0,rolling3,0.0,0.0,QB3
00-0040673,2025,12,SEA,QB,0,0,rolling3,0.0,0.0,QB3
00-0040673,2025,13,SEA,QB,0,0,rolling3,0.0,0.0,QB3
00-0040673,2025,14,SEA,QB,0,0,rolling3,0.0,0.0,QB3
00-0040673,2025,15,SEA,QB,0,0,rolling3,0.0,0.0,QB3
00-0040673,2025,16,SEA,QB,0,0,rolling3,0.0,0.0,QB3
00-0040673,2025,17,SEA,QB,0,0,rolling3,0.0,0.0,QB3
00-0040673,2025,18,SEA,QB,0,0,rolling3,0.0,0.0,QB3
00-0040676,2025,1,TEN,QB,1,0,rolling3,0.0,0.0,QB4
00-0040676,2025,2,TEN,QB,1,0,rolling3,1.0,0.0,QB1
00-0040676,2025,3,TEN,QB,1,0,rolling3,1.0,0.5,QB1
00-0040676,2025,4,TEN,QB,0,0,rolling3,0.0,0.6666666666666666,QB1
00-0040676,2025,5,TEN,QB,0,0,rolling3,0.0,0.6666666666666666,QB1
00-0040676,2025,6,TEN,QB,0,0,rolling3,1.0,0.3333333333333333,QB1
00-0040676,2025,7,TEN,QB,0,0,rolling3,1.0,0.3333333333333333,QB1
00-0040676,2025,8,TEN,QB,0,0,rolling3,1.0,0.6666666666666666,QB1
00-0040676,2025,9,TEN,QB,0,0,rolling3,0.0,1.0,QB1
00-0040676,2025,11,TEN,QB,0,0,rolling3,1.0,0.6666666666666666,QB1
00-0040676,2025,12,TEN,QB,0,0,rolling3,1.0,0.6666666666666666,QB1
00-0040676,2025,13,TEN,QB,0,0,rolling3,0.0,0.6666666666666666,QB1
00-0040676,2025,14,TEN,QB,0,0,rolling3,1.0,0.6666666666666666,QB1
00-0040676,2025,15,TEN,QB,0,0,rolling3,1.0,0.6666666666666666,QB1
00-0040676,2025,16,TEN,QB,0,0,rolling3,1.0,0.6666666666666666,QB1
00-0040676,2025,17,TEN,QB,0,0,rolling3,1.0,1.0,QB1
00-0040676,2025,18,TEN,QB,0,0,rolling3,0.0,1.0,QB1
00-0040691,2025,1,NYG,QB,1,0,rolling3,0.0,0.0,QB3
00-0040691,2025,2,NYG,QB,1,0,rolling3,0.0,0.0,QB3
00-0040691,2025,3,NYG,QB,1,0,rolling3,0.0,0.0,QB2
00-0040691,2025,4,NYG,QB,0,0,rolling3,1.0,0.0,QB2
00-0040691,2025,5,NYG,QB,0,0,rolling3,1.0,0.3333333333333333,QB2
00-0040691,2025,6,NYG,QB,0,0,rolling3,1.0,0.6666666666666666,QB1
00-0040691,2025,7,NYG,QB,0,0,rolling3,1.0,1.0,QB1
00-0040691,2025,8,NYG,QB,0,0,rolling3,1.0,1.0,QB1
00-0040691,2025,9,NYG,QB,0,0,rolling3,1.0,1.0,QB1
00-0040691,2025,10,NYG,QB,0,0,rolling3,0.0,1.0,QB1
00-0040691,2025,11,NYG,QB,0,0,rolling3,0.0,0.6666666666666666,QB1
00-0040691,2025,12,NYG,QB,0,0,rolling3,0.0,0.3333333333333333,QB1
00-0040691,2025,13,NYG,QB,0,0,rolling3,1.0,0.0,QB2
00-0040691,2025,15,NYG,QB,0,0,rolling3,1.0,0.3333333333333333,QB2
00-0040691,2025,16,NYG,QB,0,0,rolling3,0.0,0.6666666666666666,QB1
00-0040691,2025,17,NYG,QB,0,0,rolling3,0.0,0.6666666666666666,QB1
00-0040691,2025,18,NYG,QB,0,0,rolling3,1.0,0.3333333333333333,QB1
00-0040704,2025,1,CLE,QB,1,0,rolling3,0.0,0.0,QB4
00-0040704,2025,2,CLE,QB,1,0,rolling3,0.5,0.0,QB4
00-0040704,2025,3,CLE,QB,1,0,rolling3,0.0,0.25,QB2
00-0040704,2025,4,CLE,QB,0,0,rolling3,0.0,0.16666666666666666,QB2
00-0040704,2025,5,CLE,QB,0,0,rolling3,1.0,0.16666666666666666,QB2
00-0040704,2025,6,CLE,QB,0,0,rolling3,0.0,0.3333333333333333,QB1
00-0040704,2025,7,CLE,QB,0,0,rolling3,0.0,0.3333333333333333,QB1
00-0040704,2025,8,CLE,QB,0,0,rolling3,1.0,0.3333333333333333,QB1
00-0040704,2025,10,CLE,QB,0,0,rolling3,1.0,0.3333333333333333,QB1
00-0040704,2025,11,CLE,QB,0,0,rolling3,0.0,0.6666666666666666,QB1
00-0040704,2025,12,CLE,QB,0,0,rolling3,0.0,0.6666666666666666,QB1
00-0040704,2025,13,CLE,QB,0,0,rolling3,0.0,0.3333333333333333,QB1
00-0040704,2025,14,CLE,QB,0,0,rolling3,0.0,0.0,QB2
00-0040704,2025,15,CLE,QB,0,0,rolling3,0.0,0.0,QB2
00-0040704,2025,16,CLE,QB,0,0,rolling3,0.0,0.0,QB2
00-0040704,2025,17,CLE,QB,0,0,rolling3,0.0,0.0,QB2
00-0040704,2025,18,CLE,QB,0,0,rolling3,0.0,0.0,QB2
00-0040743,2025,1,NO,QB,1,0,rolling3,0.0,0.0,QB4
00-0040743,2025,2,NO,QB,1,0,rolling3,0.0,0.0,QB4
00-0040743,2025,3,NO,QB,1,0,rolling3,0.0,0.0,QB4
00-0040743,2025,4,NO,QB,0,0,rolling3,0.0,0.0,QB2
00-0040743,2025,5,NO,QB,0,0,rolling3,0.0,0.0,QB2
00-0040743,2025,6,NO,QB,0,0,rolling3,0.0,0.0,QB3
00-0040743,2025,7,NO,QB,0,0,rolling3,0.0,0.0,QB4
00-0040743,2025,8,NO,QB,0,0,rolling3,0.0,0.0,QB4
00-0040743,2025,9,NO,QB,0,0,rolling3,1.0,0.0,QB2
00-0040743,2025,10,NO,QB,0,0,rolling3,1.0,0.3333333333333333,QB2
00-0040743,2025,12,NO,QB,0,0,rolling3,0.0,0.6666666666666666,QB1
00-0040743,2025,13,NO,QB,0,0,rolling3,1.0,0.6666666666666666,QB1
00-0040743,2025,14,NO,QB,0,0,rolling3,0.0,0.6666666666666666,QB1
00-0040743,2025,15,NO,QB,0,0,rolling3,1.0,0.3333333333333333,QB1
00-0040743,2025,16,NO,QB,0,0,rolling3,0.5,0.6666666666666666,QB1
00-0040743,2025,17,NO,QB,0,0,rolling3,1.0,0.5,QB1
00-0040743,2025,18,NO,QB,0,0,rolling3,1.0,0.8333333333333334,QB1
00-0022942,2025,15,IND,QB,1,0,rolling3_renorm,1.0,0.0,QB4
00-0022942,2025,16,IND,QB,1,0,rolling3_renorm,1.0,0.75,QB1
00-0022942,2025,17,IND,QB,1,0,rolling3_renorm,1.0,1.0,QB1
00-0022942,2025,18,IND,QB,0,0,rolling3_renorm,0.0,1.0,QB1
00-0023459,2025,1,PIT,QB,1,0,rolling3_renorm,1.0,0.6923076923076923,QB1
00-0023459,2025,2,PIT,QB,1,0,rolling3_renorm,1.0,0.6923076923076923,QB1
00-0023459,2025,3,PIT,QB,1,0,rolling3_renorm,1.0,0.6923076923076923,QB1
00-0023459,2025,4,PIT,QB,0,0,rolling3_renorm,1.0,1.0,QB1
00-0023459,2025,6,PIT,QB,0,0,rolling3_renorm,1.0,1.0,QB1
00-0023459,2025,7,PIT,QB,0,0,rolling3_renorm,1.0,1.0,QB1
00-0023459,2025,8,PIT,QB,0,0,rolling3_renorm,1.0,1.0,QB1
00-0023459,2025,9,PIT,QB,0,0,rolling3_renorm,1.0,1.0,QB1
00-0023459,2025,10,PIT,QB,0,0,rolling3_renorm,1.0,1.0,QB1
00-0023459,2025,11,PIT,QB,0,0,rolling3_renorm,0.5,1.0,QB1
00-0023459,2025,12,PIT,QB,0,0,rolling3_renorm,0.0,0.8333333333333334,QB1
00-0023459,2025,13,PIT,QB,0,0,rolling3_renorm,0.0,0.5,QB1
00-0023459,2025,14,PIT,QB,0,0,rolling3_renorm,1.0,0.25,QB2
00-0023459,2025,15,PIT,QB,0,0,rolling3_renorm,1.0,0.5,QB1
00-0023459,2025,16,PIT,QB,0,0,rolling3_renorm,1.0,1.0,QB1
00-0023459,2025,17,PIT,QB,0,0,rolling3_renorm,0.0,1.0,QB1
00-0023459,2025,18,PIT,QB,0,0,rolling3_renorm,1.0,1.0,QB1
00-0026158,2025,1,CLE,QB,1,0,rolling3_renorm,1.0,0.5423728813559322,QB1
00-0026158,2025,2,CLE,QB,1,0,rolling3_renorm,0.5,0.5423728813559322,QB1
00-0026158,2025,3,CLE,QB,1,0,rolling3_renorm,0.0,0.3918367346938776,QB1
00-0026158,2025,4,CLE,QB,0,0,rolling3_renorm,0.0,0.75,QB1
00-0026158,2025,5,CLE,QB,0,0,rolling3_renorm,0.0,0.5,QB1
00-0026158,2025,6,CIN,QB,0,0,rolling3_renorm,1.0,0.0,QB2
00-0026158,2025,7,CIN,QB,0,0,rolling3_renorm,1.0,0.5,QB2
00-0026158,2025,8,CIN,QB,0,0,rolling3_renorm,1.0,0.6666666666666666,QB1
00-0026158,2025,9,CIN,QB,0,0,rolling3_renorm,1.0,1.0,QB1
00-0026158,2025,11,CIN,QB,0,0,rolling3_renorm,1.0,1.0,QB1
00-0026158,2025,12,CIN,QB,0,0,rolling3_renorm,1.0,1.0,QB1
00-0026158,2025,13,CIN,QB,0,0,rolling3_renorm,0.0,1.0,QB1
00-0026158,2025,14,CIN,QB,0,0,rolling3_renorm,0.0,0.6666666666666666,QB1
00-0026158,2025,15,CIN,QB,0,0,rolling3_renorm,0.0,0.33333333333333337,QB2
00-0026158,2025,16,CIN,QB,0,0,rolling3_renorm,0.0,0.0,QB2
00-0026158,2025,17,CIN,QB,0,0,rolling3_renorm,0.0,0.0,QB2
00-0026158,2025,18,CIN,QB,0,0,rolling3_renorm,0.0,0.0,QB2
00-0026300,2025,1,WAS,QB,1,0,rolling3_renorm,0.0,0.0,QB1
00-0026300,2025,2,WAS,QB,1,0,rolling3_renorm,0.0,0.0,QB2
00-0026300,2025,3,WAS,QB,1,0,rolling3_renorm,0.0,0.0,QB2
00-0026300,2025,4,WAS,QB,0,0,rolling3_renorm,0.0,0.0,QB3
00-0026300,2025,5,WAS,QB,0,0,rolling3_renorm,0.0,0.0,QB3
00-0026300,2025,6,WAS,QB,0,0,rolling3_renorm,0.0,0.0,QB3
00-0026300,2025,7,WAS,QB,0,0,rolling3_renorm,0.0,0.0,QB3
00-0026300,2025,8,WAS,QB,0,0,rolling3_renorm,0.0,0.0,QB3
00-0026300,2025,9,WAS,QB,0,0,rolling3_renorm,0.0,0.0,QB3
00-0026300,2025,10,WAS,QB,0,0,rolling3_renorm,0.0,0.0,QB3
00-0026300,2025,11,WAS,QB,0,0,rolling3_renorm,0.0,0.0,QB3
00-0026300,2025,13,WAS,QB,0,0,rolling3_renorm,0.0,0.0,QB3
00-0026300,2025,14,WAS,QB,0,0,rolling3_renorm,0.0,0.0,QB2
00-0026300,2025,15,WAS,QB,0,0,rolling3_renorm,0.0,0.0,QB3
00-0026300,2025,16,WAS,QB,0,0,rolling3_renorm,0.0,0.0,QB3
00-0026300,2025,17,WAS,QB,0,0,rolling3_renorm,0.0,0.0,QB3
00-0026300,2025,18,WAS,QB,0,0,rolling3_renorm,1.0,0.0,QB2
00-0026498,2025,1,LA,QB,1,0,rolling3_renorm,1.0,0.9090909090909091,QB1
00-0026498,2025,2,LA,QB,1,0,rolling3_renorm,1.0,0.9090909090909091,QB1
00-0026498,2025,3,LA,QB,1,0,rolling3_renorm,1.0,0.9090909090909091,QB1
00-0026498,2025,4,LA,QB,0,0,rolling3_renorm,1.0,1.0,QB1
00-0026498,2025,5,LA,QB,0,0,rolling3_renorm,1.0,1.0,QB1
00-0026498,2025,6,LA,QB,0,0,rolling3_renorm,1.0,1.0,QB1
00-0026498,2025,7,LA,QB,0,0,rolling3_renorm,1.0,1.0,QB1
00-0026498,2025,9,LA,QB,0,0,rolling3_renorm,1.0,1.0,QB1
00-0026498,2025,10,LA,QB,0,0,rolling3_renorm,1.0,1.0,QB1
00-0026498,2025,11,LA,QB,0,0,rolling3_renorm,1.0,1.0,QB1
00-0026498,2025,12,LA,QB,0,0,rolling3_renorm,1.0,1.0,QB1
00-0026498,2025,13,LA,QB,0,0,rolling3_renorm,1.0,1.0,QB1
00-0026498,2025,14,LA,QB,0,0,rolling3_renorm,1.0,1.0,QB1
00-0026498,2025,15,LA,QB,0,0,rolling3_renorm,1.0,1.0,QB1
00-0026498,2025,16,LA,QB,0,0,rolling3_renorm,1.0,1.0,QB1
00-0026498,2025,17,LA,QB,0,0,rolling3_renorm,1.0,1.0,QB1
00-0026498,2025,18,LA,QB,0,0,rolling3_renorm,1.0,1.0,QB1
00-0027973,2025,1,CAR,QB,1,0,rolling3_renorm,0.0,0.23076923076923075,QB1
00-0027973,2025,2,CAR,QB,1,0,rolling3_renorm,0.0,0.23076923076923075,QB2
00-0027973,2025,3,CAR,QB,1,0,rolling3_renorm,0.0,0.23076923076923075,QB2
00-0027973,2025,4,CAR,QB,0,0,rolling3_renorm,0.5,0.0,QB2
00-0027973,2025,5,CAR,QB,0,0,rolling3_renorm,0.0,0.25,QB2
00-0027973,2025,6,CAR,QB,0,0,rolling3_renorm,0.0,0.25,QB2
00-0027973,2025,7,CAR,QB,0,0,rolling3_renorm,0.0,0.16666666666666666,QB2
00-0027973,2025,8,CAR,QB,0,0,rolling3_renorm,0.0,0.0,QB2
00-0027973,2025,9,CAR,QB,0,0,rolling3_renorm,0.0,0.0,QB2
00-0027973,2025,10,CAR,QB,0,0,rolling3_renorm,0.0,0.0,QB2
00-0027973,2025,11,CAR,QB,0,0,rolling3_renorm,0.0,0.3333333333333333,QB2
00-0027973,2025,12,CAR,QB,0,0,rolling3_renorm,0.0,0.0,QB2
00-0027973,2025,13,CAR,QB,0,0,rolling3_renorm,0.0,0.0,QB2
00-0027973,2025,15,CAR,QB,0,0,rolling3_renorm,0.0,0.0,QB2
00-0027973,2025,16,CAR,QB,0,0,rolling3_renorm,0.0,0.0,QB2
00-0027973,2025,17,CAR,QB,0,0,rolling3_renorm,0.0,0.0,QB2
00-0027973,2025,18,CAR,QB,0,0,rolling3_renorm,0.0,0.0,QB2
00-0028118,2025,1,NYJ,QB,1,0,rolling3_renorm,0.0,0.2727272727272727,QB1
00-0028118,2025,2,NYJ,QB,1,0,rolling3_renorm,1.0,0.2727272727272727,QB2
00-0028118,2025,3,NYJ,QB,1,0,rolling3_renorm,1.0,0.2727272727272727,QB2
00-0028118,2025,4,NYJ,QB,0,0,rolling3_renorm,0.0,0.6666666666666666,QB2
00-0028118,2025,5,NYJ,QB,0,0,rolling3_renorm,0.0,0.6666666666666666,QB2
00-0028118,2025,6,NYJ,QB,0,0,rolling3_renorm,0.0,0.33333333333333337,QB2
00-0028118,2025,7,NYJ,QB,0,0,rolling3_renorm,0.0,0.0,QB2
00-0028118,2025,8,NYJ,QB,0,0,rolling3_renorm,0.0,0.0,QB2
00-0028118,2025,10,NYJ,QB,0,0,rolling3_renorm,0.0,0.0,QB2
00-0028118,2025,11,NYJ,QB,0,0,rolling3_renorm,0.0,0.0,QB2
00-0028118,2025,12,NYJ,QB,0,0,rolling3_renorm,1.0,0.0,QB2
00-0028118,2025,13,NYJ,QB,0,0,rolling3_renorm,1.0,0.33333333333333337,QB2
00-0028118,2025,14,NYJ,QB,0,0,rolling3_renorm,0.0,0.6666666666666666,QB1
00-0028118,2025,15,NYJ,QB,0,0,rolling3_renorm,0.0,1.0,QB1
00-0028118,2025,16,NYJ,QB,0,0,rolling3_renorm,0.0,0.5,QB2
00-0028118,2025,17,NYJ,QB,0,0,rolling3_renorm,0.0,0.0,QB2
00-0028118,2025,18,NYJ,QB,0,0,rolling3_renorm,0.0,0.0,QB2
00-0028986,2025,1,CHI,QB,1,0,rolling3_renorm,0.0,0.0,QB1
00-0028986,2025,2,CHI,QB,1,0,rolling3_renorm,0.0,0.0,QB2
00-0028986,2025,3,CHI,QB,1,0,rolling3_renorm,0.0,0.0,QB3
00-0028986,2025,4,CHI,QB,0,0,rolling3_renorm,0.0,0.0,QB3
00-0028986,2025,6,CHI,QB,0,0,rolling3_renorm,0.0,0.0,QB3
00-0028986,2025,7,CHI,QB,0,0,rolling3_renorm,0.0,0.0,QB2
00-0028986,2025,8,CHI,QB,0,0,rolling3_renorm,0.0,0.0,QB2
00-0028986,2025,9,CHI,QB,0,0,rolling3_renorm,0.0,0.0,QB2
00-0028986,2025,10,CHI,QB,0,0,rolling3_renorm,0.0,0.0,QB3
00-0028986,2025,11,CHI,QB,0,0,rolling3_renorm,0.0,0.0,QB3
00-0028986,2025,12,CHI,QB,0,0,rolling3_renorm,0.0,0.0,QB3
00-0028986,2025,13,CHI,QB,0,0,rolling3_renorm,0.0,0.0,QB3
00-0028986,2025,14,CHI,QB,0,0,rolling3_renorm,0.0,0.0,QB3
00-0028986,2025,15,CHI,QB,0,0,rolling3_renorm,0.0,0.0,QB2
00-0028986,2025,16,CHI,QB,0,0,rolling3_renorm,0.0,0.0,QB2
00-0028986,2025,17,CHI,QB,0,0,rolling3_renorm,0.0,0.0,QB2
00-0028986,2025,18,CHI,QB,0,0,rolling3_renorm,0.0,0.0,QB2
00-0029263,2025,1,NYG,QB,1,0,rolling3_renorm,0.0,0.6,QB1
00-0029263,2025,2,NYG,QB,1,0,rolling3_renorm,1.0,0.6,QB1
00-0029263,2025,3,NYG,QB,1,0,rolling3_renorm,0.0,0.6,QB1
00-0029263,2025,4,NYG,QB,0,0,rolling3_renorm,0.0,1.0,QB1
00-0029263,2025,5,NYG,QB,0,0,rolling3_renorm,0.0,0.5,QB1
00-0029263,2025,6,NYG,QB,0,0,rolling3_renorm,0.0,0.0,QB2
00-0029263,2025,7,NYG,QB,0,0,rolling3_renorm,0.0,0.0,QB2
00-0029263,2025,8,NYG,QB,0,0,rolling3_renorm,0.0,0.0,QB2
00-0029263,2025,9,NYG,QB,0,0,rolling3_renorm,0.0,0.0,QB2
00-0029263,2025,10,NYG,QB,0,0,rolling3_renorm,0.0,0.0,QB2
00-0029263,2025,11,NYG,QB,0,0,rolling3_renorm,0.0,0.0,QB2
00-0029263,2025,12,NYG,QB,0,0,rolling3_renorm,0.0,0.0,QB3
00-0029263,2025,13,NYG,QB,0,0,rolling3_renorm,0.0,0.0,QB3
00-0029263,2025,15,NYG,QB,0,0,rolling3_renorm,0.0,0.0,QB3
00-0029263,2025,16,NYG,QB,0,0,rolling3_renorm,0.0,0.0,QB3
00-0029263,2025,17,NYG,QB,0,0,rolling3_renorm,0.0,0.0,QB3
00-0029263,2025,18,NYG,QB,0,0,rolling3_renorm,0.0,0.0,QB3
00-0029604,2025,1,ATL,QB,1,0,rolling3_renorm,0.0,0.8181818181818181,QB1
00-0029604,2025,2,ATL,QB,1,0,rolling3_renorm,0.0,0.8181818181818181,QB2
00-0029604,2025,3,ATL,QB,1,0,rolling3_renorm,0.0,0.8181818181818181,QB2
00-0029604,2025,4,ATL,QB,0,0,rolling3_renorm,0.0,0.0,QB2
00-0029604,2025,6,ATL,QB,0,0,rolling3_renorm,0.0,0.0,QB2
00-0029604,2025,7,ATL,QB,0,0,rolling3_renorm,0.0,0.0,QB2
00-0029604,2025,8,ATL,QB,0,0,rolling3_renorm,0.0,0.0,QB2
00-0029604,2025,9,ATL,QB,0,0,rolling3_renorm,0.0,0.0,QB2
00-0029604,2025,10,ATL,QB,0,0,rolling3_renorm,0.0,0.0,QB2
00-0029604,2025,11,ATL,QB,0,0,rolling3_renorm,0.0,0.0,QB2
00-0029604,2025,12,ATL,QB,0,0,rolling3_renorm,1.0,0.0,QB2
00-0029604,2025,13,ATL,QB,0,0,rolling3_renorm,1.0,0.5,QB2
00-0029604,2025,14,ATL,QB,0,0,rolling3_renorm,0.0,1.0,QB1
00-0029604,2025,15,ATL,QB,0,0,rolling3_renorm,1.0,1.0,QB1
00-0029604,2025,16,ATL,QB,0,0,rolling3_renorm,1.0,1.0,QB1
00-0029604,2025,17,ATL,QB,0,0,rolling3_renorm,1.0,1.0,QB1
00-0029604,2025,18,ATL,QB,0,0,rolling3_renorm,1.0,1.0,QB1
00-0030565,2025,1,LV,QB,1,0,rolling3_renorm,1.0,0.6902654867256637,QB1
00-0030565,2025,2,LV,QB,1,0,rolling3_renorm,0.0,0.6902654867256637,QB1
00-0030565,2025,3,LV,QB,1,0,rolling3_renorm,1.0,0.6902654867256637,QB1
00-0030565,2025,4,LV,QB,0,0,rolling3_renorm,1.0,1.0,QB1
00-0030565,2025,5,LV,QB,0,0,rolling3_renorm,0.0,1.0,QB1
00-0030565,2025,6,LV,QB,0,0,rolling3_renorm,1.0,1.0,QB1
00-0030565,2025,7,LV,QB,0,0,rolling3_renorm,0.0,1.0,QB1
00-0030565,2025,9,LV,QB,0,0,rolling3_renorm,1.0,1.0,QB1
00-0030565,2025,10,LV,QB,0,0,rolling3_renorm,0.0,1.0,QB1
00-0030565,2025,11,LV,QB,0,0,rolling3_renorm,1.0,1.0,QB1
00-0030565,2025,12,LV,QB,0,0,rolling3_renorm,1.0,1.0,QB1
00-0030565,2025,13,LV,QB,0,0,rolling3_renorm,1.0,1.0,QB1
00-0030565,2025,14,LV,QB,0,0,rolling3_renorm,0.5,1.0,QB1
00-0030565,2025,15,LV,QB,0,0,rolling3_renorm,0.0,0.8333333333333334,QB1
00-0030565,2025,16,LV,QB,0,0,rolling3_renorm,1.0,0.75,QB1
00-0030565,2025,17,LV,QB,0,0,rolling3_renorm,1.0,0.75,QB1
00-0030565,2025,18,LV,QB,0,0,rolling3_renorm,0.0,1.0,QB1
00-0031237,2025,1,TB,QB,1,0,rolling3_renorm,0.0,0.0,QB1
00-0031237,2025,2,TB,QB,1,0,rolling3_renorm,0.0,0.0,QB2
00-0031237,2025,3,TB,QB,1,0,rolling3_renorm,0.0,0.0,QB2
00-0031237,2025,4,TB,QB,0,0,rolling3_renorm,0.0,0.0,QB2
00-0031237,2025,5,TB,QB,0,0,rolling3_renorm,0.0,0.0,QB2
00-0031237,2025,6,TB,QB,0,0,rolling3_renorm,0.0,0.0,QB2
00-0031237,2025,7,TB,QB,0,0,rolling3_renorm,0.0,0.0,QB2
00-0031237,2025,8,TB,QB,0,0,rolling3_renorm,0.0,0.0,QB2
00-0031237,2025,10,TB,QB,0,0,rolling3_renorm,0.0,0.0,QB2
00-0031237,2025,11,TB,QB,0,0,rolling3_renorm,0.0,0.0,QB2
00-0031237,2025,12,TB,QB,0,0,rolling3_renorm,0.0,0.0,QB2
00-0031237,2025,13,TB,QB,0,0,rolling3_renorm,0.0,0.0,QB2
00-0031237,2025,14,TB,QB,0,0,rolling3_renorm,0.0,0.0,QB2
00-0031237,2025,15,TB,QB,0,0,rolling3_renorm,0.0,0.0,QB2
00-0031237,2025,16,TB,QB,0,0,rolling3_renorm,0.0,0.0,QB2
00-0031237,2025,17,TB,QB,0,0,rolling3_renorm,0.0,0.0,QB2
00-0031237,2025,18,TB,QB,0,0,rolling3_renorm,0.0,0.0,QB2
00-0031280,2025,1,NO,QB,1,0,rolling3_renorm,0.0,0.6666666666666666,QB2
00-0031280,2025,2,NO,QB,1,0,rolling3_renorm,0.0,0.6666666666666666,QB3
00-0031280,2025,3,NO,QB,1,0,rolling3_renorm,0.0,0.6666666666666666,QB3
00-0031280,2025,4,NO,QB,0,0,rolling3_renorm,0.0,0.0,QB3
00-0031280,2025,5,NO,QB,0,0,rolling3_renorm,0.0,0.0,QB3
00-0031280,2025,6,NO,QB,0,0,rolling3_renorm,0.0,0.0,QB4
00-0031280,2025,7,NO,QB,0,0,rolling3_renorm,0.0,0.0,QB3
00-0031280,2025,8,NO,QB,0,0,rolling3_renorm,0.0,0.0,QB3
00-0031280,2025,9,NO,QB,0,0,rolling3_renorm,0.0,0.0,QB4
00-0031280,2025,10,NO,QB,0,0,rolling3_renorm,0.0,0.0,QB4
00-0031280,2025,12,NO,QB,0,0,rolling3_renorm,0.0,0.0,QB4
00-0031280,2025,13,NO,QB,0,0,rolling3_renorm,0.0,0.0,QB3
00-0031280,2025,14,NO,QB,0,0,rolling3_renorm,0.0,0.0,QB3
00-0031280,2025,15,NO,QB,0,0,rolling3_renorm,0.0,0.0,QB3
00-0031280,2025,16,NO,QB,0,0,rolling3_renorm,0.0,0.0,QB4
00-0031280,2025,17,NO,QB,0,0,rolling3_renorm,0.0,0.0,QB4
00-0031280,2025,18,NO,QB,0,0,rolling3_renorm,0.0,0.0,QB4
00-0031345,2025,1,LA,QB,1,0,rolling3_renorm,0.0,0.0909090909090909,QB2
00-0031345,2025,2,LA,QB,1,0,rolling3_renorm,0.0,0.0909090909090909,QB2
00-0031345,2025,3,LA,QB,1,0,rolling3_renorm,0.0,0.0909090909090909,QB2
00-0031345,2025,4,LA,QB,0,0,rolling3_renorm,0.0,0.0,QB2
00-0031345,2025,5,LA,QB,0,0,rolling3_renorm,0.0,0.0,QB2
00-0031345,2025,6,LA,QB,0,0,rolling3_renorm,0.0,0.0,QB2
00-0031345,2025,7,LA,QB,0,0,rolling3_renorm,0.0,0.0,QB2
00-0031345,2025,9,LA,QB,0,0,rolling3_renorm,0.0,0.0,QB2
00-0031345,2025,10,LA,QB,0,0,rolling3_renorm,0.0,0.0,QB2
00-0031345,2025,11,LA,QB,0,0,rolling3_renorm,0.0,0.0,QB2
00-0031345,2025,12,LA,QB,0,0,rolling3_renorm,0.0,0.0,QB2
00-0031345,2025,13,LA,QB,0,0,rolling3_renorm,0.0,0.0,QB2
00-0031345,2025,14,LA,QB,0,0,rolling3_renorm,0.0,0.0,QB2
00-0031345,2025,15,LA,QB,0,0,rolling3_renorm,0.0,0.0,QB2
00-0031345,2025,16,LA,QB,0,0,rolling3_renorm,0.0,0.0,QB2
00-0031345,2025,17,LA,QB,0,0,rolling3_renorm,0.0,0.0,QB2
00-0031345,2025,18,LA,QB,0,0,rolling3_renorm,0.0,0.0,QB2
00-0031503,2025,1,NYG,QB,1,0,rolling3_renorm,0.0,0.4,QB2
00-0031503,2025,2,NYG,QB,1,0,rolling3_renorm,0.0,0.4,QB2
00-0031503,2025,3,NYG,QB,1,0,rolling3_renorm,0.0,0.4,QB3
00-0031503,2025,4,NYG,QB,0,0,rolling3_renorm,0.0,0.0,QB3
00-0031503,2025,5,NYG,QB,0,0,rolling3_renorm,0.0,0.0,QB3
00-0031503,2025,6,NYG,QB,0,0,rolling3_renorm,0.0,0.0,QB3
00-0031503,2025,7,NYG,QB,0,0,rolling3_renorm,0.0,0.0,QB3
00-0031503,2025,8,NYG,QB,0,0,rolling3_renorm,0.0,0.0,QB3
00-0031503,2025,9,NYG,QB,0,0,rolling3_renorm,0.0,0.0,QB3
00-0031503,2025,10,NYG,QB,0,0,rolling3_renorm,0.0,0.0,QB3
00-0031503,2025,11,NYG,QB,0,0,rolling3_renorm,0.0,0.0,QB3
00-0031503,2025,12,NYG,QB,0,0,rolling3_renorm,0.6666666666666666,0.0,QB2
00-0031503,2025,13,NYG,QB,0,0,rolling3_renorm,0.0,1.0,QB1
00-0031503,2025,15,NYG,QB,0,0,rolling3_renorm,0.0,0.39999999999999997,QB1
00-0031503,2025,16,NYG,QB,0,0,rolling3_renorm,0.0,0.25,QB2
00-0031503,2025,17,NYG,QB,0,0,rolling3_renorm,0.0,0.0,QB2
00-0031503,2025,18,NYG,QB,0,0,rolling3_renorm,0.0,0.0,QB2
00-0031800,2025,1,LAC,QB,1,0,rolling3_renorm,0.0,0.0,QB1
00-0032156,2025,1,TEN,QB,1,0,rolling3_renorm,0.0,0.0,QB1
00-0032156,2025,2,TEN,QB,1,0,rolling3_renorm,0.0,0.0,QB2
00-0032156,2025,3,TEN,QB,1,0,rolling3_renorm,0.0,0.0,QB2
00-0032156,2025,4,TEN,QB,0,0,rolling3_renorm,0.0,0.0,QB2
00-0032156,2025,5,TEN,QB,0,0,rolling3_renorm,0.0,0.0,QB2
00-0032156,2025,6,TEN,QB,0,0,rolling3_renorm,0.0,0.0,QB2
00-0032156,2025,7,TEN,QB,0,0,rolling3_renorm,0.0,0.0,QB2
00-0032156,2025,8,TEN,QB,0,0,rolling3_renorm,0.0,0.0,QB2
00-0032156,2025,9,TEN,QB,0,0,rolling3_renorm,0.0,0.0,QB2
00-0032156,2025,11,TEN,QB,0,0,rolling3_renorm,0.0,0.0,QB2
00-0032156,2025,12,TEN,QB,0,0,rolling3_renorm,0.0,0.0,QB2
00-0032156,2025,13,TEN,QB,0,0,rolling3_renorm,0.0,0.0,QB2
00-0032156,2025,14,TEN,QB,0,0,rolling3_renorm,0.0,0.0,QB2
00-0032156,2025,15,TEN,QB,0,0,rolling3_renorm,0.0,0.0,QB2
00-0032156,2025,16,TEN,QB,0,0,rolling3_renorm,0.0,0.0,QB2
00-0032156,2025,17,TEN,QB,0,0,rolling3_renorm,0.0,0.0,QB2
00-0032156,2025,18,TEN,QB,0,0,rolling3_renorm,0.0,0.0,QB2
00-0032268,2025,1,WAS,QB,1,0,rolling3_renorm,0.0,0.14285714285714285,QB2
00-0032268,2025,2,WAS,QB,1,0,rolling3_renorm,0.0,0.14285714285714285,QB3
00-0032268,2025,3,WAS,QB,1,0,rolling3_renorm,1.0,0.14285714285714285,QB3
00-0032268,2025,4,WAS,QB,0,0,rolling3_renorm,1.0,0.3333333333333333,QB2
00-0032268,2025,5,WAS,QB,0,0,rolling3_renorm,0.0,0.6666666666666666,QB1
00-0032268,2025,6,WAS,QB,0,0,rolling3_renorm,0.0,0.6666666666666666,QB1
00-0032268,2025,7,WAS,QB,0,0,rolling3_renorm,0.0,0.3333333333333333,QB2
00-0032268,2025,8,WAS,QB,0,0,rolling3_renorm,1.0,0.0,QB2
00-0032268,2025,9,WAS,QB,0,0,rolling3_renorm,0.0,0.3333333333333333,QB2
00-0032268,2025,10,WAS,QB,0,0,rolling3_renorm,1.0,0.5,QB2
00-0032268,2025,11,WAS,QB,0,0,rolling3_renorm,1.0,1.0,QB1
00-0032268,2025,13,WAS,QB,0,0,rolling3_renorm,1.0,1.0,QB1
00-0032268,2025,14,WAS,QB,0,0,rolling3_renorm,0.0,1.0,QB1
00-0032268,2025,15,WAS,QB,0,0,rolling3_renorm,1.0,1.0,QB1
00-0032268,2025,16,WAS,QB,0,0,rolling3_renorm,0.0,1.0,QB1
00-0032268,2025,17,WAS,QB,0,0,rolling3_renorm,0.0,1.0,QB1
00-0032268,2025,18,WAS,QB,0,0,rolling3_renorm,0.0,1.0,QB1
00-0032434,2025,1,TEN,QB,1,0,rolling3_renorm,0.0,0.09999999999999999,QB2
00-0032434,2025,2,TEN,QB,1,0,rolling3_renorm,0.0,0.09999999999999999,QB3
00-0032434,2025,3,TEN,QB,1,0,rolling3_renorm,0.0,0.05405405405405405,QB3
00-0032434,2025,4,TEN,QB,0,0,rolling3_renorm,0.0,0.0,QB3
00-0032434,2025,5,TEN,QB,0,0,rolling3_renorm,0.0,0.0,QB3
00-0032434,2025,6,TEN,QB,0,0,rolling3_renorm,0.0,0.0,QB3
00-0032434,2025,7,TEN,QB,0,0,rolling3_renorm,0.0,0.0,QB3
00-0032434,2025,8,TEN,QB,0,0,rolling3_renorm,0.0,0.0,QB3
00-0032434,2025,9,TEN,QB,0,0,rolling3_renorm,0.0,0.0,QB3
00-0032434,2025,11,TEN,QB,0,0,rolling3_renorm,0.0,0.0,QB3
00-0032434,2025,12,TEN,QB,0,0,rolling3_renorm,0.0,0.0,QB3
00-0032434,2025,13,TEN,QB,0,0,rolling3_renorm,0.0,0.0,QB3
00-0032434,2025,14,TEN,QB,0,0,rolling3_renorm,0.0,0.0,QB3
00-0032434,2025,15,TEN,QB,0,0,rolling3_renorm,0.0,0.0,QB3
00-0032434,2025,16,TEN,QB,0,0,rolling3_renorm,0.0,0.0,QB3
00-0032434,2025,17,TEN,QB,0,0,rolling3_renorm,0.0,0.0,QB3
00-0032434,2025,18,TEN,QB,0,0,rolling3_renorm,0.0,0.0,QB3
00-0032436,2025,1,LV,QB,1,0,rolling3_renorm,0.0,0.0,QB2
00-0032436,2025,2,LV,QB,1,0,rolling3_renorm,0.0,0.0,QB2
00-0032436,2025,3,LV,QB,1,0,rolling3_renorm,0.0,0.0,QB2
00-0032436,2025,4,LV,QB,0,0,rolling3_renorm,0.0,0.0,QB2
00-0032436,2025,5,LV,QB,0,0,rolling3_renorm,0.0,0.0,QB2
00-0032436,2025,6,LV,QB,0,0,rolling3_renorm,0.0,0.0,QB2
00-0032436,2025,10,ARI,QB,0,0,rolling3_renorm,0.0,0.0,QB2
00-0032436,2025,11,ARI,QB,0,0,rolling3_renorm,0.0,0.0,QB3
00-0032436,2025,12,ARI,QB,0,0,rolling3_renorm,0.0,0.0,QB3
00-0032436,2025,13,ARI,QB,0,0,rolling3_renorm,0.0,0.0,QB3
00-0032436,2025,14,ARI,QB,0,0,rolling3_renorm,0.0,0.0,QB3
00-0032436,2025,15,ARI,QB,0,0,rolling3_renorm,0.0,0.0,QB3
00-0032436,2025,16,ARI,QB,0,0,rolling3_renorm,0.0,0.0,QB2
00-0032436,2025,17,WAS,QB,0,0,rolling3_renorm,0.0,0.0,QB4
00-0032436,2025,18,WAS,QB,0,0,rolling3_renorm,0.0,0.0,QB3
00-0032950,2025,1,MIN,QB,1,0,rolling3_renorm,0.0,0.3333333333333333,QB1
00-0032950,2025,2,MIN,QB,1,0,rolling3_renorm,0.0,0.3333333333333333,QB2
00-0032950,2025,3,MIN,QB,1,0,rolling3_renorm,1.0,0.0,QB2
00-0032950,2025,4,MIN,QB,0,0,rolling3_renorm,1.0,0.425,QB2
00-0032950,2025,5,MIN,QB,0,0,rolling3_renorm,0.5,1.0,QB1
00-0032950,2025,7,MIN,QB,0,0,rolling3_renorm,0.0,1.0,QB1
00-0032950,2025,8,MIN,QB,0,0,rolling3_renorm,1.0,1.0,QB1
00-0032950,2025,9,MIN,QB,0,0,rolling3_renorm,0.0,1.0,QB1
00-0032950,2025,10,MIN,QB,0,0,rolling3_renorm,0.0,0.5,QB1
00-0032950,2025,11,MIN,QB,0,0,rolling3_renorm,0.0,0.33333333333333337,QB2
00-0032950,2025,12,MIN,QB,0,0,rolling3_renorm,0.0,0.0,QB2
00-0032950,2025,13,MIN,QB,0,0,rolling3_renorm,0.0,0.0,QB2
00-0032950,2025,14,MIN,QB,0,0,rolling3_renorm,0.0,0.0,QB3
00-0032950,2025,15,MIN,QB,0,0,rolling3_renorm,0.0,0.0,QB3
00-0032950,2025,16,MIN,QB,0,0,rolling3_renorm,0.0,0.0,QB3
00-0032950,2025,17,MIN,QB,0,0,rolling3_renorm,0.0,0.0,QB3
00-0032950,2025,18,MIN,QB,0,0,rolling3_renorm,0.0,0.0,QB3
00-0033077,2025,1,DAL,QB,1,0,rolling3_renorm,0.0,0.8666666666666666,QB1
00-0033077,2025,2,DAL,QB,1,0,rolling3_renorm,1.0,0.8666666666666666,QB1
00-0033077,2025,3,DAL,QB,1,0,rolling3_renorm,1.0,0.8666666666666666,QB1
00-0033077,2025,4,DAL,QB,0,0,rolling3_renorm,1.0,1.0,QB1
00-0033077,2025,5,DAL,QB,0,0,rolling3_renorm,1.0,1.0,QB1
00-0033077,2025,6,DAL,QB,0,0,rolling3_renorm,1.0,1.0,QB1
00-0033077,2025,7,DAL,QB,0,0,rolling3_renorm,1.0,1.0,QB1
00-0033077,2025,8,DAL,QB,0,0,rolling3_renorm,0.0,1.0,QB1
00-0033077,2025,9,DAL,QB,0,0,rolling3_renorm,1.0,0.6666666666666666,QB1
00-0033077,2025,11,DAL,QB,0,0,rolling3_renorm,1.0,0.6666666666666666,QB1
00-0033077,2025,12,DAL,QB,0,0,rolling3_renorm,1.0,0.6666666666666666,QB1
00-0033077,2025,13,DAL,QB,0,0,rolling3_renorm,1.0,1.0,QB1
00-0033077,2025,14,DAL,QB,0,0,rolling3_renorm,1.0,1.0,QB1
00-0033077,2025,15,DAL,QB,0,0,rolling3_renorm,0.0,1.0,QB1
00-0033077,2025,16,DAL,QB,0,0,rolling3_renorm,1.0,1.0,QB1
00-0033077,2025,17,DAL,QB,0,0,rolling3_renorm,1.0,1.0,QB1
00-0033077,2025,18,DAL,QB,0,0,rolling3_renorm,0.0,1.0,QB1
00-0033106,2025,1,DET,QB,1,0,rolling3_renorm,1.0,1.0,QB1
00-0033106,2025,2,DET,QB,1,0,rolling3_renorm,1.0,1.0,QB1
00-0033106,2025,3,DET,QB,1,0,rolling3_renorm,1.0,1.0,QB1
00-0033106,2025,4,DET,QB,0,0,rolling3_renorm,1.0,1.0,QB1
00-0033106,2025,5,DET,QB,0,0,rolling3_renorm,0.75,1.0,QB1
00-0033106,2025,6,DET,QB,0,0,rolling3_renorm,1.0,1.0,QB1
00-0033106,2025,7,DET,QB,0,0,rolling3_renorm,1.0,1.0,QB1
00-0033106,2025,9,DET,QB,0,0,rolling3_renorm,1.0,1.0,QB1
00-0033106,2025,10,DET,QB,0,0,rolling3_renorm,1.0,1.0,QB1
00-0033106,2025,11,DET,QB,0,0,rolling3_renorm,1.0,1.0,QB1
00-0033106,2025,12,DET,QB,0,0,rolling3_renorm,1.0,1.0,QB1
00-0033106,2025,13,DET,QB,0,0,rolling3_renorm,1.0,1.0,QB1
00-0033106,2025,14,DET,QB,0,0,rolling3_renorm,1.0,1.0,QB1
00-0033106,2025,15,DET,QB,0,0,rolling3_renorm,1.0,1.0,QB1
00-0033106,2025,16,DET,QB,0,0,rolling3_renorm,1.0,1.0,QB1
00-0033106,2025,17,DET,QB,0,0,rolling3_renorm,1.0,1.0,QB1
00-0033106,2025,18,DET,QB,0,0,rolling3_renorm,1.0,1.0,QB1
00-0033119,2025,1,ARI,QB,1,0,rolling3_renorm,0.0,0.125,QB1
00-0033119,2025,2,ARI,QB,1,0,rolling3_renorm,0.0,0.125,QB2
00-0033119,2025,3,ARI,QB,1,0,rolling3_renorm,0.0,0.125,QB2
00-0033119,2025,4,ARI,QB,0,0,rolling3_renorm,0.0,0.0,QB2
00-0033119,2025,5,ARI,QB,0,0,rolling3_renorm,0.0,0.0,QB2
00-0033119,2025,6,ARI,QB,0,0,rolling3_renorm,1.0,0.0,QB2
00-0033119,2025,7,ARI,QB,0,0,rolling3_renorm,1.0,0.5,QB2
00-0033119,2025,9,ARI,QB,0,0,rolling3_renorm,1.0,1.0,QB1
00-0033119,2025,10,ARI,QB,0,0,rolling3_renorm,1.0,1.0,QB1
00-0033119,2025,11,ARI,QB,0,0,rolling3_renorm,1.0,1.0,QB1
00-0033119,2025,12,ARI,QB,0,0,rolling3_renorm,1.0,1.0,QB1
00-0033119,2025,13,ARI,QB,0,0,rolling3_renorm,1.0,1.0,QB1
00-0033119,2025,14,ARI,QB,0,0,rolling3_renorm,1.0,1.0,QB1
00-0033119,2025,15,ARI,QB,0,0,rolling3_renorm,1.0,1.0,QB1
00-0033119,2025,16,ARI,QB,0,0,rolling3_renorm,1.0,1.0,QB1
00-0033119,2025,17,ARI,QB,0,0,rolling3_renorm,1.0,1.0,QB1
00-0033119,2025,18,ARI,QB,0,0,rolling3_renorm,1.0,1.0,QB1
00-0033319,2025,1,JAX,QB,1,0,rolling3_renorm,0.0,0.0,QB1
00-0033319,2025,2,JAX,QB,1,0,rolling3_renorm,0.0,0.0,QB2
00-0033319,2025,3,JAX,QB,1,0,rolling3_renorm,0.0,0.0,QB2
00-0033319,2025,4,JAX,QB,0,0,rolling3_renorm,0.0,0.0,QB2
00-0033319,2025,5,JAX,QB,0,0,rolling3_renorm,0.0,0.0,QB2
00-0033319,2025,6,JAX,QB,0,0,rolling3_renorm,0.0,0.0,QB2
00-0033319,2025,7,JAX,QB,0,0,rolling3_renorm,0.0,0.0,QB2
00-0033319,2025,9,JAX,QB,0,0,rolling3_renorm,0.0,0.0,QB2
00-0033319,2025,10,JAX,QB,0,0,rolling3_renorm,0.0,0.0,QB2
00-0033319,2025,11,JAX,QB,0,0,rolling3_renorm,0.0,0.0,QB2
00-0033319,2025,12,JAX,QB,0,0,rolling3_renorm,0.0,0.0,QB2
00-0033319,2025,13,JAX,QB,0,0,rolling3_renorm,0.0,0.0,QB2
00-0033319,2025,14,JAX,QB,0,0,rolling3_renorm,0.0,0.0,QB2
00-0033319,2025,15,JAX,QB,0,0,rolling3_renorm,0.0,0.0,QB2
00-0033319,2025,16,JAX,QB,0,0,rolling3_renorm,0.0,0.0,QB2
00-0033319,2025,17,JAX,QB,0,0,rolling3_renorm,0.0,0.0,QB2
00-0033319,2025,18,JAX,QB,0,0,rolling3_renorm,0.0,0.0,QB2
00-0033357,2025,1,NO,QB,1,0,rolling3_renorm,0.0,0.0,QB1
00-0033357,2025,2,NO,QB,1,0,rolling3_renorm,0.0,0.0,QB2
00-0033357,2025,3,NO,QB,1,0,rolling3_renorm,0.0,0.0,QB2
00-0033357,2025,4,NO,QB,0,0,rolling3_renorm,0.0,0.0,QB4
00-0033357,2025,5,NO,QB,0,0,rolling3_renorm,0.0,0.0,QB4
00-0033357,2025,6,NO,QB,0,0,rolling3_renorm,0.0,0.0,QB2
00-0033357,2025,7,NO,QB,0,0,rolling3_renorm,0.0,0.0,QB2
00-0033357,2025,8,NO,QB,0,0,rolling3_renorm,0.0,0.0,QB2
00-0033357,2025,9,NO,QB,0,0,rolling3_renorm,0.0,0.0,QB3
00-0033357,2025,10,NO,QB,0,0,rolling3_renorm,0.0,0.0,QB3
00-0033357,2025,12,NO,QB,0,0,rolling3_renorm,0.0,0.0,QB2
00-0033357,2025,13,NO,QB,0,0,rolling3_renorm,0.0,0.0,QB2
00-0033357,2025,14,NO,QB,0,0,rolling3_renorm,0.0,0.0,QB2
00-0033357,2025,15,NO,QB,0,0,rolling3_renorm,0.0,0.0,QB2
00-0033357,2025,16,NO,QB,0,0,rolling3_renorm,0.5,0.0,QB2
00-0033357,2025,17,NO,QB,0,0,rolling3_renorm,0.0,0.25,QB2
00-0033357,2025,18,NO,QB,0,0,rolling3_renorm,0.0,0.16666666666666666,QB2
00-0033537,2025,1,CLE,QB,1,0,rolling3_renorm,0.0,0.3615819209039548,QB2
00-0033537,2025,2,CLE,QB,1,0,rolling3_renorm,0.0,0.3615819209039548,QB2
00-0033537,2025,3,CLE,QB,1,0,rolling3_renorm,0.0,0.26122448979591834,QB3
00-0033537,2025,4,CLE,QB,0,0,rolling3_renorm,0.0,0.0,QB3
00-0033537,2025,5,CLE,QB,0,0,rolling3_renorm,0.0,0.0,QB3
00-0033537,2025,6,CLE,QB,0,0,rolling3_renorm,0.0,0.0,QB2
00-0033537,2025,7,CLE,QB,0,0,rolling3_renorm,0.0,0.0,QB2
00-0033537,2025,8,CLE,QB,0,0,rolling3_renorm,0.0,0.0,QB2
00-0033537,2025,10,CLE,QB,0,0,rolling3_renorm,0.0,0.0,QB2
00-0033537,2025,11,CLE,QB,0,0,rolling3_renorm,0.0,0.0,QB2
00-0033537,2025,12,CLE,QB,0,0,rolling3_renorm,0.0,0.0,QB3
00-0033537,2025,13,CLE,QB,0,0,rolling3_renorm,0.0,0.0,QB3
00-0033537,2025,14,CLE,QB,0,0,rolling3_renorm,0.0,0.0,QB3
00-0033537,2025,15,CLE,QB,0,0,rolling3_renorm,0.0,0.0,QB3
00-0033537,2025,16,CLE,QB,0,0,rolling3_renorm,0.0,0.0,QB3
00-0033537,2025,17,CLE,QB,0,0,rolling3_renorm,0.0,0.0,QB3
00-0033537,2025,18,CLE,QB,0,0,rolling3_renorm,0.0,0.0,QB3
00-0033662,2025,1,BAL,QB,1,0,rolling3_renorm,0.0,0.2727272727272727,QB1
00-0033662,2025,2,BAL,QB,1,0,rolling3_renorm,0.0,0.2727272727272727,QB2
00-0033662,2025,3,BAL,QB,1,0,rolling3_renorm,0.0,0.2727272727272727,QB2
00-0033662,2025,4,BAL,QB,0,0,rolling3_renorm,0.0,0.0,QB2
00-0033662,2025,5,BAL,QB,0,0,rolling3_renorm,0.0,0.0,QB2
00-0033662,2025,6,BAL,QB,0,0,rolling3_renorm,0.0,0.0,QB2
00-0033662,2025,8,BAL,QB,0,0,rolling3_renorm,0.0,0.0,QB1
00-0033662,2025,9,BAL,QB,0,0,rolling3_renorm,0.0,0.0,QB1
00-0033662,2025,10,BAL,QB,0,0,rolling3_renorm,0.0,0.0,QB3
00-0033662,2025,11,BAL,QB,0,0,rolling3_renorm,0.0,0.0,QB3
00-0033662,2025,12,BAL,QB,0,0,rolling3_renorm,0.0,0.0,QB2
00-0033662,2025,13,BAL,QB,0,0,rolling3_renorm,0.0,0.0,QB2
00-0033662,2025,14,BAL,QB,0,0,rolling3_renorm,0.0,0.3333333333333333,QB2
00-0033662,2025,15,BAL,QB,0,0,rolling3_renorm,0.0,0.0,QB2
00-0033662,2025,16,BAL,QB,0,0,rolling3_renorm,0.0,0.0,QB3
00-0033662,2025,17,BAL,QB,0,0,rolling3_renorm,0.0,0.0,QB3
00-0033662,2025,18,BAL,QB,0,0,rolling3_renorm,0.0,0.0,QB3
00-0033869,2025,1,BUF,QB,1,0,rolling3_renorm,0.0,0.0888888888888889,QB1
00-0033869,2025,2,BUF,QB,1,0,rolling3_renorm,0.0,0.0888888888888889,QB2
00-0033869,2025,3,BUF,QB,1,0,rolling3_renorm,0.0,0.0888888888888889,QB2
00-0033869,2025,4,BUF,QB,0,0,rolling3_renorm,0.0,0.0,QB2
00-0033869,2025,5,BUF,QB,0,0,rolling3_renorm,0.0,0.0,QB2
00-0033869,2025,6,BUF,QB,0,0,rolling3_renorm,0.0,0.0,QB2
00-0033869,2025,8,BUF,QB,0,0,rolling3_renorm,0.0,0.0,QB2
00-0033869,2025,9,BUF,QB,0,0,rolling3_renorm,0.0,0.0,QB2
00-0033869,2025,10,BUF,QB,0,0,rolling3_renorm,0.0,0.0,QB2
00-0033869,2025,11,BUF,QB,0,0,rolling3_renorm,0.0,0.0,QB2
00-0033869,2025,12,BUF,QB,0,0,rolling3_renorm,0.0,0.0,QB2
00-0033869,2025,13,BUF,QB,0,0,rolling3_renorm,0.0,0.0,QB2
00-0033869,2025,14,BUF,QB,0,0,rolling3_renorm,0.0,0.0,QB2
00-0033869,2025,15,BUF,QB,0,0,rolling3_renorm,0.0,0.0,QB2
00-0033869,2025,16,BUF,QB,0,0,rolling3_renorm,0.0,0.0,QB2
00-0033869,2025,17,BUF,QB,0,0,rolling3_renorm,0.0,0.0,QB2
00-0033869,2025,18,BUF,QB,0,0,rolling3_renorm,1.0,0.0,QB2
00-0033873,2025,1,KC,QB,1,0,rolling3_renorm,1.0,0.6829268292682927,QB1
00-0033873,2025,2,KC,QB,1,0,rolling3_renorm,1.0,0.6829268292682927,QB1
00-0033873,2025,3,KC,QB,1,0,rolling3_renorm,1.0,0.6829268292682927,QB1
00-0033873,2025,4,KC,QB,0,0,rolling3_renorm,1.0,1.0,QB1
00-0033873,2025,5,KC,QB,0,0,rolling3_renorm,1.0,1.0,QB1
00-0033873,2025,6,KC,QB,0,0,rolling3_renorm,1.0,1.0,QB1
00-0033873,2025,7,KC,QB,0,0,rolling3_renorm,1.0,1.0,QB1
00-0033873,2025,8,KC,QB,0,0,rolling3_renorm,1.0,1.0,QB1
00-0033873,2025,9,KC,QB,0,0,rolling3_renorm,0.0,1.0,QB1
00-0033873,2025,11,KC,QB,0,0,rolling3_renorm,1.0,1.0,QB1
00-0033873,2025,12,KC,QB,0,0,rolling3_renorm,0.0,1.0,QB1
00-0033873,2025,13,KC,QB,0,0,rolling3_renorm,1.0,1.0,QB1
00-0033873,2025,14,KC,QB,0,0,rolling3_renorm,0.0,1.0,QB1
00-0033873,2025,15,KC,QB,0,0,rolling3_renorm,0.0,1.0,QB1
00-0033873,2025,16,KC,QB,0,0,rolling3_renorm,0.0,1.0,QB1
00-0033873,2025,17,KC,QB,0,0,rolling3_renorm,0.0,0.25,QB1
00-0033873,2025,18,KC,QB,0,0,rolling3_renorm,0.0,0.0,QB2
00-0033936,2025,1,DET,QB,1,0,rolling3_renorm,0.0,0.0,QB2
00-0033936,2025,2,DET,QB,1,0,rolling3_renorm,0.0,0.0,QB2
00-0033936,2025,3,DET,QB,1,0,rolling3_renorm,0.0,0.0,QB3
00-0033936,2025,4,DET,QB,0,0,rolling3_renorm,0.0,0.0,QB3
00-0033936,2025,5,DET,QB,0,0,rolling3_renorm,0.0,0.0,QB3
00-0033936,2025,6,DET,QB,0,0,rolling3_renorm,0.0,0.0,QB3
00-0033936,2025,7,DET,QB,0,0,rolling3_renorm,0.0,0.0,QB3
00-0033936,2025,9,DET,QB,0,0,rolling3_renorm,0.0,0.0,QB2
00-0033936,2025,10,DET,QB,0,0,rolling3_renorm,0.0,0.0,QB2
00-0033936,2025,11,DET,QB,0,0,rolling3_renorm,0.0,0.0,QB3
00-0033936,2025,12,DET,QB,0,0,rolling3_renorm,0.0,0.0,QB3
00-0033936,2025,13,DET,QB,0,0,rolling3_renorm,0.0,0.0,QB3
00-0033936,2025,14,DET,QB,0,0,rolling3_renorm,0.0,0.0,QB2
00-0033936,2025,15,DET,QB,0,0,rolling3_renorm,0.0,0.0,QB2
00-0033936,2025,16,DET,QB,0,0,rolling3_renorm,0.0,0.0,QB2
00-0033936,2025,17,DET,QB,0,0,rolling3_renorm,0.0,0.0,QB2
00-0033936,2025,18,DET,QB,0,0,rolling3_renorm,0.0,0.0,QB2
00-0033949,2025,1,NE,QB,1,0,rolling3_renorm,0.0,0.0909090909090909,QB1
00-0033949,2025,2,NE,QB,1,0,rolling3_renorm,0.0,0.0909090909090909,QB2
00-0033949,2025,3,NE,QB,1,0,rolling3_renorm,0.0,0.0909090909090909,QB2
00-0033949,2025,4,NE,QB,0,0,rolling3_renorm,0.0,0.0,QB2
00-0033949,2025,5,NE,QB,0,0,rolling3_renorm,0.0,0.0,QB2
00-0033949,2025,6,NE,QB,0,0,rolling3_renorm,0.0,0.0,QB2
00-0033949,2025,7,NE,QB,0,0,rolling3_renorm,0.0,0.0,QB2
00-0033949,2025,8,NE,QB,0,0,rolling3_renorm,0.0,0.0,QB2
00-0033949,2025,9,NE,QB,0,0,rolling3_renorm,0.0,0.0,QB2
00-0033949,2025,10,NE,QB,0,0,rolling3_renorm,0.0,0.0,QB2
00-0033949,2025,11,NE,QB,0,0,rolling3_renorm,0.0,0.0,QB2
00-0033949,2025,12,NE,QB,0,0,rolling3_renorm,0.0,0.0,QB2
00-0033949,2025,13,NE,QB,0,0,rolling3_renorm,0.0,0.0,QB2
00-0033949,2025,15,NE,QB,0,0,rolling3_renorm,0.0,0.0,QB2
00-0033949,2025,16,NE,QB,0,0,rolling3_renorm,0.0,0.0,QB2
00-0033949,2025,17,NE,QB,0,0,rolling3_renorm,0.0,0.0,QB2
00-0033949,2025,18,NE,QB,0,0,rolling3_renorm,0.0,0.0,QB2
00-0034401,2025,1,BUF,QB,1,0,rolling3_renorm,0.0,0.0,QB2
00-0034401,2025,3,CIN,QB,1,0,rolling3_renorm,0.0,0.0,QB3
00-0034401,2025,4,CIN,QB,1,0,rolling3_renorm,0.0,0.0,QB4
00-0034401,2025,5,CIN,QB,0,0,rolling3_renorm,0.0,0.0,QB4
00-0034401,2025,6,CIN,QB,0,0,rolling3_renorm,0.0,0.0,QB4
00-0034401,2025,8,CAR,QB,0,0,rolling3_renorm,0.0,0.0,QB3
00-0034401,2025,9,CAR,QB,0,0,rolling3_renorm,0.0,0.0,QB3
00-0034401,2025,10,CAR,QB,0,0,rolling3_renorm,0.0,0.0,QB3
00-0034401,2025,11,CAR,QB,0,0,rolling3_renorm,0.0,0.3333333333333333,QB3
00-0034401,2025,12,CAR,QB,0,0,rolling3_renorm,0.0,0.0,QB3
00-0034401,2025,13,CAR,QB,0,0,rolling3_renorm,0.0,0.0,QB3
00-0034401,2025,15,CAR,QB,0,0,rolling3_renorm,0.0,0.0,QB3
00-0034401,2025,16,CAR,QB,0,0,rolling3_renorm,0.0,0.0,QB3
00-0034401,2025,17,CAR,QB,0,0,rolling3_renorm,0.0,0.0,QB3
00-0034401,2025,18,CAR,QB,0,0,rolling3_renorm,0.0,0.0,QB3
00-0034438,2025,2,PIT,QB,1,0,rolling3_renorm,0.0,0.0,QB4
00-0034438,2025,3,PIT,QB,1,0,rolling3_renorm,0.0,0.0,QB3
00-0034438,2025,4,PIT,QB,1,0,rolling3_renorm,0.0,0.0,QB3
00-0034438,2025,6,PIT,QB,0,0,rolling3_renorm,0.0,0.0,QB3
00-0034438,2025,7,PIT,QB,0,0,rolling3_renorm,0.0,0.0,QB3
00-0034438,2025,8,PIT,QB,0,0,rolling3_renorm,0.0,0.0,QB3
00-0034438,2025,17,ARI,QB,0,0,rolling3_renorm,0.0,0.0,QB2
00-0034438,2025,18,ARI,QB,0,0,rolling3_renorm,0.0,0.0,QB2
00-0034577,2025,1,DET,QB,1,0,rolling3_renorm,0.0,0.0,QB3
00-0034577,2025,2,DET,QB,1,0,rolling3_renorm,0.0,0.0,QB3
00-0034577,2025,3,DET,QB,1,0,rolling3_renorm,0.0,0.0,QB2
00-0034577,2025,4,DET,QB,0,0,rolling3_renorm,0.0,0.0,QB2
00-0034577,2025,5,DET,QB,0,0,rolling3_renorm,0.0,0.0,QB2
00-0034577,2025,6,DET,QB,0,0,rolling3_renorm,0.0,0.0,QB2
00-0034577,2025,7,DET,QB,0,0,rolling3_renorm,0.0,0.0,QB2
00-0034577,2025,9,DET,QB,0,0,rolling3_renorm,0.0,0.0,QB3
00-0034577,2025,10,DET,QB,0,0,rolling3_renorm,0.0,0.0,QB3
00-0034577,2025,11,DET,QB,0,0,rolling3_renorm,0.0,0.0,QB2
00-0034577,2025,12,DET,QB,0,0,rolling3_renorm,0.0,0.0,QB2
00-0034577,2025,13,DET,QB,0,0,rolling3_renorm,0.0,0.0,QB2
00-0034577,2025,14,DET,QB,0,0,rolling3_renorm,0.0,0.0,QB3
00-0034577,2025,15,DET,QB,0,0,rolling3_renorm,0.0,0.0,QB3
00-0034577,2025,16,DET,QB,0,0,rolling3_renorm,0.0,0.0,QB3
00-0034577,2025,17,DET,QB,0,0,rolling3_renorm,0.0,0.0,QB3
00-0034577,2025,18,DET,QB,0,0,rolling3_renorm,0.0,0.0,QB3
00-0034771,2025,1,PIT,QB,1,0,rolling3_renorm,0.0,0.3076923076923077,QB2
00-0034771,2025,2,PIT,QB,1,0,rolling3_renorm,0.0,0.3076923076923077,QB2
00-0034771,2025,3,PIT,QB,1,0,rolling3_renorm,0.0,0.3076923076923077,QB2
00-0034771,2025,4,PIT,QB,0,0,rolling3_renorm,0.0,0.0,QB2
00-0034771,2025,6,PIT,QB,0,0,rolling3_renorm,0.0,0.0,QB2
00-0034771,2025,7,PIT,QB,0,0,rolling3_renorm,0.0,0.0,QB2
00-0034771,2025,8,PIT,QB,0,0,rolling3_renorm,0.0,0.0,QB2
00-0034771,2025,9,PIT,QB,0,0,rolling3_renorm,0.0,0.0,QB2
00-0034771,2025,10,PIT,QB,0,0,rolling3_renorm,0.0,0.0,QB2
00-0034771,2025,11,PIT,QB,0,0,rolling3_renorm,0.5,0.0,QB2
00-0034771,2025,12,PIT,QB,0,0,rolling3_renorm,1.0,0.16666666666666666,QB2
00-0034771,2025,13,PIT,QB,0,0,rolling3_renorm,0.0,0.5,QB2
00-0034771,2025,14,PIT,QB,0,0,rolling3_renorm,0.0,0.75,QB1
00-0034771,2025,15,PIT,QB,0,0,rolling3_renorm,0.0,0.5,QB2
00-0034771,2025,16,PIT,QB,0,0,rolling3_renorm,0.0,0.0,QB2
00-0034771,2025,17,PIT,QB,0,0,rolling3_renorm,0.0,0.0,QB2
00-0034771,2025,18,PIT,QB,0,0,rolling3_renorm,0.0,0.0,QB2
00-0034796,2025,1,BAL,QB,1,0,rolling3_renorm,1.0,0.6181818181818182,QB2
00-0034796,2025,2,BAL,QB,1,0,rolling3_renorm,1.0,0.6181818181818182,QB1
00-0034796,2025,3,BAL,QB,1,0,rolling3_renorm,1.0,0.6181818181818182,QB1
00-0034796,2025,4,BAL,QB,0,0,rolling3_renorm,1.0,1.0,QB1
00-0034796,2025,5,BAL,QB,0,0,rolling3_renorm,0.0,1.0,QB1
00-0034796,2025,6,BAL,QB,0,0,rolling3_renorm,0.0,1.0,QB1
00-0034796,2025,8,BAL,QB,0,0,rolling3_renorm,0.0,1.0,QB2
00-0034796,2025,9,BAL,QB,0,0,rolling3_renorm,1.0,0.0,QB3
00-0034796,2025,10,BAL,QB,0,0,rolling3_renorm,1.0,0.5,QB2
00-0034796,2025,11,BAL,QB,0,0,rolling3_renorm,0.0,0.6666666666666666,QB1
00-0034796,2025,12,BAL,QB,0,0,rolling3_renorm,0.0,1.0,QB1
00-0034796,2025,13,BAL,QB,0,0,rolling3_renorm,0.0,1.0,QB1
00-0034796,2025,14,BAL,QB,0,0,rolling3_renorm,1.0,0.3333333333333333,QB1
00-0034796,2025,15,BAL,QB,0,0,rolling3_renorm,1.0,1.0,QB1
00-0034796,2025,16,BAL,QB,0,0,rolling3_renorm,0.0,1.0,QB1
00-0034796,2025,17,BAL,QB,0,0,rolling3_renorm,0.0,1.0,QB1
00-0034796,2025,18,BAL,QB,0,0,rolling3_renorm,1.0,0.5,QB2
00-0034855,2025,1,TB,QB,1,0,rolling3_renorm,1.0,1.0,QB2
00-0034855,2025,2,TB,QB,1,0,rolling3_renorm,1.0,1.0,QB1
00-0034855,2025,3,TB,QB,1,0,rolling3_renorm,1.0,1.0,QB1
00-0034855,2025,4,TB,QB,0,0,rolling3_renorm,1.0,1.0,QB1
00-0034855,2025,5,TB,QB,0,0,rolling3_renorm,1.0,1.0,QB1
00-0034855,2025,6,TB,QB,0,0,rolling3_renorm,1.0,1.0,QB1
00-0034855,2025,7,TB,QB,0,0,rolling3_renorm,1.0,1.0,QB1
00-0034855,2025,8,TB,QB,0,0,rolling3_renorm,0.0,1.0,QB1
00-0034855,2025,10,TB,QB,0,0,rolling3_renorm,1.0,1.0,QB1
00-0034855,2025,11,TB,QB,0,0,rolling3_renorm,1.0,1.0,QB1
00-0034855,2025,12,TB,QB,0,0,rolling3_renorm,1.0,1.0,QB1
00-0034855,2025,13,TB,QB,0,0,rolling3_renorm,1.0,1.0,QB1
00-0034855,2025,14,TB,QB,0,0,rolling3_renorm,1.0,1.0,QB1
00-0034855,2025,15,TB,QB,0,0,rolling3_renorm,1.0,1.0,QB1
00-0034855,2025,16,TB,QB,0,0,rolling3_renorm,1.0,1.0,QB1
00-0034855,2025,17,TB,QB,0,0,rolling3_renorm,1.0,1.0,QB1
00-0034855,2025,18,TB,QB,0,0,rolling3_renorm,1.0,1.0,QB1
00-0034857,2025,1,BUF,QB,1,0,rolling3_renorm,1.0,0.9111111111111112,QB3
00-0034857,2025,2,BUF,QB,1,0,rolling3_renorm,0.0,0.9111111111111112,QB1
00-0034857,2025,3,BUF,QB,1,0,rolling3_renorm,1.0,0.9111111111111112,QB1
00-0034857,2025,4,BUF,QB,0,0,rolling3_renorm,1.0,1.0,QB1
00-0034857,2025,5,BUF,QB,0,0,rolling3_renorm,1.0,1.0,QB1
00-0034857,2025,6,BUF,QB,0,0,rolling3_renorm,1.0,1.0,QB1
00-0034857,2025,8,BUF,QB,0,0,rolling3_renorm,1.0,1.0,QB1
00-0034857,2025,9,BUF,QB,0,0,rolling3_renorm,1.0,1.0,QB1
00-0034857,2025,10,BUF,QB,0,0,rolling3_renorm,1.0,1.0,QB1
00-0034857,2025,11,BUF,QB,0,0,rolling3_renorm,1.0,1.0,QB1
00-0034857,2025,12,BUF,QB,0,0,rolling3_renorm,0.0,1.0,QB1
00-0034857,2025,13,BUF,QB,0,0,rolling3_renorm,1.0,1.0,QB1
00-0034857,2025,14,BUF,QB,0,0,rolling3_renorm,1.0,1.0,QB1
00-0034857,2025,15,BUF,QB,0,0,rolling3_renorm,1.0,1.0,QB1
00-0034857,2025,16,BUF,QB,0,0,rolling3_renorm,0.0,1.0,QB1
00-0034857,2025,17,BUF,QB,0,0,rolling3_renorm,0.0,1.0,QB1
00-0034857,2025,18,BUF,QB,0,0,rolling3_renorm,0.0,1.0,QB1
00-0034869,2025,1,SEA,QB,1,0,rolling3_renorm,0.0,0.8235294117647058,QB1
00-0034869,2025,2,SEA,QB,1,0,rolling3_renorm,1.0,0.8235294117647058,QB1
00-0034869,2025,3,SEA,QB,1,0,rolling3_renorm,1.0,0.8235294117647058,QB1
00-0034869,2025,4,SEA,QB,0,0,rolling3_renorm,1.0,1.0,QB1
00-0034869,2025,5,SEA,QB,0,0,rolling3_renorm,1.0,1.0,QB1
00-0034869,2025,6,SEA,QB,0,0,rolling3_renorm,1.0,1.0,QB1
00-0034869,2025,7,SEA,QB,0,0,rolling3_renorm,1.0,1.0,QB1
00-0034869,2025,9,SEA,QB,0,0,rolling3_renorm,1.0,1.0,QB1
00-0034869,2025,10,SEA,QB,0,0,rolling3_renorm,1.0,1.0,QB1
00-0034869,2025,11,SEA,QB,0,0,rolling3_renorm,0.0,1.0,QB1
00-0034869,2025,12,SEA,QB,0,0,rolling3_renorm,1.0,1.0,QB1
00-0034869,2025,13,SEA,QB,0,0,rolling3_renorm,0.0,1.0,QB1
00-0034869,2025,14,SEA,QB,0,0,rolling3_renorm,1.0,1.0,QB1
00-0034869,2025,15,SEA,QB,0,0,rolling3_renorm,0.0,1.0,QB1
00-0034869,2025,16,SEA,QB,0,0,rolling3_renorm,1.0,1.0,QB1
00-0034869,2025,17,SEA,QB,0,0,rolling3_renorm,1.0,1.0,QB1
00-0034869,2025,18,SEA,QB,0,0,rolling3_renorm,0.0,1.0,QB1
00-0034899,2025,1,JAX,QB,1,0,rolling3_renorm,0.0,0.0,QB2
00-0034899,2025,9,MIN,QB,1,0,rolling3_renorm,0.0,0.0,QB3
00-0034899,2025,10,MIN,QB,1,0,rolling3_renorm,0.0,0.0,QB4
00-0034899,2025,11,MIN,QB,0,0,rolling3_renorm,0.0,0.0,QB4
00-0034899,2025,12,MIN,QB,0,0,rolling3_renorm,0.0,0.0,QB3
00-0034899,2025,13,MIN,QB,0,0,rolling3_renorm,0.0,0.0,QB3
00-0034899,2025,14,MIN,QB,0,0,rolling3_renorm,0.0,0.0,QB4
00-0034899,2025,15,MIN,QB,0,0,rolling3_renorm,0.0,0.0,QB4
00-0034899,2025,16,MIN,QB,0,0,rolling3_renorm,0.0,0.0,QB4
00-0034899,2025,17,MIN,QB,0,0,rolling3_renorm,0.0,0.0,QB4
00-0034899,2025,18,MIN,QB,0,0,rolling3_renorm,0.0,0.0,QB4
00-0034955,2025,1,CIN,QB,1,0,rolling3_renorm,0.0,0.0,QB1
00-0034955,2025,2,CIN,QB,1,0,rolling3_renorm,0.0,0.0,QB2
00-0034955,2025,3,CIN,QB,1,0,rolling3_renorm,0.0,0.0,QB4
00-0034955,2025,4,CIN,QB,0,0,rolling3_renorm,0.0,0.0,QB3
00-0034955,2025,5,CIN,QB,0,0,rolling3_renorm,0.0,0.0,QB3
00-0034955,2025,6,CIN,QB,0,0,rolling3_renorm,0.0,0.0,QB3
00-0034955,2025,7,IND,QB,0,0,rolling3_renorm,0.0,0.0,QB3
00-0034955,2025,8,IND,QB,0,0,rolling3_renorm,0.0,0.0,QB3
00-0034955,2025,9,IND,QB,0,0,rolling3_renorm,0.0,0.0,QB3
00-0034955,2025,10,IND,QB,0,0,rolling3_renorm,0.0,0.0,QB3
00-0034955,2025,12,IND,QB,0,0,rolling3_renorm,0.0,0.0,QB3
00-0034955,2025,13,IND,QB,0,0,rolling3_renorm,0.0,0.0,QB2
00-0034955,2025,14,IND,QB,0,0,rolling3_renorm,0.0,0.0,QB2
00-0034955,2025,15,IND,QB,0,0,rolling3_renorm,0.0,0.0,QB3
00-0034955,2025,16,IND,QB,0,0,rolling3_renorm,0.0,0.0,QB4
00-0034955,2025,17,MIN,QB,0,0,rolling3_renorm,0.0,0.0,QB4
00-0034955,2025,18,MIN,QB,0,0,rolling3_renorm,0.0,0.0,QB4
00-0035100,2025,1,CIN,QB,1,0,rolling3_renorm,0.0,0.0,QB2
00-0035100,2025,2,CIN,QB,1,0,rolling3_renorm,0.6666666666666666,0.0,QB3
00-0035100,2025,3,CIN,QB,1,0,rolling3_renorm,1.0,0.0,QB2
00-0035100,2025,4,CIN,QB,0,0,rolling3_renorm,0.0,0.5555555555555556,QB1
00-0035100,2025,5,CIN,QB,0,0,rolling3_renorm,1.0,0.8333333333333334,QB1
00-0035100,2025,6,CIN,QB,0,0,rolling3_renorm,0.0,1.0,QB1
00-0035100,2025,7,CIN,QB,0,0,rolling3_renorm,0.0,0.5,QB1
00-0035100,2025,8,CIN,QB,0,0,rolling3_renorm,0.0,0.3333333333333333,QB2
00-0035100,2025,9,CIN,QB,0,0,rolling3_renorm,0.0,0.0,QB2
00-0035100,2025,11,CIN,QB,0,0,rolling3_renorm,0.0,0.0,QB2
00-0035100,2025,12,CIN,QB,0,0,rolling3_renorm,0.0,0.0,QB2
00-0035100,2025,13,CIN,QB,0,0,rolling3_renorm,0.0,0.0,QB2
00-0035100,2025,14,CIN,QB,0,0,rolling3_renorm,0.0,0.0,QB3
00-0035100,2025,15,CIN,QB,0,0,rolling3_renorm,0.0,0.0,QB3
00-0035100,2025,16,CIN,QB,0,0,rolling3_renorm,0.0,0.0,QB3
00-0035100,2025,17,CIN,QB,0,0,rolling3_renorm,0.0,0.0,QB3
00-0035100,2025,18,CIN,QB,0,0,rolling3_renorm,0.0,0.0,QB3
00-0035228,2025,1,ARI,QB,1,0,rolling3_renorm,1.0,0.875,QB2
00-0035228,2025,2,ARI,QB,1,0,rolling3_renorm,1.0,0.875,QB1
00-0035228,2025,3,ARI,QB,1,0,rolling3_renorm,1.0,0.875,QB1
00-0035228,2025,4,ARI,QB,0,0,rolling3_renorm,1.0,1.0,QB1
00-0035228,2025,5,ARI,QB,0,0,rolling3_renorm,0.0,1.0,QB1
00-0035228,2025,6,ARI,QB,0,0,rolling3_renorm,0.0,1.0,QB1
00-0035228,2025,7,ARI,QB,0,0,rolling3_renorm,0.0,0.5,QB1
00-0035228,2025,9,ARI,QB,0,0,rolling3_renorm,0.0,0.0,QB2
00-0035228,2025,10,ARI,QB,0,0,rolling3_renorm,0.0,0.0,QB3
00-0035228,2025,11,ARI,QB,0,0,rolling3_renorm,0.0,0.0,QB4
00-0035228,2025,12,ARI,QB,0,0,rolling3_renorm,0.0,0.0,QB4
00-0035228,2025,13,ARI,QB,0,0,rolling3_renorm,0.0,0.0,QB4
00-0035228,2025,14,ARI,QB,0,0,rolling3_renorm,0.0,0.0,QB4
00-0035228,2025,15,ARI,QB,0,0,rolling3_renorm,0.0,0.0,QB4
00-0035228,2025,16,ARI,QB,0,0,rolling3_renorm,0.0,0.0,QB3
00-0035228,2025,17,ARI,QB,0,0,rolling3_renorm,0.0,0.0,QB3
00-0035228,2025,18,ARI,QB,0,0,rolling3_renorm,0.0,0.0,QB3
00-0035251,2025,1,DAL,QB,1,0,rolling3_renorm,0.0,0.0,QB2
00-0035251,2025,2,DAL,QB,1,0,rolling3_renorm,0.0,0.0,QB2
00-0035251,2025,3,DAL,QB,1,0,rolling3_renorm,0.0,0.0,QB2
00-0035251,2025,4,DAL,QB,0,0,rolling3_renorm,0.0,0.0,QB3
00-0035251,2025,5,DAL,QB,0,0,rolling3_renorm,0.0,0.0,QB3
00-0035251,2025,6,DAL,QB,0,0,rolling3_renorm,0.0,0.0,QB3
00-0035251,2025,7,DAL,QB,0,0,rolling3_renorm,0.0,0.0,QB2
00-0035251,2025,8,DAL,QB,0,0,rolling3_renorm,0.0,0.0,QB2
00-0035251,2025,9,DAL,QB,0,0,rolling3_renorm,0.0,0.0,QB3
00-0035251,2025,11,DAL,QB,0,0,rolling3_renorm,0.0,0.0,QB3
00-0035251,2025,12,DAL,QB,0,0,rolling3_renorm,0.0,0.0,QB3
00-0035251,2025,13,DAL,QB,0,0,rolling3_renorm,0.0,0.0,QB2
00-0035251,2025,14,DAL,QB,0,0,rolling3_renorm,0.0,0.0,QB2
00-0035251,2025,15,DAL,QB,0,0,rolling3_renorm,0.0,0.0,QB2
00-0035251,2025,16,DAL,QB,0,0,rolling3_renorm,0.0,0.0,QB2
00-0035251,2025,17,DAL,QB,0,0,rolling3_renorm,0.0,0.0,QB3
00-0035251,2025,18,DAL,QB,0,0,rolling3_renorm,0.0,0.0,QB3
00-0035264,2025,1,DEN,QB,1,0,rolling3_renorm,0.0,0.0,QB2
00-0035264,2025,2,DEN,QB,1,0,rolling3_renorm,0.0,0.0,QB2
00-0035264,2025,3,DEN,QB,1,0,rolling3_renorm,0.0,0.0,QB2
00-0035264,2025,4,DEN,QB,0,0,rolling3_renorm,0.0,0.0,QB2
00-0035264,2025,5,DEN,QB,0,0,rolling3_renorm,0.0,0.0,QB2
00-0035264,2025,6,DEN,QB,0,0,rolling3_renorm,0.0,0.0,QB2
00-0035264,2025,7,DEN,QB,0,0,rolling3_renorm,0.0,0.0,QB2
00-0035264,2025,8,DEN,QB,0,0,rolling3_renorm,0.0,0.0,QB2
00-0035264,2025,9,DEN,QB,0,0,rolling3_renorm,0.0,0.0,QB2
00-0035264,2025,10,DEN,QB,0,0,rolling3_renorm,0.0,0.0,QB2
00-0035264,2025,11,DEN,QB,0,0,rolling3_renorm,0.0,0.0,QB2
00-0035264,2025,13,DEN,QB,0,0,rolling3_renorm,0.0,0.0,QB2
00-0035264,2025,14,DEN,QB,0,0,rolling3_renorm,0.0,0.0,QB2
00-0035264,2025,15,DEN,QB,0,0,rolling3_renorm,0.0,0.0,QB2
00-0035264,2025,16,DEN,QB,0,0,rolling3_renorm,0.0,0.0,QB2
00-0035264,2025,17,DEN,QB,0,0,rolling3_renorm,0.0,0.0,QB2
00-0035264,2025,18,DEN,QB,0,0,rolling3_renorm,0.0,0.0,QB2
00-0035282,2025,1,ATL,QB,1,0,rolling3_renorm,0.0,0.0,QB2
00-0035282,2025,2,ATL,QB,1,0,rolling3_renorm,0.0,0.0,QB3
00-0035282,2025,3,ATL,QB,1,0,rolling3_renorm,0.0,0.0,QB3
00-0035282,2025,4,ATL,QB,0,0,rolling3_renorm,0.0,0.0,QB3
00-0035282,2025,6,ATL,QB,0,0,rolling3_renorm,0.0,0.0,QB3
00-0035282,2025,7,ATL,QB,0,0,rolling3_renorm,0.0,0.0,QB3
00-0035282,2025,8,ATL,QB,0,0,rolling3_renorm,0.0,0.0,QB3
00-0035282,2025,9,ATL,QB,0,0,rolling3_renorm,0.0,0.0,QB3
00-0035282,2025,10,ATL,QB,0,0,rolling3_renorm,0.0,0.0,QB3
00-0035282,2025,11,ATL,QB,0,0,rolling3_renorm,0.0,0.0,QB3
00-0035282,2025,12,ATL,QB,0,0,rolling3_renorm,0.0,0.0,QB3
00-0035282,2025,13,ATL,QB,0,0,rolling3_renorm,0.0,0.0,QB3
00-0035282,2025,14,ATL,QB,0,0,rolling3_renorm,0.0,0.0,QB3
00-0035282,2025,15,ATL,QB,0,0,rolling3_renorm,0.0,0.0,QB2
00-0035282,2025,16,ATL,QB,0,0,rolling3_renorm,0.0,0.0,QB2
00-0035282,2025,17,ATL,QB,0,0,rolling3_renorm,0.0,0.0,QB2
00-0035282,2025,18,ATL,QB,0,0,rolling3_renorm,0.0,0.0,QB2
00-0035289,2025,1,KC,QB,1,0,rolling3_renorm,0.0,0.3170731707317073,QB2
00-0035289,2025,2,KC,QB,1,0,rolling3_renorm,0.0,0.3170731707317073,QB2
00-0035289,2025,3,KC,QB,1,0,rolling3_renorm,0.0,0.3170731707317073,QB2
00-0035289,2025,4,KC,QB,0,0,rolling3_renorm,0.0,0.0,QB2
00-0035289,2025,5,KC,QB,0,0,rolling3_renorm,0.0,0.0,QB2
00-0035289,2025,6,KC,QB,0,0,rolling3_renorm,0.0,0.0,QB2
00-0035289,2025,7,KC,QB,0,0,rolling3_renorm,0.0,0.0,QB2
00-0035289,2025,8,KC,QB,0,0,rolling3_renorm,0.0,0.0,QB2
00-0035289,2025,9,KC,QB,0,0,rolling3_renorm,0.0,0.0,QB2
00-0035289,2025,11,KC,QB,0,0,rolling3_renorm,0.0,0.0,QB2
00-0035289,2025,12,KC,QB,0,0,rolling3_renorm,0.0,0.0,QB2
00-0035289,2025,13,KC,QB,0,0,rolling3_renorm,0.0,0.0,QB2
00-0035289,2025,14,KC,QB,0,0,rolling3_renorm,0.0,0.0,QB2
00-0035289,2025,15,KC,QB,0,0,rolling3_renorm,0.0,0.0,QB2
00-0035289,2025,16,KC,QB,0,0,rolling3_renorm,0.0,0.0,QB2
00-0035289,2025,17,KC,QB,0,0,rolling3_renorm,0.0,0.25,QB3
00-0035289,2025,18,KC,QB,0,0,rolling3_renorm,0.0,0.0,QB3
00-0035704,2025,1,SEA,QB,1,0,rolling3_renorm,0.0,0.17647058823529413,QB2
00-0035704,2025,2,SEA,QB,1,0,rolling3_renorm,0.0,0.17647058823529413,QB3
00-0035704,2025,3,SEA,QB,1,0,rolling3_renorm,0.0,0.17647058823529413,QB3
00-0035704,2025,4,SEA,QB,0,0,rolling3_renorm,0.0,0.0,QB2
00-0035704,2025,5,SEA,QB,0,0,rolling3_renorm,0.0,0.0,QB2
00-0035704,2025,6,SEA,QB,0,0,rolling3_renorm,0.0,0.0,QB2
00-0035704,2025,7,SEA,QB,0,0,rolling3_renorm,0.0,0.0,QB3
00-0035704,2025,9,SEA,QB,0,0,rolling3_renorm,0.0,0.0,QB3
00-0035704,2025,10,SEA,QB,0,0,rolling3_renorm,0.0,0.0,QB2
00-0035704,2025,11,SEA,QB,0,0,rolling3_renorm,0.0,0.0,QB2
00-0035704,2025,12,SEA,QB,0,0,rolling3_renorm,0.0,0.0,QB2
00-0035704,2025,13,SEA,QB,0,0,rolling3_renorm,0.0,0.0,QB2
00-0035704,2025,14,SEA,QB,0,0,rolling3_renorm,0.0,0.0,QB2
00-0035704,2025,15,SEA,QB,0,0,rolling3_renorm,0.0,0.0,QB2
00-0035704,2025,16,SEA,QB,0,0,rolling3_renorm,0.0,0.0,QB2
00-0035704,2025,17,SEA,QB,0,0,rolling3_renorm,0.0,0.0,QB2
00-0035704,2025,18,SEA,QB,0,0,rolling3_renorm,0.0,0.0,QB2
00-0035710,2025,1,IND,QB,1,0,rolling3_renorm,1.0,0.39999999999999997,QB2
00-0035710,2025,2,IND,QB,1,0,rolling3_renorm,1.0,0.39999999999999997,QB1
00-0035710,2025,3,IND,QB,1,0,rolling3_renorm,1.0,0.39999999999999997,QB1
00-0035710,2025,4,IND,QB,0,0,rolling3_renorm,1.0,1.0,QB1
00-0035710,2025,5,IND,QB,0,0,rolling3_renorm,1.0,1.0,QB1
00-0035710,2025,6,IND,QB,0,0,rolling3_renorm,1.0,1.0,QB1
00-0035710,2025,7,IND,QB,0,0,rolling3_renorm,1.0,1.0,QB1
00-0035710,2025,8,IND,QB,0,0,rolling3_renorm,1.0,1.0,QB1
00-0035710,2025,9,IND,QB,0,0,rolling3_renorm,1.0,1.0,QB1
00-0035710,2025,10,IND,QB,0,0,rolling3_renorm,1.0,1.0,QB1
00-0035710,2025,12,IND,QB,0,0,rolling3_renorm,1.0,1.0,QB1
00-0035710,2025,13,IND,QB,0,0,rolling3_renorm,1.0,1.0,QB1
00-0035710,2025,14,IND,QB,0,0,rolling3_renorm,0.0,1.0,QB1
00-0035710,2025,15,IND,QB,0,0,rolling3_renorm,0.0,1.0,QB1
00-0035710,2025,16,IND,QB,0,0,rolling3_renorm,0.0,0.25,QB2
00-0035710,2025,17,IND,QB,0,0,rolling3_renorm,0.0,0.0,QB3
00-0035710,2025,18,IND,QB,0,0,rolling3_renorm,0.0,0.0,QB3
00-0035939,2025,1,CAR,QB,1,0,rolling3_renorm,0.0,0.0,QB4
00-0035993,2025,1,BAL,QB,1,0,rolling3_renorm,0.0,0.1090909090909091,QB3
00-0035993,2025,2,BAL,QB,1,0,rolling3_renorm,0.0,0.1090909090909091,QB3
00-0035993,2025,3,BAL,QB,1,0,rolling3_renorm,0.0,0.1090909090909091,QB3
00-0035993,2025,4,BAL,QB,0,0,rolling3_renorm,0.0,0.0,QB3
00-0035993,2025,5,BAL,QB,0,0,rolling3_renorm,0.0,0.0,QB3
00-0035993,2025,6,BAL,QB,0,0,rolling3_renorm,0.0,0.0,QB3
00-0035993,2025,8,BAL,QB,0,0,rolling3_renorm,1.0,0.0,QB3
00-0035993,2025,9,BAL,QB,0,0,rolling3_renorm,0.0,1.0,QB2
00-0035993,2025,10,BAL,QB,0,0,rolling3_renorm,0.0,0.5,QB1
00-0035993,2025,11,BAL,QB,0,0,rolling3_renorm,0.0,0.3333333333333333,QB2
00-0035993,2025,12,BAL,QB,0,0,rolling3_renorm,0.0,0.0,QB3
00-0035993,2025,13,BAL,QB,0,0,rolling3_renorm,0.0,0.0,QB3
00-0035993,2025,14,BAL,QB,0,0,rolling3_renorm,0.0,0.3333333333333333,QB3
00-0035993,2025,15,BAL,QB,0,0,rolling3_renorm,0.0,0.0,QB3
00-0035993,2025,16,BAL,QB,0,0,rolling3_renorm,0.0,0.0,QB2
00-0035993,2025,17,BAL,QB,0,0,rolling3_renorm,1.0,0.0,QB2
00-0035993,2025,18,BAL,QB,0,0,rolling3_renorm,0.0,0.5,QB1
00-0036212,2025,1,MIA,QB,1,0,rolling3_renorm,1.0,1.0,QB1
00-0036212,2025,2,MIA,QB,1,0,rolling3_renorm,1.0,1.0,QB1
00-0036212,2025,3,MIA,QB,1,0,rolling3_renorm,1.0,1.0,QB1
00-0036212,2025,4,MIA,QB,0,0,rolling3_renorm,1.0,1.0,QB1
00-0036212,2025,5,MIA,QB,0,0,rolling3_renorm,1.0,1.0,QB1
00-0036212,2025,6,MIA,QB,0,0,rolling3_renorm,1.0,1.0,QB1
00-0036212,2025,7,MIA,QB,0,0,rolling3_renorm,0.0,1.0,QB1
00-0036212,2025,8,MIA,QB,0,0,rolling3_renorm,1.0,1.0,QB1
00-0036212,2025,9,MIA,QB,0,0,rolling3_renorm,0.0,1.0,QB1
00-0036212,2025,10,MIA,QB,0,0,rolling3_renorm,1.0,1.0,QB1
00-0036212,2025,11,MIA,QB,0,0,rolling3_renorm,0.0,1.0,QB1
00-0036212,2025,13,MIA,QB,0,0,rolling3_renorm,0.0,1.0,QB1
00-0036212,2025,14,MIA,QB,0,0,rolling3_renorm,1.0,1.0,QB1
00-0036212,2025,15,MIA,QB,0,0,rolling3_renorm,1.0,1.0,QB1
00-0036212,2025,16,MIA,QB,0,0,rolling3_renorm,0.0,1.0,QB1
00-0036212,2025,17,MIA,QB,0,0,rolling3_renorm,0.0,1.0,QB1
00-0036212,2025,18,MIA,QB,0,0,rolling3_renorm,0.0,0.5,QB2
00-0036264,2025,1,GB,QB,1,0,rolling3_renorm,1.0,0.7999999999999999,QB1
00-0036264,2025,2,GB,QB,1,0,rolling3_renorm,1.0,0.7999999999999999,QB1
00-0036264,2025,3,GB,QB,1,0,rolling3_renorm,1.0,0.7999999999999999,QB1
00-0036264,2025,4,GB,QB,0,0,rolling3_renorm,1.0,1.0,QB1
00-0036264,2025,6,GB,QB,0,0,rolling3_renorm,1.0,1.0,QB1
00-0036264,2025,7,GB,QB,0,0,rolling3_renorm,1.0,1.0,QB1
00-0036264,2025,8,GB,QB,0,0,rolling3_renorm,1.0,1.0,QB1
00-0036264,2025,9,GB,QB,0,0,rolling3_renorm,0.0,1.0,QB1
00-0036264,2025,10,GB,QB,0,0,rolling3_renorm,0.0,1.0,QB1
00-0036264,2025,11,GB,QB,0,0,rolling3_renorm,0.6666666666666666,1.0,QB1
00-0036264,2025,12,GB,QB,0,0,rolling3_renorm,0.0,0.6666666666666666,QB1
00-0036264,2025,13,GB,QB,0,0,rolling3_renorm,1.0,0.6666666666666666,QB1
00-0036264,2025,14,GB,QB,0,0,rolling3_renorm,1.0,0.8333333333333334,QB1
00-0036264,2025,15,GB,QB,0,0,rolling3_renorm,1.0,1.0,QB1
00-0036264,2025,16,GB,QB,0,0,rolling3_renorm,0.0,1.0,QB1
00-0036264,2025,17,GB,QB,0,0,rolling3_renorm,0.0,0.6666666666666666,QB1
00-0036264,2025,18,GB,QB,0,0,rolling3_renorm,0.0,0.33333333333333337,QB2
00-0036355,2025,1,LAC,QB,1,0,rolling3_renorm,1.0,1.0,QB2
00-0036355,2025,2,LAC,QB,1,0,rolling3_renorm,1.0,1.0,QB1
00-0036355,2025,3,LAC,QB,1,0,rolling3_renorm,1.0,1.0,QB1
00-0036355,2025,4,LAC,QB,0,0,rolling3_renorm,1.0,1.0,QB1
00-0036355,2025,5,LAC,QB,0,0,rolling3_renorm,1.0,1.0,QB1
00-0036355,2025,6,LAC,QB,0,0,rolling3_renorm,1.0,1.0,QB1
00-0036355,2025,7,LAC,QB,0,0,rolling3_renorm,1.0,1.0,QB1
00-0036355,2025,8,LAC,QB,0,0,rolling3_renorm,1.0,1.0,QB1
00-0036355,2025,9,LAC,QB,0,0,rolling3_renorm,1.0,1.0,QB1
00-0036355,2025,10,LAC,QB,0,0,rolling3_renorm,1.0,1.0,QB1
00-0036355,2025,11,LAC,QB,0,0,rolling3_renorm,0.0,1.0,QB1
00-0036355,2025,13,LAC,QB,0,0,rolling3_renorm,1.0,1.0,QB1
00-0036355,2025,14,LAC,QB,0,0,rolling3_renorm,1.0,1.0,QB1
00-0036355,2025,15,LAC,QB,0,0,rolling3_renorm,1.0,1.0,QB1
00-0036355,2025,16,LAC,QB,0,0,rolling3_renorm,1.0,1.0,QB1
00-0036355,2025,17,LAC,QB,0,0,rolling3_renorm,1.0,1.0,QB1
00-0036355,2025,18,LAC,QB,0,0,rolling3_renorm,0.0,1.0,QB1
00-0036384,2025,1,ATL,QB,1,0,rolling3_renorm,0.0,0.0,QB3
00-0036389,2025,1,PHI,QB,1,0,rolling3_renorm,0.0,0.8780487804878049,QB1
00-0036389,2025,2,PHI,QB,1,0,rolling3_renorm,0.0,0.8780487804878049,QB1
00-0036389,2025,3,PHI,QB,1,0,rolling3_renorm,1.0,0.8780487804878049,QB1
00-0036389,2025,4,PHI,QB,0,0,rolling3_renorm,1.0,1.0,QB1
00-0036389,2025,5,PHI,QB,0,0,rolling3_renorm,1.0,1.0,QB1
00-0036389,2025,6,PHI,QB,0,0,rolling3_renorm,1.0,1.0,QB1
00-0036389,2025,7,PHI,QB,0,0,rolling3_renorm,1.0,1.0,QB1
00-0036389,2025,8,PHI,QB,0,0,rolling3_renorm,1.0,1.0,QB1
00-0036389,2025,10,PHI,QB,0,0,rolling3_renorm,1.0,1.0,QB1
00-0036389,2025,11,PHI,QB,0,0,rolling3_renorm,0.0,1.0,QB1
00-0036389,2025,12,PHI,QB,0,0,rolling3_renorm,1.0,1.0,QB1
00-0036389,2025,13,PHI,QB,0,0,rolling3_renorm,1.0,1.0,QB1
00-0036389,2025,14,PHI,QB,0,0,rolling3_renorm,0.0,1.0,QB1
00-0036389,2025,15,PHI,QB,0,0,rolling3_renorm,1.0,1.0,QB1
00-0036389,2025,16,PHI,QB,0,0,rolling3_renorm,1.0,1.0,QB1
00-0036389,2025,17,PHI,QB,0,0,rolling3_renorm,1.0,1.0,QB1
00-0036389,2025,18,PHI,QB,0,0,rolling3_renorm,0.0,1.0,QB1
00-0036442,2025,1,CIN,QB,1,0,rolling3_renorm,1.0,0.8823529411764706,QB3
00-0036442,2025,2,CIN,QB,1,0,rolling3_renorm,0.3333333333333333,1.0,QB1
00-0036442,2025,3,CIN,QB,1,0,rolling3_renorm,0.0,1.0,QB1
00-0036442,2025,4,CIN,QB,0,0,rolling3_renorm,0.0,0.4444444444444445,QB2
00-0036442,2025,5,CIN,QB,0,0,rolling3_renorm,0.0,0.16666666666666669,QB2
00-0036442,2025,6,CIN,QB,0,0,rolling3_renorm,0.0,0.0,QB4
00-0036442,2025,7,CIN,QB,0,0,rolling3_renorm,0.0,0.0,QB3
00-0036442,2025,8,CIN,QB,0,0,rolling3_renorm,0.0,0.0,QB3
00-0036442,2025,9,CIN,QB,0,0,rolling3_renorm,0.0,0.0,QB3
00-0036442,2025,11,CIN,QB,0,0,rolling3_renorm,0.0,0.0,QB3
00-0036442,2025,12,CIN,QB,0,0,rolling3_renorm,0.0,0.0,QB3
00-0036442,2025,13,CIN,QB,0,0,rolling3_renorm,1.0,0.0,QB3
00-0036442,2025,14,CIN,QB,0,0,rolling3_renorm,1.0,0.3333333333333333,QB2
00-0036442,2025,15,CIN,QB,0,0,rolling3_renorm,0.0,0.6666666666666667,QB1
00-0036442,2025,16,CIN,QB,0,0,rolling3_renorm,1.0,1.0,QB1
00-0036442,2025,17,CIN,QB,0,0,rolling3_renorm,1.0,1.0,QB1
00-0036442,2025,18,CIN,QB,0,0,rolling3_renorm,1.0,1.0,QB1
00-0036679,2025,1,BUF,QB,1,0,rolling3_renorm,0.0,0.0,QB4
00-0036679,2025,2,BUF,QB,1,0,rolling3_renorm,0.0,0.0,QB3
00-0036679,2025,3,BUF,QB,1,0,rolling3_renorm,0.0,0.0,QB3
00-0036679,2025,4,BUF,QB,0,0,rolling3_renorm,0.0,0.0,QB3
00-0036679,2025,5,BUF,QB,0,0,rolling3_renorm,0.0,0.0,QB3
00-0036679,2025,6,BUF,QB,0,0,rolling3_renorm,0.0,0.0,QB3
00-0036679,2025,8,BUF,QB,0,0,rolling3_renorm,0.0,0.0,QB3
00-0036679,2025,9,BUF,QB,0,0,rolling3_renorm,0.0,0.0,QB3
00-0036679,2025,10,BUF,QB,0,0,rolling3_renorm,0.0,0.0,QB3
00-0036679,2025,11,BUF,QB,0,0,rolling3_renorm,0.0,0.0,QB3
00-0036679,2025,12,BUF,QB,0,0,rolling3_renorm,0.0,0.0,QB3
00-0036679,2025,13,BUF,QB,0,0,rolling3_renorm,0.0,0.0,QB3
00-0036679,2025,14,BUF,QB,0,0,rolling3_renorm,0.0,0.0,QB3
00-0036679,2025,15,BUF,QB,0,0,rolling3_renorm,0.0,0.0,QB3
00-0036679,2025,16,BUF,QB,0,0,rolling3_renorm,0.0,0.0,QB3
00-0036679,2025,17,KC,QB,0,0,rolling3_renorm,0.0,0.25,QB4
00-0036679,2025,18,KC,QB,0,0,rolling3_renorm,0.0,0.0,QB4
00-0036879,2025,1,DEN,QB,1,0,rolling3_renorm,0.0,0.0,QB3
00-0036879,2025,2,DEN,QB,1,0,rolling3_renorm,0.0,0.0,QB3
00-0036879,2025,3,DEN,QB,1,0,rolling3_renorm,0.0,0.0,QB3
00-0036879,2025,4,DEN,QB,0,0,rolling3_renorm,0.0,0.0,QB3
00-0036879,2025,5,DEN,QB,0,0,rolling3_renorm,0.0,0.0,QB3
00-0036879,2025,6,DEN,QB,0,0,rolling3_renorm,0.0,0.0,QB3
00-0036879,2025,7,DEN,QB,0,0,rolling3_renorm,0.0,0.0,QB3
00-0036879,2025,8,DEN,QB,0,0,rolling3_renorm,0.0,0.0,QB3
00-0036879,2025,9,DEN,QB,0,0,rolling3_renorm,0.0,0.0,QB3
00-0036879,2025,10,DEN,QB,0,0,rolling3_renorm,0.0,0.0,QB3
00-0036879,2025,11,DEN,QB,0,0,rolling3_renorm,0.0,0.0,QB3
00-0036879,2025,13,DEN,QB,0,0,rolling3_renorm,0.0,0.0,QB3
00-0036879,2025,14,DEN,QB,0,0,rolling3_renorm,0.0,0.0,QB3
00-0036879,2025,15,DEN,QB,0,0,rolling3_renorm,0.0,0.0,QB3
00-0036879,2025,16,DEN,QB,0,0,rolling3_renorm,0.0,0.0,QB3
00-0036879,2025,17,DEN,QB,0,0,rolling3_renorm,0.0,0.0,QB3
00-0036879,2025,18,DEN,QB,0,0,rolling3_renorm,0.0,0.0,QB3
00-0036898,2025,1,HOU,QB,1,0,rolling3_renorm,0.0,0.0,QB2
00-0036898,2025,2,HOU,QB,1,0,rolling3_renorm,0.0,0.0,QB2
00-0036898,2025,3,HOU,QB,1,0,rolling3_renorm,0.0,0.0,QB2
00-0036898,2025,4,HOU,QB,0,0,rolling3_renorm,0.0,0.0,QB2
00-0036898,2025,5,HOU,QB,0,0,rolling3_renorm,0.0,0.0,QB2
00-0036898,2025,7,HOU,QB,0,0,rolling3_renorm,0.0,0.0,QB2
00-0036898,2025,8,HOU,QB,0,0,rolling3_renorm,0.0,0.0,QB2
00-0036898,2025,9,HOU,QB,0,0,rolling3_renorm,0.0,0.0,QB2
00-0036898,2025,10,HOU,QB,0,0,rolling3_renorm,1.0,0.0,QB2
00-0036898,2025,11,HOU,QB,0,0,rolling3_renorm,1.0,0.5,QB1
00-0036898,2025,12,HOU,QB,0,0,rolling3_renorm,1.0,1.0,QB1
00-0036898,2025,13,HOU,QB,0,0,rolling3_renorm,0.0,1.0,QB1
00-0036898,2025,14,HOU,QB,0,0,rolling3_renorm,0.0,1.0,QB1
00-0036898,2025,15,HOU,QB,0,0,rolling3_renorm,0.0,0.5,QB2
00-0036898,2025,16,HOU,QB,0,0,rolling3_renorm,0.0,0.0,QB2
00-0036898,2025,17,HOU,QB,0,0,rolling3_renorm,0.0,0.0,QB2
00-0036898,2025,18,HOU,QB,0,0,rolling3_renorm,0.0,0.0,QB2
00-0036928,2025,1,TB,QB,1,0,rolling3_renorm,0.0,0.0,QB3
00-0036928,2025,12,ATL,QB,1,0,rolling3_renorm,0.0,0.0,QB4
00-0036928,2025,13,ATL,QB,1,0,rolling3_renorm,0.0,0.0,QB4
00-0036928,2025,14,ATL,QB,0,0,rolling3_renorm,0.0,0.0,QB4
00-0036928,2025,15,ATL,QB,0,0,rolling3_renorm,0.0,0.0,QB3
00-0036928,2025,16,ATL,QB,0,0,rolling3_renorm,0.0,0.0,QB3
00-0036928,2025,17,ATL,QB,0,0,rolling3_renorm,0.0,0.0,QB3
00-0036928,2025,18,ATL,QB,0,0,rolling3_renorm,0.0,0.0,QB3
00-0036945,2025,1,NYJ,QB,1,0,rolling3_renorm,1.0,0.7272727272727272,QB2
00-0036945,2025,2,NYJ,QB,1,0,rolling3_renorm,0.0,0.7272727272727272,QB1
00-0036945,2025,3,NYJ,QB,1,0,rolling3_renorm,0.0,0.7272727272727272,QB1
00-0036945,2025,4,NYJ,QB,0,0,rolling3_renorm,1.0,0.3333333333333333,QB1
00-0036945,2025,5,NYJ,QB,0,0,rolling3_renorm,1.0,0.3333333333333333,QB1
00-0036945,2025,6,NYJ,QB,0,0,rolling3_renorm,0.0,0.6666666666666667,QB1
00-0036945,2025,7,NYJ,QB,0,0,rolling3_renorm,0.0,1.0,QB1
00-0036945,2025,8,NYJ,QB,0,0,rolling3_renorm,0.5,1.0,QB1
00-0036945,2025,10,NYJ,QB,0,0,rolling3_renorm,1.0,1.0,QB1
00-0036945,2025,11,NYJ,QB,0,0,rolling3_renorm,1.0,1.0,QB1
00-0036945,2025,12,NYJ,QB,0,0,rolling3_renorm,0.0,1.0,QB1
00-0036945,2025,13,NYJ,QB,0,0,rolling3_renorm,0.0,0.6666666666666667,QB1
00-0036945,2025,14,NYJ,QB,0,0,rolling3_renorm,0.0,0.3333333333333333,QB2
00-0036945,2025,15,NYJ,QB,0,0,rolling3_renorm,0.0,0.0,QB3
00-0036945,2025,16,NYJ,QB,0,0,rolling3_renorm,0.0,0.0,QB3
00-0036945,2025,17,NYJ,QB,0,0,rolling3_renorm,0.0,0.0,QB3
00-0036945,2025,18,NYJ,QB,0,0,rolling3_renorm,0.0,0.0,QB3
00-0036971,2025,1,JAX,QB,1,0,rolling3_renorm,1.0,1.0,QB3
00-0036971,2025,2,JAX,QB,1,0,rolling3_renorm,1.0,1.0,QB1
00-0036971,2025,3,JAX,QB,1,0,rolling3_renorm,0.0,1.0,QB1
00-0036971,2025,4,JAX,QB,0,0,rolling3_renorm,1.0,1.0,QB1
00-0036971,2025,5,JAX,QB,0,0,rolling3_renorm,1.0,1.0,QB1
00-0036971,2025,6,JAX,QB,0,0,rolling3_renorm,1.0,1.0,QB1
00-0036971,2025,7,JAX,QB,0,0,rolling3_renorm,1.0,1.0,QB1
00-0036971,2025,9,JAX,QB,0,0,rolling3_renorm,0.0,1.0,QB1
00-0036971,2025,10,JAX,QB,0,0,rolling3_renorm,1.0,1.0,QB1
00-0036971,2025,11,JAX,QB,0,0,rolling3_renorm,1.0,1.0,QB1
00-0036971,2025,12,JAX,QB,0,0,rolling3_renorm,1.0,1.0,QB1
00-0036971,2025,13,JAX,QB,0,0,rolling3_renorm,1.0,1.0,QB1
00-0036971,2025,14,JAX,QB,0,0,rolling3_renorm,1.0,1.0,QB1
00-0036971,2025,15,JAX,QB,0,0,rolling3_renorm,1.0,1.0,QB1
00-0036971,2025,16,JAX,QB,0,0,rolling3_renorm,1.0,1.0,QB1
00-0036971,2025,17,JAX,QB,0,0,rolling3_renorm,0.0,1.0,QB1
00-0036971,2025,18,JAX,QB,0,0,rolling3_renorm,1.0,1.0,QB1
00-0036972,2025,1,SF,QB,1,0,rolling3_renorm,0.0,0.3125,QB1
00-0036972,2025,2,SF,QB,1,0,rolling3_renorm,1.0,0.3125,QB2
00-0036972,2025,3,SF,QB,1,0,rolling3_renorm,1.0,0.3125,QB1
00-0036972,2025,4,SF,QB,0,0,rolling3_renorm,0.0,0.6666666666666666,QB1
00-0036972,2025,5,SF,QB,0,0,rolling3_renorm,1.0,0.6666666666666666,QB1
00-0036972,2025,6,SF,QB,0,0,rolling3_renorm,0.0,0.6666666666666666,QB1
00-0036972,2025,7,SF,QB,0,0,rolling3_renorm,0.0,0.5,QB1
00-0036972,2025,8,SF,QB,0,0,rolling3_renorm,1.0,1.0,QB1
00-0036972,2025,9,SF,QB,0,0,rolling3_renorm,1.0,1.0,QB1
00-0036972,2025,10,SF,QB,0,0,rolling3_renorm,1.0,1.0,QB1
00-0036972,2025,11,SF,QB,0,0,rolling3_renorm,0.0,1.0,QB1
00-0036972,2025,12,SF,QB,0,0,rolling3_renorm,0.0,0.6666666666666666,QB1
00-0036972,2025,13,SF,QB,0,0,rolling3_renorm,0.0,0.33333333333333337,QB2
00-0036972,2025,15,SF,QB,0,0,rolling3_renorm,0.0,0.0,QB2
00-0036972,2025,16,SF,QB,0,0,rolling3_renorm,0.0,0.0,QB2
00-0036972,2025,17,SF,QB,0,0,rolling3_renorm,0.0,0.0,QB2
00-0036972,2025,18,SF,QB,0,0,rolling3_renorm,0.0,0.0,QB2
00-0037012,2025,1,LAC,QB,1,0,rolling3_renorm,0.0,0.0,QB3
00-0037012,2025,2,LAC,QB,1,0,rolling3_renorm,0.0,0.0,QB2
00-0037012,2025,3,LAC,QB,1,0,rolling3_renorm,0.0,0.0,QB2
00-0037012,2025,4,LAC,QB,0,0,rolling3_renorm,0.0,0.0,QB2
00-0037012,2025,5,LAC,QB,0,0,rolling3_renorm,0.0,0.0,QB2
00-0037012,2025,6,LAC,QB,0,0,rolling3_renorm,0.0,0.0,QB2
00-0037012,2025,7,LAC,QB,0,0,rolling3_renorm,0.0,0.0,QB2
00-0037012,2025,8,LAC,QB,0,0,rolling3_renorm,0.0,0.0,QB2
00-0037012,2025,9,LAC,QB,0,0,rolling3_renorm,0.0,0.0,QB2
00-0037012,2025,10,LAC,QB,0,0,rolling3_renorm,0.0,0.0,QB2
00-0037012,2025,11,LAC,QB,0,0,rolling3_renorm,0.0,0.0,QB2
00-0037012,2025,13,LAC,QB,0,0,rolling3_renorm,0.0,0.0,QB2
00-0037012,2025,14,LAC,QB,0,0,rolling3_renorm,0.0,0.0,QB2
00-0037012,2025,15,LAC,QB,0,0,rolling3_renorm,0.0,0.0,QB2
00-0037012,2025,16,LAC,QB,0,0,rolling3_renorm,0.0,0.0,QB2
00-0037012,2025,17,LAC,QB,0,0,rolling3_renorm,0.0,0.0,QB2
00-0037012,2025,18,LAC,QB,0,0,rolling3_renorm,0.0,0.0,QB2
00-0037013,2025,1,MIA,QB,1,0,rolling3_renorm,0.0,0.0,QB2
00-0037013,2025,2,MIA,QB,1,0,rolling3_renorm,0.0,0.0,QB2
00-0037013,2025,3,MIA,QB,1,0,rolling3_renorm,0.0,0.0,QB2
00-0037013,2025,4,MIA,QB,0,0,rolling3_renorm,0.0,0.0,QB2
00-0037013,2025,5,MIA,QB,0,0,rolling3_renorm,0.0,0.0,QB2
00-0037013,2025,6,MIA,QB,0,0,rolling3_renorm,0.0,0.0,QB2
00-0037013,2025,7,MIA,QB,0,0,rolling3_renorm,0.0,0.0,QB2
00-0037013,2025,8,MIA,QB,0,0,rolling3_renorm,0.0,0.0,QB3
00-0037013,2025,9,MIA,QB,0,0,rolling3_renorm,0.0,0.0,QB3
00-0037013,2025,10,MIA,QB,0,0,rolling3_renorm,0.0,0.0,QB3
00-0037013,2025,11,MIA,QB,0,0,rolling3_renorm,0.0,0.0,QB2
00-0037013,2025,13,MIA,QB,0,0,rolling3_renorm,0.0,0.0,QB2
00-0037013,2025,14,MIA,QB,0,0,rolling3_renorm,0.0,0.0,QB2
00-0037013,2025,15,MIA,QB,0,0,rolling3_renorm,0.0,0.0,QB2
00-0037013,2025,16,MIA,QB,0,0,rolling3_renorm,0.0,0.0,QB2
00-0037013,2025,17,MIA,QB,0,0,rolling3_renorm,0.0,0.0,QB3
00-0037013,2025,18,MIA,QB,0,0,rolling3_renorm,0.0,0.0,QB3
00-0037077,2025,1,PHI,QB,1,0,rolling3_renorm,0.0,0.0,QB2
00-0037077,2025,2,PHI,QB,1,0,rolling3_renorm,0.0,0.0,QB2
00-0037077,2025,3,PHI,QB,1,0,rolling3_renorm,0.0,0.0,QB2
00-0037077,2025,4,PHI,QB,0,0,rolling3_renorm,0.0,0.0,QB2
00-0037077,2025,5,PHI,QB,0,0,rolling3_renorm,0.0,0.0,QB2
00-0037077,2025,6,PHI,QB,0,0,rolling3_renorm,0.0,0.0,QB2
00-0037077,2025,7,PHI,QB,0,0,rolling3_renorm,0.0,0.0,QB2
00-0037077,2025,8,PHI,QB,0,0,rolling3_renorm,0.0,0.0,QB2
00-0037077,2025,10,PHI,QB,0,0,rolling3_renorm,0.0,0.0,QB3
00-0037077,2025,11,PHI,QB,0,0,rolling3_renorm,0.0,0.0,QB3
00-0037077,2025,12,PHI,QB,0,0,rolling3_renorm,0.0,0.0,QB3
00-0037077,2025,13,PHI,QB,0,0,rolling3_renorm,0.0,0.0,QB2
00-0037077,2025,14,PHI,QB,0,0,rolling3_renorm,0.0,0.0,QB2
00-0037077,2025,15,PHI,QB,0,0,rolling3_renorm,0.0,0.0,QB2
00-0037077,2025,16,PHI,QB,0,0,rolling3_renorm,0.0,0.0,QB3
00-0037077,2025,17,PHI,QB,0,0,rolling3_renorm,0.0,0.0,QB3
00-0037077,2025,18,PHI,QB,0,0,rolling3_renorm,0.0,0.0,QB3
00-0037324,2025,1,KC,QB,1,0,rolling3_renorm,0.0,0.0,QB3
00-0037324,2025,2,KC,QB,1,0,rolling3_renorm,0.0,0.0,QB3
00-0037324,2025,3,KC,QB,1,0,rolling3_renorm,0.0,0.0,QB3
00-0037324,2025,4,KC,QB,0,0,rolling3_renorm,0.0,0.0,QB3
00-0037324,2025,5,KC,QB,0,0,rolling3_renorm,0.0,0.0,QB3
00-0037324,2025,6,KC,QB,0,0,rolling3_renorm,0.0,0.0,QB3
00-0037324,2025,7,KC,QB,0,0,rolling3_renorm,0.0,0.0,QB3
00-0037324,2025,8,KC,QB,0,0,rolling3_renorm,0.0,0.0,QB3
00-0037324,2025,9,KC,QB,0,0,rolling3_renorm,0.0,0.0,QB3
00-0037324,2025,11,KC,QB,0,0,rolling3_renorm,0.0,0.0,QB3
00-0037324,2025,12,KC,QB,0,0,rolling3_renorm,0.0,0.0,QB3
00-0037324,2025,13,KC,QB,0,0,rolling3_renorm,0.0,0.0,QB3
00-0037324,2025,14,KC,QB,0,0,rolling3_renorm,0.0,0.0,QB3
00-0037324,2025,15,KC,QB,0,0,rolling3_renorm,0.0,0.0,QB3
00-0037324,2025,16,KC,QB,0,0,rolling3_renorm,0.0,0.0,QB3
00-0037324,2025,17,KC,QB,0,0,rolling3_renorm,1.0,0.25,QB2
00-0037324,2025,18,KC,QB,0,0,rolling3_renorm,0.0,1.0,QB1
00-0037327,2025,1,PIT,QB,1,0,rolling3_renorm,0.0,0.0,QB3
00-0037327,2025,2,PIT,QB,1,0,rolling3_renorm,0.0,0.0,QB3
00-0037327,2025,3,PIT,QB,1,0,rolling3_renorm,0.0,0.0,QB4
00-0037327,2025,4,PIT,QB,0,0,rolling3_renorm,0.0,0.0,QB4
00-0037327,2025,6,PIT,QB,0,0,rolling3_renorm,0.0,0.0,QB4
00-0037327,2025,7,PIT,QB,0,0,rolling3_renorm,0.0,0.0,QB4
00-0037327,2025,8,PIT,QB,0,0,rolling3_renorm,0.0,0.0,QB4
00-0037327,2025,9,PIT,QB,0,0,rolling3_renorm,0.0,0.0,QB3
00-0037327,2025,10,PIT,QB,0,0,rolling3_renorm,0.0,0.0,QB3
00-0037327,2025,11,PIT,QB,0,0,rolling3_renorm,0.0,0.0,QB3
00-0037327,2025,12,PIT,QB,0,0,rolling3_renorm,0.0,0.0,QB3
00-0037327,2025,13,PIT,QB,0,0,rolling3_renorm,0.0,0.0,QB3
00-0037327,2025,14,PIT,QB,0,0,rolling3_renorm,0.0,0.0,QB3
00-0037327,2025,15,PIT,QB,0,0,rolling3_renorm,0.0,0.0,QB3
00-0037327,2025,16,PIT,QB,0,0,rolling3_renorm,0.0,0.0,QB3
00-0037327,2025,17,PIT,QB,0,0,rolling3_renorm,0.0,0.0,QB3
00-0037327,2025,18,PIT,QB,0,0,rolling3_renorm,0.0,0.0,QB3
00-0037834,2025,1,SF,QB,1,0,rolling3_renorm,1.0,0.6875,QB2
00-0037834,2025,2,SF,QB,1,0,rolling3_renorm,0.0,0.6875,QB1
00-0037834,2025,3,SF,QB,1,0,rolling3_renorm,0.0,0.6875,QB2
00-0037834,2025,4,SF,QB,0,0,rolling3_renorm,1.0,0.3333333333333333,QB2
00-0037834,2025,5,SF,QB,0,0,rolling3_renorm,0.0,0.3333333333333333,QB2
00-0037834,2025,6,SF,QB,0,0,rolling3_renorm,0.0,0.3333333333333333,QB2
00-0037834,2025,7,SF,QB,0,0,rolling3_renorm,0.0,0.5,QB2
00-0037834,2025,8,SF,QB,0,0,rolling3_renorm,0.0,0.0,QB2
00-0037834,2025,9,SF,QB,0,0,rolling3_renorm,0.0,0.0,QB2
00-0037834,2025,10,SF,QB,0,0,rolling3_renorm,0.0,0.0,QB2
00-0037834,2025,11,SF,QB,0,0,rolling3_renorm,1.0,0.0,QB2
00-0037834,2025,12,SF,QB,0,0,rolling3_renorm,1.0,0.3333333333333333,QB2
00-0037834,2025,13,SF,QB,0,0,rolling3_renorm,1.0,0.6666666666666667,QB1
00-0037834,2025,15,SF,QB,0,0,rolling3_renorm,1.0,1.0,QB1
00-0037834,2025,16,SF,QB,0,0,rolling3_renorm,1.0,1.0,QB1
00-0037834,2025,17,SF,QB,0,0,rolling3_renorm,1.0,1.0,QB1
00-0037834,2025,18,SF,QB,0,0,rolling3_renorm,0.0,1.0,QB1
00-0038102,2025,1,LV,QB,1,0,rolling3_renorm,0.0,0.07079646017699115,QB3
00-0038102,2025,2,LV,QB,1,0,rolling3_renorm,0.0,0.07079646017699115,QB3
00-0038102,2025,3,LV,QB,1,0,rolling3_renorm,0.0,0.07079646017699115,QB3
00-0038102,2025,4,LV,QB,0,0,rolling3_renorm,0.0,0.0,QB3
00-0038102,2025,5,LV,QB,0,0,rolling3_renorm,0.0,0.0,QB3
00-0038102,2025,6,LV,QB,0,0,rolling3_renorm,0.0,0.0,QB3
00-0038102,2025,7,LV,QB,0,0,rolling3_renorm,0.0,0.0,QB2
00-0038102,2025,9,LV,QB,0,0,rolling3_renorm,0.0,0.0,QB2
00-0038102,2025,10,LV,QB,0,0,rolling3_renorm,0.0,0.0,QB2
00-0038102,2025,11,LV,QB,0,0,rolling3_renorm,0.0,0.0,QB2
00-0038102,2025,12,LV,QB,0,0,rolling3_renorm,0.0,0.0,QB2
00-0038102,2025,13,LV,QB,0,0,rolling3_renorm,0.0,0.0,QB2
00-0038102,2025,14,LV,QB,0,0,rolling3_renorm,0.5,0.0,QB2
00-0038102,2025,15,LV,QB,0,0,rolling3_renorm,0.0,0.16666666666666666,QB2
00-0038102,2025,16,LV,QB,0,0,rolling3_renorm,0.0,0.25,QB2
00-0038102,2025,17,LV,QB,0,0,rolling3_renorm,0.0,0.25,QB2
00-0038102,2025,18,LV,QB,0,0,rolling3_renorm,0.0,0.0,QB2
00-0038108,2025,1,CLE,QB,1,0,rolling3_renorm,0.0,0.096045197740113,QB3
00-0038108,2025,2,CLE,QB,1,0,rolling3_renorm,0.0,0.096045197740113,QB3
00-0038108,2025,3,CLE,QB,1,0,rolling3_renorm,0.0,0.06938775510204082,QB4
00-0038108,2025,4,CLE,QB,0,0,rolling3_renorm,0.0,0.0,QB4
00-0038108,2025,5,CLE,QB,0,0,rolling3_renorm,0.0,0.0,QB4
00-0038108,2025,6,CLE,QB,0,0,rolling3_renorm,0.0,0.0,QB3
00-0038108,2025,7,CLE,QB,0,0,rolling3_renorm,0.0,0.0,QB3
00-0038108,2025,8,CLE,QB,0,0,rolling3_renorm,0.0,0.0,QB3
00-0038108,2025,10,CLE,QB,0,0,rolling3_renorm,0.0,0.0,QB3
00-0038108,2025,11,CLE,QB,0,0,rolling3_renorm,0.0,0.0,QB3
00-0038108,2025,12,CLE,QB,0,0,rolling3_renorm,0.0,0.0,QB4
00-0038108,2025,13,CLE,QB,0,0,rolling3_renorm,0.0,0.0,QB4
00-0038108,2025,14,CLE,QB,0,0,rolling3_renorm,0.0,0.0,QB4
00-0038108,2025,15,CLE,QB,0,0,rolling3_renorm,0.0,0.0,QB4
00-0038108,2025,16,CLE,QB,0,0,rolling3_renorm,0.0,0.0,QB4
00-0038108,2025,17,CLE,QB,0,0,rolling3_renorm,0.0,0.0,QB4
00-0038108,2025,18,CLE,QB,0,0,rolling3_renorm,0.0,0.0,QB4
00-0038122,2025,1,CIN,QB,1,0,rolling3_renorm,0.0,0.11764705882352941,QB4
00-0038122,2025,3,MIN,QB,1,0,rolling3_renorm,0.0,1.0,QB3
00-0038122,2025,4,MIN,QB,1,0,rolling3_renorm,0.0,0.15,QB4
00-0038122,2025,5,MIN,QB,0,0,rolling3_renorm,0.0,0.0,QB4
00-0038122,2025,13,MIN,QB,0,0,rolling3_renorm,0.0,0.0,QB4
00-0038122,2025,14,MIN,QB,0,0,rolling3_renorm,0.0,0.0,QB4
00-0038122,2025,18,GB,QB,0,0,rolling3_renorm,0.0,0.0,QB4
00-0038128,2025,1,GB,QB,1,0,rolling3_renorm,0.0,0.19999999999999998,QB2
00-0038128,2025,2,GB,QB,1,0,rolling3_renorm,0.0,0.19999999999999998,QB2
00-0038128,2025,3,GB,QB,1,0,rolling3_renorm,0.0,0.19999999999999998,QB2
00-0038128,2025,4,GB,QB,0,0,rolling3_renorm,0.0,0.0,QB2
00-0038128,2025,6,GB,QB,0,0,rolling3_renorm,0.0,0.0,QB2
00-0038128,2025,7,GB,QB,0,0,rolling3_renorm,0.0,0.0,QB2
00-0038128,2025,8,GB,QB,0,0,rolling3_renorm,0.0,0.0,QB2
00-0038128,2025,9,GB,QB,0,0,rolling3_renorm,0.0,0.0,QB2
00-0038128,2025,10,GB,QB,0,0,rolling3_renorm,0.0,0.0,QB2
00-0038128,2025,11,GB,QB,0,0,rolling3_renorm,0.3333333333333333,0.0,QB2
00-0038128,2025,12,GB,QB,0,0,rolling3_renorm,0.0,0.3333333333333333,QB2
00-0038128,2025,13,GB,QB,0,0,rolling3_renorm,0.0,0.3333333333333333,QB2
00-0038128,2025,14,GB,QB,0,0,rolling3_renorm,0.0,0.16666666666666669,QB2
00-0038128,2025,15,GB,QB,0,0,rolling3_renorm,0.0,0.0,QB2
00-0038128,2025,16,GB,QB,0,0,rolling3_renorm,1.0,0.0,QB2
00-0038128,2025,17,GB,QB,0,0,rolling3_renorm,1.0,0.3333333333333333,QB2
00-0038128,2025,18,GB,QB,0,0,rolling3_renorm,0.0,0.6666666666666667,QB1
00-0038385,2025,1,LA,QB,1,0,rolling3_renorm,0.0,0.0,QB3
00-0038391,2025,1,GB,QB,1,0,rolling3_renorm,0.0,0.0,QB3
00-0038391,2025,3,CIN,QB,1,0,rolling3_renorm,0.0,0.0,QB4
00-0038391,2025,4,CIN,QB,1,0,rolling3_renorm,0.0,0.0,QB4
00-0038391,2025,5,CIN,QB,0,0,rolling3_renorm,0.0,0.0,QB4
00-0038391,2025,6,CIN,QB,0,0,rolling3_renorm,0.0,0.0,QB4
00-0038391,2025,7,CIN,QB,0,0,rolling3_renorm,0.0,0.0,QB4
00-0038391,2025,8,CIN,QB,0,0,rolling3_renorm,0.0,0.0,QB4
00-0038391,2025,9,CIN,QB,0,0,rolling3_renorm,0.0,0.0,QB4
00-0038391,2025,11,CIN,QB,0,0,rolling3_renorm,0.0,0.0,QB4
00-0038391,2025,12,CIN,QB,0,0,rolling3_renorm,0.0,0.0,QB4
00-0038391,2025,13,CIN,QB,0,0,rolling3_renorm,0.0,0.0,QB4
00-0038391,2025,14,CIN,QB,0,0,rolling3_renorm,0.0,0.0,QB4
00-0038391,2025,15,CIN,QB,0,0,rolling3_renorm,0.0,0.0,QB4
00-0038391,2025,16,CIN,QB,0,0,rolling3_renorm,0.0,0.0,QB4
00-0038391,2025,17,CIN,QB,0,0,rolling3_renorm,0.0,0.0,QB4
00-0038391,2025,18,CIN,QB,0,0,rolling3_renorm,0.0,0.0,QB4
00-0038400,2025,1,PHI,QB,1,0,rolling3_renorm,0.0,0.12195121951219509,QB3
00-0038400,2025,2,PHI,QB,1,0,rolling3_renorm,0.0,0.12195121951219509,QB3
00-0038400,2025,3,PHI,QB,1,0,rolling3_renorm,0.0,0.12195121951219509,QB3
00-0038400,2025,4,PHI,QB,0,0,rolling3_renorm,0.0,0.0,QB3
00-0038400,2025,5,PHI,QB,0,0,rolling3_renorm,0.0,0.0,QB3
00-0038400,2025,6,PHI,QB,0,0,rolling3_renorm,0.0,0.0,QB3
00-0038400,2025,7,PHI,QB,0,0,rolling3_renorm,0.0,0.0,QB3
00-0038400,2025,8,PHI,QB,0,0,rolling3_renorm,0.0,0.0,QB3
00-0038400,2025,10,PHI,QB,0,0,rolling3_renorm,0.0,0.0,QB2
00-0038400,2025,11,PHI,QB,0,0,rolling3_renorm,0.0,0.0,QB2
00-0038400,2025,12,PHI,QB,0,0,rolling3_renorm,0.0,0.0,QB2
00-0038400,2025,13,PHI,QB,0,0,rolling3_renorm,0.0,0.0,QB3
00-0038400,2025,14,PHI,QB,0,0,rolling3_renorm,0.0,0.0,QB3
00-0038400,2025,15,PHI,QB,0,0,rolling3_renorm,0.0,0.0,QB3
00-0038400,2025,16,PHI,QB,0,0,rolling3_renorm,0.0,0.0,QB2
00-0038400,2025,17,PHI,QB,0,0,rolling3_renorm,0.0,0.0,QB2
00-0038400,2025,18,PHI,QB,0,0,rolling3_renorm,1.0,0.0,QB2
00-0038416,2025,1,CHI,QB,1,0,rolling3_renorm,0.0,0.0,QB2
00-0038416,2025,2,CHI,QB,1,0,rolling3_renorm,0.0,0.0,QB3
00-0038416,2025,3,CHI,QB,1,0,rolling3_renorm,0.0,0.0,QB2
00-0038416,2025,4,CHI,QB,0,0,rolling3_renorm,0.0,0.0,QB2
00-0038416,2025,6,CHI,QB,0,0,rolling3_renorm,0.0,0.0,QB2
00-0038416,2025,7,CHI,QB,0,0,rolling3_renorm,0.0,0.0,QB3
00-0038416,2025,8,CHI,QB,0,0,rolling3_renorm,0.0,0.0,QB3
00-0038416,2025,9,CHI,QB,0,0,rolling3_renorm,0.0,0.0,QB3
00-0038416,2025,10,CHI,QB,0,0,rolling3_renorm,0.0,0.0,QB2
00-0038416,2025,11,CHI,QB,0,0,rolling3_renorm,0.0,0.0,QB2
00-0038416,2025,12,CHI,QB,0,0,rolling3_renorm,0.0,0.0,QB2
00-0038416,2025,13,CHI,QB,0,0,rolling3_renorm,0.0,0.0,QB2
00-0038416,2025,14,CHI,QB,0,0,rolling3_renorm,0.0,0.0,QB2
00-0038416,2025,15,CHI,QB,0,0,rolling3_renorm,0.0,0.0,QB3
00-0038416,2025,16,CHI,QB,0,0,rolling3_renorm,0.0,0.0,QB3
00-0038416,2025,17,CHI,QB,0,0,rolling3_renorm,0.0,0.0,QB3
00-0038416,2025,18,CHI,QB,0,0,rolling3_renorm,0.0,0.0,QB3
00-0038476,2025,1,NE,QB,1,0,rolling3_renorm,0.0,0.0,QB2
00-0038476,2025,2,NE,QB,1,0,rolling3_renorm,0.0,0.0,QB3
00-0038476,2025,3,NE,QB,1,0,rolling3_renorm,0.0,0.0,QB3
00-0038476,2025,4,NE,QB,0,0,rolling3_renorm,0.0,0.0,QB3
00-0038476,2025,5,NE,QB,0,0,rolling3_renorm,0.0,0.0,QB3
00-0038476,2025,6,NE,QB,0,0,rolling3_renorm,0.0,0.0,QB3
00-0038476,2025,7,NE,QB,0,0,rolling3_renorm,0.0,0.0,QB3
00-0038476,2025,8,NE,QB,0,0,rolling3_renorm,0.0,0.0,QB3
00-0038476,2025,9,NE,QB,0,0,rolling3_renorm,0.0,0.0,QB3
00-0038476,2025,10,NE,QB,0,0,rolling3_renorm,0.0,0.0,QB3
00-0038476,2025,11,NE,QB,0,0,rolling3_renorm,0.0,0.0,QB3
00-0038476,2025,12,NE,QB,0,0,rolling3_renorm,0.0,0.0,QB3
00-0038476,2025,13,NE,QB,0,0,rolling3_renorm,0.0,0.0,QB3
00-0038476,2025,15,NE,QB,0,0,rolling3_renorm,0.0,0.0,QB3
00-0038476,2025,16,NE,QB,0,0,rolling3_renorm,0.0,0.0,QB3
00-0038476,2025,17,NE,QB,0,0,rolling3_renorm,0.0,0.0,QB3
00-0038476,2025,18,NE,QB,0,0,rolling3_renorm,0.0,0.0,QB3
00-0038550,2025,1,CAR,QB,1,0,rolling3_renorm,0.0,0.0,QB2
00-0038550,2025,2,CAR,QB,1,0,rolling3_renorm,0.0,0.0,QB3
00-0038550,2025,3,CAR,QB,1,0,rolling3_renorm,0.0,0.0,QB3
00-0038550,2025,4,CAR,QB,0,0,rolling3_renorm,0.0,0.0,QB3
00-0038550,2025,5,CAR,QB,0,0,rolling3_renorm,0.0,0.0,QB3
00-0038550,2025,6,CAR,QB,0,0,rolling3_renorm,0.0,0.0,QB3
00-0038550,2025,7,CAR,QB,0,0,rolling3_renorm,0.0,0.0,QB3
00-0038550,2025,8,CAR,QB,0,0,rolling3_renorm,0.0,0.0,QB4
00-0038550,2025,9,CAR,QB,0,0,rolling3_renorm,0.0,0.0,QB4
00-0038550,2025,10,CAR,QB,0,0,rolling3_renorm,0.0,0.0,QB4
00-0038550,2025,16,NYJ,QB,0,0,rolling3_renorm,0.0,0.0,QB4
00-0038550,2025,17,NYJ,QB,0,0,rolling3_renorm,0.0,0.0,QB4
00-0038550,2025,18,NYJ,QB,0,0,rolling3_renorm,0.0,0.0,QB4
00-0038579,2025,1,LV,QB,1,0,rolling3_renorm,0.0,0.23893805309734512,QB4
00-0038579,2025,2,LV,QB,1,0,rolling3_renorm,0.0,0.23893805309734512,QB4
00-0038579,2025,3,LV,QB,1,0,rolling3_renorm,0.0,0.23893805309734512,QB4
00-0038579,2025,4,LV,QB,0,0,rolling3_renorm,0.0,0.0,QB4
00-0038579,2025,5,LV,QB,0,0,rolling3_renorm,0.0,0.0,QB4
00-0038579,2025,6,LV,QB,0,0,rolling3_renorm,0.0,0.0,QB4
00-0038579,2025,7,LV,QB,0,0,rolling3_renorm,0.0,0.0,QB3
00-0038579,2025,9,LV,QB,0,0,rolling3_renorm,0.0,0.0,QB3
00-0038579,2025,10,LV,QB,0,0,rolling3_renorm,0.0,0.0,QB3
00-0038579,2025,11,LV,QB,0,0,rolling3_renorm,0.0,0.0,QB3
00-0038579,2025,12,LV,QB,0,0,rolling3_renorm,0.0,0.0,QB3
00-0038579,2025,13,LV,QB,0,0,rolling3_renorm,0.0,0.0,QB3
00-0038579,2025,14,LV,QB,0,0,rolling3_renorm,0.0,0.0,QB3
00-0038579,2025,15,LV,QB,0,0,rolling3_renorm,0.0,0.0,QB3
00-0038579,2025,16,LV,QB,0,0,rolling3_renorm,0.0,0.0,QB3
00-0038579,2025,17,LV,QB,0,0,rolling3_renorm,0.0,0.0,QB3
00-0038579,2025,18,LV,QB,0,0,rolling3_renorm,0.0,0.0,QB3
00-0038582,2025,1,GB,QB,1,0,rolling3_renorm,0.0,0.0,QB4
00-0038582,2025,2,GB,QB,1,0,rolling3_renorm,0.0,0.0,QB3
00-0038582,2025,3,GB,QB,1,0,rolling3_renorm,0.0,0.0,QB3
00-0038582,2025,4,GB,QB,0,0,rolling3_renorm,0.0,0.0,QB3
00-0038582,2025,6,GB,QB,0,0,rolling3_renorm,0.0,0.0,QB3
00-0038582,2025,7,GB,QB,0,0,rolling3_renorm,0.0,0.0,QB3
00-0038582,2025,8,GB,QB,0,0,rolling3_renorm,0.0,0.0,QB3
00-0038582,2025,9,GB,QB,0,0,rolling3_renorm,0.0,0.0,QB3
00-0038582,2025,10,GB,QB,0,0,rolling3_renorm,0.0,0.0,QB3
00-0038582,2025,11,GB,QB,0,0,rolling3_renorm,0.0,0.0,QB3
00-0038582,2025,12,GB,QB,0,0,rolling3_renorm,0.0,0.0,QB3
00-0038582,2025,13,GB,QB,0,0,rolling3_renorm,0.0,0.0,QB3
00-0038582,2025,14,GB,QB,0,0,rolling3_renorm,0.0,0.0,QB3
00-0038582,2025,15,GB,QB,0,0,rolling3_renorm,0.0,0.0,QB3
00-0038582,2025,16,GB,QB,0,0,rolling3_renorm,0.0,0.0,QB3
00-0038582,2025,17,GB,QB,0,0,rolling3_renorm,0.0,0.0,QB3
00-0038582,2025,18,GB,QB,0,0,rolling3_renorm,0.0,0.0,QB3
00-0038583,2025,1,PHI,QB,1,0,rolling3_renorm,0.0,0.0,QB4
00-0038658,2025,1,SF,QB,1,0,rolling3_renorm,0.0,0.0,QB3
00-0038658,2025,2,SF,QB,1,0,rolling3_renorm,0.0,0.0,QB3
00-0038658,2025,3,SF,QB,1,0,rolling3_renorm,0.0,0.0,QB3
00-0038658,2025,4,SF,QB,0,0,rolling3_renorm,0.0,0.0,QB3
00-0038658,2025,5,SF,QB,0,0,rolling3_renorm,0.0,0.0,QB3
00-0038658,2025,6,SF,QB,0,0,rolling3_renorm,0.0,0.0,QB3
00-0038658,2025,7,SF,QB,0,0,rolling3_renorm,0.0,0.0,QB3
00-0038658,2025,8,SF,QB,0,0,rolling3_renorm,0.0,0.0,QB3
00-0038658,2025,9,SF,QB,0,0,rolling3_renorm,0.0,0.0,QB3
00-0038658,2025,10,SF,QB,0,0,rolling3_renorm,0.0,0.0,QB3
00-0038658,2025,11,SF,QB,0,0,rolling3_renorm,0.0,0.0,QB3
00-0038658,2025,12,SF,QB,0,0,rolling3_renorm,0.0,0.0,QB3
00-0038658,2025,13,SF,QB,0,0,rolling3_renorm,0.0,0.0,QB3
00-0038658,2025,15,NYJ,QB,0,0,rolling3_renorm,0.0,0.0,QB4
00-0038658,2025,16,SF,QB,0,0,rolling3_renorm,0.0,0.0,QB3
00-0038658,2025,17,SF,QB,0,0,rolling3_renorm,0.0,0.0,QB3
00-0038658,2025,18,SF,QB,0,0,rolling3_renorm,0.0,0.0,QB3
00-0038998,2025,1,NO,QB,1,0,rolling3_renorm,0.0,0.07407407407407407,QB3
00-0038998,2025,2,NO,QB,1,0,rolling3_renorm,0.0,0.07407407407407407,QB4
00-0038998,2025,3,NO,QB,1,0,rolling3_renorm,0.0,0.07407407407407407,QB4
00-0038998,2025,4,NO,QB,0,0,rolling3_renorm,0.0,0.0,QB4
00-0038998,2025,5,NO,QB,0,0,rolling3_renorm,0.0,0.0,QB4
00-0038998,2025,6,NO,QB,0,0,rolling3_renorm,0.0,0.0,QB4
00-0038998,2025,7,NO,QB,0,0,rolling3_renorm,0.0,0.0,QB4
00-0038998,2025,8,NO,QB,0,0,rolling3_renorm,0.0,0.0,QB4
00-0038998,2025,9,NO,QB,0,0,rolling3_renorm,0.0,0.0,QB4
00-0038998,2025,10,NO,QB,0,0,rolling3_renorm,0.0,0.0,QB4
00-0038998,2025,12,NO,QB,0,0,rolling3_renorm,0.0,0.0,QB4
00-0038998,2025,13,NO,QB,0,0,rolling3_renorm,0.0,0.0,QB4
00-0038998,2025,14,NO,QB,0,0,rolling3_renorm,0.0,0.0,QB4
00-0038998,2025,15,NO,QB,0,0,rolling3_renorm,0.0,0.0,QB4
00-0038998,2025,16,NO,QB,0,0,rolling3_renorm,0.0,0.0,QB4
00-0038998,2025,17,NO,QB,0,0,rolling3_renorm,0.0,0.0,QB4
00-0038998,2025,18,NO,QB,0,0,rolling3_renorm,0.0,0.0,QB4
00-0039107,2025,1,LA,QB,1,0,rolling3_renorm,0.0,0.0,QB4
00-0039107,2025,2,LA,QB,1,0,rolling3_renorm,0.0,0.0,QB3
00-0039107,2025,3,LA,QB,1,0,rolling3_renorm,0.0,0.0,QB3
00-0039107,2025,4,LA,QB,0,0,rolling3_renorm,0.0,0.0,QB3
00-0039107,2025,5,LA,QB,0,0,rolling3_renorm,0.0,0.0,QB3
00-0039107,2025,6,LA,QB,0,0,rolling3_renorm,0.0,0.0,QB3
00-0039107,2025,7,LA,QB,0,0,rolling3_renorm,0.0,0.0,QB3
00-0039107,2025,9,LA,QB,0,0,rolling3_renorm,0.0,0.0,QB3
00-0039107,2025,10,LA,QB,0,0,rolling3_renorm,0.0,0.0,QB3
00-0039107,2025,11,LA,QB,0,0,rolling3_renorm,0.0,0.0,QB3
00-0039107,2025,12,LA,QB,0,0,rolling3_renorm,0.0,0.0,QB3
00-0039107,2025,13,LA,QB,0,0,rolling3_renorm,0.0,0.0,QB3
00-0039107,2025,14,LA,QB,0,0,rolling3_renorm,0.0,0.0,QB3
00-0039107,2025,15,LA,QB,0,0,rolling3_renorm,0.0,0.0,QB3
00-0039107,2025,16,LA,QB,0,0,rolling3_renorm,0.0,0.0,QB3
00-0039107,2025,17,LA,QB,0,0,rolling3_renorm,0.0,0.0,QB3
00-0039107,2025,18,LA,QB,0,0,rolling3_renorm,0.0,0.0,QB3
00-0039150,2025,1,CAR,QB,1,0,rolling3_renorm,1.0,0.7692307692307692,QB3
00-0039150,2025,2,CAR,QB,1,0,rolling3_renorm,1.0,0.7692307692307692,QB1
00-0039150,2025,3,CAR,QB,1,0,rolling3_renorm,0.0,0.7692307692307692,QB1
00-0039150,2025,4,CAR,QB,0,0,rolling3_renorm,0.5,1.0,QB1
00-0039150,2025,5,CAR,QB,0,0,rolling3_renorm,1.0,0.75,QB1
00-0039150,2025,6,CAR,QB,0,0,rolling3_renorm,1.0,0.75,QB1
00-0039150,2025,7,CAR,QB,0,0,rolling3_renorm,1.0,0.8333333333333334,QB1
00-0039150,2025,8,CAR,QB,0,0,rolling3_renorm,0.0,1.0,QB1
00-0039150,2025,9,CAR,QB,0,0,rolling3_renorm,0.0,1.0,QB1
00-0039150,2025,10,CAR,QB,0,0,rolling3_renorm,0.0,1.0,QB1
00-0039150,2025,11,CAR,QB,0,0,rolling3_renorm,1.0,0.3333333333333333,QB1
00-0039150,2025,12,CAR,QB,0,0,rolling3_renorm,1.0,1.0,QB1
00-0039150,2025,13,CAR,QB,0,0,rolling3_renorm,1.0,1.0,QB1
00-0039150,2025,15,CAR,QB,0,0,rolling3_renorm,1.0,1.0,QB1
00-0039150,2025,16,CAR,QB,0,0,rolling3_renorm,1.0,1.0,QB1
00-0039150,2025,17,CAR,QB,0,0,rolling3_renorm,0.0,1.0,QB1
00-0039150,2025,18,CAR,QB,0,0,rolling3_renorm,1.0,1.0,QB1
00-0039152,2025,1,TEN,QB,1,0,rolling3_renorm,0.0,0.9,QB3
00-0039152,2025,2,TEN,QB,1,0,rolling3_renorm,0.0,0.9,QB4
00-0039152,2025,3,TEN,QB,1,0,rolling3_renorm,0.0,0.48648648648648646,QB4
00-0039152,2025,4,TEN,QB,0,0,rolling3_renorm,0.0,0.0,QB4
00-0039152,2025,5,TEN,QB,0,0,rolling3_renorm,0.0,0.0,QB4
00-0039152,2025,6,TEN,QB,0,0,rolling3_renorm,0.0,0.0,QB4
00-0039152,2025,7,TEN,QB,0,0,rolling3_renorm,0.0,0.0,QB4
00-0039152,2025,8,TEN,QB,0,0,rolling3_renorm,0.0,0.0,QB4
00-0039152,2025,9,TEN,QB,0,0,rolling3_renorm,0.0,0.0,QB4
00-0039152,2025,11,TEN,QB,0,0,rolling3_renorm,0.0,0.0,QB4
00-0039152,2025,12,TEN,QB,0,0,rolling3_renorm,0.0,0.0,QB4
00-0039152,2025,13,TEN,QB,0,0,rolling3_renorm,0.0,0.0,QB4
00-0039152,2025,14,TEN,QB,0,0,rolling3_renorm,0.0,0.0,QB4
00-0039152,2025,15,TEN,QB,0,0,rolling3_renorm,0.0,0.0,QB4
00-0039152,2025,16,TEN,QB,0,0,rolling3_renorm,0.0,0.0,QB4
00-0039152,2025,17,TEN,QB,0,0,rolling3_renorm,0.0,0.0,QB4
00-0039152,2025,18,TEN,QB,0,0,rolling3_renorm,0.0,0.0,QB4
00-0039163,2025,1,HOU,QB,1,0,rolling3_renorm,0.0,1.0,QB1
00-0039163,2025,2,HOU,QB,1,0,rolling3_renorm,1.0,1.0,QB1
00-0039163,2025,3,HOU,QB,1,0,rolling3_renorm,1.0,1.0,QB1
00-0039163,2025,4,HOU,QB,0,0,rolling3_renorm,1.0,1.0,QB1
00-0039163,2025,5,HOU,QB,0,0,rolling3_renorm,1.0,1.0,QB1
00-0039163,2025,7,HOU,QB,0,0,rolling3_renorm,1.0,1.0,QB1
00-0039163,2025,8,HOU,QB,0,0,rolling3_renorm,1.0,1.0,QB1
00-0039163,2025,9,HOU,QB,0,0,rolling3_renorm,0.0,1.0,QB1
00-0039163,2025,10,HOU,QB,0,0,rolling3_renorm,0.0,1.0,QB1
00-0039163,2025,11,HOU,QB,0,0,rolling3_renorm,0.0,0.5,QB2
00-0039163,2025,12,HOU,QB,0,0,rolling3_renorm,0.0,0.0,QB2
00-0039163,2025,13,HOU,QB,0,0,rolling3_renorm,0.0,0.0,QB2
00-0039163,2025,14,HOU,QB,0,0,rolling3_renorm,1.0,0.0,QB2
00-0039163,2025,15,HOU,QB,0,0,rolling3_renorm,1.0,0.5,QB1
00-0039163,2025,16,HOU,QB,0,0,rolling3_renorm,1.0,1.0,QB1
00-0039163,2025,17,HOU,QB,0,0,rolling3_renorm,1.0,1.0,QB1
00-0039163,2025,18,HOU,QB,0,0,rolling3_renorm,1.0,1.0,QB1
00-0039164,2025,1,IND,QB,1,0,rolling3_renorm,0.0,0.6,QB1
00-0039164,2025,2,IND,QB,1,0,rolling3_renorm,0.0,0.6,QB2
00-0039164,2025,3,IND,QB,1,0,rolling3_renorm,0.0,0.6,QB2
00-0039164,2025,4,IND,QB,0,0,rolling3_renorm,0.0,0.0,QB2
00-0039164,2025,5,IND,QB,0,0,rolling3_renorm,0.0,0.0,QB2
00-0039164,2025,6,IND,QB,0,0,rolling3_renorm,0.0,0.0,QB2
00-0039164,2025,7,IND,QB,0,0,rolling3_renorm,0.0,0.0,QB2
00-0039164,2025,8,IND,QB,0,0,rolling3_renorm,0.0,0.0,QB2
00-0039164,2025,9,IND,QB,0,0,rolling3_renorm,0.0,0.0,QB4
00-0039164,2025,10,IND,QB,0,0,rolling3_renorm,0.0,0.0,QB4
00-0039164,2025,12,IND,QB,0,0,rolling3_renorm,0.0,0.0,QB4
00-0039164,2025,13,IND,QB,0,0,rolling3_renorm,0.0,0.0,QB3
00-0039164,2025,14,IND,QB,0,0,rolling3_renorm,0.0,0.0,QB3
00-0039164,2025,15,IND,QB,0,0,rolling3_renorm,0.0,0.0,QB4
00-0039164,2025,16,IND,QB,0,0,rolling3_renorm,0.0,0.0,QB4
00-0039164,2025,17,IND,QB,0,0,rolling3_renorm,0.0,0.0,QB4
00-0039164,2025,18,IND,QB,0,0,rolling3_renorm,0.0,0.0,QB4
00-0039331,2025,1,ATL,QB,1,0,rolling3_renorm,0.0,0.0,QB4
00-0039331,2025,2,ATL,QB,1,0,rolling3_renorm,0.0,0.0,QB4
00-0039331,2025,3,ATL,QB,1,0,rolling3_renorm,0.0,0.0,QB4
00-0039331,2025,4,ATL,QB,0,0,rolling3_renorm,0.0,0.0,QB4
00-0039331,2025,6,ATL,QB,0,0,rolling3_renorm,0.0,0.0,QB4
00-0039331,2025,7,ATL,QB,0,0,rolling3_renorm,0.0,0.0,QB4
00-0039331,2025,8,ATL,QB,0,0,rolling3_renorm,0.0,0.0,QB4
00-0039331,2025,9,ATL,QB,0,0,rolling3_renorm,0.0,0.0,QB4
00-0039331,2025,10,ATL,QB,0,0,rolling3_renorm,0.0,0.0,QB4
00-0039331,2025,11,ATL,QB,0,0,rolling3_renorm,0.0,0.0,QB4
00-0039331,2025,12,ATL,QB,0,0,rolling3_renorm,0.0,0.0,QB4
00-0039331,2025,13,ATL,QB,0,0,rolling3_renorm,0.0,0.0,QB4
00-0039331,2025,14,ATL,QB,0,0,rolling3_renorm,0.0,0.0,QB4
00-0039331,2025,15,ATL,QB,0,0,rolling3_renorm,0.0,0.0,QB4
00-0039331,2025,16,ATL,QB,0,0,rolling3_renorm,0.0,0.0,QB4
00-0039331,2025,17,ATL,QB,0,0,rolling3_renorm,0.0,0.0,QB4
00-0039331,2025,18,ATL,QB,0,0,rolling3_renorm,0.0,0.0,QB4
00-0039376,2025,1,NO,QB,1,0,rolling3_renorm,0.0,0.25925925925925924,QB4
00-0039376,2025,2,NO,QB,1,0,rolling3_renorm,1.0,0.25925925925925924,QB1
00-0039376,2025,3,NO,QB,1,0,rolling3_renorm,1.0,0.25925925925925924,QB1
00-0039376,2025,4,NO,QB,0,0,rolling3_renorm,1.0,1.0,QB1
00-0039376,2025,5,NO,QB,0,0,rolling3_renorm,1.0,1.0,QB1
00-0039376,2025,6,NO,QB,0,0,rolling3_renorm,0.0,1.0,QB1
00-0039376,2025,7,NO,QB,0,0,rolling3_renorm,1.0,1.0,QB1
00-0039376,2025,8,NO,QB,0,0,rolling3_renorm,0.0,1.0,QB1
00-0039376,2025,9,NO,QB,0,0,rolling3_renorm,0.0,1.0,QB1
00-0039376,2025,10,NO,QB,0,0,rolling3_renorm,0.0,0.5,QB1
00-0039376,2025,12,NO,QB,0,0,rolling3_renorm,0.0,0.0,QB3
00-0039376,2025,13,NO,QB,0,0,rolling3_renorm,0.0,0.0,QB4
00-0039376,2025,14,NO,QB,0,0,rolling3_renorm,0.0,0.0,QB4
00-0039376,2025,15,NO,QB,0,0,rolling3_renorm,0.0,0.0,QB4
00-0039376,2025,16,NO,QB,0,0,rolling3_renorm,0.0,0.0,QB3
00-0039376,2025,17,NO,QB,0,0,rolling3_renorm,0.0,0.0,QB3
00-0039376,2025,18,NO,QB,0,0,rolling3_renorm,0.0,0.0,QB3
00-0039398,2025,1,DAL,QB,1,0,rolling3_renorm,0.0,0.13333333333333333,QB3
00-0039398,2025,2,DAL,QB,1,0,rolling3_renorm,0.0,0.13333333333333333,QB3
00-0039398,2025,3,DAL,QB,1,0,rolling3_renorm,0.0,0.13333333333333333,QB3
00-0039398,2025,4,DAL,QB,0,0,rolling3_renorm,0.0,0.0,QB2
00-0039398,2025,5,DAL,QB,0,0,rolling3_renorm,0.0,0.0,QB2
00-0039398,2025,6,DAL,QB,0,0,rolling3_renorm,0.0,0.0,QB2
00-0039398,2025,7,DAL,QB,0,0,rolling3_renorm,0.0,0.0,QB3
00-0039398,2025,8,DAL,QB,0,0,rolling3_renorm,1.0,0.0,QB3
00-0039398,2025,9,DAL,QB,0,0,rolling3_renorm,0.0,0.3333333333333333,QB2
00-0039398,2025,11,DAL,QB,0,0,rolling3_renorm,0.0,0.3333333333333333,QB2
00-0039398,2025,12,DAL,QB,0,0,rolling3_renorm,0.0,0.3333333333333333,QB2
00-0039398,2025,13,DAL,QB,0,0,rolling3_renorm,0.0,0.0,QB3
00-0039398,2025,14,DAL,QB,0,0,rolling3_renorm,0.0,0.0,QB3
00-0039398,2025,15,DAL,QB,0,0,rolling3_renorm,0.0,0.0,QB3
00-0039398,2025,16,DAL,QB,0,0,rolling3_renorm,0.0,0.0,QB3
00-0039398,2025,17,DAL,QB,0,0,rolling3_renorm,0.0,0.0,QB2
00-0039398,2025,18,DAL,QB,0,0,rolling3_renorm,0.0,0.0,QB2
00-0039464,2025,1,CHI,QB,1,0,rolling3_renorm,0.0,0.0,QB3
00-0039501,2025,1,CAR,QB,1,0,rolling3_renorm,0.0,0.0,QB4
00-0039534,2025,1,SF,QB,1,0,rolling3_renorm,0.0,0.0,QB4
00-0039534,2025,5,JAX,QB,1,0,rolling3_renorm,0.0,0.0,QB3
00-0039534,2025,6,JAX,QB,1,0,rolling3_renorm,0.0,0.0,QB3
00-0039534,2025,7,JAX,QB,0,0,rolling3_renorm,0.0,0.0,QB3
00-0039534,2025,9,JAX,QB,0,0,rolling3_renorm,0.0,0.0,QB3
00-0039534,2025,10,JAX,QB,0,0,rolling3_renorm,0.0,0.0,QB3
00-0039534,2025,11,JAX,QB,0,0,rolling3_renorm,0.0,0.0,QB3
00-0039534,2025,12,JAX,QB,0,0,rolling3_renorm,0.0,0.0,QB3
00-0039534,2025,13,JAX,QB,0,0,rolling3_renorm,0.0,0.0,QB3
00-0039534,2025,14,JAX,QB,0,0,rolling3_renorm,0.0,0.0,QB3
00-0039534,2025,15,JAX,QB,0,0,rolling3_renorm,0.0,0.0,QB3
00-0039534,2025,16,JAX,QB,0,0,rolling3_renorm,0.0,0.0,QB3
00-0039534,2025,17,JAX,QB,0,0,rolling3_renorm,0.0,0.0,QB3
00-0039534,2025,18,JAX,QB,0,0,rolling3_renorm,0.0,0.0,QB3
00-0039575,2025,1,IND,QB,1,0,rolling3_renorm,0.0,0.0,QB3
00-0039577,2025,1,ARI,QB,1,0,rolling3_renorm,0.0,0.0,QB3
00-0039577,2025,2,ARI,QB,1,0,rolling3_renorm,0.0,0.0,QB3
00-0039577,2025,3,ARI,QB,1,0,rolling3_renorm,0.0,0.0,QB3
00-0039577,2025,4,ARI,QB,0,0,rolling3_renorm,0.0,0.0,QB3
00-0039577,2025,5,ARI,QB,0,0,rolling3_renorm,0.0,0.0,QB3
00-0039577,2025,6,ARI,QB,0,0,rolling3_renorm,0.0,0.0,QB3
00-0039577,2025,7,ARI,QB,0,0,rolling3_renorm,0.0,0.0,QB3
00-0039577,2025,9,ARI,QB,0,0,rolling3_renorm,0.0,0.0,QB3
00-0039577,2025,10,ARI,QB,0,0,rolling3_renorm,0.0,0.0,QB4
00-0039577,2025,11,ARI,QB,0,0,rolling3_renorm,0.0,0.0,QB2
00-0039577,2025,12,ARI,QB,0,0,rolling3_renorm,0.0,0.0,QB2
00-0039577,2025,13,ARI,QB,0,0,rolling3_renorm,0.0,0.0,QB2
00-0039577,2025,14,ARI,QB,0,0,rolling3_renorm,0.0,0.0,QB2
00-0039577,2025,15,ARI,QB,0,0,rolling3_renorm,0.0,0.0,QB2
00-0039577,2025,16,ARI,QB,0,0,rolling3_renorm,0.0,0.0,QB4
00-0039577,2025,17,ARI,QB,0,0,rolling3_renorm,0.0,0.0,QB4
00-0039577,2025,18,ARI,QB,0,0,rolling3_renorm,0.0,0.0,QB4
00-0039677,2025,1,WAS,QB,1,0,rolling3_renorm,0.0,0.0,QB3
00-0039677,2025,2,WAS,QB,1,0,rolling3_renorm,0.0,0.0,QB4
00-0039677,2025,3,WAS,QB,1,0,rolling3_renorm,0.0,0.0,QB4
00-0039677,2025,4,WAS,QB,0,0,rolling3_renorm,0.0,0.0,QB4
00-0039677,2025,5,WAS,QB,0,0,rolling3_renorm,0.0,0.0,QB4
00-0039677,2025,6,WAS,QB,0,0,rolling3_renorm,0.0,0.0,QB4
00-0039677,2025,7,WAS,QB,0,0,rolling3_renorm,0.0,0.0,QB4
00-0039677,2025,8,WAS,QB,0,0,rolling3_renorm,0.0,0.0,QB4
00-0039677,2025,9,WAS,QB,0,0,rolling3_renorm,0.0,0.0,QB4
00-0039677,2025,10,WAS,QB,0,0,rolling3_renorm,0.0,0.0,QB4
00-0039677,2025,11,WAS,QB,0,0,rolling3_renorm,0.0,0.0,QB4
00-0039677,2025,13,WAS,QB,0,0,rolling3_renorm,0.0,0.0,QB4
00-0039677,2025,14,WAS,QB,0,0,rolling3_renorm,0.0,0.0,QB3
00-0039677,2025,15,WAS,QB,0,0,rolling3_renorm,0.0,0.0,QB4
00-0039677,2025,16,WAS,QB,0,0,rolling3_renorm,0.0,0.0,QB4
00-0039677,2025,17,WAS,QB,0,0,rolling3_renorm,0.0,0.0,QB4
00-0039677,2025,18,WAS,QB,0,0,rolling3_renorm,0.0,0.0,QB4
00-0039699,2025,1,SF,QB,1,0,rolling3_renorm,0.0,0.0,QB4
00-0039732,2025,1,DEN,QB,1,0,rolling3_renorm,1.0,1.0,QB1
00-0039732,2025,2,DEN,QB,1,0,rolling3_renorm,1.0,1.0,QB1
00-0039732,2025,3,DEN,QB,1,0,rolling3_renorm,1.0,1.0,QB1
00-0039732,2025,4,DEN,QB,0,0,rolling3_renorm,1.0,1.0,QB1
00-0039732,2025,5,DEN,QB,0,0,rolling3_renorm,1.0,1.0,QB1
00-0039732,2025,6,DEN,QB,0,0,rolling3_renorm,1.0,1.0,QB1
00-0039732,2025,7,DEN,QB,0,0,rolling3_renorm,1.0,1.0,QB1
00-0039732,2025,8,DEN,QB,0,0,rolling3_renorm,1.0,1.0,QB1
00-0039732,2025,9,DEN,QB,0,0,rolling3_renorm,1.0,1.0,QB1
00-0039732,2025,10,DEN,QB,0,0,rolling3_renorm,1.0,1.0,QB1
00-0039732,2025,11,DEN,QB,0,0,rolling3_renorm,0.0,1.0,QB1
00-0039732,2025,13,DEN,QB,0,0,rolling3_renorm,1.0,1.0,QB1
00-0039732,2025,14,DEN,QB,0,0,rolling3_renorm,0.0,1.0,QB1
00-0039732,2025,15,DEN,QB,0,0,rolling3_renorm,1.0,1.0,QB1
00-0039732,2025,16,DEN,QB,0,0,rolling3_renorm,1.0,1.0,QB1
00-0039732,2025,17,DEN,QB,0,0,rolling3_renorm,1.0,1.0,QB1
00-0039732,2025,18,DEN,QB,0,0,rolling3_renorm,0.0,1.0,QB1
00-0039797,2025,1,NYJ,QB,1,0,rolling3_renorm,0.0,0.0,QB3
00-0039797,2025,2,NYJ,QB,1,0,rolling3_renorm,0.0,0.0,QB3
00-0039797,2025,3,NYJ,QB,1,0,rolling3_renorm,0.0,0.0,QB3
00-0039797,2025,4,NYJ,QB,0,0,rolling3_renorm,0.0,0.0,QB3
00-0039797,2025,5,NYJ,QB,0,0,rolling3_renorm,0.0,0.0,QB3
00-0039797,2025,6,NYJ,QB,0,0,rolling3_renorm,0.0,0.0,QB3
00-0039797,2025,7,NYJ,QB,0,0,rolling3_renorm,0.0,0.0,QB3
00-0039797,2025,8,NYJ,QB,0,0,rolling3_renorm,0.0,0.0,QB3
00-0039797,2025,10,NYJ,QB,0,0,rolling3_renorm,0.0,0.0,QB3
00-0039797,2025,11,NYJ,QB,0,0,rolling3_renorm,0.0,0.0,QB3
00-0039797,2025,12,NYJ,QB,0,0,rolling3_renorm,0.0,0.0,QB3
00-0039797,2025,13,NYJ,QB,0,0,rolling3_renorm,0.0,0.0,QB3
00-0039797,2025,14,NYJ,QB,0,0,rolling3_renorm,0.0,0.0,QB3
00-0039797,2025,15,NYJ,QB,0,0,rolling3_renorm,0.0,0.0,QB4
00-0039797,2025,16,NYJ,QB,0,0,rolling3_renorm,0.0,0.0,QB4
00-0039797,2025,17,NYJ,QB,0,0,rolling3_renorm,0.0,0.0,QB4
00-0039797,2025,18,NYJ,QB,0,0,rolling3_renorm,0.0,0.0,QB4
00-0039801,2025,1,BAL,QB,1,0,rolling3_renorm,0.0,0.0,QB4
00-0039851,2025,1,NE,QB,1,0,rolling3_renorm,1.0,0.9090909090909091,QB3
00-0039851,2025,2,NE,QB,1,0,rolling3_renorm,1.0,0.9090909090909091,QB1
00-0039851,2025,3,NE,QB,1,0,rolling3_renorm,1.0,0.9090909090909091,QB1
00-0039851,2025,4,NE,QB,0,0,rolling3_renorm,1.0,1.0,QB1
00-0039851,2025,5,NE,QB,0,0,rolling3_renorm,0.0,1.0,QB1
00-0039851,2025,6,NE,QB,0,0,rolling3_renorm,1.0,1.0,QB1
00-0039851,2025,7,NE,QB,0,0,rolling3_renorm,1.0,1.0,QB1
00-0039851,2025,8,NE,QB,0,0,rolling3_renorm,1.0,1.0,QB1
00-0039851,2025,9,NE,QB,0,0,rolling3_renorm,1.0,1.0,QB1
00-0039851,2025,10,NE,QB,0,0,rolling3_renorm,1.0,1.0,QB1
00-0039851,2025,11,NE,QB,0,0,rolling3_renorm,1.0,1.0,QB1
00-0039851,2025,12,NE,QB,0,0,rolling3_renorm,1.0,1.0,QB1
00-0039851,2025,13,NE,QB,0,0,rolling3_renorm,1.0,1.0,QB1
00-0039851,2025,15,NE,QB,0,0,rolling3_renorm,0.0,1.0,QB1
00-0039851,2025,16,NE,QB,0,0,rolling3_renorm,1.0,1.0,QB1
00-0039851,2025,17,NE,QB,0,0,rolling3_renorm,1.0,1.0,QB1
00-0039851,2025,18,NE,QB,0,0,rolling3_renorm,1.0,1.0,QB1
00-0039910,2025,1,WAS,QB,1,0,rolling3_renorm,1.0,0.8571428571428571,QB4
00-0039910,2025,2,WAS,QB,1,0,rolling3_renorm,1.0,0.8571428571428571,QB1
00-0039910,2025,3,WAS,QB,1,0,rolling3_renorm,0.0,0.8571428571428571,QB1
00-0039910,2025,4,WAS,QB,0,0,rolling3_renorm,0.0,0.6666666666666666,QB1
00-0039910,2025,5,WAS,QB,0,0,rolling3_renorm,1.0,0.3333333333333333,QB2
00-0039910,2025,6,WAS,QB,0,0,rolling3_renorm,1.0,0.3333333333333333,QB2
00-0039910,2025,7,WAS,QB,0,0,rolling3_renorm,1.0,0.6666666666666666,QB1
00-0039910,2025,8,WAS,QB,0,0,rolling3_renorm,0.0,1.0,QB1
00-0039910,2025,9,WAS,QB,0,0,rolling3_renorm,0.0,0.6666666666666666,QB1
00-0039910,2025,10,WAS,QB,0,0,rolling3_renorm,0.0,0.5,QB1
00-0039910,2025,11,WAS,QB,0,0,rolling3_renorm,0.0,0.0,QB2
00-0039910,2025,13,WAS,QB,0,0,rolling3_renorm,0.0,0.0,QB2
00-0039910,2025,14,WAS,QB,0,0,rolling3_renorm,0.0,0.0,QB4
00-0039910,2025,15,WAS,QB,0,0,rolling3_renorm,0.0,0.0,QB2
00-0039910,2025,16,WAS,QB,0,0,rolling3_renorm,0.0,0.0,QB2
00-0039910,2025,17,WAS,QB,0,0,rolling3_renorm,0.0,0.0,QB2
00-0039910,2025,18,WAS,QB,0,0,rolling3_renorm,0.0,0.0,QB4
00-0039917,2025,1,ATL,QB,1,0,rolling3_renorm,1.0,0.1818181818181818,QB4
00-0039917,2025,2,ATL,QB,1,0,rolling3_renorm,0.0,0.1818181818181818,QB1
00-0039917,2025,3,ATL,QB,1,0,rolling3_renorm,0.0,0.1818181818181818,QB1
00-0039917,2025,4,ATL,QB,0,0,rolling3_renorm,1.0,1.0,QB1
00-0039917,2025,6,ATL,QB,0,0,rolling3_renorm,1.0,1.0,QB1
00-0039917,2025,7,ATL,QB,0,0,rolling3_renorm,1.0,1.0,QB1
00-0039917,2025,8,ATL,QB,0,0,rolling3_renorm,0.0,1.0,QB1
00-0039917,2025,9,ATL,QB,0,0,rolling3_renorm,1.0,1.0,QB1
00-0039917,2025,10,ATL,QB,0,0,rolling3_renorm,1.0,1.0,QB1
00-0039917,2025,11,ATL,QB,0,0,rolling3_renorm,0.0,1.0,QB1
00-0039917,2025,12,ATL,QB,0,0,rolling3_renorm,0.0,1.0,QB1
00-0039917,2025,13,ATL,QB,0,0,rolling3_renorm,0.0,0.5,QB1
00-0039917,2025,14,ATL,QB,0,0,rolling3_renorm,0.0,0.0,QB2
00-0039917,2025,15,ATL,QB,0,0,rolling3_renorm,0.0,0.0,QB4
00-0039917,2025,16,ATL,QB,0,0,rolling3_renorm,0.0,0.0,QB4
00-0039917,2025,17,ATL,QB,0,0,rolling3_renorm,0.0,0.0,QB4
00-0039917,2025,18,ATL,QB,0,0,rolling3_renorm,0.0,0.0,QB4
00-0039918,2025,1,CHI,QB,1,0,rolling3_renorm,1.0,1.0,QB4
00-0039918,2025,2,CHI,QB,1,0,rolling3_renorm,1.0,1.0,QB1
00-0039918,2025,3,CHI,QB,1,0,rolling3_renorm,1.0,1.0,QB1
00-0039918,2025,4,CHI,QB,0,0,rolling3_renorm,1.0,1.0,QB1
00-0039918,2025,6,CHI,QB,0,0,rolling3_renorm,1.0,1.0,QB1
00-0039918,2025,7,CHI,QB,0,0,rolling3_renorm,0.0,1.0,QB1
00-0039918,2025,8,CHI,QB,0,0,rolling3_renorm,0.0,1.0,QB1
00-0039918,2025,9,CHI,QB,0,0,rolling3_renorm,0.75,1.0,QB1
00-0039918,2025,10,CHI,QB,0,0,rolling3_renorm,1.0,1.0,QB1
00-0039918,2025,11,CHI,QB,0,0,rolling3_renorm,0.0,1.0,QB1
00-0039918,2025,12,CHI,QB,0,0,rolling3_renorm,1.0,1.0,QB1
00-0039918,2025,13,CHI,QB,0,0,rolling3_renorm,1.0,1.0,QB1
00-0039918,2025,14,CHI,QB,0,0,rolling3_renorm,1.0,1.0,QB1
00-0039918,2025,15,CHI,QB,0,0,rolling3_renorm,1.0,1.0,QB1
00-0039918,2025,16,CHI,QB,0,0,rolling3_renorm,1.0,1.0,QB1
00-0039918,2025,17,CHI,QB,0,0,rolling3_renorm,1.0,1.0,QB1
00-0039918,2025,18,CHI,QB,0,0,rolling3_renorm,1.0,1.0,QB1
00-0039923,2025,1,MIN,QB,1,0,rolling3_renorm,1.0,0.3333333333333333,QB2
00-0039923,2025,2,MIN,QB,1,0,rolling3_renorm,0.0,0.3333333333333333,QB1
00-0039923,2025,3,MIN,QB,1,0,rolling3_renorm,0.0,0.0,QB1
00-0039923,2025,4,MIN,QB,0,0,rolling3_renorm,0.0,0.425,QB1
00-0039923,2025,5,MIN,QB,0,0,rolling3_renorm,0.0,0.0,QB2
00-0039923,2025,7,MIN,QB,0,0,rolling3_renorm,0.0,0.0,QB3
00-0039923,2025,8,MIN,QB,0,0,rolling3_renorm,0.0,0.0,QB3
00-0039923,2025,9,MIN,QB,0,0,rolling3_renorm,1.0,0.0,QB4
00-0039923,2025,10,MIN,QB,0,0,rolling3_renorm,1.0,0.5,QB2
00-0039923,2025,11,MIN,QB,0,0,rolling3_renorm,1.0,0.6666666666666667,QB1
00-0039923,2025,12,MIN,QB,0,0,rolling3_renorm,0.0,1.0,QB1
00-0039923,2025,13,MIN,QB,0,0,rolling3_renorm,0.0,1.0,QB1
00-0039923,2025,14,MIN,QB,0,0,rolling3_renorm,1.0,1.0,QB1
00-0039923,2025,15,MIN,QB,0,0,rolling3_renorm,1.0,1.0,QB1
00-0039923,2025,16,MIN,QB,0,0,rolling3_renorm,0.0,1.0,QB1
00-0039923,2025,17,MIN,QB,0,0,rolling3_renorm,0.0,1.0,QB1
00-0039923,2025,18,MIN,QB,0,0,rolling3_renorm,0.0,1.0,QB1
00-0040014,2025,1,PHI,QB,1,0,rolling3_renorm,0.0,0.0,QB4
00-0040014,2025,2,PHI,QB,1,0,rolling3_renorm,0.0,0.0,QB4
00-0040014,2025,3,PHI,QB,1,0,rolling3_renorm,0.0,0.0,QB4
00-0040014,2025,4,PHI,QB,0,0,rolling3_renorm,0.0,0.0,QB4
00-0040014,2025,5,PHI,QB,0,0,rolling3_renorm,0.0,0.0,QB4
00-0040014,2025,6,PHI,QB,0,0,rolling3_renorm,0.0,0.0,QB4
00-0040014,2025,7,PHI,QB,0,0,rolling3_renorm,0.0,0.0,QB4
00-0040014,2025,8,PHI,QB,0,0,rolling3_renorm,0.0,0.0,QB4
00-0040014,2025,10,PHI,QB,0,0,rolling3_renorm,0.0,0.0,QB4
00-0040014,2025,11,PHI,QB,0,0,rolling3_renorm,0.0,0.0,QB4
00-0040014,2025,12,PHI,QB,0,0,rolling3_renorm,0.0,0.0,QB4
00-0040014,2025,13,PHI,QB,0,0,rolling3_renorm,0.0,0.0,QB4
00-0040014,2025,14,PHI,QB,0,0,rolling3_renorm,0.0,0.0,QB4
00-0040014,2025,15,PHI,QB,0,0,rolling3_renorm,0.0,0.0,QB4
00-0040014,2025,16,PHI,QB,0,0,rolling3_renorm,0.0,0.0,QB4
00-0040014,2025,17,PHI,QB,0,0,rolling3_renorm,0.0,0.0,QB4
00-0040014,2025,18,PHI,QB,0,0,rolling3_renorm,0.0,0.0,QB4
00-0040203,2025,1,PIT,QB,1,0,rolling3_renorm,0.0,0.0,QB4
00-0040203,2025,2,PIT,QB,1,0,rolling3_renorm,0.0,0.0,QB4
00-0040203,2025,3,PIT,QB,1,0,rolling3_renorm,0.0,0.0,QB4
00-0040203,2025,4,PIT,QB,0,0,rolling3_renorm,0.0,0.0,QB4
00-0040203,2025,6,PIT,QB,0,0,rolling3_renorm,0.0,0.0,QB4
00-0040203,2025,7,PIT,QB,0,0,rolling3_renorm,0.0,0.0,QB4
00-0040203,2025,8,PIT,QB,0,0,rolling3_renorm,0.0,0.0,QB4
00-0040203,2025,9,PIT,QB,0,0,rolling3_renorm,0.0,0.0,QB4
00-0040203,2025,10,PIT,QB,0,0,rolling3_renorm,0.0,0.0,QB4
00-0040203,2025,11,PIT,QB,0,0,rolling3_renorm,0.0,0.0,QB4
00-0040203,2025,12,PIT,QB,0,0,rolling3_renorm,0.0,0.0,QB4
00-0040203,2025,13,PIT,QB,0,0,rolling3_renorm,0.0,0.0,QB4
00-0040203,2025,14,PIT,QB,0,0,rolling3_renorm,0.0,0.0,QB4
00-0040203,2025,15,PIT,QB,0,0,rolling3_renorm,0.0,0.0,QB4
00-0040203,2025,16,PIT,QB,0,0,rolling3_renorm,0.0,0.0,QB4
00-0040203,2025,17,PIT,QB,0,0,rolling3_renorm,0.0,0.0,QB4
00-0040203,2025,18,PIT,QB,0,0,rolling3_renorm,0.0,0.0,QB4
00-0040206,2025,1,IND,QB,1,0,rolling3_renorm,0.0,0.0,QB4
00-0040206,2025,2,IND,QB,1,0,rolling3_renorm,0.0,0.0,QB3
00-0040206,2025,3,IND,QB,1,0,rolling3_renorm,0.0,0.0,QB3
00-0040206,2025,4,IND,QB,0,0,rolling3_renorm,0.0,0.0,QB3
00-0040206,2025,5,IND,QB,0,0,rolling3_renorm,0.0,0.0,QB3
00-0040206,2025,6,IND,QB,0,0,rolling3_renorm,0.0,0.0,QB3
00-0040206,2025,7,IND,QB,0,0,rolling3_renorm,0.0,0.0,QB4
00-0040206,2025,8,IND,QB,0,0,rolling3_renorm,0.0,0.0,QB4
00-0040206,2025,9,IND,QB,0,0,rolling3_renorm,0.0,0.0,QB2
00-0040206,2025,10,IND,QB,0,0,rolling3_renorm,0.0,0.0,QB2
00-0040206,2025,12,IND,QB,0,0,rolling3_renorm,0.0,0.0,QB2
00-0040206,2025,13,IND,QB,0,0,rolling3_renorm,0.0,0.0,QB4
00-0040206,2025,14,IND,QB,0,0,rolling3_renorm,0.0,0.0,QB4
00-0040206,2025,15,IND,QB,0,0,rolling3_renorm,0.0,0.0,QB2
00-0040206,2025,16,IND,QB,0,0,rolling3_renorm,0.0,0.0,QB3
00-0040206,2025,17,IND,QB,0,0,rolling3_renorm,0.0,0.0,QB2
00-0040206,2025,18,IND,QB,0,0,rolling3_renorm,1.0,0.0,QB2
00-0040211,2025,1,HOU,QB,1,0,rolling3_renorm,0.0,0.0,QB3
00-0040211,2025,2,HOU,QB,1,0,rolling3_renorm,0.0,0.0,QB3
00-0040211,2025,3,HOU,QB,1,0,rolling3_renorm,0.0,0.0,QB3
00-0040211,2025,4,HOU,QB,0,0,rolling3_renorm,0.0,0.0,QB3
00-0040211,2025,5,HOU,QB,0,0,rolling3_renorm,0.0,0.0,QB3
00-0040211,2025,7,HOU,QB,0,0,rolling3_renorm,0.0,0.0,QB3
00-0040211,2025,8,HOU,QB,0,0,rolling3_renorm,0.0,0.0,QB3
00-0040211,2025,9,HOU,QB,0,0,rolling3_renorm,0.0,0.0,QB3
00-0040211,2025,10,HOU,QB,0,0,rolling3_renorm,0.0,0.0,QB3
00-0040211,2025,11,HOU,QB,0,0,rolling3_renorm,0.0,0.0,QB3
00-0040211,2025,12,HOU,QB,0,0,rolling3_renorm,0.0,0.0,QB3
00-0040211,2025,13,HOU,QB,0,0,rolling3_renorm,0.0,0.0,QB3
00-0040211,2025,14,HOU,QB,0,0,rolling3_renorm,0.0,0.0,QB3
00-0040211,2025,15,HOU,QB,0,0,rolling3_renorm,0.0,0.0,QB3
00-0040211,2025,16,HOU,QB,0,0,rolling3_renorm,0.0,0.0,QB3
00-0040211,2025,17,HOU,QB,0,0,rolling3_renorm,0.0,0.0,QB3
00-0040211,2025,18,HOU,QB,0,0,rolling3_renorm,0.0,0.0,QB3
00-0040222,2025,1,LV,QB,1,0,rolling3_renorm,0.0,0.0,QB4
00-0040222,2025,2,LV,QB,1,0,rolling3_renorm,0.0,0.0,QB4
00-0040222,2025,3,LV,QB,1,0,rolling3_renorm,0.0,0.0,QB4
00-0040222,2025,4,LV,QB,0,0,rolling3_renorm,0.0,0.0,QB4
00-0040222,2025,5,LV,QB,0,0,rolling3_renorm,0.0,0.0,QB4
00-0040222,2025,6,LV,QB,0,0,rolling3_renorm,0.0,0.0,QB4
00-0040222,2025,7,LV,QB,0,0,rolling3_renorm,0.0,0.0,QB4
00-0040222,2025,9,LV,QB,0,0,rolling3_renorm,0.0,0.0,QB4
00-0040222,2025,10,LV,QB,0,0,rolling3_renorm,0.0,0.0,QB4
00-0040222,2025,11,LV,QB,0,0,rolling3_renorm,0.0,0.0,QB4
00-0040222,2025,12,LV,QB,0,0,rolling3_renorm,0.0,0.0,QB4
00-0040222,2025,13,LV,QB,0,0,rolling3_renorm,0.0,0.0,QB4
00-0040222,2025,14,LV,QB,0,0,rolling3_renorm,0.0,0.0,QB4
00-0040222,2025,15,LV,QB,0,0,rolling3_renorm,0.0,0.0,QB4
00-0040222,2025,16,LV,QB,0,0,rolling3_renorm,0.0,0.0,QB4
00-0040222,2025,17,LV,QB,0,0,rolling3_renorm,0.0,0.0,QB4
00-0040222,2025,18,MIA,QB,0,0,rolling3_renorm,0.0,0.0,QB4
00-0040234,2025,1,MIA,QB,1,0,rolling3_renorm,0.0,0.0,QB3
00-0040234,2025,2,MIA,QB,1,0,rolling3_renorm,0.0,0.0,QB3
00-0040234,2025,3,MIA,QB,1,0,rolling3_renorm,0.0,0.0,QB3
00-0040234,2025,4,MIA,QB,0,0,rolling3_renorm,0.0,0.0,QB3
00-0040234,2025,5,MIA,QB,0,0,rolling3_renorm,0.0,0.0,QB3
00-0040234,2025,6,MIA,QB,0,0,rolling3_renorm,0.0,0.0,QB3
00-0040234,2025,7,MIA,QB,0,0,rolling3_renorm,0.0,0.0,QB3
00-0040234,2025,8,MIA,QB,0,0,rolling3_renorm,0.0,0.0,QB2
00-0040234,2025,9,MIA,QB,0,0,rolling3_renorm,0.0,0.0,QB2
00-0040234,2025,10,MIA,QB,0,0,rolling3_renorm,0.0,0.0,QB2
00-0040234,2025,11,MIA,QB,0,0,rolling3_renorm,0.0,0.0,QB3
00-0040234,2025,13,MIA,QB,0,0,rolling3_renorm,0.0,0.0,QB3
00-0040234,2025,14,MIA,QB,0,0,rolling3_renorm,0.0,0.0,QB3
00-0040234,2025,15,MIA,QB,0,0,rolling3_renorm,0.0,0.0,QB3
00-0040234,2025,16,MIA,QB,0,0,rolling3_renorm,0.0,0.0,QB3
00-0040234,2025,17,MIA,QB,0,0,rolling3_renorm,1.0,0.0,QB2
00-0040234,2025,18,MIA,QB,0,0,rolling3_renorm,1.0,0.5,QB1
00-0040330,2025,1,JAX,QB,1,0,rolling3_renorm,0.0,0.0,QB4
00-0040330,2025,2,JAX,QB,1,0,rolling3_renorm,0.0,0.0,QB3
00-0040330,2025,3,JAX,QB,1,0,rolling3_renorm,0.0,0.0,QB3
00-0040330,2025,4,JAX,QB,0,0,rolling3_renorm,0.0,0.0,QB3
00-0040330,2025,18,IND,QB,0,0,rolling3_renorm,0.0,0.0,QB4
00-0040378,2025,1,CIN,QB,1,0,rolling3_renorm,0.0,0.0,QB4
00-0040398,2025,1,NYJ,QB,1,0,rolling3_renorm,0.0,0.0,QB4
00-0040398,2025,2,NYJ,QB,1,0,rolling3_renorm,0.0,0.0,QB4
00-0040398,2025,3,NYJ,QB,1,0,rolling3_renorm,0.0,0.0,QB4
00-0040398,2025,4,NYJ,QB,0,0,rolling3_renorm,0.0,0.0,QB4
00-0040398,2025,5,NYJ,QB,0,0,rolling3_renorm,0.0,0.0,QB4
00-0040398,2025,6,NYJ,QB,0,0,rolling3_renorm,0.0,0.0,QB4
00-0040398,2025,7,NYJ,QB,0,0,rolling3_renorm,0.0,0.0,QB4
00-0040398,2025,8,NYJ,QB,0,0,rolling3_renorm,0.0,0.0,QB4
00-0040398,2025,10,NYJ,QB,0,0,rolling3_renorm,0.0,0.0,QB4
00-0040398,2025,11,NYJ,QB,0,0,rolling3_renorm,0.0,0.0,QB4
00-0040398,2025,12,NYJ,QB,0,0,rolling3_renorm,0.0,0.0,QB4
00-0040398,2025,13,NYJ,QB,0,0,rolling3_renorm,0.0,0.0,QB4
00-0040398,2025,14,NYJ,QB,0,0,rolling3_renorm,0.0,0.0,QB4
00-0040398,2025,15,NYJ,QB,0,0,rolling3_renorm,1.0,0.0,QB2
00-0040398,2025,16,NYJ,QB,0,0,rolling3_renorm,0.0,0.5,QB1
00-0040398,2025,17,NYJ,QB,0,0,rolling3_renorm,0.0,1.0,QB1
00-0040398,2025,18,NYJ,QB,0,0,rolling3_renorm,1.0,1.0,QB1
00-0040415,2025,1,TB,QB,1,0,rolling3_renorm,0.0,0.0,QB4
00-0040415,2025,2,TB,QB,1,0,rolling3_renorm,0.0,0.0,QB3
00-0040415,2025,3,TB,QB,1,0,rolling3_renorm,0.0,0.0,QB3
00-0040415,2025,4,TB,QB,0,0,rolling3_renorm,0.0,0.0,QB3
00-0040415,2025,5,TB,QB,0,0,rolling3_renorm,0.0,0.0,QB3
00-0040415,2025,6,TB,QB,0,0,rolling3_renorm,0.0,0.0,QB3
00-0040415,2025,7,TB,QB,0,0,rolling3_renorm,0.0,0.0,QB3
00-0040415,2025,8,TB,QB,0,0,rolling3_renorm,0.0,0.0,QB3
00-0040415,2025,10,TB,QB,0,0,rolling3_renorm,0.0,0.0,QB3
00-0040415,2025,11,TB,QB,0,0,rolling3_renorm,0.0,0.0,QB3
00-0040415,2025,12,TB,QB,0,0,rolling3_renorm,0.0,0.0,QB3
00-0040415,2025,13,TB,QB,0,0,rolling3_renorm,0.0,0.0,QB3
00-0040415,2025,14,TB,QB,0,0,rolling3_renorm,0.0,0.0,QB3
00-0040415,2025,15,TB,QB,0,0,rolling3_renorm,0.0,0.0,QB3
00-0040415,2025,16,TB,QB,0,0,rolling3_renorm,0.0,0.0,QB3
00-0040415,2025,17,TB,QB,0,0,rolling3_renorm,0.0,0.0,QB3
00-0040415,2025,18,TB,QB,0,0,rolling3_renorm,0.0,0.0,QB3
00-0040464,2025,1,LAC,QB,1,0,rolling3_renorm,0.0,0.0,QB4
00-0040464,2025,2,LAC,QB,1,0,rolling3_renorm,0.0,0.0,QB3
00-0040464,2025,3,LAC,QB,1,0,rolling3_renorm,0.0,0.0,QB3
00-0040464,2025,4,LAC,QB,0,0,rolling3_renorm,0.0,0.0,QB3
00-0040464,2025,5,LAC,QB,0,0,rolling3_renorm,0.0,0.0,QB3
00-0040464,2025,6,LAC,QB,0,0,rolling3_renorm,0.0,0.0,QB3
00-0040464,2025,7,LAC,QB,0,0,rolling3_renorm,0.0,0.0,QB3
00-0040464,2025,8,LAC,QB,0,0,rolling3_renorm,0.0,0.0,QB3
00-0040464,2025,9,LAC,QB,0,0,rolling3_renorm,0.0,0.0,QB3
00-0040464,2025,10,LAC,QB,0,0,rolling3_renorm,0.0,0.0,QB3
00-0040464,2025,11,LAC,QB,0,0,rolling3_renorm,0.0,0.0,QB3
00-0040464,2025,13,LAC,QB,0,0,rolling3_renorm,0.0,0.0,QB3
00-0040464,2025,14,LAC,QB,0,0,rolling3_renorm,0.0,0.0,QB3
00-0040464,2025,15,LAC,QB,0,0,rolling3_renorm,0.0,0.0,QB3
00-0040464,2025,16,LAC,QB,0,0,rolling3_renorm,0.0,0.0,QB3
00-0040464,2025,17,LAC,QB,0,0,rolling3_renorm,0.0,0.0,QB3
00-0040464,2025,18,LAC,QB,0,0,rolling3_renorm,0.0,0.0,QB3
00-0040494,2025,1,MIN,QB,1,0,rolling3_renorm,0.0,0.3333333333333333,QB3
00-0040494,2025,2,MIN,QB,1,0,rolling3_renorm,0.0,0.3333333333333333,QB3
00-0040494,2025,3,MIN,QB,1,0,rolling3_renorm,0.0,0.0,QB4
00-0040494,2025,4,MIN,QB,0,0,rolling3_renorm,0.0,0.0,QB3
00-0040494,2025,5,MIN,QB,0,0,rolling3_renorm,0.0,0.0,QB3
00-0040494,2025,7,MIN,QB,0,0,rolling3_renorm,0.0,0.0,QB2
00-0040494,2025,8,MIN,QB,0,0,rolling3_renorm,0.0,0.0,QB2
00-0040494,2025,9,MIN,QB,0,0,rolling3_renorm,0.0,0.0,QB2
00-0040494,2025,10,MIN,QB,0,0,rolling3_renorm,0.0,0.0,QB3
00-0040494,2025,11,MIN,QB,0,0,rolling3_renorm,0.0,0.0,QB3
00-0040494,2025,12,MIN,QB,0,0,rolling3_renorm,0.0,0.0,QB4
00-0040494,2025,13,MIN,QB,0,0,rolling3_renorm,0.0,0.0,QB4
00-0040494,2025,14,MIN,QB,0,0,rolling3_renorm,0.0,0.0,QB2
00-0040494,2025,15,MIN,QB,0,0,rolling3_renorm,0.0,0.0,QB2
00-0040494,2025,16,MIN,QB,0,0,rolling3_renorm,0.0,0.0,QB2
00-0040494,2025,17,MIN,QB,0,0,rolling3_renorm,0.0,0.0,QB2
00-0040494,2025,18,MIN,QB,0,0,rolling3_renorm,0.0,0.0,QB2
00-0040569,2025,1,NE,QB,1,0,rolling3_renorm,0.0,0.0,QB4
00-0040589,2025,1,SF,QB,1,0,rolling3_renorm,0.0,0.0,QB4
00-0040589,2025,2,SF,QB,1,0,rolling3_renorm,0.0,0.0,QB4
00-0040589,2025,3,SF,QB,1,0,rolling3_renorm,0.0,0.0,QB4
00-0040589,2025,4,SF,QB,0,0,rolling3_renorm,0.0,0.0,QB4
00-0040589,2025,5,SF,QB,0,0,rolling3_renorm,0.0,0.0,QB4
00-0040589,2025,6,SF,QB,0,0,rolling3_renorm,0.0,0.0,QB4
00-0040589,2025,7,SF,QB,0,0,rolling3_renorm,0.0,0.0,QB4
00-0040589,2025,8,SF,QB,0,0,rolling3_renorm,0.0,0.0,QB4
00-0040589,2025,9,SF,QB,0,0,rolling3_renorm,0.0,0.0,QB4
00-0040589,2025,10,SF,QB,0,0,rolling3_renorm,0.0,0.0,QB4
00-0040589,2025,11,SF,QB,0,0,rolling3_renorm,0.0,0.0,QB4
00-0040589,2025,12,SF,QB,0,0,rolling3_renorm,0.0,0.0,QB4
00-0040589,2025,13,SF,QB,0,0,rolling3_renorm,0.0,0.0,QB4
00-0040589,2025,15,SF,QB,0,0,rolling3_renorm,0.0,0.0,QB3
00-0040589,2025,16,SF,QB,0,0,rolling3_renorm,0.0,0.0,QB4
00-0040589,2025,17,SF,QB,0,0,rolling3_renorm,0.0,0.0,QB4
00-0040589,2025,18,SF,QB,0,0,rolling3_renorm,0.0,0.0,QB4
00-0040591,2025,1,GB,QB,1,0,rolling3_renorm,0.0,0.0,QB4
00-0040656,2025,1,NO,QB,1,0,rolling3_renorm,0.0,0.0,QB4
00-0040656,2025,2,NO,QB,1,0,rolling3_renorm,0.0,0.0,QB4
00-0040656,2025,3,NO,QB,1,0,rolling3_renorm,0.0,0.0,QB4
00-0040656,2025,4,NO,QB,0,0,rolling3_renorm,0.0,0.0,QB4
00-0040656,2025,5,NO,QB,0,0,rolling3_renorm,0.0,0.0,QB4
00-0040656,2025,6,NO,QB,0,0,rolling3_renorm,0.0,0.0,QB4
00-0040656,2025,7,NO,QB,0,0,rolling3_renorm,0.0,0.0,QB4
00-0040656,2025,8,NO,QB,0,0,rolling3_renorm,0.0,0.0,QB4
00-0040656,2025,9,NO,QB,0,0,rolling3_renorm,0.0,0.0,QB4
00-0040656,2025,10,NO,QB,0,0,rolling3_renorm,0.0,0.0,QB4
00-0040656,2025,12,NO,QB,0,0,rolling3_renorm,0.0,0.0,QB4
00-0040656,2025,13,NO,QB,0,0,rolling3_renorm,0.0,0.0,QB4
00-0040656,2025,14,NO,QB,0,0,rolling3_renorm,0.0,0.0,QB4
00-0040656,2025,15,NO,QB,0,0,rolling3_renorm,0.0,0.0,QB4
00-0040656,2025,16,NO,QB,0,0,rolling3_renorm,0.0,0.0,QB4
00-0040656,2025,17,NO,QB,0,0,rolling3_renorm,0.0,0.0,QB4
00-0040656,2025,18,NO,QB,0,0,rolling3_renorm,0.0,0.0,QB4
00-0040668,2025,1,CLE,QB,1,0,rolling3_renorm,0.0,0.0,QB4
00-0040668,2025,2,CLE,QB,1,0,rolling3_renorm,0.0,0.0,QB4
00-0040668,2025,3,CLE,QB,1,0,rolling3_renorm,0.0,0.0,QB4
00-0040668,2025,4,CLE,QB,0,0,rolling3_renorm,0.0,0.0,QB4
00-0040668,2025,5,CLE,QB,0,0,rolling3_renorm,0.0,0.0,QB4
00-0040668,2025,6,CLE,QB,0,0,rolling3_renorm,0.0,0.0,QB4
00-0040668,2025,7,CLE,QB,0,0,rolling3_renorm,0.0,0.0,QB4
00-0040668,2025,8,CLE,QB,0,0,rolling3_renorm,0.0,0.0,QB4
00-0040668,2025,10,CLE,QB,0,0,rolling3_renorm,0.0,0.0,QB4
00-0040668,2025,11,CLE,QB,0,0,rolling3_renorm,0.0,0.0,QB4
00-0040668,2025,12,CLE,QB,0,0,rolling3_renorm,1.0,0.0,QB2
00-0040668,2025,13,CLE,QB,0,0,rolling3_renorm,1.0,0.5,QB2
00-0040668,2025,14,CLE,QB,0,0,rolling3_renorm,1.0,1.0,QB1
00-0040668,2025,15,CLE,QB,0,0,rolling3_renorm,0.0,1.0,QB1
00-0040668,2025,16,CLE,QB,0,0,rolling3_renorm,1.0,1.0,QB1
00-0040668,2025,17,CLE,QB,0,0,rolling3_renorm,1.0,1.0,QB1
00-0040668,2025,18,CLE,QB,0,0,rolling3_renorm,0.0,1.0,QB1
00-0040673,2025,1,SEA,QB,1,0,rolling3_renorm,0.0,0.0,QB3
00-0040673,2025,2,SEA,QB,1,0,rolling3_renorm,0.0,0.0,QB2
00-0040673,2025,3,SEA,QB,1,0,rolling3_renorm,0.0,0.0,QB2
00-0040673,2025,4,SEA,QB,0,0,rolling3_renorm,0.0,0.0,QB3
00-0040673,2025,5,SEA,QB,0,0,rolling3_renorm,0.0,0.0,QB3
00-0040673,2025,6,SEA,QB,0,0,rolling3_renorm,0.0,0.0,QB3
00-0040673,2025,7,SEA,QB,0,0,rolling3_renorm,0.0,0.0,QB2
00-0040673,2025,9,SEA,QB,0,0,rolling3_renorm,0.0,0.0,QB2
00-0040673,2025,10,SEA,QB,0,0,rolling3_renorm,0.0,0.0,QB3
00-0040673,2025,11,SEA,QB,0,0,rolling3_renorm,0.0,0.0,QB3
00-0040673,2025,12,SEA,QB,0,0,rolling3_renorm,0.0,0.0,QB3
00-0040673,2025,13,SEA,QB,0,0,rolling3_renorm,0.0,0.0,QB3
00-0040673,2025,14,SEA,QB,0,0,rolling3_renorm,0.0,0.0,QB3
00-0040673,2025,15,SEA,QB,0,0,rolling3_renorm,0.0,0.0,QB3
00-0040673,2025,16,SEA,QB,0,0,rolling3_renorm,0.0,0.0,QB3
00-0040673,2025,17,SEA,QB,0,0,rolling3_renorm,0.0,0.0,QB3
00-0040673,2025,18,SEA,QB,0,0,rolling3_renorm,0.0,0.0,QB3
00-0040676,2025,1,TEN,QB,1,0,rolling3_renorm,0.0,0.0,QB4
00-0040676,2025,2,TEN,QB,1,0,rolling3_renorm,1.0,0.0,QB1
00-0040676,2025,3,TEN,QB,1,0,rolling3_renorm,1.0,0.45945945945945943,QB1
00-0040676,2025,4,TEN,QB,0,0,rolling3_renorm,0.0,1.0,QB1
00-0040676,2025,5,TEN,QB,0,0,rolling3_renorm,0.0,1.0,QB1
00-0040676,2025,6,TEN,QB,0,0,rolling3_renorm,1.0,1.0,QB1
00-0040676,2025,7,TEN,QB,0,0,rolling3_renorm,1.0,1.0,QB1
00-0040676,2025,8,TEN,QB,0,0,rolling3_renorm,1.0,1.0,QB1
00-0040676,2025,9,TEN,QB,0,0,rolling3_renorm,0.0,1.0,QB1
00-0040676,2025,11,TEN,QB,0,0,rolling3_renorm,1.0,1.0,QB1
00-0040676,2025,12,TEN,QB,0,0,rolling3_renorm,1.0,1.0,QB1
00-0040676,2025,13,TEN,QB,0,0,rolling3_renorm,0.0,1.0,QB1
00-0040676,2025,14,TEN,QB,0,0,rolling3_renorm,1.0,1.0,QB1
00-0040676,2025,15,TEN,QB,0,0,rolling3_renorm,1.0,1.0,QB1
00-0040676,2025,16,TEN,QB,0,0,rolling3_renorm,1.0,1.0,QB1
00-0040676,2025,17,TEN,QB,0,0,rolling3_renorm,1.0,1.0,QB1
00-0040676,2025,18,TEN,QB,0,0,rolling3_renorm,0.0,1.0,QB1
00-0040691,2025,1,NYG,QB,1,0,rolling3_renorm,0.0,0.0,QB3
00-0040691,2025,2,NYG,QB,1,0,rolling3_renorm,0.0,0.0,QB3
00-0040691,2025,3,NYG,QB,1,0,rolling3_renorm,0.0,0.0,QB2
00-0040691,2025,4,NYG,QB,0,0,rolling3_renorm,1.0,0.0,QB2
00-0040691,2025,5,NYG,QB,0,0,rolling3_renorm,1.0,0.5,QB2
00-0040691,2025,6,NYG,QB,0,0,rolling3_renorm,1.0,1.0,QB1
00-0040691,2025,7,NYG,QB,0,0,rolling3_renorm,1.0,1.0,QB1
00-0040691,2025,8,NYG,QB,0,0,rolling3_renorm,1.0,1.0,QB1
00-0040691,2025,9,NYG,QB,0,0,rolling3_renorm,1.0,1.0,QB1
00-0040691,2025,10,NYG,QB,0,0,rolling3_renorm,0.0,1.0,QB1
00-0040691,2025,11,NYG,QB,0,0,rolling3_renorm,0.0,1.0,QB1
00-0040691,2025,12,NYG,QB,0,0,rolling3_renorm,0.0,1.0,QB1
00-0040691,2025,13,NYG,QB,0,0,rolling3_renorm,1.0,0.0,QB2
00-0040691,2025,15,NYG,QB,0,0,rolling3_renorm,1.0,0.6,QB2
00-0040691,2025,16,NYG,QB,0,0,rolling3_renorm,0.0,0.75,QB1
00-0040691,2025,17,NYG,QB,0,0,rolling3_renorm,0.0,1.0,QB1
00-0040691,2025,18,NYG,QB,0,0,rolling3_renorm,1.0,1.0,QB1
00-0040704,2025,1,CLE,QB,1,0,rolling3_renorm,0.0,0.0,QB4
00-0040704,2025,2,CLE,QB,1,0,rolling3_renorm,0.5,0.0,QB4
00-0040704,2025,3,CLE,QB,1,0,rolling3_renorm,0.0,0.27755102040816326,QB2
00-0040704,2025,4,CLE,QB,0,0,rolling3_renorm,0.0,0.25,QB2
00-0040704,2025,5,CLE,QB,0,0,rolling3_renorm,1.0,0.5,QB2
00-0040704,2025,6,CLE,QB,0,0,rolling3_renorm,0.0,1.0,QB1
00-0040704,2025,7,CLE,QB,0,0,rolling3_renorm,0.0,1.0,QB1
00-0040704,2025,8,CLE,QB,0,0,rolling3_renorm,1.0,1.0,QB1
00-0040704,2025,10,CLE,QB,0,0,rolling3_renorm,1.0,1.0,QB1
00-0040704,2025,11,CLE,QB,0,0,rolling3_renorm,0.0,1.0,QB1
00-0040704,2025,12,CLE,QB,0,0,rolling3_renorm,0.0,1.0,QB1
00-0040704,2025,13,CLE,QB,0,0,rolling3_renorm,0.0,0.5,QB1
00-0040704,2025,14,CLE,QB,0,0,rolling3_renorm,0.0,0.0,QB2
00-0040704,2025,15,CLE,QB,0,0,rolling3_renorm,0.0,0.0,QB2
00-0040704,2025,16,CLE,QB,0,0,rolling3_renorm,0.0,0.0,QB2
00-0040704,2025,17,CLE,QB,0,0,rolling3_renorm,0.0,0.0,QB2
00-0040704,2025,18,CLE,QB,0,0,rolling3_renorm,0.0,0.0,QB2
00-0040743,2025,1,NO,QB,1,0,rolling3_renorm,0.0,0.0,QB4
00-0040743,2025,2,NO,QB,1,0,rolling3_renorm,0.0,0.0,QB4
00-0040743,2025,3,NO,QB,1,0,rolling3_renorm,0.0,0.0,QB4
00-0040743,2025,4,NO,QB,0,0,rolling3_renorm,0.0,0.0,QB2
00-0040743,2025,5,NO,QB,0,0,rolling3_renorm,0.0,0.0,QB2
00-0040743,2025,6,NO,QB,0,0,rolling3_renorm,0.0,0.0,QB3
00-0040743,2025,7,NO,QB,0,0,rolling3_renorm,0.0,0.0,QB4
00-0040743,2025,8,NO,QB,0,0,rolling3_renorm,0.0,0.0,QB4
00-0040743,2025,9,NO,QB,0,0,rolling3_renorm,1.0,0.0,QB2
00-0040743,2025,10,NO,QB,0,0,rolling3_renorm,1.0,0.5,QB2
00-0040743,2025,12,NO,QB,0,0,rolling3_renorm,0.0,1.0,QB1
00-0040743,2025,13,NO,QB,0,0,rolling3_renorm,1.0,1.0,QB1
00-0040743,2025,14,NO,QB,0,0,rolling3_renorm,0.0,1.0,QB1
00-0040743,2025,15,NO,QB,0,0,rolling3_renorm,1.0,1.0,QB1
00-0040743,2025,16,NO,QB,0,0,rolling3_renorm,0.5,1.0,QB1
00-0040743,2025,17,NO,QB,0,0,rolling3_renorm,1.0,0.75,QB1
00-0040743,2025,18,NO,QB,0,0,rolling3_renorm,1.0,0.8333333333333334,QB1
