team,season,week,fold,actual,rolling3,ridge,xgb,blend
ARI,2023,1,0,103.0,,107.09815123750792,100.93289184570312,105.24857341996648
ARI,2023,2,0,153.0,103.0,121.8495644602868,113.76832580566406,119.42519286389998
ARI,2023,3,0,222.0,128.0,146.1119415565514,160.62521362304688,150.46592317650004
ARI,2023,4,0,103.0,159.33333333333334,116.99577984323886,104.324462890625,113.1943847574547
ARI,2023,5,0,142.0,159.33333333333334,89.9389550411691,89.95375061035156,89.94339371192385
ARI,2023,6,0,134.0,155.66666666666666,141.90511147994246,137.1986846923828,140.49318344367458
ARI,2023,7,0,127.0,126.33333333333333,105.82045576780253,96.20127868652344,102.9347026434188
ARI,2023,8,0,129.0,134.33333333333334,157.52358679305954,155.31903076171875,156.8622199836573
ARI,2023,9,0,41.0,130.0,89.1849730872693,91.89605712890625,89.99829829976039
ARI,2023,10,0,122.0,99.0,116.51977378977041,124.25616455078125,118.84069101807367
ARI,2023,11,0,129.0,97.33333333333333,125.64239192626707,114.59701538085938,122.32877896264475
ARI,2023,12,0,63.0,97.33333333333333,51.40063655152893,50.062469482421875,50.99918643079681
ARI,2023,13,0,150.0,104.66666666666667,171.18385188761988,183.71969604492188,174.94460513481047
ARI,2023,15,0,234.0,114.0,131.0365250690269,125.71401977539062,129.43977348093603
ARI,2023,16,0,93.0,149.0,75.21607733741934,69.47201538085938,73.49285875045135
ARI,2023,17,0,221.0,159.0,182.112304928796,202.61590576171875,188.26338517867282
ARI,2023,18,0,206.0,182.66666666666666,175.6348401789931,176.7344207763672,175.96471435820533
ATL,2023,1,0,131.0,,115.82314009054832,113.20026397705078,115.03627725649906
ATL,2023,2,0,211.0,131.0,226.03262444221406,234.88389587402344,228.68800587175687
ATL,2023,3,0,48.0,171.0,76.13004141482361,92.13394927978516,80.93121377431207
ATL,2023,4,0,127.0,130.0,94.02830163115124,95.95789337158203,94.60717915328047
ATL,2023,5,0,96.0,128.66666666666666,167.37017181203078,173.29759216308594,169.14839791734732
ATL,2023,6,0,106.0,90.33333333333333,123.03536597456937,120.72486877441406,122.34221681452277
ATL,2023,7,0,156.0,109.66666666666667,180.33530978940973,193.6522674560547,184.33039708940322
ATL,2023,8,0,140.0,119.33333333333333,101.53916803058141,95.96611022949219,99.86725069025465
ATL,2023,9,0,110.0,134.0,100.37362538826608,104.9363021850586,101.74242842730384
ATL,2023,10,0,184.0,135.33333333333334,197.0100905758042,202.8772430419922,198.77023631566058
ATL,2023,12,0,228.0,144.66666666666666,210.53660252908207,207.1298065185547,209.51456372592386
ATL,2023,13,0,90.0,174.0,155.57092984014992,167.21038818359375,159.06276734318305
ATL,2023,14,0,96.0,167.33333333333334,113.89963726758525,104.57061004638672,111.10092910122569
ATL,2023,15,0,56.0,138.0,147.54814691806345,146.48548889160156,147.2293495101249
ATL,2023,16,0,177.0,80.66666666666667,126.38098657938288,123.67684936523438,125.56974541513833
ATL,2023,17,0,134.0,109.66666666666667,98.03999275748428,96.82392883300781,97.67517358014135
ATL,2023,18,0,78.0,122.33333333333333,115.44431335009672,108.81291961669922,113.45489523007745
BAL,2023,1,0,110.0,,133.49281816077897,133.72447204589844,133.5623143263148
BAL,2023,2,0,178.0,110.0,176.06240492356014,153.44094848632812,169.27596799239055
BAL,2023,3,0,186.0,144.0,183.51774804382325,176.98568725585938,181.55812980743409
BAL,2023,4,0,137.0,158.0,166.9093468559823,177.2488555908203,170.01119947643372
BAL,2023,5,0,125.0,167.0,121.94137044528927,121.7196273803711,121.8748475258138
BAL,2023,6,0,139.0,149.33333333333334,188.11510386805844,202.15757751464844,192.32784596203544
BAL,2023,7,0,146.0,133.66666666666666,126.94186944935025,129.9781494140625,127.85275343876393
BAL,2023,8,0,130.0,136.66666666666666,115.93154666111514,123.32575988769531,118.14981062908919
BAL,2023,9,0,298.0,138.33333333333334,186.54329300706385,198.8861083984375,190.24613762447592
BAL,2023,10,0,106.0,191.33333333333334,115.600784873809,127.42879486083984,119.14918786991825
BAL,2023,11,0,157.0,178.0,152.84910913759722,167.8689422607422,157.35505907454072
BAL,2023,12,0,197.0,187.0,162.7429352061186,172.6456756591797,165.71375734203693
BAL,2023,14,0,139.0,153.33333333333334,128.44819724278128,123.00479888916016,126.81517773669495
BAL,2023,15,0,251.0,164.33333333333334,207.72043889697926,221.4700164794922,211.84531217173313
BAL,2023,16,0,102.0,195.66666666666666,121.48032545340236,118.71196746826172,120.64981805786016
BAL,2023,17,0,161.0,164.0,167.70209219513413,178.12350463867188,170.82851592819546
BAL,2023,18,0,106.0,171.33333333333334,114.4953545266779,113.45226287841797,114.18242703219991
BUF,2023,1,0,97.0,,92.98243098538298,88.31390380859375,91.58187283234622
BUF,2023,2,0,185.0,97.0,152.6511411606017,161.89768981933594,155.42510575822197
BUF,2023,3,0,174.0,141.0,144.8850291236998,136.3385009765625,142.32107067955863
BUF,2023,4,0,107.0,152.0,137.35859796783512,131.8278350830078,135.69936910238692
BUF,2023,5,0,33.0,155.33333333333334,61.11727552563378,56.00668716430664,59.58409901723563
BUF,2023,6,0,128.0,104.66666666666667,126.87580461577552,117.50511169433594,124.06459673934364
BUF,2023,7,0,81.0,89.33333333333333,112.6699234614382,109.62037658691406,111.75505939908095
BUF,2023,8,0,115.0,80.66666666666667,106.3183000009081,104.44733428955078,105.7570102875009
BUF,2023,9,0,68.0,108.0,82.99779939958813,70.61861419677734,79.2840438387449
BUF,2023,10,0,192.0,88.0,118.88342693469437,112.58353424072266,116.99345912650286
BUF,2023,11,0,134.0,125.0,186.16650725370465,191.72821044921875,187.83501821235888
BUF,2023,12,0,173.0,131.33333333333334,174.92250519849705,179.90420532226562,176.41701523562762
BUF,2023,14,0,118.0,166.33333333333334,137.03920968770814,127.89142608642578,134.29487460732344
BUF,2023,15,0,268.0,141.66666666666666,249.186257250203,236.72035217285156,245.4464857269976
BUF,2023,16,0,105.0,186.33333333333334,141.16444793165783,135.35513305664062,139.42165346915266
BUF,2023,17,0,129.0,163.66666666666666,172.0217335206161,163.1800994873047,169.36924331062266
BUF,2023,18,0,128.0,167.33333333333334,188.41253500433209,193.82089233398438,190.03504220322776
CAR,2023,1,0,154.0,,142.27920591360532,132.6783905029297,139.39896129040264
CAR,2023,2,0,100.0,154.0,75.23006765514376,79.99388122558594,76.65921172627641
CAR,2023,3,0,44.0,127.0,9.100034062123683,37.496826171875,17.619071695049076
CAR,2023,4,0,83.0,99.33333333333333,135.7133508759107,146.3592071533203,138.90710775913357
CAR,2023,5,0,99.0,75.66666666666667,109.39455244157098,103.2406997680664,107.54839663951961
CAR,2023,6,0,108.0,75.33333333333333,99.90722362298212,94.36028289794922,98.24314140547224
CAR,2023,8,0,44.0,96.66666666666667,100.64479450183637,109.23959350585938,103.22323420304326
CAR,2023,9,0,138.0,83.66666666666667,126.34238306312778,120.7374267578125,124.6608961715332
CAR,2023,10,0,48.0,96.66666666666667,61.857081683475315,58.92820358276367,60.97841825326182
CAR,2023,11,0,110.0,76.66666666666667,88.50909748199871,85.19657135009766,87.51533964242839
CAR,2023,12,0,96.0,98.66666666666667,138.58742488866358,149.7738494873047,141.94335226825592
CAR,2023,13,0,133.0,84.66666666666667,146.50015199377765,150.72335815429688,147.76711384193342
CAR,2023,14,0,215.0,113.0,159.83923259519676,166.0489044189453,161.70213414232134
CAR,2023,15,0,129.0,148.0,158.20574143025533,164.5658721923828,160.11378065889357
CAR,2023,16,0,96.0,159.0,91.41818744623426,88.88847351074219,90.65927326558663
CAR,2023,17,0,57.0,146.66666666666666,51.13268908423722,51.06087875366211,51.11114598506469
CAR,2023,18,0,131.0,94.0,139.9960557960084,140.6228790283203,140.18410276570197
CHI,2023,1,0,122.0,,133.76784648354737,136.78102111816406,134.67179887393237
CHI,2023,2,0,70.0,122.0,52.5722943248073,61.85987091064453,55.35856730055847
CHI,2023,3,0,116.0,96.0,141.34988964142053,131.24160766601562,138.31740504879906
CHI,2023,4,0,171.0,102.66666666666667,136.63529504730167,131.29547119140625,135.03334789053304
CHI,2023,5,0,152.0,119.0,106.0572925725741,98.73271179199219,103.85991833839952
CHI,2023,6,0,162.0,146.33333333333334,178.15948706043227,168.57034301757812,175.28274384757603
CHI,2023,7,0,177.0,161.66666666666666,174.16281242642742,174.23094177246094,174.1832512302375
CHI,2023,8,0,76.0,163.66666666666666,96.60024101331257,96.06582641601562,96.43991663412348
CHI,2023,9,0,161.0,138.33333333333334,145.22890866121975,143.06455993652344,144.57960404381083
CHI,2023,10,0,133.0,138.0,155.5601742019079,154.22265625,155.15891881633553
CHI,2023,11,0,183.0,123.33333333333333,211.3008805960219,224.0131378173828,215.1145577624302
CHI,2023,12,0,118.0,159.0,99.55644708995928,103.16931915283203,100.64030870882111
CHI,2023,14,0,142.0,144.66666666666666,138.0623866912557,136.52969360351562,137.6025787649337
CHI,2023,15,0,97.0,147.66666666666666,111.34120556523276,105.92233276367188,109.7155437247645
CHI,2023,16,0,250.0,119.0,181.85119596009554,184.6479034423828,182.6902082047817
CHI,2023,17,0,192.0,163.0,161.75653779911335,151.36636352539062,158.63948551699653
CHI,2023,18,0,75.0,179.66666666666666,114.73989060110323,114.3058090209961,114.60966612707108
CIN,2023,1,0,77.0,,67.75668475491105,70.01323699951172,68.43365042829124
CIN,2023,2,0,66.0,77.0,34.709835287750806,39.167789459228516,36.04722153919412
CIN,2023,3,0,69.0,71.5,64.41155863516755,77.3901138305664,68.3051251937872
CIN,2023,4,0,72.0,70.66666666666667,69.13737092568344,67.60047149658203,68.67630109695301
CIN,2023,5,0,93.0,69.0,121.07091527330445,116.55810546875,119.71707233193811
CIN,2023,6,0,46.0,78.0,51.02462766204571,56.519309997558594,52.67303236269957
CIN,2023,8,0,142.0,70.33333333333333,132.50352444033518,125.85647583007812,130.50940985725808
CIN,2023,9,0,54.0,93.66666666666667,87.10171704589666,85.19693756103516,86.53028320043822
CIN,2023,10,0,66.0,80.66666666666667,53.22560804212965,59.05708312988281,54.9750505684556
CIN,2023,11,0,136.0,87.33333333333333,102.43917580942184,102.24515533447266,102.38096966693709
CIN,2023,12,0,25.0,85.33333333333333,43.27592340752004,55.55236053466797,46.95885454566442
CIN,2023,13,0,156.0,75.66666666666667,156.2773848014394,160.6142578125,157.5784467047576
CIN,2023,14,0,111.0,105.66666666666667,145.01216838631524,154.65438842773438,147.90483439874097
CIN,2023,15,0,80.0,97.33333333333333,101.70591156982853,99.5280532836914,101.05255408398739
CIN,2023,16,0,59.0,115.66666666666667,56.85011336696321,59.87409591674805,57.757308131898654
CIN,2023,17,0,104.0,83.33333333333333,142.48473736514853,143.91807556152344,142.914738824061
CIN,2023,18,0,185.0,81.0,130.77015420803394,124.82512664794922,128.98664594000854
CLE,2023,1,0,206.0,,191.02179960248606,185.23080444335938,189.28450105474803
CLE,2023,2,0,198.0,206.0,126.43329098180213,139.40733337402344,130.32550369946853
CLE,2023,3,0,79.0,202.0,125.61182066669964,115.55522155761719,122.59484093397491
CLE,2023,4,0,113.0,161.0,88.18020029096054,95.46298217773438,90.3650348569927
CLE,2023,6,0,160.0,130.0,155.08477900050752,150.49375915527344,153.7074730469373
CLE,2023,7,0,150.0,117.33333333333333,132.21272001068505,135.53900146484375,133.21060444693265
CLE,2023,8,0,160.0,141.0,176.64463534081534,184.27943420410156,178.9350749998012
CLE,2023,9,0,113.0,156.66666666666666,178.53121406317024,180.10557556152344,179.0035225126762
CLE,2023,10,0,178.0,141.0,156.076292055149,156.26318359375,156.1323595167293
CLE,2023,11,0,96.0,150.33333333333334,115.37608008838724,121.10913848876953,117.09599760850193
CLE,2023,12,0,108.0,129.0,95.188543723174,92.12251281738281,94.26873445143666
CLE,2023,13,0,87.0,127.33333333333333,74.4137724582144,78.33709716796875,75.59076987114071
CLE,2023,14,0,83.0,97.0,95.11581194147806,95.47760772705078,95.22435067714987
CLE,2023,15,0,30.0,92.66666666666667,65.55606877892187,70.61973571777344,67.07516886057734
CLE,2023,16,0,59.0,66.66666666666667,121.48506106103068,115.10143280029297,119.56997258280936
CLE,2023,17,0,127.0,57.333333333333336,122.60285791184013,110.62964630126953,119.01089442866895
CLE,2023,18,0,104.0,72.0,100.98232634111773,96.72075653076172,99.70385539801092
DAL,2023,1,0,122.0,,136.80526877524173,130.20989990234375,134.82665811337233
DAL,2023,2,0,134.0,122.0,185.31196160253023,213.85812377929688,193.87581025556022
DAL,2023,3,0,176.0,128.0,145.68276244689295,130.48480224609375,141.1233743866532
DAL,2023,4,0,123.0,144.0,121.65845195503948,108.86280059814453,117.819756547971
DAL,2023,5,0,59.0,144.33333333333334,85.97932655291683,85.18391418457031,85.74070284241287
DAL,2023,6,0,96.0,119.33333333333333,116.0286211668471,118.31741333007812,116.71525881581641
DAL,2023,8,0,105.0,92.66666666666667,118.55270731116927,114.6005630493164,117.3670640326134
DAL,2023,9,0,73.0,86.66666666666667,88.61515759905119,91.24569702148438,89.40431942578114
DAL,2023,10,0,170.0,91.33333333333333,145.43191851884848,137.24172973632812,142.97486188409238
DAL,2023,11,0,110.0,116.0,111.21640617383467,114.62738037109375,112.23969843301239
DAL,2023,12,0,100.0,117.66666666666667,69.25140734277934,77.78298950195312,71.81088199053147
DAL,2023,13,0,136.0,126.66666666666667,153.95209035302915,141.5733642578125,150.23847252446416
DAL,2023,14,0,138.0,115.33333333333333,147.88345559445102,139.319580078125,145.3142929395532
DAL,2023,15,0,86.0,124.66666666666667,89.66316618149708,87.76272583007812,89.09303407607139
DAL,2023,16,0,94.0,120.0,98.17409321189709,105.12821197509766,100.26032884085726
DAL,2023,17,0,61.0,106.0,72.18994977556954,87.05776977539062,76.65029577551587
DAL,2023,18,0,131.0,80.33333333333333,126.36188080136232,125.89453125,126.22167593595361
DEN,2023,1,0,94.0,,106.20474243039325,103.40050506591797,105.36347122105066
DEN,2023,2,0,119.0,94.0,112.10683237277145,108.53754425048828,111.03604593608651
DEN,2023,3,0,69.0,106.5,103.68255894008823,94.2096939086914,100.84069943066918
DEN,2023,4,0,97.0,94.0,82.28413891711367,93.13986206054688,85.54085586014362
DEN,2023,5,0,139.0,95.0,119.33932469743175,121.619140625,120.02326947570222
DEN,2023,6,0,113.0,101.66666666666667,111.50653179962589,114.6443099975586,112.44786525900571
DEN,2023,7,0,158.0,116.33333333333333,117.0794984990576,116.7352294921875,116.97621779699656
DEN,2023,8,0,153.0,136.66666666666666,220.32155863033444,241.7400360107422,226.74710184445678
DEN,2023,10,0,125.0,141.33333333333334,187.1992659466242,195.41952514648438,189.66534370658226
DEN,2023,11,0,46.0,145.33333333333334,69.88912218194238,57.796287536621094,66.261271788346
DEN,2023,12,0,169.0,108.0,192.2242090057798,190.79190063476562,191.79451649447554
DEN,2023,13,0,114.0,113.33333333333333,160.8398973780636,160.26039123535156,160.66604553524996
DEN,2023,14,0,104.0,109.66666666666667,143.36321928365962,130.90390014648438,139.62542354250706
DEN,2023,15,0,83.0,129.0,127.429529143258,113.71223449707031,123.31434074940168
DEN,2023,16,0,83.0,100.33333333333333,101.75785047714896,99.99556732177734,101.22916553053747
DEN,2023,17,0,101.0,90.0,147.14263804670927,153.6378631591797,149.09120558045038
DEN,2023,18,0,48.0,89.0,78.0360042799112,83.47335815429688,79.66721044222689
DET,2023,1,0,116.0,,141.5338666945227,128.6323699951172,137.66341768470105
DET,2023,2,0,102.0,116.0,132.88781213878033,130.264892578125,132.10093627058373
DET,2023,3,0,115.0,109.0,134.56824012359772,133.46815490722656,134.23821455868637
DET,2023,4,0,211.0,111.0,193.56580843588222,194.7052001953125,193.90762596371133
DET,2023,5,0,161.0,142.66666666666666,134.71314144127538,134.03305053710938,134.50911417002558
DET,2023,6,0,40.0,162.33333333333334,73.9008937910132,79.10594177246094,75.46240818544752
DET,2023,7,0,84.0,137.33333333333334,56.05609865719481,58.56471633911133,56.808683961769766
DET,2023,8,0,226.0,95.0,207.04967066566874,203.5614471435547,206.00320360903453
DET,2023,10,0,202.0,116.66666666666667,124.112354068397,127.49596405029297,125.12743706296578
DET,2023,11,0,115.0,170.66666666666666,100.01922961932762,96.61858367919922,98.9990358372891
DET,2023,12,0,140.0,181.0,137.30679464697778,124.63932037353516,133.50655236494498
DET,2023,13,0,144.0,152.33333333333334,135.00613810031092,124.3085708618164,131.79686792876257
DET,2023,14,0,140.0,133.0,102.95648400725985,99.79320526123047,102.00750038345103
DET,2023,15,0,185.0,141.33333333333334,139.76337050214502,133.28245544433594,137.8190959848023
DET,2023,16,0,143.0,156.33333333333334,166.49102608214048,162.79319763183594,165.3816775470491
DET,2023,17,0,125.0,156.0,164.18690045915412,157.90054321289062,162.30099328527507
DET,2023,18,0,70.0,151.0,106.59604281562852,106.64583587646484,106.61098073387942
GB,2023,1,0,94.0,,139.54705687273582,132.231201171875,137.35230016247758
GB,2023,2,0,84.0,94.0,98.53201585604815,104.87865447998047,100.43600744322785
GB,2023,3,0,84.0,89.0,100.72158512492484,105.68388366699219,102.21027468754504
GB,2023,4,0,29.0,87.33333333333333,38.63987526626414,49.09767150878906,41.777214139021616
GB,2023,5,0,115.0,65.66666666666667,111.96053653060495,108.34098052978516,110.87466973035902
GB,2023,7,0,137.0,76.0,123.95568658274888,125.25651550292969,124.34593525880311
GB,2023,8,0,74.0,93.66666666666667,63.38451376053842,71.2503662109375,65.74426949565814
GB,2023,9,0,184.0,108.66666666666667,175.39367247477477,188.721923828125,179.39214788077985
GB,2023,10,0,116.0,131.66666666666666,88.86725031217136,90.00920867919922,89.20983782227972
GB,2023,11,0,102.0,124.66666666666667,118.92898526675953,112.10404968261719,116.88150459151683
GB,2023,12,0,109.0,134.0,87.5227672637098,87.65705108642578,87.56305241052459
GB,2023,13,0,129.0,109.0,115.91664636616551,109.41857147216797,113.96722389796625
GB,2023,14,0,123.0,113.33333333333333,109.46528322031591,101.90117645263672,107.19605119001216
GB,2023,15,0,60.0,120.33333333333333,60.83915132471005,56.83720397949219,59.63856712114469
GB,2023,16,0,162.0,104.0,158.44340473061538,155.69207763671875,157.6180066024464
GB,2023,17,0,179.0,115.0,178.3083433703117,174.0419464111328,177.02842428255803
GB,2023,18,0,125.0,133.66666666666666,121.55685343748621,115.64944458007812,119.78463078026378
HOU,2023,1,0,73.0,,81.67590088025331,83.9425048828125,82.35588208102106
HOU,2023,2,0,50.0,73.0,74.32869401300033,83.81385803222656,77.1742432187682
HOU,2023,3,0,86.0,61.5,95.8588320400187,99.04911041259766,96.81591555179239
HOU,2023,4,0,139.0,69.66666666666667,175.51041277041986,166.1005096435547,172.68744183236032
HOU,2023,5,0,68.0,91.66666666666667,90.7370142532944,89.97859954833984,90.50948984180803
HOU,2023,6,0,120.0,97.66666666666667,127.77403401295993,120.37599182128906,125.55462135545866
HOU,2023,8,0,109.0,109.0,111.14660126418451,110.35922241210938,110.91038760856198
HOU,2023,9,0,43.0,99.0,75.59335190884133,74.525634765625,75.27303676587643
HOU,2023,10,0,188.0,90.66666666666667,155.53487031093724,152.91102600097656,154.74771701794904
HOU,2023,11,0,112.0,113.33333333333333,103.2822717184705,92.36662292480469,100.00757708037075
HOU,2023,12,0,91.0,114.33333333333333,74.59121273226597,73.78999328613281,74.35084689842603
HOU,2023,13,0,89.0,130.33333333333334,136.26308103676854,128.82386779785156,134.03131706509345
HOU,2023,14,0,81.0,97.33333333333333,77.7400471748619,83.88960266113281,79.58491382074317
HOU,2023,15,0,148.0,87.0,151.91993825841757,139.48365783691406,148.18905413196651
HOU,2023,16,0,72.0,106.0,66.68405180137367,69.34391784667969,67.48201161496547
HOU,2023,17,0,111.0,100.33333333333333,127.57094710219414,120.24202728271484,125.37227115635035
HOU,2023,18,0,83.0,110.33333333333333,109.43926743589591,106.7042007446289,108.6187474285158
IND,2023,1,0,65.0,,114.79197587952133,112.64178466796875,114.14691851605556
IND,2023,2,0,126.0,65.0,90.62564380013113,91.93159484863281,91.01742911468163
IND,2023,3,0,139.0,95.5,144.93094037958417,153.81854248046875,147.59722100984953
IND,2023,4,0,133.0,110.0,147.4410864779988,151.625,148.69626053459916
IND,2023,5,0,193.0,132.66666666666666,148.58998346825732,152.3216552734375,149.70948500981137
IND,2023,6,0,44.0,155.0,57.435375443871386,64.66645050048828,59.604697960856456
IND,2023,7,0,168.0,123.33333333333333,186.6141828241601,195.3951416015625,189.24847045738082
IND,2023,8,0,164.0,135.0,85.973713147182,94.14158630371094,88.42407509414068
IND,2023,9,0,78.0,125.33333333333333,140.58472701837667,148.895263671875,143.07788801442618
IND,2023,10,0,71.0,136.66666666666666,109.74521985190177,104.6391372680664,108.21339507675115
IND,2023,12,0,155.0,104.33333333333333,109.41662388450779,116.20973205566406,111.45455633585468
IND,2023,13,0,55.0,101.33333333333333,97.39966953298924,99.04023742675781,97.89183990111981
IND,2023,14,0,46.0,93.66666666666667,65.14336051227872,67.9994125366211,66.00017611958143
IND,2023,15,0,170.0,85.33333333333333,161.34479885639217,162.396728515625,161.66037775416203
IND,2023,16,0,92.0,90.33333333333333,107.86319539526518,111.40669250488281,108.92624452815048
IND,2023,17,0,134.0,102.66666666666667,133.72187727854336,142.04803466796875,136.21972449537097
IND,2023,18,0,227.0,132.0,186.02174691135144,194.4147186279297,188.5396384263249
JAX,2023,1,0,111.0,,154.97212820272546,156.21546936035156,155.3451305500133
JAX,2023,2,0,74.0,111.0,78.20245561119471,73.80574798583984,76.88344332358825
JAX,2023,3,0,116.0,92.5,116.02315142743801,111.90068817138672,114.7864124506226
JAX,2023,4,0,107.0,100.33333333333333,143.68114780743102,149.48629760742188,145.42269274742827
JAX,2023,5,0,196.0,99.0,175.8248000558803,188.0481719970703,179.49181163823732
JAX,2023,6,0,91.0,139.66666666666666,124.42169771239772,134.27854919433594,127.37875315697917
JAX,2023,7,0,114.0,131.33333333333334,120.83778131110996,119.91619873046875,120.5613065369176
JAX,2023,8,0,106.0,133.66666666666666,123.84213781038402,129.8771209716797,125.65263275877273
JAX,2023,10,0,59.0,103.66666666666667,71.06406496706896,72.5776596069336,71.51814335902836
JAX,2023,11,0,128.0,93.0,176.7072694323619,181.03224182128906,178.00476114904006
JAX,2023,12,0,81.0,97.66666666666667,111.03417996158345,117.72148895263672,113.04037265889943
JAX,2023,13,0,71.0,89.33333333333333,104.09743427995588,112.3105697631836,106.5613749249242
JAX,2023,14,0,58.0,93.33333333333333,64.80801168146894,75.59288787841797,68.04347454055365
JAX,2023,15,0,77.0,70.0,59.915176929856955,62.82038879394531,60.78674048908346
JAX,2023,16,0,49.0,68.66666666666667,61.456413345079525,59.72416305541992,60.93673825818164
JAX,2023,17,0,158.0,61.333333333333336,162.93861447959281,168.48666381835938,164.60302928122277
JAX,2023,18,0,83.0,94.66666666666667,100.11356651677853,99.58135986328125,99.95390452072934
KC,2023,1,0,94.0,,86.19699643627185,80.14176940917969,84.38042832814419
KC,2023,2,0,103.0,94.0,77.18611452678431,83.33334350585938,79.03028322050683
KC,2023,3,0,154.0,98.5,157.5117135790942,152.48500061035156,156.00369968847141
KC,2023,4,0,204.0,117.0,154.21138138416183,156.19821166992188,154.80743046988985
KC,2023,5,0,67.0,153.66666666666666,65.22719956932849,69.95467376708984,66.64544182865689
KC,2023,6,0,101.0,141.66666666666666,117.85426760803185,111.82595825195312,116.04577480120824
KC,2023,7,0,68.0,124.0,79.6385360803717,83.58391571044922,80.82214996939496
KC,2023,8,0,67.0,78.66666666666667,64.87838384159974,67.83837890625,65.76638236099481
KC,2023,9,0,93.0,78.66666666666667,100.31063845134287,99.85983276367188,100.17539674504157
KC,2023,11,0,168.0,76.0,124.94087993407358,121.1229248046875,123.79549339525775
KC,2023,12,0,69.0,109.33333333333333,92.02269391842333,88.01162719726562,90.81937390207602
KC,2023,13,0,148.0,110.0,117.87223181534357,116.30577087402344,117.40229353294754
KC,2023,14,0,82.0,128.33333333333334,84.94727414507699,77.29903411865234,82.65280213714959
KC,2023,15,0,48.0,99.66666666666667,87.7086956185961,81.41109466552734,85.81941533267548
KC,2023,16,0,85.0,92.66666666666667,111.27815983540371,99.61029052734375,107.77779904298572
KC,2023,17,0,132.0,71.66666666666667,94.91932366920668,90.38607025146484,93.55934764388414
KC,2023,18,0,123.0,88.33333333333333,113.06468983059865,102.87201690673828,110.00688795344054
LA,2023,1,0,92.0,,176.3676660300065,172.23574829101562,175.12809070830923
LA,2023,2,0,89.0,92.0,72.417849341264,89.096435546875,77.4214252029473
LA,2023,3,0,71.0,90.5,44.71057865094116,54.958702087402344,47.785015681879514
LA,2023,4,0,164.0,84.0,167.21646159371426,152.85311889648438,162.9074587845453
LA,2023,5,0,54.0,108.0,48.085276435864415,52.51192092895508,49.41326978379162
LA,2023,6,0,179.0,96.33333333333333,127.02631626340815,124.60462188720703,126.2998079505478
LA,2023,7,0,135.0,132.33333333333334,129.3737699254649,133.6927490234375,130.66946365485668
LA,2023,8,0,92.0,122.66666666666667,105.72267255113496,115.05902099609375,108.5235770846226
LA,2023,9,0,70.0,135.33333333333334,97.8011217547288,100.42609405517578,98.58861344486289
LA,2023,11,0,82.0,99.0,125.15182900037823,142.43743896484375,130.33751198971788
LA,2023,12,0,228.0,81.33333333333333,150.22793114523176,141.18722534179688,147.5157194042013
LA,2023,13,0,122.0,126.66666666666667,103.86801191602964,95.36375427246094,101.31673462295903
LA,2023,14,0,129.0,144.0,136.1250600435297,131.53219604492188,134.74720084394733
LA,2023,15,0,196.0,159.66666666666666,165.1044776669256,150.05397033691406,160.58932546792212
LA,2023,16,0,140.0,149.0,149.6109255933161,142.0927276611328,147.35546621366112
LA,2023,17,0,106.0,155.0,101.4613452318476,97.92744445800781,100.40117499969567
LA,2023,18,0,113.0,147.33333333333334,166.42302346133195,173.7405548095703,168.61828286580345
LAC,2023,1,0,233.0,,190.47579216011002,189.36746215820312,190.14329315953793
LAC,2023,2,0,61.0,233.0,111.71359007312091,108.50733947753906,110.75171489444637
LAC,2023,3,0,30.0,147.0,73.57229952989734,66.46072387695312,71.43882683401408
LAC,2023,4,0,155.0,108.0,180.50120804788546,181.52947998046875,180.80968962766045
LAC,2023,6,0,53.0,82.0,105.21303636733133,100.0053939819336,103.650743651712
LAC,2023,7,0,139.0,79.33333333333333,113.59802624489879,113.62245178222656,113.60535390609712
LAC,2023,8,0,54.0,115.66666666666667,108.27546159965677,111.43988800048828,109.22478951990622
LAC,2023,9,0,84.0,82.0,83.59656670930062,91.61676788330078,86.00262706150066
LAC,2023,10,0,98.0,92.33333333333333,108.98481341278104,116.16741943359375,111.13959521902486
LAC,2023,11,0,150.0,78.66666666666667,96.01682233381564,97.3699722290039,96.42276730237212
LAC,2023,12,0,87.0,110.66666666666667,77.86301076753634,82.63216400146484,79.29375673771489
LAC,2023,13,0,34.0,111.66666666666667,89.99103107099229,86.1377182006836,88.83503720989968
LAC,2023,14,0,76.0,90.33333333333333,71.47137939985532,83.74873352050781,75.15458563605107
LAC,2023,15,0,92.0,65.66666666666667,119.71307008196166,121.95767974853516,120.3864529819337
LAC,2023,16,0,100.0,67.33333333333333,117.95710628299891,113.87799835205078,116.73337390371447
LAC,2023,17,0,87.0,89.33333333333333,99.79440174523697,100.00875854492188,99.85870878514244
LAC,2023,18,0,118.0,93.0,127.61457995482002,126.03003692626953,127.13921704625487
LV,2023,1,0,61.0,,129.10071538412805,130.80023193359375,129.61057034896777
LV,2023,2,0,57.0,61.0,68.70174749788029,65.58560180664062,67.7669037905084
LV,2023,3,0,69.0,59.0,73.54729107564876,77.59168243408203,74.76060848317874
LV,2023,4,0,76.0,62.333333333333336,112.35583073036676,112.36446380615234,112.35842065310243
LV,2023,5,0,96.0,67.33333333333333,130.23215104439487,138.38446044921875,132.67784386584202
LV,2023,6,0,87.0,80.33333333333333,137.18327443471827,145.93350219726562,139.80834276348247
LV,2023,7,0,39.0,86.33333333333333,54.56382540074547,49.75334548950195,53.12068142737242
LV,2023,8,0,80.0,74.0,83.02814349439828,79.39070892333984,81.93691312308076
LV,2023,9,0,127.0,68.66666666666667,155.76952131598364,143.98919677734375,152.23542395439168
LV,2023,10,0,148.0,82.0,146.87434667126792,148.3629150390625,147.3209171816063
LV,2023,11,0,42.0,118.33333333333333,62.058798595992066,56.03645324707031,60.252094991315545
LV,2023,12,0,123.0,105.66666666666667,89.87442303606952,88.09969329833984,89.34200411475061
LV,2023,14,0,56.0,104.33333333333333,49.294804446370414,67.27529907226562,54.68895283413897
LV,2023,15,0,126.0,73.66666666666667,105.76300137271483,102.78670501708984,104.87011246602734
LV,2023,16,0,161.0,101.66666666666667,128.66255060430518,136.3262176513672,130.96165071842378
LV,2023,17,0,84.0,114.33333333333333,96.3975567664549,98.36587524414062,96.98805230976062
LV,2023,18,0,129.0,123.66666666666667,144.39623283945045,139.85049438476562,143.032511303045
MIA,2023,1,0,70.0,,82.61150885292778,72.74732208251953,79.6522528218053
MIA,2023,2,0,147.0,70.0,145.84815482168133,147.2490692138672,146.2684291393371
MIA,2023,3,0,351.0,108.5,195.13800535512723,185.74159240722656,192.31908147075703
MIA,2023,4,0,142.0,189.33333333333334,93.13092807835955,108.59288024902344,97.76951372955871
MIA,2023,5,0,222.0,213.33333333333334,122.39862910575755,127.20671844482422,123.84105590747755
MIA,2023,6,0,166.0,238.33333333333334,156.49860086828573,140.38607788085938,151.66484397205784
MIA,2023,7,0,48.0,176.66666666666666,54.273264834427835,53.56032180786133,54.05938192645789
MIA,2023,8,0,78.0,145.33333333333334,116.49962814073963,99.55927276611328,111.41752152835173
MIA,2023,9,0,117.0,97.33333333333333,102.44887382696663,94.07721710205078,99.93737680949188
MIA,2023,11,0,99.0,81.0,131.47736991998676,111.06612396240234,125.35399613271143
MIA,2023,12,0,169.0,98.0,171.88290659816175,163.31903076171875,169.31374384722886
MIA,2023,13,0,127.0,128.33333333333334,142.95818359993575,141.12388610839844,142.40789435247456
MIA,2023,14,0,158.0,131.66666666666666,148.68040601212,147.96255493164062,148.46505068797617
MIA,2023,15,0,79.0,151.33333333333334,106.74492975892288,107.19310760498047,106.87938311274016
MIA,2023,16,0,93.0,121.33333333333333,116.03521518097429,103.6598892211914,112.32261739303942
MIA,2023,17,0,154.0,110.0,103.98028811089351,103.97667694091797,103.97920475990085
MIA,2023,18,0,108.0,108.66666666666667,84.08946276015996,91.92825317382812,86.44109988426041
MIN,2023,1,0,41.0,,53.63708695605651,55.53479766845703,54.206400169776664
MIN,2023,2,0,28.0,41.0,24.661821117604475,39.130123138427734,29.00231172385145
MIN,2023,3,0,130.0,34.5,112.96145613632521,104.59757995605469,110.45229328224406
MIN,2023,4,0,135.0,66.33333333333333,115.20634883816173,115.04574584960938,115.15816794159602
MIN,2023,5,0,70.0,97.66666666666667,73.62113634717456,73.88581085205078,73.70053869863742
MIN,2023,6,0,52.0,111.66666666666667,88.77086285021599,85.95652770996094,87.92656230813947
MIN,2023,7,0,75.0,85.66666666666667,71.48547211983893,81.10710144042969,74.37196091601615
MIN,2023,8,0,63.0,65.66666666666667,112.97811300053176,114.8529052734375,113.54055068240348
MIN,2023,9,0,146.0,63.333333333333336,156.57059824839618,149.7079315185547,154.51179822944374
MIN,2023,10,0,125.0,94.66666666666667,140.08843778356598,135.6849822998047,138.76740113843758
MIN,2023,11,0,175.0,111.33333333333333,168.0488275758556,163.53118896484375,166.69353599255203
MIN,2023,12,0,73.0,148.66666666666666,71.73345393211292,69.78622436523438,71.14928506204936
MIN,2023,14,0,125.0,124.33333333333333,129.8392920795236,128.68182373046875,129.49205157480714
MIN,2023,15,0,143.0,124.33333333333333,137.02497792154702,133.83920288085938,136.06924540934074
MIN,2023,16,0,18.0,113.66666666666667,47.8558867773593,48.85472869873047,48.15553935377065
MIN,2023,17,0,67.0,95.33333333333333,63.84970582346976,66.68856811523438,64.70136451099914
MIN,2023,18,0,101.0,76.0,81.73612488485765,85.37333679199219,82.827288456998
NE,2023,1,0,76.0,,89.66681149275779,88.82040405273438,89.41288926075077
NE,2023,2,0,88.0,76.0,95.01206475157008,92.6131820678711,94.29239994646039
NE,2023,3,0,157.0,82.0,170.0304728725806,171.468994140625,170.46202925299391
NE,2023,4,0,53.0,107.0,86.85212581901409,85.10843658447266,86.32901904865166
NE,2023,5,0,45.0,99.33333333333333,49.367782934861204,68.95323181152344,55.243417597859874
NE,2023,6,0,84.0,85.0,66.07212033475312,67.54252624511719,66.51324210786234
NE,2023,7,0,96.0,60.666666666666664,118.38439741513929,112.63716888427734,116.6602288558807
NE,2023,8,0,79.0,75.0,79.10297779073193,78.73815155029297,78.99352991860025
NE,2023,9,0,107.0,86.33333333333333,63.28663465628875,62.18089294433594,62.9549121427029
NE,2023,10,0,167.0,94.0,171.4746764851563,177.83628845214844,173.38316007525395
NE,2023,12,0,147.0,117.66666666666667,121.8252734295952,119.43331909179688,121.1076871282557
NE,2023,13,0,148.0,140.33333333333334,137.39004827363442,145.38230895996094,139.78772647953238
NE,2023,14,0,81.0,154.0,98.0735914787898,88.87957000732422,95.31538503735013
NE,2023,15,0,52.0,125.33333333333333,47.08799241613532,49.18168258666992,47.7160994672957
NE,2023,16,0,59.0,93.66666666666667,92.9025883680651,81.18653106689453,89.38777117771393
NE,2023,17,0,103.0,64.0,104.68816966603009,95.75971984863281,102.00963472081091
NE,2023,18,0,88.0,71.33333333333333,92.88062261032226,88.34294891357422,91.51932050129786
NO,2023,1,0,69.0,,110.76219045519603,104.89644622802734,109.00246718704543
NO,2023,2,0,138.0,69.0,125.42056546685099,125.69044494628906,125.5015293106824
NO,2023,3,0,77.0,103.5,84.07532611135626,87.32275390625,85.04955444982438
NO,2023,4,0,65.0,94.66666666666667,53.10510717766718,56.98068618774414,54.26778088069027
NO,2023,5,0,140.0,93.33333333333333,191.1486879747274,184.94651794433594,189.28803696561
NO,2023,6,0,90.0,94.0,110.38506618668242,101.72872161865234,107.7881628162734
NO,2023,7,0,112.0,98.33333333333333,118.65944148104374,123.6695785522461,120.16248260240445
NO,2023,8,0,162.0,114.0,153.27511773329218,142.59268188476562,150.0703869787342
NO,2023,9,0,87.0,121.33333333333333,102.45441797381791,104.09564208984375,102.94678520862567
NO,2023,10,0,65.0,120.33333333333333,39.86267337556656,51.91852951049805,43.479430216046005
NO,2023,12,0,148.0,104.66666666666667,120.28317212149184,116.87359619140625,119.26029934246617
NO,2023,13,0,120.0,100.0,147.439150063463,142.3033905029297,145.898422195303
NO,2023,14,0,99.0,111.0,119.06822945170761,127.18052673339844,121.50191863621485
NO,2023,15,0,91.0,122.33333333333333,116.78621528535547,120.95606994628906,118.03717168363555
NO,2023,16,0,35.0,103.33333333333333,63.64385668282659,63.61030578613281,63.63379141381846
NO,2023,17,0,104.0,75.0,148.87860715807682,156.2847442626953,151.10044828946235
NO,2023,18,0,156.0,76.66666666666667,177.04653162253487,186.76190185546875,179.96114269241502
NYG,2023,1,0,108.0,,130.5531661767098,126.9035415649414,129.45827879317926
NYG,2023,2,0,127.0,108.0,121.10327317275606,106.45858001708984,116.7098652260562
NYG,2023,3,0,29.0,117.5,32.12615971991785,30.958566665649414,31.77588180363732
NYG,2023,4,0,112.0,88.0,138.79220110453895,131.66876220703125,136.65516943528664
NYG,2023,5,0,85.0,89.33333333333333,132.95664693193578,127.5489501953125,131.3343379109488
NYG,2023,6,0,132.0,75.33333333333333,154.58925386111943,145.57484436035156,151.8849310108891
NYG,2023,7,0,106.0,109.66666666666667,125.93150220425498,133.95570373535156,128.33876266358396
NYG,2023,8,0,203.0,107.66666666666667,255.08842738451688,231.5389862060547,248.0235950309782
NYG,2023,9,0,123.0,147.0,109.58126246719704,107.05644226074219,108.82381640526057
NYG,2023,10,0,111.0,144.0,106.95678941796491,103.19210815429688,105.8273850388645
NYG,2023,11,0,92.0,145.66666666666666,71.19260263018134,71.22947692871094,71.20366491974022
NYG,2023,12,0,58.0,108.66666666666667,74.89416753778495,86.9801254272461,78.51995490462329
NYG,2023,14,0,209.0,87.0,158.59314999772056,167.57525634765625,161.28778190270125
NYG,2023,15,0,60.0,119.66666666666667,59.5616614057733,56.46642303466797,58.6330898944417
NYG,2023,16,0,106.0,109.0,115.25528775817122,112.17263793945312,114.3304928125558
NYG,2023,17,0,105.0,125.0,64.43418933646969,78.37129211425781,68.61532016980613
NYG,2023,18,0,109.0,90.33333333333333,128.29118507010415,128.71119689941406,128.41718861889711
NYJ,2023,1,0,172.0,,129.11275485391442,121.02889251708984,126.68759615286706
NYJ,2023,2,0,60.0,172.0,76.34095949399818,60.458377838134766,71.57618499723915
NYJ,2023,3,0,37.0,116.0,103.5184285887329,90.58356475830078,99.63796943960327
NYJ,2023,4,0,108.0,89.66666666666667,59.50713013222759,60.22438049316406,59.72230524050853
NYJ,2023,5,0,234.0,68.33333333333333,155.52775536056043,162.95555114746094,157.7560940966306
NYJ,2023,6,0,89.0,126.33333333333333,102.26829439037661,98.35762023925781,101.09509214504098
NYJ,2023,8,0,58.0,143.66666666666666,95.88929417043111,91.06197357177734,94.44109799083498
NYJ,2023,9,0,64.0,127.0,94.35456452618884,93.62215423583984,94.13484143908414
NYJ,2023,10,0,108.0,70.33333333333333,96.14998322739515,83.70928955078125,92.41777512441098
NYJ,2023,11,0,63.0,76.66666666666667,90.9103472490888,73.49957275390625,85.68711490053404
NYJ,2023,12,0,29.0,78.33333333333333,25.803158610505207,41.869834899902344,30.623161497324347
NYJ,2023,13,0,62.0,66.66666666666667,94.12820481844716,93.07337951660156,93.81175722789348
NYJ,2023,14,0,77.0,51.333333333333336,86.6378810390384,82.6773681640625,85.44972717654564
NYJ,2023,15,0,24.0,56.0,31.148718501186366,39.18803787231445,33.56051431252479
NYJ,2023,16,0,172.0,54.333333333333336,156.98449765951992,146.3103790283203,153.78226207016004
NYJ,2023,17,0,108.0,91.0,88.03219804610319,80.24068450927734,85.69474398505544
NYJ,2023,18,0,185.0,101.33333333333333,193.385946124148,184.7930145263672,190.80806664481378
PHI,2023,1,0,97.0,,114.73656453501191,106.0347900390625,112.12603218622709
PHI,2023,2,0,259.0,97.0,240.14173930285875,252.39895629882812,243.81890440164955
PHI,2023,3,0,201.0,178.0,205.35877231673277,220.3997344970703,209.87106097083404
PHI,2023,4,0,104.0,185.66666666666666,125.0331573910112,124.59708404541016,124.9023353873309
PHI,2023,5,0,159.0,188.0,180.15402711916818,167.06808471679688,176.22824439845678
PHI,2023,6,0,80.0,154.66666666666666,82.18692769862112,83.39127349853516,82.54823143859534
PHI,2023,7,0,99.0,114.33333333333333,154.26553521203874,166.28672790527344,157.87189302000914
PHI,2023,8,0,63.0,112.66666666666667,95.50392232055532,85.37407684326172,92.46496867736724
PHI,2023,9,0,109.0,80.66666666666667,161.65880169604748,164.23277282714844,162.43099303537775
PHI,2023,11,0,114.0,90.33333333333333,146.6894157300001,152.94886779785156,148.56725135035552
PHI,2023,12,0,185.0,95.33333333333333,169.3761418766719,159.98947143554688,166.5601407443344
PHI,2023,13,0,46.0,136.0,78.10903630878954,72.83940887451172,76.52814807850619
PHI,2023,14,0,106.0,115.0,109.43339223200776,109.95026397705078,109.58845375552066
PHI,2023,15,0,178.0,112.33333333333333,180.63250627520995,175.47177124023438,179.08428576471727
PHI,2023,16,0,170.0,110.0,153.38522818630855,157.4593963623047,154.6074786391074
PHI,2023,17,0,91.0,151.33333333333334,124.46022895489291,124.4585189819336,124.45971596300512
PHI,2023,18,0,133.0,146.33333333333334,113.2706283539047,112.6162338256836,113.07430999543837
PIT,2023,1,0,41.0,,37.64797920510398,40.180137634277344,38.40762673385599
PIT,2023,2,0,63.0,41.0,59.43992445590648,59.22586441040039,59.37570644225465
PIT,2023,3,0,105.0,52.0,130.11085414490543,119.5886459350586,126.95419168195137
PIT,2023,4,0,114.0,69.66666666666667,102.23588414643835,94.80988311767578,100.00808383780958
PIT,2023,5,0,93.0,94.0,124.27223682037732,118.76036071777344,122.61867398959615
PIT,2023,7,0,86.0,104.0,125.48101717979844,119.42858123779297,123.6652863971968
PIT,2023,8,0,70.0,97.66666666666667,72.53975034055819,70.21023559570312,71.84089591710166
PIT,2023,9,0,167.0,83.0,127.0254493617992,117.21897888183594,124.08350821781022
PIT,2023,10,0,205.0,107.66666666666667,170.2064026345731,173.07884216308594,171.06813449312693
PIT,2023,11,0,173.0,147.33333333333334,110.58995980672871,105.97664642333984,109.20596579171205
PIT,2023,12,0,153.0,181.66666666666666,131.9252197838999,132.6038055419922,132.1287955113276
PIT,2023,13,0,130.0,177.0,131.141054662998,114.30706024169922,126.09085633660837
PIT,2023,14,0,82.0,152.0,123.4527365559851,115.6427230834961,121.1097325142384
PIT,2023,15,0,74.0,121.66666666666667,97.41402536130029,100.8390121459961,98.44152139670904
PIT,2023,16,0,113.0,95.33333333333333,134.6390536819765,130.10386657714844,133.27849755052807
PIT,2023,17,0,202.0,89.66666666666667,223.68488070753273,229.37661743164062,225.3924017247651
PIT,2023,18,0,156.0,129.66666666666666,173.58124876557667,183.05355834960938,176.4229416407865
SEA,2023,1,0,85.0,,74.07244943184446,77.78528594970703,75.18630038720323
SEA,2023,2,0,82.0,85.0,108.1573634248609,97.42208862304688,104.9367809843167
SEA,2023,3,0,150.0,83.5,149.2558849084221,140.9951171875,146.77765459214547
SEA,2023,4,0,121.0,105.66666666666667,105.94976979419584,108.4197769165039,106.69077193088825
SEA,2023,6,0,87.0,117.66666666666667,111.98319447896552,108.03775787353516,110.79956349733641
SEA,2023,7,0,115.0,119.33333333333333,127.64293744692935,131.36834716796875,128.76056036324118
SEA,2023,8,0,122.0,107.66666666666667,73.01152790800616,75.00584411621094,73.60982277046759
SEA,2023,9,0,28.0,108.0,57.93163280156714,59.376564025878906,58.365112168860676
SEA,2023,10,0,120.0,88.33333333333333,108.41797900102755,103.36371612548828,106.90170013836577
SEA,2023,11,0,69.0,90.0,72.14917917200249,78.61318969726562,74.08838232958144
SEA,2023,12,0,88.0,72.33333333333333,96.39889009940538,99.58576202392578,97.35495167676149
SEA,2023,13,0,72.0,92.33333333333333,93.1285955638856,90.8904800415039,92.45716090717109
SEA,2023,14,0,70.0,76.33333333333333,82.6519617527818,83.00732421875,82.75857049257226
SEA,2023,15,0,102.0,76.66666666666667,119.16111824419066,103.28661346435547,114.3987668102401
SEA,2023,16,0,58.0,81.33333333333333,86.21832313016394,76.58707427978516,83.32894847505031
SEA,2023,17,0,88.0,76.66666666666667,58.57884898814036,53.304473876953125,56.996536454784184
SEA,2023,18,0,138.0,82.66666666666667,119.36630488090996,110.71239471435547,116.77013183094363
SF,2023,1,0,190.0,,152.38700052350254,140.66604614257812,148.8707142092252
SF,2023,2,0,159.0,190.0,136.5713925915235,135.81881713867188,136.345619955668
SF,2023,3,0,140.0,174.5,167.76757203718546,176.31961059570312,170.33318360474075
SF,2023,4,0,122.0,163.0,139.80220044786833,144.4769287109375,141.2046189267891
SF,2023,5,0,171.0,140.33333333333334,195.62997162525926,198.5762176513672,196.51384543309163
SF,2023,6,0,111.0,144.33333333333334,131.6653733673593,139.08213806152344,133.89040277560855
SF,2023,7,0,66.0,134.66666666666666,111.04863974530079,111.00041961669922,111.03417370672031
SF,2023,8,0,113.0,116.0,106.02818868553099,105.43671417236328,105.85074633158068
SF,2023,10,0,147.0,96.66666666666667,149.1782700985658,150.96002197265625,149.71279566079295
SF,2023,11,0,116.0,108.66666666666667,151.04365644597883,158.15150451660156,153.17601086716564
SF,2023,12,0,169.0,125.33333333333333,156.14887271101364,159.37261962890625,157.1159967863814
SF,2023,13,0,147.0,144.0,123.66546752226752,119.58049011230469,122.43997429927867
SF,2023,14,0,173.0,144.0,93.49943463219155,99.78608703613281,95.38543035337393
SF,2023,15,0,146.0,163.0,130.6669578369018,140.42337036132812,133.59388159422969
SF,2023,16,0,121.0,155.33333333333334,66.56672116418864,76.88056945800781,69.66087565233438
SF,2023,17,0,186.0,146.66666666666666,194.4610983283372,202.91249084472656,196.996516083254
SF,2023,18,0,125.0,151.0,153.132580405391,161.2847137451172,155.57822040730883
TB,2023,1,0,73.0,,149.5048840421089,136.17556762695312,145.50608911756217
TB,2023,2,0,120.0,73.0,131.91486550166366,139.41973876953125,134.16632748202392
TB,2023,3,0,41.0,96.5,55.09128157785281,57.51694107055664,55.81897942566396
TB,2023,4,0,114.0,78.0,146.52323505703453,147.19070434570312,146.7234758436351
TB,2023,6,0,46.0,91.66666666666667,54.842700836115455,63.9684944152832,57.58043890986578
TB,2023,7,0,73.0,67.0,78.16817554721268,79.06753540039062,78.43798350316607
TB,2023,8,0,78.0,77.66666666666667,50.18214695359039,55.451107025146484,51.76283497505722
TB,2023,9,0,86.0,65.66666666666667,136.50294039136696,128.38967895507812,134.06896196048032
TB,2023,10,0,78.0,79.0,113.34401133706602,111.75874328613281,112.86843092178606
TB,2023,11,0,66.0,80.66666666666667,55.622795534929196,67.49877166748047,59.185588374694575
TB,2023,12,0,125.0,76.66666666666667,73.17894585258176,74.61249542236328,73.6090107235162
TB,2023,13,0,130.0,89.66666666666667,105.67701713168029,104.56221008300781,105.34257501707854
TB,2023,14,0,148.0,107.0,161.79876207430428,158.80831909179688,160.90162917955206
TB,2023,15,0,102.0,134.33333333333334,116.21518102037372,116.99507904052734,116.4491504264198
TB,2023,16,0,70.0,126.66666666666667,146.32775685795352,145.97915649414062,146.22317674880966
TB,2023,17,0,58.0,106.66666666666667,59.00592082674178,61.97188949584961,59.895711427474126
TB,2023,18,0,113.0,76.66666666666667,116.21733976961143,124.88899230957031,118.81883553159909
TEN,2023,1,0,104.0,,90.71288404495756,82.32735443115234,88.197225160816
TEN,2023,2,0,141.0,104.0,153.0965984716033,159.39358520507812,154.98569449164575
TEN,2023,3,0,26.0,122.5,65.08800803920792,67.0595932006836,65.67948358765062
TEN,2023,4,0,173.0,90.33333333333333,150.32231656380347,151.03799438476562,150.5370199100921
TEN,2023,5,0,89.0,113.33333333333333,82.59103386872289,84.92330932617188,83.29071650595759
TEN,2023,6,0,129.0,96.0,86.65899290699105,82.45248413085938,85.39704027415155
TEN,2023,8,0,147.0,130.33333333333334,164.72108608432796,172.1685028076172,166.95531110131475
TEN,2023,9,0,105.0,121.66666666666667,121.45110109017156,109.56124114990234,117.8841431080908
TEN,2023,10,0,42.0,127.0,54.83637040648462,57.62622833251953,55.6733277842951
TEN,2023,11,0,92.0,98.0,89.43090284158974,79.94915008544922,86.58637701474758
TEN,2023,12,0,83.0,79.66666666666667,92.72211319358647,95.34930419921875,93.51027049527615
TEN,2023,13,0,188.0,72.33333333333333,188.41858397902462,187.08802795410156,188.0194171715477
TEN,2023,14,0,83.0,121.0,123.41495544241066,124.12555694580078,123.6281358934277
TEN,2023,15,0,66.0,118.0,130.38271871877063,128.79225158691406,129.90557857921365
TEN,2023,16,0,165.0,112.33333333333333,145.4901294582315,149.65057373046875,146.7382627399027
TEN,2023,17,0,53.0,104.66666666666667,86.42643430453506,92.97825622558594,88.39198088085033
TEN,2023,18,0,178.0,94.66666666666667,106.8540763856645,110.07820892333984,107.8213161469671
WAS,2023,1,0,92.0,,136.67624648762117,136.7939453125,136.71155613508483
WAS,2023,2,0,122.0,92.0,105.30783937237534,106.74176788330078,105.73801792565297
WAS,2023,3,0,105.0,107.0,66.49973697420754,61.657745361328125,65.04713949034371
WAS,2023,4,0,107.0,106.33333333333333,119.49278494490845,113.88101959228516,117.80925533912148
WAS,2023,5,0,29.0,111.33333333333333,37.10071509201214,47.239688873291016,40.142407226395804
WAS,2023,6,0,72.0,80.33333333333333,90.7998976594316,106.21379089355469,95.42406562966852
WAS,2023,7,0,76.0,69.33333333333333,80.55544558260627,83.83175659179688,81.53833888536344
WAS,2023,8,0,84.0,59.0,62.036047685682675,73.11088562011719,65.35849906601302
WAS,2023,9,0,124.0,77.33333333333333,122.11339492589138,118.59029388427734,121.05646461340717
WAS,2023,10,0,68.0,94.66666666666667,41.15338917862509,37.891170501708984,40.17472357555026
WAS,2023,11,0,174.0,92.0,135.6295494877293,119.3428955078125,130.74355329375425
WAS,2023,12,0,108.0,122.0,94.9262201946028,100.71733856201172,96.66355570482547
WAS,2023,13,0,138.0,116.66666666666667,114.78609134551883,113.07499694824219,114.27276302633584
WAS,2023,15,0,81.0,140.0,77.56516628017627,84.36756896972656,79.60588708704135
WAS,2023,16,0,102.0,109.0,92.95593426973358,94.79381561279297,93.50729867265139
WAS,2023,17,0,63.0,107.0,61.356531729456414,56.28165817260742,59.83406966240172
WAS,2023,18,0,51.0,82.0,79.55499812205292,76.37681579589844,78.60154342420658
ARI,2024,1,1,124.0,,119.70704143833424,121.65605926513672,120.09684500369474
ARI,2024,2,1,237.0,124.0,194.38523042646082,204.75608825683594,196.45940199253585
ARI,2024,3,1,77.0,180.5,84.67907639290189,79.65119934082031,83.67350098248556
ARI,2024,4,1,181.0,146.0,152.70229544640864,163.27349853515625,154.81653606415816
ARI,2024,5,1,169.0,165.0,116.36869911120682,115.17093658447266,116.12914660586
ARI,2024,6,1,89.0,142.33333333333334,116.90443290035796,115.94727325439453,116.71300097116527
ARI,2024,7,1,181.0,146.33333333333334,145.41929370830542,135.2904510498047,143.39352517660527
ARI,2024,8,1,82.0,146.33333333333334,110.40745960110442,104.72663879394531,109.2712954396726
ARI,2024,9,1,213.0,117.33333333333333,164.3874145354029,168.2545623779297,165.16084410390826
ARI,2024,10,1,148.0,158.66666666666666,153.0212518025382,156.81735229492188,153.78047190101492
ARI,2024,12,1,49.0,147.66666666666666,58.62564571054073,54.35600662231445,57.771717892895474
ARI,2024,13,1,154.0,136.66666666666666,149.5167584965961,143.12298583984375,148.23800396524564
ARI,2024,14,1,121.0,117.0,107.55522208100967,106.47411346435547,107.33900035767884
ARI,2024,15,1,164.0,108.0,135.40958496982194,137.83370971679688,135.8944099192169
ARI,2024,16,1,206.0,146.33333333333334,136.7099941908841,136.28024291992188,136.62404393669166
ARI,2024,17,1,113.0,163.66666666666666,92.70867798231842,96.22985076904297,93.41291253966332
ARI,2024,18,1,151.0,161.0,117.60921676538214,112.3566665649414,116.558706725294
ATL,2024,1,1,89.0,,100.16194234930062,98.44580078125,99.81871403569049
ATL,2024,2,1,153.0,89.0,134.0200346741588,132.3072967529297,133.67748708991297
ATL,2024,3,1,83.0,121.0,126.90531462483833,117.32850646972656,124.98995299381596
ATL,2024,4,1,88.0,108.33333333333333,45.04279418744697,45.84596633911133,45.20342861777984
ATL,2024,5,1,73.0,108.0,66.19971788217555,66.77349090576172,66.31447248689278
ATL,2024,6,1,203.0,81.33333333333333,167.70412465108316,169.63168334960938,168.08963639078843
ATL,2024,7,1,156.0,121.33333333333333,135.47032235955336,128.4450225830078,134.06526240424427
ATL,2024,8,1,129.0,144.0,135.94984879112178,138.8555145263672,136.53098193817087
ATL,2024,9,1,111.0,162.66666666666666,128.37582885484653,120.16213989257812,126.73309106239284
ATL,2024,10,1,181.0,132.0,141.91194122652686,144.01254272460938,142.33206152614338
ATL,2024,11,1,50.0,140.33333333333334,94.0506711707616,95.21434783935547,94.28340650448038
ATL,2024,13,1,121.0,114.0,175.23039800206408,176.61029052734375,175.50637650712002
ATL,2024,14,1,158.0,117.33333333333333,140.7422475418418,149.12750244140625,142.41929852175468
ATL,2024,15,1,168.0,109.66666666666667,160.50414961065513,150.90333557128906,158.5839868027819
ATL,2024,16,1,127.0,149.0,155.9715329547495,164.50184631347656,157.6775956264949
ATL,2024,17,1,126.0,151.0,87.53820039840566,96.88121795654297,89.40680391003313
ATL,2024,18,1,227.0,140.33333333333334,176.12954403077944,186.6027374267578,178.22418270997514
BAL,2024,1,1,185.0,,154.34424567553225,145.4097442626953,152.55734539296486
BAL,2024,2,1,151.0,185.0,113.49192181313758,104.74992370605469,111.74352219172101
BAL,2024,3,1,274.0,168.0,225.61256498390566,211.21475219726562,222.73300242657766
BAL,2024,4,1,271.0,203.33333333333334,157.2639685469902,173.14418029785156,160.4400108971625
BAL,2024,5,1,175.0,232.0,161.30972991438406,150.0001983642578,159.04782360435883
BAL,2024,6,1,176.0,240.0,190.7139652943129,193.20828247070312,191.21282872959097
BAL,2024,7,1,244.0,207.33333333333334,162.05529312328673,175.44125366210938,164.73248523105127
BAL,2024,8,1,124.0,198.33333333333334,95.02923010724462,89.67864990234375,93.95911406626445
BAL,2024,9,1,127.0,181.33333333333334,179.64743492271032,186.38189697265625,180.9943273326995
BAL,2024,10,1,101.0,165.0,118.75858210440819,105.98345947265625,116.2035575780578
BAL,2024,11,1,124.0,117.33333333333333,88.69978057604897,88.60118865966797,88.68006219277277
BAL,2024,12,1,212.0,117.33333333333333,181.80605439555137,182.3658905029297,181.91802161702702
BAL,2024,13,1,169.0,145.66666666666666,162.92931494395123,162.68865966796875,162.88118388875472
BAL,2024,15,1,171.0,168.33333333333334,158.33205807749567,157.36325073242188,158.1382966084809
BAL,2024,16,1,220.0,184.0,189.64671482054104,192.17431640625,190.15223513768282
BAL,2024,17,1,254.0,186.66666666666666,221.84360569390714,240.8459930419922,225.64408316352416
BAL,2024,18,1,220.0,215.0,169.71027717993803,170.06101989746094,169.7804257234426
BUF,2024,1,1,130.0,,153.41341103787806,154.42100524902344,153.61492988010713
BUF,2024,2,1,111.0,130.0,118.46670228475168,115.39213562011719,117.85178895182479
BUF,2024,3,1,123.0,120.5,136.50705302295904,134.08050537109375,136.02174349258598
BUF,2024,4,1,81.0,121.33333333333333,110.93604314048551,108.99447631835938,110.54772977606028
BUF,2024,5,1,151.0,105.0,126.95226383038843,128.25363159179688,127.21253738267012
BUF,2024,6,1,149.0,118.33333333333333,161.91669960103687,175.4736785888672,164.62809539860294
BUF,2024,7,1,74.0,127.0,85.3370263388875,86.96145629882812,85.66191233087562
BUF,2024,8,1,167.0,124.66666666666667,154.49001885968173,154.58531188964844,154.50907746567506
BUF,2024,9,1,94.0,130.0,100.08175001963659,93.72569274902344,98.81053856551395
BUF,2024,10,1,136.0,111.66666666666667,130.46141931799838,126.75443267822266,129.72002199004322
BUF,2024,11,1,104.0,132.33333333333334,136.58347815969898,129.28604125976562,135.1239907797123
BUF,2024,13,1,223.0,111.33333333333333,188.44588742730443,193.020263671875,189.36076267621854
BUF,2024,14,1,103.0,154.33333333333334,72.03682558541674,73.8478012084961,72.3990207100326
BUF,2024,15,1,197.0,143.33333333333334,170.28748087186554,166.32997131347656,169.49597896018773
BUF,2024,16,1,172.0,174.33333333333334,142.01547279099182,133.75596618652344,140.36357147009815
BUF,2024,17,1,95.0,157.33333333333334,144.9325496702681,144.78097534179688,144.90223480457385
BUF,2024,18,1,126.0,154.66666666666666,144.81433892917056,142.69894409179688,144.39125996169582
CAR,2024,1,1,58.0,,96.90533085223466,93.40147399902344,96.20455948159241
CAR,2024,2,1,90.0,58.0,65.41371257614853,74.19854736328125,67.17067953357507
CAR,2024,3,1,133.0,74.0,127.26492351570701,122.48616027832031,126.30917086822967
CAR,2024,4,1,155.0,93.66666666666667,116.55530772057675,119.99549865722656,117.24334590790671
CAR,2024,5,1,120.0,126.0,81.5346040144395,82.5338363647461,81.73445048450081
CAR,2024,6,1,114.0,136.0,114.17656116731555,105.92815399169922,112.5268797321923
CAR,2024,7,1,95.0,129.66666666666666,98.80388047776832,107.13399505615234,100.46990339344512
CAR,2024,8,1,69.0,109.66666666666667,88.45582579435083,87.10533905029297,88.18572844553925
CAR,2024,9,1,87.0,92.66666666666667,94.76063170742421,98.6649398803711,95.54149334201358
CAR,2024,10,1,188.0,83.66666666666667,136.4053406770867,138.34451293945312,136.79317512955998
CAR,2024,12,1,85.0,114.66666666666667,85.01338923116609,86.7576675415039,85.36224489323365
CAR,2024,13,1,78.0,120.0,85.87083525215935,81.13499450683594,84.92366710309467
CAR,2024,14,1,121.0,117.0,152.58139201901224,151.90342712402344,152.4457990400145
CAR,2024,15,1,60.0,94.66666666666667,61.22310377291983,62.81525421142578,61.541533860621016
CAR,2024,16,1,243.0,86.33333333333333,166.16079783521428,167.56668090820312,166.44197444981205
CAR,2024,17,1,39.0,141.33333333333334,63.34674107161679,59.68583679199219,62.61456021569187
CAR,2024,18,1,155.0,114.0,133.91628207382388,124.35933685302734,132.00489302966457
CHI,2024,1,1,84.0,,89.63418850397254,88.39907836914062,89.38716647700615
CHI,2024,2,1,71.0,84.0,89.88870359161666,102.4539794921875,92.40175877173083
CHI,2024,3,1,69.0,77.5,95.24582164288582,96.1633529663086,95.42932790757037
CHI,2024,4,1,131.0,74.66666666666667,133.43739673950293,131.71083068847656,133.09208352929767
CHI,2024,5,1,132.0,90.33333333333333,177.57873102590867,183.75112915039062,178.81321065080505
CHI,2024,6,1,155.0,110.66666666666667,134.0032346185698,131.80105590820312,133.56279887649646
CHI,2024,8,1,202.0,139.33333333333334,158.47928138229585,173.54830932617188,161.49308697107105
CHI,2024,9,1,69.0,163.0,102.7951194616053,101.56033325195312,102.54816221967486
CHI,2024,10,1,77.0,142.0,88.72909624463908,92.51465606689453,89.48620820909017
CHI,2024,11,1,179.0,116.0,147.48495636963878,156.75660705566406,149.33928650684385
CHI,2024,12,1,78.0,108.33333333333333,85.9583865129062,81.59070587158203,85.08485038464136
CHI,2024,13,1,78.0,111.33333333333333,55.63584550768515,57.63176727294922,56.035029860737964
CHI,2024,14,1,68.0,111.66666666666667,104.40730171813028,106.4168472290039,104.80921082030501
CHI,2024,15,1,113.0,74.66666666666667,143.1986230886059,131.3004150390625,140.81898147869722
CHI,2024,16,1,59.0,86.33333333333333,85.8605593995652,71.42103576660156,82.97265467297248
CHI,2024,17,1,103.0,80.0,100.54906939474503,99.11441802978516,100.26213912175307
CHI,2024,18,1,83.0,91.66666666666667,111.67611116399797,120.94243621826172,113.52937617485071
CIN,2024,1,1,70.0,,56.98084645068052,56.06144332885742,56.7969658263159
CIN,2024,2,1,74.0,70.0,95.56400471543833,92.7233657836914,94.99587692908895
CIN,2024,3,1,124.0,72.0,98.00310566754295,81.41098022460938,94.68468057895625
CIN,2024,4,1,141.0,89.33333333333333,142.64867359630207,137.91519165039062,141.7019772071198
CIN,2024,5,1,71.0,113.0,87.82333536620327,87.3250732421875,87.72368294140011
CIN,2024,6,1,121.0,112.0,102.50383888270856,100.55106353759766,102.11328381368638
CIN,2024,7,1,62.0,111.0,117.23212950986797,114.13549041748047,116.61280169139047
CIN,2024,8,1,58.0,84.66666666666667,76.93527388575205,71.4190444946289,75.83202800752743
CIN,2024,9,1,131.0,80.33333333333333,129.66085435309884,128.01861572265625,129.33240662701033
CIN,2024,10,1,49.0,83.66666666666667,64.17225584621502,62.8686408996582,63.91153285690366
CIN,2024,11,1,114.0,79.33333333333333,110.08623535164561,102.8994140625,108.6488710938165
CIN,2024,13,1,93.0,98.0,68.35465913152106,58.407493591308594,66.36522602347857
CIN,2024,14,1,76.0,85.33333333333333,87.61004782455925,90.76881408691406,88.24180107703022
CIN,2024,15,1,101.0,94.33333333333333,125.66464292327258,123.31110382080078,125.19393510277823
CIN,2024,16,1,117.0,90.0,95.70160965121708,102.55876159667969,97.07304004030959
CIN,2024,17,1,115.0,98.0,120.7417929945042,115.61113739013672,119.71566187363071
CIN,2024,18,1,69.0,111.0,90.63716169374099,93.5306625366211,91.21586186231701
CLE,2024,1,1,93.0,,81.11036694678015,86.82443237304688,82.2531800320335
CLE,2024,2,1,130.0,93.0,115.69365467614263,110.0765380859375,114.57023135810161
CLE,2024,3,1,69.0,111.5,72.54132687737157,72.0560302734375,72.44426755658476
CLE,2024,4,1,92.0,97.33333333333333,97.50951611575015,100.24247741699219,98.05610837599855
CLE,2024,5,1,107.0,97.0,105.5980188664275,110.6031723022461,106.59904955359121
CLE,2024,6,1,105.0,89.33333333333333,114.32289457514965,112.27130126953125,113.91257591402596
CLE,2024,7,1,77.0,101.33333333333333,73.71293341820288,81.80398559570312,75.33114385370293
CLE,2024,8,1,80.0,96.33333333333333,89.87845200836202,95.0299072265625,90.90874305200212
CLE,2024,9,1,79.0,87.33333333333333,85.02925615938504,92.93685150146484,86.610775227801
CLE,2024,11,1,73.0,78.66666666666667,86.4248163375923,83.31588745117188,85.80303056030822
CLE,2024,12,1,85.0,77.33333333333333,99.05884433902288,109.48565673828125,101.14420681887455
CLE,2024,13,1,77.0,79.0,83.98901995629619,85.03789520263672,84.1987950055643
CLE,2024,14,1,104.0,78.33333333333333,90.96706314923193,87.69973754882812,90.31359802915118
CLE,2024,15,1,141.0,88.66666666666667,72.86594480917927,84.32937622070312,75.15863109148404
CLE,2024,16,1,148.0,107.33333333333333,101.21268064100526,110.13797760009766,102.99774003282374
CLE,2024,17,1,114.0,131.0,119.89902500894134,112.49807739257812,118.4188354856687
CLE,2024,18,1,56.0,134.33333333333334,69.46407038444937,80.87872314453125,71.74700093646575
DAL,2024,1,1,103.0,,102.96291086222828,96.06678009033203,101.58368470784905
DAL,2024,2,1,71.0,103.0,96.07919959662223,99.39339447021484,96.74203857134076
DAL,2024,3,1,51.0,87.0,54.73044573646696,65.24089813232422,56.83253621563841
DAL,2024,4,1,73.0,75.0,92.81564423567977,98.49946594238281,93.95240857702038
DAL,2024,5,1,109.0,65.0,129.24601428453036,120.40084075927734,127.47697957947976
DAL,2024,6,1,53.0,77.66666666666667,62.96630891373734,68.07683563232422,63.988414257454714
DAL,2024,8,1,57.0,78.33333333333333,63.0279709910285,64.82139587402344,63.38665596762749
DAL,2024,9,1,132.0,73.0,82.5790998472907,86.96365356445312,83.4560105907232
DAL,2024,10,1,97.0,80.66666666666667,99.87338727498957,98.03972625732422,99.5066550714565
DAL,2024,11,1,64.0,95.33333333333333,68.52275326901605,69.07842254638672,68.63388712449019
DAL,2024,12,1,94.0,97.66666666666667,121.84503811021828,123.29499053955078,122.13502859608478
DAL,2024,13,1,118.0,85.0,110.06997808166786,114.14244842529297,110.88447215039288
DAL,2024,14,1,156.0,92.0,113.96653606737377,106.96209716796875,112.56564828749276
DAL,2024,15,1,211.0,122.66666666666667,194.3921618670275,195.9949188232422,194.71271325827044
DAL,2024,16,1,35.0,161.66666666666666,72.9738718303939,73.05431365966797,72.98996019624872
DAL,2024,17,1,127.0,134.0,136.70408952513236,137.8846893310547,136.94020948631683
DAL,2024,18,1,140.0,124.33333333333333,156.18476436456342,157.77963256835938,156.50373800532262
DEN,2024,1,1,99.0,,85.34650265103824,83.39391326904297,84.95598477463918
DEN,2024,2,1,64.0,99.0,61.56010740552438,72.62744140625,63.773574205669505
DEN,2024,3,1,136.0,81.5,110.64685179777125,110.0861587524414,110.53471318870528
DEN,2024,4,1,126.0,99.66666666666667,122.31127577628274,118.04635620117188,121.45829186126056
DEN,2024,5,1,109.0,108.66666666666667,114.40942393309986,113.7720947265625,114.28195809179239
DEN,2024,6,1,110.0,123.66666666666667,81.90923212517268,80.04552459716797,81.53649061957174
DEN,2024,7,1,227.0,115.0,177.1649798523286,182.2682647705078,178.18563683596443
DEN,2024,8,1,102.0,148.66666666666666,132.1494971199104,133.20591735839844,132.360781167608
DEN,2024,9,1,123.0,146.33333333333334,125.77626972075012,121.53047180175781,124.92711013695165
DEN,2024,10,1,83.0,150.66666666666666,95.73216027051527,90.97188568115234,94.78010535264269
DEN,2024,11,1,103.0,102.66666666666667,107.94983187797204,107.12783813476562,107.78543312933077
DEN,2024,12,1,64.0,103.0,71.7217194671085,80.50480651855469,73.47833687739774
DEN,2024,13,1,105.0,83.33333333333333,84.19863836188107,91.8686294555664,85.73263658061813
DEN,2024,15,1,72.0,90.66666666666667,97.09936185013989,101.84256744384766,98.04800296888143
DEN,2024,16,1,110.0,80.33333333333333,79.63850945525587,79.45057678222656,79.60092292065
DEN,2024,17,1,124.0,95.66666666666667,120.47300543745554,120.78190612792969,120.53478557555037
DEN,2024,18,1,155.0,102.0,195.78568222237647,198.3139190673828,196.29132959137775
DET,2024,1,1,163.0,,140.9364458346629,144.8111572265625,141.7113881130428
DET,2024,2,1,139.0,163.0,117.61892421647929,110.05465698242188,116.1060707696678
DET,2024,3,1,194.0,151.0,198.16271889501593,187.0848388671875,195.94714288945022
DET,2024,4,1,118.0,165.33333333333334,134.12864226014844,140.54031372070312,135.41097655225937
DET,2024,6,1,185.0,150.33333333333334,178.414510938442,181.0933380126953,178.95027635329265
DET,2024,7,1,147.0,165.66666666666666,130.227544463197,131.61399841308594,130.5048352531748
DET,2024,8,1,164.0,150.0,125.91246828682071,143.82261657714844,129.49449794488626
DET,2024,9,1,138.0,165.33333333333334,165.62808127744913,167.5272216796875,166.00790935789678
DET,2024,10,1,105.0,149.66666666666666,162.3633022561525,168.5303192138672,163.59670564769544
DET,2024,11,1,200.0,135.66666666666666,204.16171631570575,201.26675415039062,203.58272388264274
DET,2024,12,1,137.0,147.66666666666666,151.85784746994517,145.5811309814453,150.6025041722452
DET,2024,13,1,194.0,147.33333333333334,147.37025330276842,144.0030517578125,146.69681299377723
DET,2024,14,1,111.0,177.0,142.22277400441118,139.4710693359375,141.67243307071644
DET,2024,15,1,48.0,147.33333333333334,83.03022621866236,61.480098724365234,78.72020071980295
DET,2024,16,1,147.0,117.66666666666667,158.87121162787892,151.5394744873047,157.40486419976406
DET,2024,17,1,157.0,102.0,158.8236701269547,140.73094177246094,155.20512445605596
DET,2024,18,1,178.0,117.33333333333333,151.69696256264058,147.08807373046875,150.77518479620622
GB,2024,1,1,163.0,,78.27498951749695,82.79899597167969,79.1797908083335
GB,2024,2,1,261.0,163.0,272.1918149629287,235.74240112304688,264.90193219495234
GB,2024,3,1,188.0,212.0,166.8791501139947,174.2130584716797,168.34593178553172
GB,2024,4,1,86.0,204.0,83.02419030174184,83.85856628417969,83.1910654982294
GB,2024,5,1,126.0,178.33333333333334,142.71571787092617,137.94580078125,141.76173445299094
GB,2024,6,1,179.0,133.33333333333334,180.58933203436055,181.5792236328125,180.78731035405093
GB,2024,7,1,87.0,130.33333333333334,97.49631986194821,90.69268035888672,96.1355919613359
GB,2024,8,1,171.0,130.66666666666666,190.5644649092285,193.88534545898438,191.22864101917966
GB,2024,9,1,138.0,145.66666666666666,96.66683785233909,88.52952575683594,95.03937543323846
GB,2024,11,1,111.0,132.0,113.42192063877322,112.14763641357422,113.16706379373342
GB,2024,12,1,169.0,140.0,186.17920187493502,200.83998107910156,189.11135771576832
GB,2024,13,1,114.0,139.33333333333334,108.29070824007697,104.24401092529297,107.48136877712017
GB,2024,14,1,99.0,131.33333333333334,121.15328008946727,128.90928649902344,122.7044813713785
GB,2024,15,1,140.0,127.33333333333333,155.4202057946293,159.8179931640625,156.29976326851596
GB,2024,16,1,190.0,117.66666666666667,166.42445197310826,167.10589599609375,166.56074077770535
GB,2024,17,1,104.0,143.0,94.26401888648952,100.38892364501953,95.48899983819553
GB,2024,18,1,183.0,144.66666666666666,151.7333666375364,160.89976501464844,153.5666463129588
HOU,2024,1,1,213.0,,182.3831145441829,185.2124786376953,182.9489873628854
HOU,2024,2,1,76.0,213.0,83.18692381732984,81.8747329711914,82.92448564810216
HOU,2024,3,1,38.0,144.5,48.29870515511932,46.95903015136719,48.030770154368895
HOU,2024,4,1,101.0,109.0,105.2483927957452,107.50383758544922,105.69948175368602
HOU,2024,5,1,99.0,71.66666666666667,116.42235292984317,112.94027709960938,115.72593776379641
HOU,2024,6,1,193.0,79.33333333333333,114.20346479898171,116.6137924194336,114.68553032307209
HOU,2024,7,1,142.0,131.0,154.64947585771145,158.6990966796875,155.45940002210665
HOU,2024,8,1,110.0,144.66666666666666,117.32739050748505,112.3831558227539,116.33854357053883
HOU,2024,9,1,188.0,148.33333333333334,172.05651830187168,168.853271484375,171.41586893837234
HOU,2024,10,1,62.0,146.66666666666666,123.19497404812526,117.3623046875,122.0284401760002
HOU,2024,11,1,141.0,120.0,90.1325306922844,84.52165222167969,89.01035499816345
HOU,2024,12,1,40.0,130.33333333333334,71.42960067944242,67.78083038330078,70.69984662021409
HOU,2024,13,1,108.0,81.0,96.41512188641491,96.15349578857422,96.36279666684678
HOU,2024,15,1,77.0,96.33333333333333,82.49092942706582,86.6737289428711,83.32748933022687
HOU,2024,16,1,84.0,75.0,62.943690726827015,64.90149688720703,63.33525195890302
HOU,2024,17,1,58.0,89.66666666666667,72.30836039981787,72.0048599243164,72.24766030471758
HOU,2024,18,1,210.0,73.0,130.7238786891682,126.41072082519531,129.86124711637362
IND,2024,1,1,104.0,,103.18669548241519,96.36457061767578,101.8222705094673
IND,2024,2,1,140.0,104.0,108.2805281866825,109.43387603759766,108.51119775686553
IND,2024,3,1,150.0,122.0,154.9049499841269,149.20875549316406,153.76571108593433
IND,2024,4,1,133.0,131.33333333333334,157.87182284229215,154.69769287109375,157.23699684805246
IND,2024,5,1,99.0,141.0,74.82318702410277,77.04833984375,75.26821758803221
IND,2024,6,1,81.0,127.33333333333333,118.37782545008771,113.31481170654297,117.36522270137876
IND,2024,7,1,155.0,104.33333333333333,183.13010989327364,174.99562072753906,181.5032120601267
IND,2024,8,1,150.0,111.66666666666667,120.52955582569386,120.274169921875,120.47847864493009
IND,2024,9,1,69.0,128.66666666666666,81.755626403365,87.23701477050781,82.85190407679356
IND,2024,10,1,121.0,124.66666666666667,97.93002861213243,99.19591522216797,98.18320593413955
IND,2024,11,1,91.0,113.33333333333333,157.70014464495733,162.86997985839844,158.73411168764557
IND,2024,12,1,96.0,93.66666666666667,90.48212241856533,96.98782348632812,91.78326263211788
IND,2024,13,1,144.0,102.66666666666667,154.3715279533318,176.2467803955078,158.74657844176699
IND,2024,15,1,159.0,110.33333333333333,140.701514002705,141.5289764404297,140.86700649024993
IND,2024,16,1,335.0,133.0,246.44729242291493,241.58399963378906,245.47463386508974
IND,2024,17,1,126.0,212.66666666666666,149.8479843824293,149.07835388183594,149.69405828231064
IND,2024,18,1,177.0,206.66666666666666,138.87759706837502,141.1576385498047,139.33360536466097
JAX,2024,1,1,128.0,,119.6044739892761,119.1705551147461,119.5176902143701
JAX,2024,2,1,127.0,128.0,100.7041752891009,97.62326049804688,100.0879923308901
JAX,2024,3,1,92.0,127.5,75.15892519678889,77.71530151367188,75.67020046016549
JAX,2024,4,1,158.0,115.66666666666667,97.9982762599228,102.86502075195312,98.97162515832886
JAX,2024,5,1,126.0,125.66666666666667,110.49710139193257,103.29887390136719,109.05745589381951
JAX,2024,6,1,69.0,125.33333333333333,76.30143490726606,84.37523651123047,77.91619522805894
JAX,2024,7,1,171.0,117.66666666666667,189.51438978993127,198.43045043945312,191.29760191983564
JAX,2024,8,1,91.0,122.0,113.58908799231456,109.92882537841797,112.85703546953525
JAX,2024,9,1,60.0,110.33333333333333,82.44001492436779,80.7589340209961,82.10379874369345
JAX,2024,10,1,56.0,107.33333333333333,79.1460486022199,82.64794158935547,79.84642719964702
JAX,2024,11,1,41.0,69.0,73.90062248731066,74.70101928710938,74.06070184727041
JAX,2024,13,1,97.0,52.333333333333336,105.53082432226915,99.41114044189453,104.30688754619422
JAX,2024,14,1,78.0,64.66666666666667,117.77590671377287,117.85921478271484,117.79256832756127
JAX,2024,15,1,136.0,72.0,132.13303483647516,123.30119323730469,130.36666651664106
JAX,2024,16,1,72.0,103.66666666666667,73.91231869453347,77.89385986328125,74.70862692828302
JAX,2024,17,1,122.0,95.33333333333333,151.12723959177123,150.27182006835938,150.95615568708885
JAX,2024,18,1,113.0,110.0,146.8492891549909,155.1670684814453,148.5128450202818
KC,2024,1,1,72.0,,80.71137534113518,81.17278289794922,80.80365685249798
KC,2024,2,1,149.0,72.0,157.75914135704585,159.9492645263672,158.19716599091012
KC,2024,3,1,128.0,110.5,139.55680888086496,131.32777404785156,137.9110019142623
KC,2024,4,1,101.0,116.33333333333333,112.56830441428627,114.18077087402344,112.89079770623371
KC,2024,5,1,139.0,126.0,184.8875522471771,179.52880859375,183.81580351649168
KC,2024,7,1,183.0,122.66666666666667,157.3829822823167,158.79803466796875,157.6659927594471
KC,2024,8,1,82.0,141.0,120.77350937636818,116.5176010131836,119.92232770373127
KC,2024,9,1,134.0,134.66666666666666,144.0050528420448,148.89207458496094,144.98245719062803
KC,2024,10,1,57.0,133.0,69.75680304769386,68.73827362060547,69.55309716227619
KC,2024,11,1,78.0,91.0,79.28606105129916,75.87031555175781,78.60291195139088
KC,2024,12,1,165.0,89.66666666666667,134.47318689301545,128.19932556152344,133.21841462671705
KC,2024,13,1,63.0,100.0,48.238255294541204,58.605064392089844,50.31161711405093
KC,2024,14,1,96.0,102.0,107.58310678115694,98.86279296875,105.83904401867555
KC,2024,15,1,132.0,108.0,153.23537951883787,147.15823364257812,152.01995034358592
KC,2024,16,1,124.0,97.0,115.37044112224149,108.91837310791016,114.08002751937522
KC,2024,17,1,69.0,117.33333333333333,77.89725288508308,76.3338394165039,77.58457019136723
KC,2024,18,1,31.0,108.33333333333333,45.91283649174726,46.32406234741211,45.99508166288023
LA,2024,1,1,83.0,,91.11544343659497,90.59028625488281,91.01041200025254
LA,2024,2,1,53.0,83.0,94.59182301811026,92.33391571044922,94.14024155657805
LA,2024,3,1,98.0,68.0,110.66618651888967,114.37505340576172,111.40795989626409
LA,2024,4,1,120.0,78.0,116.9479576757615,124.5743637084961,118.47323888230842
LA,2024,5,1,134.0,90.33333333333333,112.7338080010903,117.85679626464844,113.75840565380193
LA,2024,7,1,117.0,117.33333333333333,124.41370709704424,127.24966430664062,124.98089853896352
LA,2024,8,1,111.0,123.66666666666667,143.85998589483216,149.75621032714844,145.03923078129543
LA,2024,9,1,69.0,120.66666666666667,89.30043090617332,91.42620849609375,89.7255864241574
LA,2024,10,1,70.0,99.0,88.80478937407361,84.53243255615234,87.95031801048935
LA,2024,11,1,107.0,83.33333333333333,119.61529121835969,119.3126220703125,119.55475738875025
LA,2024,12,1,92.0,82.0,88.52367469720704,82.38081359863281,87.2951024774922
LA,2024,13,1,156.0,89.66666666666667,139.97000207555288,140.5025634765625,140.0765143557548
LA,2024,14,1,137.0,118.33333333333333,197.73154539605605,201.74644470214844,198.53452525727454
LA,2024,15,1,142.0,128.33333333333334,174.25915848453025,174.06344604492188,174.2200159966086
LA,2024,16,1,136.0,145.0,138.3711650309911,148.7955780029297,140.45604762537883
LA,2024,17,1,72.0,138.33333333333334,80.47589746714951,88.88655853271484,82.15802968026257
LA,2024,18,1,84.0,116.66666666666667,89.8061499024216,91.18925476074219,90.08277087408571
LAC,2024,1,1,176.0,,108.45844532374937,105.05780792236328,107.77831784347217
LAC,2024,2,1,219.0,176.0,208.75329900746345,206.2597198486328,208.25458317569735
LAC,2024,3,1,61.0,197.5,96.55362198456926,89.96692657470703,95.23628290259683
LAC,2024,4,1,55.0,152.0,108.30030637511268,101.56865692138672,106.9539764843675
LAC,2024,6,1,128.0,111.66666666666667,169.9404807331049,174.2209014892578,170.79656488433548
LAC,2024,7,1,60.0,81.33333333333333,85.65798067352037,83.5753173828125,85.2414480153788
LAC,2024,8,1,122.0,81.0,118.38266895525636,117.71441650390625,118.24901846498634
LAC,2024,9,1,96.0,103.33333333333333,88.85330983798067,90.6014175415039,89.20293137868532
LAC,2024,10,1,147.0,92.66666666666667,186.27041108413795,187.47720336914062,186.51176954113848
LAC,2024,11,1,155.0,121.66666666666667,114.37253563898166,106.15467834472656,112.72896418013065
LAC,2024,12,1,83.0,132.66666666666666,75.65130347529949,78.81065368652344,76.28317351754427
LAC,2024,13,1,56.0,128.33333333333334,73.12099283402266,82.326904296875,74.96217512659312
LAC,2024,14,1,94.0,98.0,109.63601668083399,110.6965103149414,109.84811540765547
LAC,2024,15,1,32.0,77.66666666666667,49.64261606920723,48.041080474853516,49.322308950336485
LAC,2024,16,1,120.0,60.666666666666664,143.00178176487444,128.08493041992188,140.01841149588392
LAC,2024,17,1,150.0,82.0,169.96210800309416,159.29660034179688,167.8290064708347
LAC,2024,18,1,138.0,100.66666666666667,162.82789553681903,165.88511657714844,163.43933974488493
LV,2024,1,1,71.0,,85.65063302434409,85.58021545410156,85.63654951029558
LV,2024,2,1,28.0,71.0,67.18320680022543,61.55150604248047,66.05686664867643
LV,2024,3,1,55.0,49.5,68.50572895655795,65.56466674804688,67.91751651485573
LV,2024,4,1,154.0,51.333333333333336,127.62166709747036,118.73538970947266,125.84441161987083
LV,2024,5,1,115.0,79.0,113.97285163223624,108.10626220703125,112.79953374719524
LV,2024,6,1,57.0,108.0,74.79535199487577,72.86833953857422,74.40994950361547
LV,2024,7,1,122.0,108.66666666666667,125.09649601950814,117.71603393554688,123.62040360271588
LV,2024,8,1,34.0,98.0,70.7170290954348,87.1023178100586,73.99408683835955
LV,2024,9,1,60.0,71.0,87.54741876207726,88.42987060546875,87.72390913075556
LV,2024,11,1,63.0,72.0,63.870478041668754,65.02555847167969,64.10149412767095
LV,2024,12,1,69.0,52.333333333333336,72.72030457385061,66.77215576171875,71.53067481142423
LV,2024,13,1,116.0,64.0,117.21706394717876,105.22566986083984,114.81878512991098
LV,2024,14,1,91.0,82.66666666666667,113.5140725708192,106.15233612060547,112.04172528077645
LV,2024,15,1,65.0,92.0,102.64972429549574,96.2406234741211,101.36790413122081
LV,2024,16,1,77.0,90.66666666666667,95.57466830765031,100.51009368896484,96.56175338391321
LV,2024,17,1,158.0,77.66666666666667,151.21658114358922,157.7434844970703,152.52196181428542
LV,2024,18,1,39.0,100.0,42.212489461552224,41.179691314697266,42.00592983218123
MIA,2024,1,1,73.0,,93.77302584098042,89.6973648071289,92.95789363421012
MIA,2024,2,1,137.0,73.0,149.7438251949793,142.51084899902344,148.29722995578814
MIA,2024,3,1,67.0,105.0,75.11556003827539,72.51927185058594,74.5963024007375
MIA,2024,4,1,106.0,92.33333333333333,146.47610635349216,146.62503051757812,146.50589118630936
MIA,2024,5,1,191.0,103.33333333333333,182.8012600622028,186.6701202392578,183.5750320976138
MIA,2024,7,1,189.0,121.33333333333333,187.45009457029505,193.87278747558594,188.73463315135325
MIA,2024,8,1,147.0,162.0,87.99019639380548,86.99512481689453,87.79118207842329
MIA,2024,9,1,149.0,175.66666666666666,144.3866866214342,132.9253387451172,142.0944170461708
MIA,2024,10,1,69.0,161.66666666666666,77.46585333716752,77.14761352539062,77.40220537481213
MIA,2024,11,1,84.0,121.66666666666667,105.80740342264473,102.51372528076172,105.14866779426812
MIA,2024,12,1,67.0,100.66666666666667,113.0847470673323,106.9551773071289,111.85883311529162
MIA,2024,13,1,39.0,73.33333333333333,60.00400204694165,56.40887451171875,59.28497653989707
MIA,2024,14,1,44.0,63.333333333333336,84.6088800173965,87.32859802246094,85.15282361840939
MIA,2024,15,1,52.0,50.0,72.40741569359247,84.260009765625,74.77793450799898
MIA,2024,16,1,163.0,45.0,120.76663510843643,127.21588897705078,122.05648588215931
MIA,2024,17,1,85.0,86.33333333333333,124.65235496284735,127.89762878417969,125.30140972711382
MIA,2024,18,1,143.0,100.0,113.01127422965686,106.79865264892578,111.76874991351065
MIN,2024,1,1,114.0,,118.07548893604879,123.69828033447266,119.20004721573356
MIN,2024,2,1,146.0,114.0,119.1226750195106,113.37226104736328,117.97259222508113
MIN,2024,3,1,118.0,130.0,126.29400960601244,116.28768920898438,124.29274552660684
MIN,2024,4,1,120.0,126.0,156.08605516081207,159.16055297851562,156.70095472435278
MIN,2024,5,1,72.0,128.0,125.95102100092453,127.50016784667969,126.26085037007556
MIN,2024,7,1,139.0,103.33333333333333,92.13561724194636,98.06014251708984,93.32052229697506
MIN,2024,8,1,64.0,110.33333333333333,104.05809868191105,106.88784790039062,104.62404852560697
MIN,2024,9,1,133.0,91.66666666666667,135.829641131158,135.67019653320312,135.79775221156703
MIN,2024,10,1,176.0,112.0,188.77394136148177,185.7897491455078,188.177102918287
MIN,2024,11,1,82.0,124.33333333333333,146.37217061178103,152.38487243652344,147.5747109767295
MIN,2024,12,1,125.0,130.33333333333334,97.62364745906821,99.52763366699219,98.00444470065301
MIN,2024,13,1,68.0,127.66666666666667,67.82410911634501,56.31264877319336,65.52181704771468
MIN,2024,14,1,117.0,91.66666666666667,103.60460769068973,100.22098541259766,102.92788323507132
MIN,2024,15,1,114.0,103.33333333333333,136.16546898945873,133.2637481689453,135.58512482535605
MIN,2024,16,1,81.0,99.66666666666667,100.95796305454243,95.76836395263672,99.92004323416128
MIN,2024,17,1,72.0,104.0,120.91551178607419,110.29086303710938,118.79058203628122
MIN,2024,18,1,120.0,89.0,71.77099080288085,67.01802062988281,70.82039676828124
NE,2024,1,1,170.0,,175.63594667108495,165.9684295654297,173.7024432499539
NE,2024,2,1,185.0,170.0,162.37440441927586,171.32327270507812,164.16417807643631
NE,2024,3,1,78.0,177.5,65.30307473085021,73.56123352050781,66.95470648878174
NE,2024,4,1,73.0,144.33333333333334,85.96186986752335,95.6152572631836,87.89254734665539
NE,2024,5,1,151.0,112.0,90.29712278996898,86.38618469238281,89.51493517045175
NE,2024,6,1,82.0,100.66666666666667,115.32027771501994,119.46446990966797,116.14911615394954
NE,2024,7,1,40.0,102.0,57.82740343623861,60.09605407714844,58.28113356442057
NE,2024,8,1,112.0,91.0,139.53543642586968,133.58816528320312,138.34598219733635
NE,2024,9,1,111.0,78.0,89.98297738534778,88.0570068359375,89.59778327546573
NE,2024,10,1,144.0,87.66666666666667,159.01095268846456,169.02064514160156,161.01289117909195
NE,2024,11,1,120.0,122.33333333333333,115.61715511064777,116.10979461669922,115.71568301185806
NE,2024,12,1,86.0,125.0,74.64436681743747,84.52734375,76.62096220394997
NE,2024,13,1,200.0,116.66666666666667,148.9493439893913,156.7454071044922,150.5085566124115
NE,2024,15,1,116.0,135.33333333333334,108.78226647586749,111.02561950683594,109.23093708206119
NE,2024,16,1,124.0,134.0,128.72546220249427,129.48641967773438,128.87765369754229
NE,2024,17,1,96.0,146.66666666666666,92.19755014829136,92.17021179199219,92.19208247703152
NE,2024,18,1,77.0,112.0,128.97555927222908,123.92384338378906,127.96521609454108
NO,2024,1,1,180.0,,170.78618166866514,163.19882202148438,169.268709739229
NO,2024,2,1,193.0,180.0,206.82569885873062,227.7124481201172,211.00304871100795
NO,2024,3,1,90.0,186.5,147.47087815934177,156.94052124023438,149.3648067755203
NO,2024,4,1,131.0,154.33333333333334,151.73002742220248,147.3367919921875,150.85138033619947
NO,2024,5,1,46.0,138.0,65.39862125284294,60.753108978271484,64.46951879792864
NO,2024,6,1,81.0,89.0,95.32773401531313,96.5987548828125,95.58193818881301
NO,2024,7,1,97.0,86.0,82.93671249874754,88.95661163330078,84.14069232565818
NO,2024,8,1,117.0,74.66666666666667,93.80758202816286,88.9530029296875,92.83666620846779
NO,2024,9,1,187.0,98.33333333333333,183.71890123856895,194.09164428710938,185.79344984827705
NO,2024,10,1,96.0,133.66666666666666,108.11377921324605,120.33065032958984,110.55715343651481
NO,2024,11,1,216.0,133.33333333333334,105.41387719022788,111.56597137451172,106.64429602708465
NO,2024,13,1,143.0,166.33333333333334,135.4856819060489,134.58523559570312,135.30559264397976
NO,2024,14,1,93.0,151.66666666666666,144.20967041163783,154.42372131347656,146.25248059200558
NO,2024,15,1,69.0,150.66666666666666,85.08106209563655,67.96141052246094,81.65713178100142
NO,2024,16,1,67.0,101.66666666666667,97.60882445626373,90.14278411865234,96.11561638874146
NO,2024,17,1,81.0,76.33333333333333,57.050511736339494,57.881980895996094,57.216805568270814
NO,2024,18,1,64.0,72.33333333333333,85.65614627078963,71.24412536621094,82.77374208987389
NYG,2024,1,1,74.0,,77.81190979657575,83.31288146972656,78.91210413120591
NYG,2024,2,1,129.0,74.0,96.54944646540366,92.9127426147461,95.82210569527214
NYG,2024,3,1,112.0,101.5,146.7648872048773,143.30735778808594,146.07338132151904
NYG,2024,4,1,30.0,105.0,82.8728573767834,91.05365753173828,84.50901740777438
NYG,2024,5,1,175.0,90.33333333333333,138.53458091933328,141.4402313232422,139.11571100011506
NYG,2024,6,1,119.0,105.66666666666667,122.77108086168839,123.6170425415039,122.94027319765149
NYG,2024,7,1,76.0,108.0,65.68722694020784,71.13825225830078,66.77743200382642
NYG,2024,8,1,157.0,123.33333333333333,103.4084481870227,100.49346923828125,102.82545239727442
NYG,2024,9,1,164.0,117.33333333333333,137.02899479293183,129.36041259765625,135.4952783538767
NYG,2024,10,1,169.0,132.33333333333334,162.08770234492735,151.98699951171875,160.06756177828564
NYG,2024,12,1,77.0,163.33333333333334,95.80435984160798,86.86799621582031,94.01708711645045
NYG,2024,13,1,116.0,136.66666666666666,96.78129536569296,84.96075439453125,94.41718717146061
NYG,2024,14,1,112.0,120.66666666666667,94.67256853291758,85.60328674316406,92.85871217496687
NYG,2024,15,1,56.0,101.66666666666667,71.39619763688557,69.55953216552734,71.02886454261393
NYG,2024,16,1,45.0,94.66666666666667,48.55273993233385,49.78831100463867,48.799854146794814
NYG,2024,17,1,80.0,71.0,132.53762867505014,126.14015197753906,131.25813333554794
NYG,2024,18,1,90.0,60.333333333333336,108.35846092736509,108.28400421142578,108.34356958417723
NYJ,2024,1,1,69.0,,83.17455370385261,87.25853729248047,83.99135042157818
NYJ,2024,2,1,101.0,69.0,104.41942565340213,100.17755889892578,103.57105230250686
NYJ,2024,3,1,133.0,85.0,138.5303680948716,135.33590698242188,137.89147587238165
NYJ,2024,4,1,64.0,101.0,97.50748796770189,99.0019302368164,97.80637642152479
NYJ,2024,5,1,36.0,99.33333333333333,46.57604342571031,51.03932189941406,47.46869912045106
NYJ,2024,6,1,121.0,77.66666666666667,83.63731672228104,85.51844024658203,84.01354142714123
NYJ,2024,7,1,54.0,73.66666666666667,48.557421052938906,47.40562438964844,48.32706172028082
NYJ,2024,8,1,112.0,70.33333333333333,130.53384961512222,129.08615112304688,130.24430991670715
NYJ,2024,9,1,101.0,95.66666666666667,79.84395338431223,88.7039566040039,81.61595402825057
NYJ,2024,10,1,79.0,89.0,72.24370548880472,67.82183074951172,71.35933054094612
NYJ,2024,11,1,91.0,97.33333333333333,89.33142025524685,90.05428314208984,89.47599283261546
NYJ,2024,13,1,89.0,90.33333333333333,87.0034253722998,87.39581298828125,87.08190289549609
NYJ,2024,14,1,83.0,86.33333333333333,90.85480013414875,87.5792465209961,90.19968941151822
NYJ,2024,15,1,104.0,87.66666666666667,105.04608386518088,103.16810607910156,104.67048830796502
NYJ,2024,16,1,75.0,92.0,76.0222003879995,82.14016723632812,77.24579375766523
NYJ,2024,17,1,112.0,87.33333333333333,89.97838520897407,97.34347534179688,91.45140323553863
NYJ,2024,18,1,118.0,97.0,85.77126376294804,92.43965148925781,87.10494130821
PHI,2024,1,1,144.0,,179.449461507526,175.76853942871094,178.71327709176296
PHI,2024,2,1,186.0,144.0,167.84750317181164,162.79885864257812,166.83777426596492
PHI,2024,3,1,172.0,165.0,104.07738968852844,106.55968475341797,104.57384870150635
PHI,2024,4,1,113.0,167.33333333333334,82.33635534792732,86.50370025634766,83.16982432961139
PHI,2024,6,1,116.0,157.0,172.2937744134485,182.20811462402344,174.27664245556346
PHI,2024,7,1,269.0,133.66666666666666,213.2340832512847,228.61061096191406,216.30938879341056
PHI,2024,8,1,164.0,166.0,185.52563550337888,193.3580322265625,187.09211484801563
PHI,2024,9,1,237.0,183.0,222.46656904265456,248.13421630859375,227.6000984958424
PHI,2024,10,1,187.0,223.33333333333334,191.46543276975632,201.0099334716797,193.374332910141
PHI,2024,11,1,228.0,196.0,188.73398235647278,207.45526123046875,192.47823813127198
PHI,2024,12,1,316.0,217.33333333333334,226.90003921745551,256.7308349609375,232.86619836615193
PHI,2024,13,1,140.0,243.66666666666666,158.9250507588558,163.29058837890625,159.79815828286587
PHI,2024,14,1,209.0,228.0,152.65381389109592,163.7967987060547,154.88241085408765
PHI,2024,15,1,131.0,221.66666666666666,180.77282850282154,195.7752685546875,183.77331651319474
PHI,2024,16,1,211.0,160.0,190.8792756550683,202.17637634277344,193.13869579260933
PHI,2024,17,1,181.0,183.66666666666666,200.68346504356347,224.22158813476562,205.3910896618039
PHI,2024,18,1,51.0,174.33333333333334,116.0826406436532,111.24198913574219,115.11451034207101
PIT,2024,1,1,147.0,,193.7396340127464,192.97903442382812,193.58751409496273
PIT,2024,2,1,141.0,147.0,164.70180194735616,173.6594696044922,166.49333547878337
PIT,2024,3,1,114.0,144.0,126.50892382102096,129.31300354003906,127.06973976482458
PIT,2024,4,1,122.0,134.0,127.86618173457357,128.99493408203125,128.0919322040651
PIT,2024,5,1,92.0,125.66666666666667,113.35911240668148,111.98835754394531,113.08496143413424
PIT,2024,6,1,185.0,109.33333333333333,146.2098361734629,163.49009704589844,149.66588834795
PIT,2024,7,1,149.0,133.0,163.22745362190742,165.61915588378906,163.70579407428374
PIT,2024,8,1,167.0,142.0,140.25632860705804,141.397216796875,140.48450624502144
PIT,2024,10,1,140.0,167.0,192.97765675719677,194.77816772460938,193.3377589506793
PIT,2024,11,1,122.0,152.0,145.8188627997351,151.2826690673828,146.91162405326463
PIT,2024,12,1,122.0,143.0,142.54829055633846,154.3616485595703,144.91096215698482
PIT,2024,13,1,110.0,128.0,101.81845240924405,109.05592346191406,103.26594661977805
PIT,2024,14,1,120.0,118.0,151.28346761621333,174.76161193847656,155.979096480666
PIT,2024,15,1,56.0,117.33333333333333,69.6460051086456,79.96503448486328,71.70981098388913
PIT,2024,16,1,117.0,95.33333333333333,114.71240337751097,108.28046417236328,113.42601553648143
PIT,2024,17,1,202.0,97.66666666666667,150.17632680953503,146.96017456054688,149.5330963597374
PIT,2024,18,1,74.0,125.0,103.94308498480274,109.59093475341797,105.07265493852579
SEA,2024,1,1,146.0,,151.28281902236643,147.5630340576172,150.53886202941658
SEA,2024,2,1,46.0,146.0,56.50010858227881,71.06136322021484,59.41235950986602
SEA,2024,3,1,102.0,96.0,97.32907029471424,98.80315399169922,97.62388703411125
SEA,2024,4,1,133.0,98.0,70.95596340511604,81.09818267822266,72.98440725973737
SEA,2024,5,1,102.0,93.66666666666667,46.226050464419814,46.94708251953125,46.3702568754421
SEA,2024,6,1,52.0,112.33333333333333,87.92685658102053,82.21121215820312,86.78372769645705
SEA,2024,7,1,103.0,95.66666666666667,119.62232586566866,117.84379577636719,119.26661984780836
SEA,2024,8,1,32.0,85.66666666666667,65.69538265216609,64.7233657836914,65.50097927847115
SEA,2024,9,1,107.0,62.333333333333336,160.34640834222276,156.87107849121094,159.6513423720204
SEA,2024,11,1,94.0,80.66666666666667,97.22949917212604,104.45388793945312,98.67437692559146
SEA,2024,12,1,65.0,77.66666666666667,105.02742869390647,114.64496612548828,106.95093618022284
SEA,2024,13,1,84.0,88.66666666666667,90.59192057697558,106.41590118408203,93.75671669839687
SEA,2024,14,1,176.0,81.0,131.55473314308313,135.00730895996094,132.24524830645868
SEA,2024,15,1,80.0,108.33333333333333,64.42580809055391,65.9604721069336,64.73274089382986
SEA,2024,16,1,58.0,113.33333333333333,47.895182158369906,48.50751876831055,48.01764948035804
SEA,2024,17,1,122.0,104.66666666666667,117.25162596217496,119.1273193359375,117.62676463692746
SEA,2024,18,1,126.0,86.66666666666667,101.36304471466157,95.02205657958984,100.09484708764722
SF,2024,1,1,181.0,,169.08272427742818,160.3056640625,167.32731223444256
SF,2024,2,1,112.0,181.0,111.82477375338051,116.94035339355469,112.84788968141535
SF,2024,3,1,137.0,146.5,169.64596805893075,174.70986938476562,170.65874832409773
SF,2024,4,1,148.0,143.33333333333334,150.58858064586406,143.22280883789062,149.11542628426938
SF,2024,5,1,153.0,132.33333333333334,126.15484410159067,120.53147888183594,125.03017105763973
SF,2024,6,1,222.0,146.0,140.9163092388534,137.5731964111328,140.2476866733093
SF,2024,7,1,87.0,174.33333333333334,116.83882001971874,115.44734191894531,116.56052439956404
SF,2024,8,1,222.0,154.0,162.43590979303136,185.38668823242188,167.02606548090944
SF,2024,10,1,75.0,177.0,99.09809675610843,92.61034393310547,97.80054619150785
SF,2024,11,1,132.0,128.0,128.58901503181602,125.9206771850586,128.05534746246454
SF,2024,12,1,44.0,143.0,74.20808065596327,69.70355224609375,73.30717497398936
SF,2024,13,1,154.0,83.66666666666667,135.38424281071357,132.1802978515625,134.74345381888335
SF,2024,14,1,131.0,110.0,151.51946247512217,143.64300537109375,149.94417105431648
SF,2024,15,1,63.0,109.66666666666667,84.49555074098473,88.83695220947266,85.3638310346823
SF,2024,16,1,75.0,116.0,87.8310006147117,75.10406494140625,85.28561348005061
SF,2024,17,1,75.0,89.66666666666667,89.96932456868737,78.17749786376953,87.6109592277038
SF,2024,18,1,138.0,71.0,126.2325957900081,118.04833221435547,124.59574307487757
TB,2024,1,1,114.0,,127.7292440695365,123.82444763183594,126.94828478199639
TB,2024,2,1,74.0,114.0,109.70941973870333,112.77381134033203,110.32229805902907
TB,2024,3,1,91.0,94.0,55.03991689015043,62.06239700317383,56.44441291275511
TB,2024,4,1,111.0,93.0,99.81176267159164,101.97412109375,100.2442343560233
TB,2024,5,1,160.0,92.0,126.38350549508847,129.16757202148438,126.94031880036766
TB,2024,6,1,277.0,120.66666666666667,160.830519384902,160.1179656982422,160.68800864757003
TB,2024,7,1,125.0,182.66666666666666,139.1027396702408,126.21800231933594,136.5257922000598
TB,2024,8,1,104.0,187.33333333333334,83.14990142737807,88.2851333618164,84.17694781426573
TB,2024,9,1,95.0,168.66666666666666,88.95701473393012,90.12134552001953,89.18988089114801
TB,2024,10,1,110.0,108.0,123.0013269143669,125.05081939697266,123.41122541088805
TB,2024,12,1,157.0,103.0,152.38408426138835,157.51031494140625,153.40933039739193
TB,2024,13,1,236.0,120.66666666666667,189.09737146264956,177.6885986328125,186.81561689668214
TB,2024,14,1,152.0,167.66666666666666,117.52736620832913,114.1106948852539,116.84403194371407
TB,2024,15,1,223.0,181.66666666666666,186.6979750088142,189.77597045898438,187.31357409884825
TB,2024,16,1,134.0,203.66666666666666,103.11701081497654,101.20096588134766,102.73380182825076
TB,2024,17,1,204.0,169.66666666666666,196.8211478576343,199.41587829589844,197.34009394528712
TB,2024,18,1,179.0,187.0,140.2694268995688,131.23622131347656,138.46278578235035
TEN,2024,1,1,140.0,,120.56089413498343,114.88633728027344,119.42598276404144
TEN,2024,2,1,130.0,140.0,132.38062717894798,128.71356201171875,131.64721414550215
TEN,2024,3,1,33.0,135.0,52.83073855033385,44.8060417175293,51.22579918377294
TEN,2024,4,1,142.0,101.0,198.08464643944617,199.6564178466797,198.39900072089287
TEN,2024,6,1,146.0,101.66666666666667,130.13369093976624,118.30816650390625,127.76858605259424
TEN,2024,7,1,89.0,107.0,89.13678651285244,97.09493255615234,90.72841572151242
TEN,2024,8,1,158.0,125.66666666666667,139.99823826486733,135.3546142578125,139.06951346345636
TEN,2024,9,1,172.0,131.0,181.8810517179243,186.6758270263672,182.84000677961285
TEN,2024,10,1,132.0,139.66666666666666,94.1450941311313,94.00560760498047,94.11719682590113
TEN,2024,11,1,33.0,154.0,79.40499448567935,82.62916564941406,80.0498287184263
TEN,2024,12,1,132.0,112.33333333333333,148.96778334350378,144.75250244140625,148.1247271630843
TEN,2024,13,1,38.0,99.0,38.19138124434819,43.15536880493164,39.18417875646488
TEN,2024,14,1,126.0,67.66666666666667,119.4026015658534,117.92718505859375,119.10751826440148
TEN,2024,15,1,83.0,98.66666666666667,122.30715796958143,120.07245635986328,121.8602176476378
TEN,2024,16,1,65.0,82.33333333333333,87.6153641929745,91.82044219970703,88.456379794321
TEN,2024,17,1,159.0,91.33333333333333,141.20049060049467,141.90478515625,141.34134951164575
TEN,2024,18,1,88.0,102.33333333333333,134.17847243826984,139.2809600830078,135.19896996721744
WAS,2024,1,1,138.0,,135.49542865683733,137.39816284179688,135.87597549382923
WAS,2024,2,1,215.0,138.0,174.57760946785945,172.9370880126953,174.24950517682663
WAS,2024,3,1,108.0,176.5,151.57616831477122,162.72488403320312,153.80591145845762
WAS,2024,4,1,216.0,153.66666666666666,173.1793617542832,160.75372314453125,170.69423403233282
WAS,2024,5,1,215.0,179.66666666666666,145.59144462355616,145.48812866210938,145.5707814312668
WAS,2024,6,1,52.0,179.66666666666666,78.07182999473864,87.47845458984375,79.95315491375966
WAS,2024,7,1,214.0,161.0,190.67019617750566,184.9465789794922,189.52547273790296
WAS,2024,8,1,169.0,160.33333333333334,162.24931381979854,153.1690673828125,160.43326453240132
WAS,2024,9,1,149.0,145.0,193.3066931239319,190.5058135986328,192.74651721887207
WAS,2024,10,1,60.0,177.33333333333334,84.8239160262902,89.4065933227539,85.74045148558294
WAS,2024,11,1,93.0,126.0,137.4475593929517,135.29714965820312,137.01747744600198
WAS,2024,12,1,145.0,100.66666666666667,116.07363253175197,127.82221984863281,118.42334999512813
WAS,2024,13,1,267.0,99.33333333333333,209.00216565402053,228.80136108398438,212.9620047400133
WAS,2024,15,1,137.0,168.33333333333334,154.98377008695553,165.34388732910156,157.05579353538474
WAS,2024,16,1,113.0,183.0,118.43087056146965,110.91630554199219,116.92795755757416
WAS,2024,17,1,216.0,172.33333333333334,167.51844512607823,149.50665283203125,163.91608666726884
WAS,2024,18,1,113.0,155.33333333333334,89.59131448508367,79.89852142333984,87.6527558727349
ARI,2025,1,2,146.0,,118.00415750280669,114.26306915283203,117.06888541531302
ARI,2025,2,2,84.0,146.0,102.05208581433043,106.95872497558594,103.2787456046443
ARI,2025,3,2,106.0,115.0,109.11633969481183,99.22905731201172,106.6445190991118
ARI,2025,4,2,89.0,112.0,61.82957721604116,64.37052154541016,62.464813298383405
ARI,2025,5,2,168.0,93.0,129.1797326035334,130.38055419921875,129.47993800245473
ARI,2025,6,2,88.0,121.0,107.33650159501335,104.53733825683594,106.63671076046899
ARI,2025,7,2,94.0,115.0,124.26558117310225,116.03687286376953,122.20840409576907
ARI,2025,9,2,120.0,116.66666666666667,110.51919378821601,109.23626708984375,110.19846211362295
ARI,2025,10,2,129.0,100.66666666666667,110.51200878313959,103.23139953613281,108.6918564713879
ARI,2025,11,2,38.0,114.33333333333333,48.14256917979915,56.64314651489258,50.26771351357251
ARI,2025,12,2,60.0,95.66666666666667,83.89455094142244,80.39286804199219,83.01913021656488
ARI,2025,13,2,95.0,75.66666666666667,91.16868412978243,89.50294494628906,90.75224933390909
ARI,2025,14,2,51.0,64.33333333333333,52.04201288671002,48.90526580810547,51.25782611705888
ARI,2025,15,2,74.0,68.66666666666667,92.05219481414571,89.46917724609375,91.40644042213272
ARI,2025,16,2,132.0,73.33333333333333,99.73029056023616,95.77755737304688,98.74210726343884
ARI,2025,17,2,42.0,85.66666666666667,46.743944606164376,52.005775451660156,48.05940231753832
ARI,2025,18,2,79.0,82.66666666666667,66.09001965678388,62.57551574707031,65.2113936793555
ATL,2025,1,2,70.0,,102.991708682808,108.10131072998047,104.26910919460111
ATL,2025,2,2,219.0,70.0,171.02373488405073,165.37911987304688,169.61258113129975
ATL,2025,3,2,131.0,144.5,80.9550958623897,81.46965789794922,81.08373637127957
ATL,2025,4,2,131.0,140.0,149.65009983715223,158.1392364501953,151.772383990413
ATL,2025,6,2,211.0,160.33333333333334,141.39438961593316,142.4971466064453,141.6700788635612
ATL,2025,7,2,62.0,157.66666666666666,90.49784326676624,85.77619171142578,89.31743037793112
ATL,2025,8,2,46.0,134.66666666666666,63.75080485407031,59.054954528808594,62.57684227275488
ATL,2025,9,2,71.0,106.33333333333333,69.18239226949802,64.85208129882812,68.09981452683056
ATL,2025,10,2,141.0,59.666666666666664,146.27840514981466,128.49705505371094,141.83306762578871
ATL,2025,11,2,125.0,86.0,132.52715904121968,125.04964447021484,130.65778039846847
ATL,2025,12,2,122.0,112.33333333333333,151.24352853428232,148.2334747314453,150.49101508357307
ATL,2025,13,2,167.0,129.33333333333334,149.23297911813697,154.082275390625,150.44530318625897
ATL,2025,14,2,120.0,138.0,132.08321178972994,135.21365356445312,132.86582223341074
ATL,2025,15,2,111.0,136.33333333333334,79.41933658520932,87.8772201538086,81.53380747735915
ATL,2025,16,2,158.0,132.66666666666666,142.2363440314391,147.46401977539062,143.54326296742698
ATL,2025,17,2,219.0,129.66666666666666,138.83145074341704,133.83399963378906,137.58208796601005
ATL,2025,18,2,51.0,162.66666666666666,97.06288918505807,96.63737487792969,96.95651060827598
BAL,2025,1,2,252.0,,141.74954410178245,138.5580291748047,140.951665370038
BAL,2025,2,2,49.0,252.0,95.9558687039757,79.80614471435547,91.91843770657064
BAL,2025,3,2,85.0,150.5,98.03142825241288,91.14878845214844,96.31076830234677
BAL,2025,4,2,166.0,128.66666666666666,92.37420002655692,81.51541900634766,89.6595047715046
BAL,2025,5,2,44.0,100.0,94.70232430317563,108.45793151855469,98.1412261070204
BAL,2025,6,2,179.0,98.33333333333333,159.63902116695579,159.32139587402344,159.5596148437227
BAL,2025,8,2,177.0,129.66666666666666,158.7033389955429,169.02439880371094,161.2836039475849
BAL,2025,9,2,152.0,133.33333333333334,131.46495504444457,142.88670349121094,134.32039215613617
BAL,2025,10,2,153.0,169.33333333333334,151.84980843685776,167.64524841308594,155.7986684309148
BAL,2025,11,2,186.0,160.66666666666666,124.60508305477819,116.14301300048828,122.4895655412057
BAL,2025,12,2,100.0,163.66666666666666,150.72937826550498,161.35743713378906,153.386392982576
BAL,2025,13,2,124.0,146.33333333333334,97.23632667685082,96.4925537109375,97.0503834353725
BAL,2025,14,2,217.0,136.66666666666666,204.71257014166613,197.8744354248047,203.00303646245078
BAL,2025,15,2,192.0,147.0,116.46474894369405,113.10266876220703,115.62422889832229
BAL,2025,16,2,172.0,177.66666666666666,150.7056908047117,147.596435546875,149.92837699025253
BAL,2025,17,2,308.0,193.66666666666666,261.1446860992821,275.336669921875,264.69268205493034
BAL,2025,18,2,139.0,224.0,139.4783338234311,139.81085205078125,139.56146338026863
BUF,2025,1,2,113.0,,117.40477748731455,111.98954010009766,116.05096814051032
BUF,2025,2,2,228.0,113.0,188.28181599871655,200.28829956054688,191.28343688917414
BUF,2025,3,2,157.0,170.5,127.037984867648,123.46622467041016,126.14504481833855
BUF,2025,4,2,168.0,166.0,142.875547517009,141.9949493408203,142.65539797296185
BUF,2025,5,2,118.0,184.33333333333334,142.83945557620842,141.65463256835938,142.54324982424617
BUF,2025,6,2,134.0,147.66666666666666,121.43237578295617,120.50076293945312,121.19947257208041
BUF,2025,8,2,245.0,140.0,160.60056149187164,166.520751953125,162.08060910718498
BUF,2025,9,2,142.0,165.66666666666666,158.26599018222507,171.8231658935547,161.65528411005747
BUF,2025,10,2,90.0,173.66666666666666,99.14501318858555,100.77336883544922,99.55210210030147
BUF,2025,11,2,97.0,159.0,110.63329944943123,111.26530456542969,110.79130072843085
BUF,2025,12,2,144.0,109.66666666666667,113.593537125275,103.04540252685547,110.95650347567012
BUF,2025,13,2,249.0,110.33333333333333,253.083085492054,256.04962158203125,253.82471951454832
BUF,2025,14,2,186.0,163.33333333333334,123.33818195825053,121.86392211914062,122.96961699847306
BUF,2025,15,2,171.0,193.0,162.23843550821988,166.35931396484375,163.26865512237583
BUF,2025,16,2,166.0,202.0,141.59275494151527,138.06817626953125,140.71161027351926
BUF,2025,17,2,121.0,174.33333333333334,154.89457986254266,141.936279296875,151.65500472112575
BUF,2025,18,2,215.0,152.66666666666666,192.70873542094202,188.49586486816406,191.65551778274752
CAR,2025,1,2,114.0,,97.4581305542846,93.3541030883789,96.43212368780817
CAR,2025,2,2,50.0,114.0,74.49633404239924,83.99317932128906,76.8705453621217
CAR,2025,3,2,111.0,82.0,120.64978775469135,118.46529388427734,120.10366428708784
CAR,2025,4,2,129.0,91.66666666666667,121.90331902770951,122.1299819946289,121.95998476943936
CAR,2025,5,2,242.0,96.66666666666667,146.87723227744092,149.607177734375,147.55971864167444
CAR,2025,6,2,219.0,160.66666666666666,184.0266716704553,192.23495483398438,186.07874246133758
CAR,2025,7,2,127.0,196.66666666666666,143.92804121968518,143.0096893310547,143.69845324752757
CAR,2025,8,2,114.0,196.0,137.70303664705395,128.70947265625,135.45464564935295
CAR,2025,9,2,163.0,153.33333333333334,160.02179900052212,173.2266845703125,163.3230203929697
CAR,2025,10,2,73.0,134.66666666666666,97.39764781665879,99.70294952392578,97.97397324347554
CAR,2025,11,2,68.0,116.66666666666667,105.11351608295291,97.93738555908203,103.31948345198519
CAR,2025,12,2,69.0,101.33333333333333,57.36635587957958,49.60660934448242,55.42641924580529
CAR,2025,13,2,168.0,70.0,174.5637346713687,169.3406219482422,173.25795649058708
CAR,2025,15,2,127.0,101.66666666666667,146.9997743253348,151.8282012939453,148.20688106748744
CAR,2025,16,2,102.0,121.33333333333333,75.96260684357307,80.84713745117188,77.18373949547276
CAR,2025,17,2,102.0,132.33333333333334,100.33274303743032,101.61044311523438,100.65216805688134
CAR,2025,18,2,20.0,110.33333333333333,55.76789473083872,49.653656005859375,54.23933504959388
CHI,2025,1,2,119.0,,110.64833230200936,102.22681427001953,108.54295279401191
CHI,2025,2,2,134.0,119.0,116.34937784221233,108.88394165039062,114.4830187942569
CHI,2025,3,2,89.0,126.5,114.99392307310299,113.69678497314453,114.66963854811337
CHI,2025,4,2,70.0,114.0,107.32524294700514,101.9657211303711,105.98536249284663
CHI,2025,6,2,147.0,97.66666666666667,119.56659590966059,117.95372009277344,119.1633769554388
CHI,2025,7,2,225.0,102.0,188.67338319594768,189.26197814941406,188.82053193431426
CHI,2025,8,2,96.0,147.33333333333334,98.82036511646274,92.52140045166016,97.24562395026209
CHI,2025,9,2,283.0,156.0,181.9975556470617,179.03892517089844,181.25789802802086
CHI,2025,10,2,173.0,201.33333333333334,115.61618708161225,110.45050811767578,114.32476734062814
CHI,2025,11,2,142.0,184.0,181.13274826523997,177.72425842285156,180.28062580464285
CHI,2025,12,2,100.0,199.33333333333334,102.47896804657266,105.32752990722656,103.19110851173613
CHI,2025,13,2,282.0,138.33333333333334,223.43141841560904,224.53628540039062,223.70763516180443
CHI,2025,14,2,138.0,174.66666666666666,157.54929012480818,148.06509399414062,155.1782410921413
CHI,2025,15,2,145.0,173.33333333333334,155.21046602853886,156.89669799804688,155.63202402091588
CHI,2025,16,2,150.0,188.33333333333334,136.89486437797953,129.97286987304688,135.16436575174637
CHI,2025,17,2,110.0,144.33333333333334,112.29943335534071,105.29644775390625,110.54868695498209
CHI,2025,18,2,65.0,135.0,96.25709840266674,96.50128936767578,96.318146143919
CIN,2025,1,2,46.0,,92.12888296979375,92.43922424316406,92.20646828813634
CIN,2025,2,2,48.0,46.0,60.17623374009332,64.08967590332031,61.15459428090007
CIN,2025,3,2,53.0,47.0,98.74697673842479,97.45376586914062,98.42367402110375
CIN,2025,4,2,54.0,49.0,50.26432856035835,46.04907989501953,49.21051639402364
CIN,2025,5,2,85.0,51.666666666666664,62.41708828033894,61.32832717895508,62.144898004992974
CIN,2025,6,2,58.0,64.0,60.58026783751376,62.67417526245117,61.10374469374811
CIN,2025,7,2,153.0,65.66666666666667,78.41034948795439,84.04275512695312,79.81845089770408
CIN,2025,8,2,181.0,98.66666666666667,110.58759353111824,105.87834930419922,109.41028247438848
CIN,2025,9,2,47.0,130.66666666666666,74.00971122009824,60.41634750366211,70.61137029098921
CIN,2025,11,2,106.0,127.0,81.76465202868945,84.04252624511719,82.33412058279639
CIN,2025,12,2,120.0,111.33333333333333,102.44978833803091,94.61824798583984,100.49190324998315
CIN,2025,13,2,128.0,91.0,120.9526965418585,129.03253173828125,122.9726553409642
CIN,2025,14,2,62.0,118.0,67.00133010020895,73.0468521118164,68.5127106031108
CIN,2025,15,2,100.0,103.33333333333333,128.64356412774114,126.871826171875,128.20062963877461
CIN,2025,16,2,105.0,96.66666666666667,102.963412962371,100.65956115722656,102.3874500110849
CIN,2025,17,2,124.0,89.0,119.18177352728733,122.09434509277344,119.90991641865887
CIN,2025,18,2,142.0,109.66666666666667,113.66037100628267,104.29025268554688,111.31784142609872
CLE,2025,1,2,49.0,,90.66131434512994,93.33768463134766,91.33040691668437
CLE,2025,2,2,115.0,49.0,78.36984374504007,81.46571350097656,79.1438111840242
CLE,2025,3,2,96.0,82.0,72.41767465806407,73.57172393798828,72.70618697804512
CLE,2025,4,2,83.0,86.66666666666667,90.58279930862261,100.02850341796875,92.94422533595915
CLE,2025,5,2,144.0,98.0,142.45719918115626,138.63922119140625,141.50270468371875
CLE,2025,6,2,65.0,107.66666666666667,64.70931476278037,74.9593734741211,67.27182944061555
CLE,2025,7,2,105.0,97.33333333333333,138.76018642741943,138.89207458496094,138.7931584668048
CLE,2025,8,2,68.0,104.66666666666667,54.72431804600056,52.61027908325195,54.195808305313406
CLE,2025,10,2,162.0,79.33333333333333,137.6088497386866,140.1951141357422,138.2554158379505
CLE,2025,11,2,106.0,111.66666666666667,118.23606010473563,111.70149993896484,116.60242006329293
CLE,2025,12,2,74.0,112.0,107.65203091791554,105.79270935058594,107.18720052608313
CLE,2025,13,2,138.0,114.0,142.84029645859292,148.73208618164062,144.31324388935485
CLE,2025,14,2,61.0,106.0,80.83341401885967,86.86886596679688,82.34227700584397
CLE,2025,15,2,50.0,91.0,65.56085895739956,67.13349151611328,65.954017097078
CLE,2025,16,2,161.0,83.0,129.93530494654522,141.9061737060547,132.92802213642258
CLE,2025,17,2,79.0,90.66666666666667,100.90080157714156,102.40776824951172,101.2775432452341
CLE,2025,18,2,118.0,96.66666666666667,111.18402311016884,110.92729187011719,111.11984030015593
DAL,2025,1,2,119.0,,87.78545791379747,85.37303924560547,87.18235324674947
DAL,2025,2,2,135.0,119.0,135.23937096267932,117.95231628417969,130.9176072930544
DAL,2025,3,2,121.0,127.0,89.202489990959,84.08297729492188,87.92261181694971
DAL,2025,4,2,117.0,125.0,111.44816885096314,110.20568084716797,111.13754685001435
DAL,2025,5,2,181.0,124.33333333333333,114.55930444764155,111.45354461669922,113.78286448990596
DAL,2025,6,2,32.0,139.66666666666666,65.30092413084762,73.62771606445312,67.38262211424899
DAL,2025,7,2,153.0,110.0,132.3884982515849,128.59539794921875,131.44022317599337
DAL,2025,8,2,108.0,122.0,136.42705958539403,137.2809600830078,136.64053470979746
DAL,2025,9,2,123.0,97.66666666666667,87.64652685456004,90.53784942626953,88.36935749748741
DAL,2025,11,2,118.0,128.0,124.46904154805918,124.40092468261719,124.45201233169868
DAL,2025,12,2,127.0,116.33333333333333,133.88417690850807,130.245849609375,132.9745950837248
DAL,2025,13,2,139.0,122.66666666666667,75.51635856109522,90.63412475585938,79.29580010978626
DAL,2025,14,2,91.0,128.0,100.29666349111716,104.14863586425781,101.25965658440232
DAL,2025,15,2,132.0,119.0,126.31799643804133,129.8490753173828,127.2007661578767
DAL,2025,16,2,91.0,120.66666666666667,91.26915375282935,99.77655792236328,93.39600479521283
DAL,2025,17,2,211.0,104.66666666666667,191.42698269251304,194.48216247558594,192.19077763828125
DAL,2025,18,2,144.0,144.66666666666666,128.0809905647916,128.05560302734375,128.07464368042963
DEN,2025,1,2,153.0,,107.90022547185877,98.12200164794922,105.45566951588138
DEN,2025,2,2,118.0,153.0,94.96217047392904,97.71704864501953,95.65089001670165
DEN,2025,3,2,119.0,135.5,86.30202539841109,87.43099975585938,86.58426898777316
DEN,2025,4,2,189.0,130.0,160.64118266507336,151.68502807617188,158.402144017848
DEN,2025,5,2,130.0,142.0,117.05171142581078,117.53043365478516,117.17139198305438
DEN,2025,6,2,82.0,146.0,92.21088103112999,93.0697021484375,92.42558631045686
DEN,2025,7,2,142.0,133.66666666666666,98.81019448423062,91.43226623535156,96.96571242201085
DEN,2025,8,2,181.0,118.0,121.68225540306119,120.65978240966797,121.42663715471289
DEN,2025,9,2,104.0,135.0,89.42795864536988,83.80789947509766,88.02294385280183
DEN,2025,10,2,86.0,142.33333333333334,108.43074016341764,104.53572845458984,107.4569872362107
DEN,2025,11,2,60.0,123.66666666666667,72.04844306378807,69.62194061279297,71.4418174510393
DEN,2025,13,2,87.0,83.33333333333333,87.74233802327105,86.3818588256836,87.40221822387419
DEN,2025,14,2,152.0,77.66666666666667,129.6174886548067,127.34249877929688,129.04874118592923
DEN,2025,15,2,92.0,99.66666666666667,124.59020225040294,117.3404312133789,122.77775949114692
DEN,2025,16,2,101.0,110.33333333333333,55.306551105342244,60.51020431518555,56.60746440780307
DEN,2025,17,2,129.0,115.0,121.04709891437764,117.30103302001953,120.11058244078811
DEN,2025,18,2,120.0,107.33333333333333,124.01483225153977,117.91448211669922,122.48974471782964
DET,2025,1,2,47.0,,87.52664086834311,84.90612030029297,86.87151072633057
DET,2025,2,2,177.0,47.0,126.60238627166598,134.1497344970703,128.48922332801706
DET,2025,3,2,225.0,112.0,166.1617160738205,174.45700073242188,168.23553723847084
DET,2025,4,2,114.0,149.66666666666666,118.13661143036614,120.46680450439453,118.71915969887324
DET,2025,5,2,120.0,172.0,161.58341615160924,156.76646423339844,160.37917817205653
DET,2025,6,2,98.0,153.0,114.14240617943207,118.50352478027344,115.2326858296424
DET,2025,7,2,164.0,110.66666666666667,151.18937923393736,153.7991943359375,151.84183300943738
DET,2025,9,2,65.0,127.33333333333333,77.47336124276626,79.10013580322266,77.88005488288036
DET,2025,10,2,227.0,109.0,153.9233134404908,157.71286010742188,154.87070010722357
DET,2025,11,2,75.0,152.0,66.75236857584551,77.58230590820312,69.45985290893492
DET,2025,12,2,237.0,122.33333333333333,87.73976052935782,89.1009521484375,88.08005843412775
DET,2025,13,2,124.0,179.66666666666666,155.21014914207964,154.4444580078125,155.01872635851285
DET,2025,14,2,111.0,145.33333333333334,89.87073834876698,97.06937408447266,91.6703972826934
DET,2025,15,2,70.0,157.33333333333334,92.05472186159483,82.1712875366211,89.5838632803514
DET,2025,16,2,16.0,101.66666666666667,45.51798865520573,49.86231231689453,46.60406957062793
DET,2025,17,2,68.0,65.66666666666667,143.77487794110962,136.41989135742188,141.9361312951877
DET,2025,18,2,122.0,51.333333333333336,113.71951650985056,109.98039245605469,112.7847354964016
GB,2025,1,2,79.0,,105.84917306437033,113.51461029052734,107.76553237090958
GB,2025,2,2,137.0,79.0,131.53654184117846,123.96186065673828,129.64287154506843
GB,2025,3,2,83.0,108.0,129.75375537776756,123.89423370361328,128.288874959229
GB,2025,4,2,165.0,99.66666666666667,154.1914266861566,143.12791442871094,151.4255486217952
GB,2025,6,2,153.0,128.33333333333334,146.0689312614657,150.26113891601562,147.1169831751032
GB,2025,7,2,95.0,133.66666666666666,89.59429017544855,96.94559478759766,91.43211632848582
GB,2025,8,2,95.0,137.66666666666666,109.45040276443035,100.8415298461914,107.29818453487061
GB,2025,9,2,104.0,114.33333333333333,110.16796734129986,103.60157012939453,108.52636803832353
GB,2025,10,2,104.0,98.0,130.4810041962728,125.31547546386719,129.1896220131714
GB,2025,11,2,128.0,101.0,103.39993253669797,105.37693786621094,103.89418386907622
GB,2025,12,2,148.0,112.0,187.6876459822807,207.28880310058594,192.587935261857
GB,2025,13,2,128.0,126.66666666666667,115.60882545887128,121.76555633544922,117.14800817801577
GB,2025,14,2,118.0,134.66666666666666,106.94640626344288,112.6287612915039,108.36699502045813
GB,2025,15,2,115.0,131.33333333333334,88.25910821033688,84.80843353271484,87.39643954093137
GB,2025,16,2,194.0,120.33333333333333,203.21449221063205,214.82037353515625,206.1159625417631
GB,2025,17,2,80.0,142.33333333333334,82.03456875341931,77.61217498779297,80.92897031201272
GB,2025,18,2,129.0,129.66666666666666,177.59973496423098,185.56307983398438,179.59057118166933
HOU,2025,1,2,114.0,,128.55242971682978,128.5885467529297,128.56145897585475
HOU,2025,2,2,84.0,114.0,72.65636925073444,64.05183410644531,70.50523546466216
HOU,2025,3,2,88.0,99.0,68.90742007877239,69.55526733398438,69.0693818925754
HOU,2025,4,2,129.0,95.33333333333333,146.37290476305049,147.8321533203125,146.737716902366
HOU,2025,5,2,169.0,100.33333333333333,137.83162069655495,138.22055053710938,137.92885315669355
HOU,2025,7,2,56.0,128.66666666666666,62.98530456001583,68.28311920166016,64.30975822042691
HOU,2025,8,2,157.0,118.0,144.98018537684734,147.56460571289062,145.62629046085817
HOU,2025,9,2,80.0,127.33333333333333,106.74351320259454,107.27101135253906,106.87538774008067
HOU,2025,10,2,130.0,97.66666666666667,95.29859687871775,88.71133422851562,93.65178121616722
HOU,2025,11,2,75.0,122.33333333333333,90.93644545631065,83.66783142089844,89.1192919474576
HOU,2025,12,2,109.0,95.0,110.07573401863002,107.21111297607422,109.35957875799107
HOU,2025,13,2,108.0,104.66666666666667,156.60013571488622,153.75254821777344,155.88823884060804
HOU,2025,14,2,82.0,97.33333333333333,128.55316755799683,130.63949584960938,129.07474963089996
HOU,2025,15,2,143.0,99.66666666666667,138.620143111399,146.91433715820312,140.69369162310002
HOU,2025,16,2,88.0,111.0,84.72345917388895,86.25028228759766,85.10516495231613
HOU,2025,17,2,120.0,104.33333333333333,132.5251046028816,135.09524536132812,133.16763979249325
HOU,2025,18,2,134.0,117.0,150.44181804185732,158.37509155273438,152.42513641957657
IND,2025,1,2,156.0,,171.35408544030594,170.82835388183594,171.22265255068845
IND,2025,2,2,167.0,156.0,147.996800196482,147.2556915283203,147.8115230294416
IND,2025,3,2,140.0,161.5,114.30098796977707,112.44783020019531,113.83769852738163
IND,2025,4,2,86.0,154.33333333333334,85.7579436319128,80.27960968017578,84.38836014397855
IND,2025,5,2,96.0,131.0,129.08898837638483,117.30420684814453,126.14279299432476
IND,2025,6,2,152.0,107.33333333333333,127.97062947482198,122.89065551757812,126.70063598551101
IND,2025,7,2,120.0,111.33333333333333,110.87807241588513,99.0557632446289,107.92249512307107
IND,2025,8,2,164.0,122.66666666666667,96.24932907219434,94.91259765625,95.91514621820826
IND,2025,9,2,52.0,145.33333333333334,69.32806865673608,73.51493072509766,70.37478417382647
IND,2025,10,2,323.0,112.0,208.73613053186796,216.02830505371094,210.5591741623287
IND,2025,12,2,75.0,179.66666666666666,69.36399401936296,81.72346496582031,72.4538617559773
IND,2025,13,2,86.0,150.0,105.11402699675175,110.84266662597656,106.54618690405795
IND,2025,14,2,90.0,161.33333333333334,114.63206443566939,109.76690673828125,113.41577501132235
IND,2025,15,2,102.0,83.66666666666667,134.61787960393212,131.96832275390625,133.95549039142566
IND,2025,16,2,58.0,92.66666666666667,85.67819209717644,87.30339050292969,86.08449169861476
IND,2025,17,2,70.0,83.33333333333333,95.50757519124424,98.66348266601562,96.29655205993708
IND,2025,18,2,81.0,76.66666666666667,123.87077910184665,118.31949615478516,122.48295836508127
JAX,2025,1,2,202.0,,135.3082012912982,131.01486206054688,134.23486648361035
JAX,2025,2,2,139.0,202.0,117.6048233686679,111.6643295288086,116.11969990870307
JAX,2025,3,2,87.0,170.5,84.12539434565097,87.12446594238281,84.87516224483393
JAX,2025,4,2,157.0,142.66666666666666,124.98305172840232,125.77528381347656,125.18110974967088
JAX,2025,5,2,109.0,127.66666666666667,128.77336183070744,119.19747161865234,126.37938927769366
JAX,2025,6,2,60.0,117.66666666666667,57.29925955313251,74.71017456054688,61.6519883049861
JAX,2025,7,2,94.0,108.66666666666667,61.83102365431616,74.84451293945312,65.0843959756004
JAX,2025,9,2,151.0,87.66666666666667,187.23452872013235,179.5686492919922,185.3180588630973
JAX,2025,10,2,98.0,101.66666666666667,121.9107590484154,121.12508392333984,121.71434026714651
JAX,2025,11,2,192.0,114.33333333333333,218.73436792422106,239.97503662109375,224.04453509843924
JAX,2025,12,2,135.0,147.0,133.12106108876011,123.4235610961914,130.69668609061793
JAX,2025,13,2,73.0,141.66666666666666,109.77771041505787,117.22386169433594,111.63924823487739
JAX,2025,14,2,104.0,133.33333333333334,135.5389481815136,134.36859130859375,135.24635896328363
JAX,2025,15,2,110.0,104.0,135.91425452025072,130.60992431640625,134.5881719692896
JAX,2025,16,2,81.0,95.66666666666667,129.22716738829106,118.06755828857422,126.43726511336186
JAX,2025,17,2,126.0,98.33333333333333,128.95219866377343,123.54127502441406,127.5994677539336
JAX,2025,18,2,66.0,105.66666666666667,98.46551067501134,100.97434997558594,99.092720500155
KC,2025,1,2,98.0,,63.040532256332526,62.7990837097168,62.98017011967859
KC,2025,2,2,121.0,98.0,115.57526489394402,113.0308837890625,114.93916961772365
KC,2025,3,2,108.0,109.5,96.76628811529662,101.30137634277344,97.90006017216582
KC,2025,4,2,121.0,109.0,140.13964366376229,139.900390625,140.0798304040717
KC,2025,5,2,158.0,116.66666666666667,91.69029580951303,92.30865478515625,91.84488555342384
KC,2025,6,2,115.0,129.0,125.78186527969056,117.31985473632812,123.66636264384995
KC,2025,7,2,155.0,131.33333333333334,193.5268765749243,180.24142456054688,190.20551357132996
KC,2025,8,2,149.0,142.66666666666666,133.71037086736408,130.95701599121094,133.0220321483258
KC,2025,9,2,79.0,139.66666666666666,85.13115115649151,83.73662567138672,84.78251978521531
KC,2025,11,2,62.0,127.66666666666667,40.722159004702576,48.011329650878906,42.54445166624666
KC,2025,12,2,148.0,96.66666666666667,194.13876709173337,207.33631896972656,197.43815506123167
KC,2025,13,2,119.0,96.33333333333333,98.78348627867187,104.50100708007812,100.21286647902343
KC,2025,14,2,126.0,109.66666666666667,131.3315729079409,125.9411849975586,129.98397593034534
KC,2025,15,2,49.0,131.0,91.6300819975254,90.09061431884766,91.24521507785596
KC,2025,16,2,51.0,98.0,70.85778318811285,70.1842041015625,70.68938841647525
KC,2025,17,2,82.0,75.33333333333333,77.89448876930607,88.65731048583984,80.58519419843951
KC,2025,18,2,84.0,60.666666666666664,99.14122336654995,91.33924102783203,97.19072778187046
LA,2025,1,2,74.0,,94.40228008272108,95.00305938720703,94.55247490884257
LA,2025,2,2,155.0,74.0,92.70278636939753,87.80084228515625,91.47730034833721
LA,2025,3,2,160.0,114.5,154.4798107150743,147.91891479492188,152.8395867350362
LA,2025,4,2,104.0,129.66666666666666,103.6992608827507,98.29608917236328,102.34846795515385
LA,2025,5,2,78.0,139.66666666666666,77.4722197845357,73.6763687133789,76.5232570167465
LA,2025,6,2,76.0,114.0,89.6500672438736,91.95147705078125,90.22541969560051
LA,2025,7,2,93.0,86.0,113.56733433125292,106.68067169189453,111.84566867141332
LA,2025,9,2,175.0,82.33333333333333,192.3504229639788,188.92311096191406,191.4935949634626
LA,2025,10,2,129.0,114.66666666666667,134.1983997438278,123.43195343017578,131.50678816541478
LA,2025,11,2,119.0,132.33333333333334,93.29084868122179,97.53466796875,94.35180350310384
LA,2025,12,2,70.0,141.0,84.22343368807535,87.51001739501953,85.04507961481139
LA,2025,13,2,153.0,106.0,102.25875349814793,98.00196075439453,101.19455531220957
LA,2025,14,2,253.0,114.0,161.19850252649832,165.90066528320312,162.37404321567453
LA,2025,15,2,159.0,158.66666666666666,137.4646138457316,139.6264190673828,138.0050651511444
LA,2025,16,2,124.0,188.33333333333334,159.0997143773492,177.7655487060547,163.76617295952556
LA,2025,17,2,115.0,178.66666666666666,85.02986862569054,80.61752319335938,83.92678226760775
LA,2025,18,2,146.0,132.66666666666666,111.93346936498683,116.1805419921875,112.995237521787
LAC,2025,1,2,94.0,,82.53409066597051,86.33065032958984,83.48323058187535
LAC,2025,2,2,85.0,94.0,100.99696704534688,107.53838348388672,102.63232115498184
LAC,2025,3,2,106.0,89.5,121.27337853780901,113.11795806884766,119.23452342056868
LAC,2025,4,2,152.0,95.0,58.70208867389747,51.933345794677734,57.00990295409254
LAC,2025,5,2,156.0,114.33333333333333,114.42325599211766,103.72727966308594,111.74926190985973
LAC,2025,6,2,140.0,138.0,99.92558285987742,83.89149475097656,95.91706083265221
LAC,2025,7,2,54.0,149.33333333333334,48.98970250568273,61.86086654663086,52.207493515919765
LAC,2025,8,2,209.0,116.66666666666667,194.96152220632928,190.68002319335938,193.8911474530868
LAC,2025,9,2,132.0,134.33333333333334,124.90808412799984,123.58335876464844,124.576902787162
LAC,2025,10,2,116.0,131.66666666666666,127.25548036508133,123.20380401611328,126.24256127783931
LAC,2025,11,2,43.0,152.33333333333334,61.12981964761521,60.65220642089844,61.01041634093602
LAC,2025,13,2,194.0,97.0,169.81798021115173,186.4493865966797,173.97583180753372
LAC,2025,14,2,169.0,117.66666666666667,182.47238247635494,183.16928100585938,182.64660710873105
LAC,2025,15,2,95.0,135.33333333333334,126.822657873313,122.50117492675781,125.74228713667421
LAC,2025,16,2,154.0,152.66666666666666,132.92288584788156,138.2966766357422,134.2663335448467
LAC,2025,17,2,74.0,139.33333333333334,99.04579169023847,84.29025268554688,95.35690693906557
LAC,2025,18,2,113.0,107.66666666666667,85.57036486273219,79.89234924316406,84.15086095784017
LV,2025,1,2,57.0,,88.60713296550126,83.59761810302734,87.35475424988279
LV,2025,2,2,70.0,57.0,58.65662572531501,76.56019592285156,63.13251827469915
LV,2025,3,2,93.0,63.5,115.05404128985357,116.27891540527344,115.36025981870854
LV,2025,4,2,240.0,73.33333333333333,141.1894041573663,148.1445770263672,142.92819737461653
LV,2025,5,2,106.0,134.33333333333334,102.86679907605964,100.16926574707031,102.1924157438123
LV,2025,6,2,75.0,146.33333333333334,116.24201526117733,123.19640350341797,117.98061232173748
LV,2025,7,2,25.0,140.33333333333334,38.986237389379056,38.72899627685547,38.92192711124816
LV,2025,9,2,57.0,68.66666666666667,77.14876577123606,70.96788024902344,75.6035443906829
LV,2025,10,2,78.0,52.333333333333336,113.64428163726669,106.57884979248047,111.87792367607014
LV,2025,11,2,28.0,53.333333333333336,37.35325991298454,37.853153228759766,37.47823324192835
LV,2025,12,2,60.0,54.333333333333336,90.47763695881298,82.76026153564453,88.54829310302087
LV,2025,13,2,37.0,55.333333333333336,78.44337228216565,70.271728515625,76.40046134053048
LV,2025,14,2,40.0,41.666666666666664,58.67840858973127,48.30738067626953,56.08565161136583
LV,2025,15,2,46.0,45.666666666666664,56.28752123897678,55.14200210571289,56.00114145566081
LV,2025,16,2,145.0,41.0,111.55164449818811,95.61577606201172,107.56767738914401
LV,2025,17,2,63.0,77.0,78.09323659757247,76.04682159423828,77.58163284673893
LV,2025,18,2,115.0,84.66666666666667,136.56550951215482,132.8560028076172,135.63813283602042
MIA,2025,1,2,78.0,,53.90374720296595,46.71393585205078,52.10629436523716
MIA,2025,2,2,61.0,78.0,80.36095622716624,53.47297668457031,73.63896134151726
MIA,2025,3,2,130.0,69.5,105.76194339402113,99.1090087890625,104.09870974278147
MIA,2025,4,2,123.0,89.66666666666667,137.74574599593635,128.3258056640625,135.3907609129679
MIA,2025,5,2,21.0,104.66666666666667,55.57982917692922,51.740020751953125,54.6198770706852
MIA,2025,6,2,137.0,91.33333333333333,97.04151892973498,97.41305541992188,97.1344030522817
MIA,2025,7,2,99.0,93.66666666666667,99.41227073977815,99.95904541015625,99.54896440737268
MIA,2025,8,2,141.0,85.66666666666667,188.16600493384237,186.7006072998047,187.79965552533295
MIA,2025,9,2,87.0,125.66666666666667,86.58552389760119,78.40239715576172,84.53974221214132
MIA,2025,10,2,201.0,109.0,145.55152650013503,148.34759521484375,146.25054367881222
MIA,2025,11,2,169.0,143.0,152.325050235887,161.84002685546875,154.70379439078243
MIA,2025,13,2,166.0,152.33333333333334,133.34366271625254,133.64614868164062,133.41928420759956
MIA,2025,14,2,241.0,178.66666666666666,192.6324892916463,205.77743530273438,195.91872579441832
MIA,2025,15,2,63.0,192.0,89.46392186864398,71.68057250976562,85.01808452892439
MIA,2025,16,2,130.0,156.66666666666666,130.41610383759712,121.49465942382812,128.18574273415487
MIA,2025,17,2,154.0,144.66666666666666,133.06435793926534,127.42000579833984,131.65326990403395
MIA,2025,18,2,63.0,115.66666666666667,106.70364099623994,109.54106903076172,107.41299800487039
MIN,2025,1,2,120.0,,124.2446629294137,117.92072296142578,122.66367793741672
MIN,2025,2,2,78.0,120.0,83.82351633333622,89.091552734375,85.14052543359591
MIN,2025,3,2,169.0,99.0,148.43401312699717,144.48516845703125,147.4468019595057
MIN,2025,4,2,70.0,122.33333333333333,105.04879030656328,94.82233428955078,102.49217630231016
MIN,2025,5,2,98.0,105.66666666666667,112.19288563163128,101.24890899658203,109.45689147286897
MIN,2025,7,2,89.0,112.33333333333333,108.58575386177968,99.86048889160156,106.40443761923515
MIN,2025,8,2,34.0,85.66666666666667,46.28914558927028,50.059967041015625,47.231850952206614
MIN,2025,9,2,147.0,73.66666666666667,119.11670949256643,121.76246643066406,119.77814872709084
MIN,2025,10,2,120.0,90.0,72.15821413003366,72.68010711669922,72.28868737670004
MIN,2025,11,2,115.0,100.33333333333333,96.1844006437329,94.675537109375,95.80718476014343
MIN,2025,12,2,93.0,127.33333333333333,95.99498956780447,94.16181182861328,95.53669513300667
MIN,2025,13,2,67.0,109.33333333333333,50.88221794056715,53.03789138793945,51.421136302410225
MIN,2025,14,2,166.0,91.66666666666667,135.0511600470646,129.70492553710938,133.71460141957579
MIN,2025,15,2,80.0,108.66666666666667,122.35479729811496,120.45630645751953,121.88017458796611
MIN,2025,16,2,117.0,104.33333333333333,123.31482192070203,114.10365295410156,121.01202967905192
MIN,2025,17,2,158.0,121.0,134.9107553280253,132.15243530273438,134.22117532170256
MIN,2025,18,2,137.0,118.33333333333333,140.2084493742107,142.6372528076172,140.81565023256232
NE,2025,1,2,60.0,,63.901365099408046,66.92436981201172,64.65711627755897
NE,2025,2,2,125.0,60.0,112.34089629275138,114.18397521972656,112.80166602449518
NE,2025,3,2,119.0,92.5,130.68383582745219,130.35374450683594,130.60131299729812
NE,2025,4,2,108.0,101.33333333333333,119.45805286013584,121.94129180908203,120.07886259737239
NE,2025,5,2,71.0,117.33333333333333,104.79681904575448,107.78250885009766,105.54324149684027
NE,2025,6,2,77.0,99.33333333333333,131.47219747161918,141.4794158935547,133.97400207710305
NE,2025,7,2,177.0,85.33333333333333,163.41362630199419,167.25494384765625,164.3739556884097
NE,2025,8,2,180.0,108.33333333333333,160.77485131957428,167.8477325439453,162.54307162566704
NE,2025,9,2,113.0,144.66666666666666,128.24265397287982,126.27508544921875,127.75076184196456
NE,2025,10,2,167.0,156.66666666666666,103.51932495637199,106.99090576171875,104.38722015770868
NE,2025,11,2,73.0,153.33333333333334,97.22653936754733,100.7468490600586,98.10661679067515
NE,2025,12,2,108.0,117.66666666666667,127.45280957173142,126.86705017089844,127.30636972152317
NE,2025,13,2,122.0,116.0,132.67694070570982,129.9048309326172,131.98391326243666
NE,2025,15,2,246.0,101.0,119.26758850380115,118.76298522949219,119.1414376852239
NE,2025,16,2,85.0,158.66666666666666,76.292438262957,83.09114837646484,77.99211579133396
NE,2025,17,2,156.0,151.0,175.60381859889793,180.73654174804688,176.88699938618515
NE,2025,18,2,245.0,162.33333333333334,161.97543836391392,171.0586700439453,164.24624628392178
NO,2025,1,2,107.0,,97.82669394120192,95.24330139160156,97.18084580380183
NO,2025,2,2,121.0,107.0,140.6129169860362,128.8153839111328,137.66353371731034
NO,2025,3,2,79.0,114.0,108.9278677316525,109.13825988769531,108.9804657706632
NO,2025,4,2,189.0,102.33333333333333,164.67972984453638,169.74647521972656,165.94641618833393
NO,2025,5,2,90.0,129.66666666666666,122.06494344350094,120.66878509521484,121.7159038564294
NO,2025,6,2,73.0,119.33333333333333,90.18477986250734,93.2456283569336,90.9499919861139
NO,2025,7,2,48.0,117.33333333333333,65.82104942192288,67.15507507324219,66.1545558347527
NO,2025,8,2,51.0,70.33333333333333,40.95976492156788,50.13029479980469,43.25239739112708
NO,2025,9,2,57.0,57.333333333333336,55.16872069067364,53.33815383911133,54.71107897778306
NO,2025,10,2,128.0,52.0,145.8330164837917,149.22085571289062,146.67997629106645
NO,2025,12,2,79.0,78.66666666666667,115.95251517980078,115.31053161621094,115.79201928890332
NO,2025,13,2,82.0,88.0,124.1774712964762,123.12725830078125,123.91491804755246
NO,2025,14,2,143.0,96.33333333333333,129.89328768910767,134.85203552246094,131.132974647446
NO,2025,15,2,86.0,101.33333333333333,106.92711600418276,109.55500030517578,107.58408707943101
NO,2025,16,2,84.0,103.66666666666667,92.42735149016374,96.87641143798828,93.53961647711988
NO,2025,17,2,104.0,104.33333333333333,89.79013424323932,90.22673797607422,89.89928517644805
NO,2025,18,2,108.0,91.33333333333333,95.43875930008376,101.09037780761719,96.85166392696712
NYG,2025,1,2,77.0,,87.4963471728051,82.89256286621094,86.34540109615656
NYG,2025,2,2,87.0,77.0,59.557344843461074,72.84618377685547,62.879554576809674
NYG,2025,3,2,130.0,82.0,127.20047027870206,127.26805114746094,127.21736549589178
NYG,2025,4,2,161.0,98.0,197.6633951718708,204.02903747558594,199.2548057477996
NYG,2025,5,2,136.0,126.0,134.0269490490154,130.96737670898438,133.26205596400763
NYG,2025,6,2,174.0,142.33333333333334,150.50565385755837,151.90638732910156,150.85583722544416
NYG,2025,7,2,119.0,157.0,127.23479466814506,135.680908203125,129.34632305189004
NYG,2025,8,2,69.0,143.0,81.75419218624597,82.52299499511719,81.94639288846378
NYG,2025,9,2,117.0,120.66666666666667,87.01296460313918,93.13311004638672,88.54300096395107
NYG,2025,10,2,169.0,101.66666666666667,134.30523295231683,134.51011657714844,134.35645385852473
NYG,2025,11,2,143.0,118.33333333333333,163.35059339555784,162.66835021972656,163.18003260160003
NYG,2025,12,2,123.0,143.0,170.25841509350275,163.08163452148438,168.46421995049815
NYG,2025,13,2,124.0,145.0,119.61974791650387,120.62740325927734,119.87166175219724
NYG,2025,15,2,146.0,130.0,142.0974455568668,135.15518188476562,140.36187963884151
NYG,2025,16,2,128.0,131.0,158.66433011561975,154.9352264404297,157.73205419682222
NYG,2025,17,2,157.0,132.66666666666666,131.22773909124265,118.6281967163086,128.07785349750912
NYG,2025,18,2,161.0,143.66666666666666,149.10014312875018,149.3371124267578,149.15938545325207
NYJ,2025,1,2,182.0,,192.82928441799146,199.16905212402344,194.41422634449947
NYJ,2025,2,2,110.0,182.0,111.73923882201463,100.62767028808594,108.96134668853246
NYJ,2025,3,2,100.0,146.0,100.02247809812572,103.2693862915039,100.83420514647027
NYJ,2025,4,2,197.0,130.66666666666666,150.3568224727793,153.50535583496094,151.1439558133247
NYJ,2025,5,2,145.0,135.66666666666666,93.54875298077424,92.79837036132812,93.36115732591271
NYJ,2025,6,2,92.0,147.33333333333334,154.38557808436386,157.7945098876953,155.23781103519673
NYJ,2025,7,2,81.0,144.66666666666666,84.6727984974507,81.90882110595703,83.98180414957729
NYJ,2025,8,2,255.0,106.0,184.64763577798942,187.56344604492188,185.37658834472253
NYJ,2025,10,2,136.0,142.66666666666666,161.19869611648207,160.2723846435547,160.96711824825022
NYJ,2025,11,2,140.0,157.33333333333334,129.1551874654737,113.59476470947266,125.26508177647344
NYJ,2025,12,2,78.0,177.0,134.31293855650557,123.72344207763672,131.66556443678837
NYJ,2025,13,2,113.0,118.0,112.9872376768748,108.73210906982422,111.92345552511216
NYJ,2025,14,2,65.0,110.33333333333333,77.56857877161536,75.8640365600586,77.14244321872617
NYJ,2025,15,2,134.0,85.33333333333333,142.31964710712174,138.73204040527344,141.42274543165968
NYJ,2025,16,2,64.0,104.0,93.04294405267419,88.97030639648438,92.02478463862673
NYJ,2025,17,2,164.0,87.66666666666667,121.14979321141607,119.37590789794922,120.70632188304936
NYJ,2025,18,2,69.0,120.66666666666667,98.05732457455125,96.69750213623047,97.71736896497106
PHI,2025,1,2,161.0,,167.5212540798593,167.91893005371094,167.6206730733222
PHI,2025,2,2,124.0,161.0,149.20025946758832,150.6041259765625,149.55122609483186
PHI,2025,3,2,87.0,142.5,126.04838943898066,114.80742645263672,123.23814869239467
PHI,2025,4,2,122.0,124.0,151.50524961285083,154.34974670410156,152.21637388566353
PHI,2025,5,2,46.0,111.0,38.84066879626276,46.942691802978516,40.8661745479417
PHI,2025,6,2,73.0,85.0,99.08426379081413,93.73133850097656,97.74603246835474
PHI,2025,7,2,55.0,80.33333333333333,105.18452117582105,104.17047119140625,104.93100867971735
PHI,2025,8,2,278.0,58.0,155.60937846133197,164.81065368652344,157.90969726762984
PHI,2025,10,2,111.0,135.33333333333334,161.24572383134637,171.09732055664062,163.70862301266993
PHI,2025,11,2,149.0,148.0,173.69588826094895,175.00375366210938,174.02285461123904
PHI,2025,12,2,63.0,179.33333333333334,69.2899403532314,62.396209716796875,67.56650769412278
PHI,2025,13,2,87.0,107.66666666666667,69.34998552532107,68.70767974853516,69.1894090811246
PHI,2025,14,2,135.0,99.66666666666667,95.4991299559689,98.20697021484375,96.17609002068761
PHI,2025,15,2,183.0,95.0,223.29811792343799,237.60186767578125,226.8740553615238
PHI,2025,16,2,209.0,135.0,150.11300006978627,161.55438232421875,152.9733456333944
PHI,2025,17,2,83.0,175.66666666666666,122.13207987609523,121.73338317871094,122.03240570174916
PHI,2025,18,2,80.0,158.33333333333334,84.0691930062506,85.68791198730469,84.47387275151412
PIT,2025,1,2,56.0,,86.30233718929118,86.09586334228516,86.25071872753968
PIT,2025,2,2,72.0,56.0,91.18972843964114,83.7701644897461,89.33483745216738
PIT,2025,3,2,66.0,64.0,92.65369897186886,91.52840423583984,92.37237528786162
PIT,2025,4,2,133.0,64.66666666666667,120.58598596068022,129.28982543945312,122.76194583037345
PIT,2025,6,2,100.0,90.33333333333333,93.04872013036731,88.49862670898438,91.91119677502158
PIT,2025,7,2,147.0,99.66666666666667,90.38500935390611,82.79520416259766,88.487558056079
PIT,2025,8,2,93.0,126.66666666666667,79.22144097375033,72.552490234375,77.5542032889065
PIT,2025,9,2,40.0,113.33333333333333,95.88482162932569,92.64591217041016,95.0750942645968
PIT,2025,10,2,73.0,93.33333333333333,64.57044448797188,64.09645080566406,64.45194606739493
PIT,2025,11,2,112.0,68.66666666666667,117.79049464978765,119.14202880859375,118.12837818948917
PIT,2025,12,2,186.0,75.0,158.11876263870806,155.66697692871094,157.50581621120878
PIT,2025,13,2,58.0,123.66666666666667,77.28509596436186,74.28968048095703,76.53624209351065
PIT,2025,14,2,35.0,118.66666666666667,40.831935984849025,44.91434097290039,41.85253723186187
PIT,2025,15,2,135.0,93.0,140.3649288167997,147.70071411132812,142.19887514043182
PIT,2025,16,2,230.0,76.0,114.87877100321585,115.86361694335938,115.12498248825173
PIT,2025,17,2,131.0,133.33333333333334,121.60610927688832,99.01451873779297,115.95821164211448
PIT,2025,18,2,100.0,165.33333333333334,93.63617842531967,91.97950744628906,93.22201068056202
SEA,2025,1,2,84.0,,115.41191017122843,115.38719177246094,115.40573057153655
SEA,2025,2,2,117.0,84.0,125.64306342924509,124.40341186523438,125.3331505382424
SEA,2025,3,2,88.0,100.5,154.81800257929785,175.6244659423828,160.0196184200691
SEA,2025,4,2,155.0,96.33333333333333,158.81032518999655,166.4903106689453,160.73032155973374
SEA,2025,5,2,122.0,120.0,92.32211578227933,90.53276824951172,91.87477889908743
SEA,2025,6,2,64.0,121.66666666666667,104.3624249358846,107.99678039550781,105.2710138007904
SEA,2025,7,2,120.0,113.66666666666667,148.45708526386372,153.07125854492188,149.61062858412825
SEA,2025,9,2,88.0,102.0,106.78839989927503,120.08432006835938,110.11237994154612
SEA,2025,10,2,204.0,90.66666666666667,196.8639881389808,229.8949432373047,205.12172691356176
SEA,2025,11,2,135.0,137.33333333333334,163.02408513708758,153.32745361328125,160.599927256136
SEA,2025,12,2,115.0,142.33333333333334,92.27930899600719,95.3927993774414,93.05768159136574
SEA,2025,13,2,125.0,151.33333333333334,155.78206447217292,167.53993225097656,158.72153141687383
SEA,2025,14,2,130.0,125.0,110.38253342055647,118.7616958618164,112.47732403087146
SEA,2025,15,2,54.0,123.33333333333333,102.80277864619023,101.26382446289062,102.41804010036533
SEA,2025,16,2,171.0,103.0,124.36525659236008,120.24821472167969,123.33599612468998
SEA,2025,17,2,164.0,118.33333333333333,150.4690248775517,163.53111267089844,153.7345468258884
SEA,2025,18,2,182.0,129.66666666666666,166.3675562971638,175.02272033691406,168.53134730710136
SF,2025,1,2,121.0,,159.26085205233673,154.044921875,157.95686950800254
SF,2025,2,2,84.0,121.0,80.75484372829995,84.79178619384766,81.76407934468688
SF,2025,3,2,74.0,102.5,79.8728019389616,75.85494232177734,78.86833703466553
SF,2025,4,2,83.0,93.0,105.20308604582115,95.27654266357422,102.72145020025943
SF,2025,5,2,75.0,80.33333333333333,129.9305478015605,131.02304077148438,130.20367104404147
SF,2025,6,2,67.0,77.33333333333333,82.93372619624718,88.73045349121094,84.38290801998812
SF,2025,7,2,178.0,75.0,155.5499845424779,154.40370178222656,155.26341385241506
SF,2025,8,2,48.0,106.66666666666667,28.99708350425496,35.5119514465332,30.62580048982452
SF,2025,9,2,164.0,97.66666666666667,161.02062744113564,170.2547149658203,163.32914932230682
SF,2025,10,2,74.0,130.0,100.67696927359177,95.98692321777344,99.50445775963718
SF,2025,11,2,105.0,95.33333333333333,107.84323523338554,93.99159240722656,104.3803245268458
SF,2025,12,2,149.0,114.33333333333333,161.57810130976475,158.3683624267578,160.775666589013
SF,2025,13,2,92.0,109.33333333333333,137.60697920437485,136.28076171875,137.27542483296864
SF,2025,15,2,138.0,115.33333333333333,167.17537089041105,166.51304626464844,167.0097897339704
SF,2025,16,2,148.0,126.33333333333333,112.55389069794302,103.61407470703125,110.31893670021508
SF,2025,17,2,200.0,126.0,152.3284392985479,155.54071044921875,153.1315070862156
SF,2025,18,2,53.0,162.0,47.868455332847404,40.929840087890625,46.133801521608206
TB,2025,1,2,102.0,,98.65596049040428,95.70049285888672,97.9170935825249
TB,2025,2,2,169.0,102.0,149.39684687015506,139.57286071777344,146.94085033205965
TB,2025,3,2,123.0,135.5,163.08162290973755,157.60934448242188,161.71355330290862
TB,2025,4,2,104.0,131.33333333333334,111.66557102215265,103.53164672851562,109.63208994874338
TB,2025,5,2,62.0,132.0,92.74094919352572,92.3764419555664,92.6498223840359
TB,2025,6,2,105.0,96.33333333333333,118.85339911298917,120.02088928222656,119.14527165529852
TB,2025,7,2,42.0,90.33333333333333,15.450870880183402,31.344587326049805,19.424299991650003
TB,2025,8,2,88.0,69.66666666666667,115.30807195149664,120.74717712402344,116.66784824462835
TB,2025,10,2,113.0,78.33333333333333,92.24415807391,95.03861236572266,92.94277164686316
TB,2025,11,2,203.0,81.0,167.21076921694336,162.41146850585938,166.01094403917236
TB,2025,12,2,123.0,134.66666666666666,129.35195222782716,135.0792999267578,130.78378915255982
TB,2025,13,2,99.0,146.33333333333334,104.0351526669065,112.5733642578125,106.169705564633
TB,2025,14,2,179.0,141.66666666666666,187.49635260928986,187.9819793701172,187.6177592994967
TB,2025,15,2,88.0,133.66666666666666,92.85801184588863,89.38854217529297,91.9906444282397
TB,2025,16,2,170.0,122.0,153.9731487291251,158.83206176757812,155.18787698873837
TB,2025,17,2,53.0,145.66666666666666,60.41810681766138,62.07178497314453,60.831526356532166
TB,2025,18,2,144.0,103.66666666666667,195.40181649727623,192.61265563964844,194.70452628286927
TEN,2025,1,2,71.0,,85.92108333598486,82.5159683227539,85.06980458267712
TEN,2025,2,2,109.0,71.0,104.4118697499218,100.72994995117188,103.49138980023432
TEN,2025,3,2,86.0,90.0,79.41296184997671,80.23666381835938,79.61888734207238
TEN,2025,4,2,86.0,88.66666666666667,86.27448624728052,84.39678192138672,85.80506016580708
TEN,2025,5,2,86.0,93.66666666666667,78.07537943517832,77.06315612792969,77.82232360836616
TEN,2025,6,2,65.0,86.0,63.5995871851372,58.98525619506836,62.44600443761999
TEN,2025,7,2,40.0,79.0,46.18182258309318,39.11366653442383,44.41478357092584
TEN,2025,8,2,113.0,63.666666666666664,105.36148168606948,94.70277404785156,102.696804776515
TEN,2025,9,2,88.0,72.66666666666667,82.78298133421669,74.64569854736328,80.74866063750333
TEN,2025,11,2,58.0,80.33333333333333,57.3919378438415,58.1864013671875,57.590553724677996
TEN,2025,12,2,64.0,86.33333333333333,90.33442112660339,90.60893249511719,90.40304896873184
TEN,2025,13,2,68.0,70.0,54.91095194935607,47.85557556152344,53.14710785239791
TEN,2025,14,2,184.0,63.333333333333336,150.63163434295453,146.35069274902344,149.56139894447176
TEN,2025,15,2,143.0,105.33333333333333,97.55901969393362,94.61800384521484,96.82376573175392
TEN,2025,16,2,166.0,131.66666666666666,166.20734022654182,166.88229370117188,166.37607859519932
TEN,2025,17,2,108.0,164.33333333333334,126.99904499907674,115.90101623535156,124.22453780814544
TEN,2025,18,2,77.0,139.0,63.77952383153976,72.86032104492188,66.04972313488528
WAS,2025,1,2,223.0,,136.71146222255857,132.60012817382812,135.68362871037596
WAS,2025,2,2,51.0,223.0,77.58106502210092,83.01739501953125,78.9401475214585
WAS,2025,3,2,201.0,137.0,145.47461244547915,142.5651397705078,144.74724427673632
WAS,2025,4,2,147.0,158.33333333333334,119.8097367251484,110.75798797607422,117.54679953787985
WAS,2025,5,2,163.0,133.0,142.1835038573546,142.148681640625,142.1747983031722
WAS,2025,6,2,126.0,170.33333333333334,152.58978830229307,150.45831298828125,152.05691947379012
WAS,2025,7,2,137.0,145.33333333333334,120.81963333361458,114.41969299316406,119.21964824850195
WAS,2025,8,2,60.0,142.0,91.31322246811612,92.95348358154297,91.72328774647283
WAS,2025,9,2,157.0,107.66666666666667,163.70540943435674,174.23751831054688,166.33843665340427
WAS,2025,10,2,94.0,118.0,122.43372816810782,128.15582275390625,123.86425181455743
WAS,2025,11,2,172.0,103.66666666666667,159.28591278243312,166.61085510253906,161.1171483624596
WAS,2025,13,2,147.0,141.0,142.70316987355335,140.18199157714844,142.0728752994521
WAS,2025,14,2,107.0,137.66666666666666,123.79977421433149,118.58949279785156,122.49720386021151
WAS,2025,15,2,148.0,142.0,172.40782627181414,178.54864501953125,173.9430309587434
WAS,2025,16,2,91.0,134.0,103.40083873010803,104.73699188232422,103.73487701816208
WAS,2025,17,2,140.0,115.33333333333333,75.98842467460048,73.9606704711914,75.48148612374821
WAS,2025,18,2,144.0,126.33333333333333,182.49697651038167,186.9980010986328,183.62223265744444
