{
  "air_yards_norm": {
    "grid": [
      0.0,
      5.2631578947368425,
      10.526315789473685,
      15.789473684210527,
      21.05263157894737,
      26.315789473684212,
      31.578947368421055,
      36.8421052631579,
      42.10526315789474,
      47.36842105263158,
      52.631578947368425,
      57.89473684210527,
      63.15789473684211,
      68.42105263157896,
      73.6842105263158,
      78.94736842105263,
      84.21052631578948,
      89.47368421052633,
      94.73684210526316,
      100.0
    ],
    "predictions": [
      54.664677154141934,
      54.980404448223275,
      55.296131742304624,
      55.61185903638597,
      55.92758633046731,
      56.243313624548655,
      56.55904091863,
      56.874768212711345,
      57.19049550679268,
      57.50622280087402,
      67.1226051908586,
      67.43833248493995,
      67.7540597790213,
      68.06978707310263,
      68.38551436718397,
      68.70124166126531,
      69.01696895534666,
      69.332696249428,
      69.64842354350934,
      74.60000380990316
    ]
  },
  "season_week_pct": {
    "grid": [
      0.0,
      0.05263157894736842,
      0.10526315789473684,
      0.15789473684210525,
      0.21052631578947367,
      0.2631578947368421,
      0.3157894736842105,
      0.3684210526315789,
      0.42105263157894735,
      0.47368421052631576,
      0.5263157894736842,
      0.5789473684210527,
      0.631578947368421,
      0.6842105263157894,
      0.7368421052631579,
      0.7894736842105263,
      0.8421052631578947,
      0.894736842105263,
      0.9473684210526315,
      1.0
    ],
    "predictions": [
      59.94368821268904,
      59.82702941639217,
      59.68064920903775,
      59.5632937252023,
      59.443887495134135,
      59.32406777817501,
      59.20280454131189,
      59.08388123710793,
      58.95991544321525,
      58.86457940947882,
      58.730685845918565,
      58.59792737444664,
      58.45029391065553,
      58.272700341942794,
      58.02533981304631,
      56.24369236078734,
      55.343355566403055,
      55.16905604926575,
      54.864628585751895,
      54.66720049351969
    ]
  },
  "team_rush_attempts_x": {
    "grid": [
      0.0,
      2.9473684210526314,
      5.894736842105263,
      8.842105263157894,
      11.789473684210526,
      14.736842105263158,
      17.684210526315788,
      20.63157894736842,
      23.57894736842105,
      26.52631578947368,
      29.473684210526315,
      32.421052631578945,
      35.368421052631575,
      38.315789473684205,
      41.26315789473684,
      44.21052631578947,
      47.1578947368421,
      50.10526315789473,
      53.05263157894736,
      56.0
    ],
    "predictions": [
      59.597540682927814,
      58.86773602264625,
      58.833712294024174,
      58.773548312087236,
      58.63362211051928,
      58.609859075832375,
      58.56790892347293,
      58.51671951853625,
      58.46638405679506,
      58.597067153567934,
      58.58225253635289,
      58.51844691024435,
      58.509930379685855,
      58.46975478036273,
      58.423923646712154,
      58.386356920553766,
      58.35100408636788,
      58.315495799149,
      58.279947909362164,
      58.24440001957535
    ]
  },
  "air_yards": {
    "grid": [
      -32.0,
      -12.736842105263158,
      6.526315789473685,
      25.789473684210527,
      45.05263157894737,
      64.31578947368422,
      83.57894736842105,
      102.84210526315789,
      122.10526315789474,
      141.3684210526316,
      160.63157894736844,
      179.89473684210526,
      199.1578947368421,
      218.42105263157896,
      237.68421052631578,
      256.94736842105266,
      276.2105263157895,
      295.4736842105263,
      314.7368421052632,
      334.0
    ],
    "predictions": [
      58.49943670736805,
      58.579179015277425,
      59.17096742781867,
      59.482535434881875,
      59.62667346733395,
      59.671355425473486,
      59.777617045102254,
      59.84663562621897,
      59.79479928021753,
      59.81171332800604,
      59.89668959920571,
      59.96703315242708,
      59.942738257287544,
      60.01054738620792,
      60.0614033875303,
      60.14114569543968,
      60.22088800334906,
      60.30063031125845,
      60.380372619167844,
      60.460114927077214
    ]
  },
  "team_points": {
    "grid": [
      0.0,
      3.6842105263157894,
      7.368421052631579,
      11.052631578947368,
      14.736842105263158,
      18.421052631578945,
      22.105263157894736,
      25.789473684210527,
      29.473684210526315,
      33.1578947368421,
      36.84210526315789,
      40.526315789473685,
      44.21052631578947,
      47.89473684210526,
      51.578947368421055,
      55.26315789473684,
      58.94736842105263,
      62.63157894736842,
      66.3157894736842,
      70.0
    ],
    "predictions": [
      58.523662022452015,
      59.367585608394414,
      60.65756919147903,
      62.52397149560584,
      62.21548675964205,
      62.964842027164536,
      61.850608804705274,
      61.155751811744516,
      61.13624724909472,
      61.526551608661975,
      57.79101236292846,
      57.51420081083993,
      56.64258328161836,
      56.68699675400025,
      56.73901115229448,
      56.741827287321,
      56.74510656240783,
      56.74791904707721,
      56.750731531746595,
      56.75354401641597
    ]
  }
}