{
  "air_yards_norm": {
    "grid": [
      0.0,
      5.2631578947368425,
      10.526315789473685,
      15.789473684210527,
      21.05263157894737,
      26.315789473684212,
      31.578947368421055,
      36.8421052631579,
      42.10526315789474,
      47.36842105263158,
      52.631578947368425,
      57.89473684210527,
      63.15789473684211,
      68.42105263157896,
      73.6842105263158,
      78.94736842105263,
      84.21052631578948,
      89.47368421052633,
      94.73684210526316,
      100.0
    ],
    "predictions": [
      61.77636004203134,
      62.15657461751707,
      62.53678919300281,
      62.91700376848855,
      63.29721834397427,
      63.67743291946001,
      64.05764749494574,
      64.43786207043146,
      64.8180766459172,
      65.19829122140293,
      58.07177036132593,
      58.45198493681167,
      58.8321995122974,
      59.21241408778313,
      59.59262866326886,
      59.9728432387546,
      60.35305781424034,
      60.73327238972607,
      61.11348696521179,
      74.10393141404275
    ]
  },
  "team_points": {
    "grid": [
      0.0,
      3.6842105263157894,
      7.368421052631579,
      11.052631578947368,
      14.736842105263158,
      18.421052631578945,
      22.105263157894736,
      25.789473684210527,
      29.473684210526315,
      33.1578947368421,
      36.84210526315789,
      40.526315789473685,
      44.21052631578947,
      47.89473684210526,
      51.578947368421055,
      55.26315789473684,
      58.94736842105263,
      62.63157894736842,
      66.3157894736842,
      70.0
    ],
    "predictions": [
      63.416478577437346,
      63.369865427884534,
      72.6662830933646,
      71.4176077974153,
      70.77683288497784,
      70.7160841055308,
      70.90203467724099,
      71.13462565645779,
      71.40121547878083,
      70.6464832446713,
      70.6323916553513,
      72.27076826973698,
      71.74548603056155,
      71.91852312412689,
      72.07721554861651,
      72.23590797310611,
      72.39460039759574,
      72.55329282208534,
      72.71198524657495,
      72.87067767106457
    ]
  },
  "season_week_pct": {
    "grid": [
      0.0,
      0.05263157894736842,
      0.10526315789473684,
      0.15789473684210525,
      0.21052631578947367,
      0.2631578947368421,
      0.3157894736842105,
      0.3684210526315789,
      0.42105263157894735,
      0.47368421052631576,
      0.5263157894736842,
      0.5789473684210527,
      0.631578947368421,
      0.6842105263157894,
      0.7368421052631579,
      0.7894736842105263,
      0.8421052631578947,
      0.894736842105263,
      0.9473684210526315,
      1.0
    ],
    "predictions": [
      65.38692221690411,
      65.28210256895228,
      65.15385750728728,
      64.87507971357043,
      64.78320933275907,
      64.68361425775497,
      64.59803067545808,
      64.49644271544145,
      64.38688385903662,
      64.14352489976999,
      64.03141882664924,
      63.961094823335806,
      63.72132871034828,
      63.57462133758051,
      62.884475338574944,
      60.57864767740054,
      60.82751843905494,
      60.75668048823208,
      60.56578287048217,
      59.13528615231986
    ]
  },
  "team_yards": {
    "grid": [
      0.0,
      35.578947368421055,
      71.15789473684211,
      106.73684210526316,
      142.31578947368422,
      177.89473684210526,
      213.47368421052633,
      249.0526315789474,
      284.63157894736844,
      320.2105263157895,
      355.7894736842105,
      391.3684210526316,
      426.94736842105266,
      462.5263157894737,
      498.1052631578948,
      533.6842105263158,
      569.2631578947369,
      604.8421052631579,
      640.421052631579,
      676.0
    ],
    "predictions": [
      63.60540380461777,
      63.56533835266651,
      64.44862616656685,
      64.43773012347756,
      64.38674028284795,
      64.36192540437294,
      64.19353962898083,
      64.10631984847807,
      64.08544853487305,
      64.00704375111299,
      63.94470882110489,
      63.93217053500587,
      63.88038005318698,
      63.846880648894704,
      63.63197215444958,
      63.55050146831126,
      63.63206745192928,
      63.55890572826604,
      63.51884027631477,
      63.478774824363505
    ]
  },
  "average_depth_of_target": {
    "grid": [
      -10.0,
      -6.894736842105264,
      -3.7894736842105265,
      -0.6842105263157894,
      2.421052631578947,
      5.526315789473683,
      8.631578947368421,
      11.736842105263158,
      14.842105263157894,
      17.94736842105263,
      21.052631578947366,
      24.157894736842103,
      27.263157894736842,
      30.368421052631575,
      33.473684210526315,
      36.57894736842105,
      39.68421052631579,
      42.78947368421053,
      45.89473684210526,
      49.0
    ],
    "predictions": [
      63.815533945178665,
      63.67778762284235,
      63.54004130050607,
      63.1476847224208,
      67.11989270706353,
      67.13357463026298,
      66.61121346328382,
      66.1105793510379,
      65.762446795269,
      65.62615666684395,
      65.42097684693229,
      64.80816890998634,
      64.75676203263791,
      64.67677683153097,
      64.53903050919467,
      64.40128418685836,
      64.26353786452206,
      64.12579154218577,
      63.98804521984947,
      63.85029889751318
    ]
  }
}