{
  "touch_share_norm": {
    "grid": [
      0.0,
      0.05263157894736842,
      0.10526315789473684,
      0.15789473684210525,
      0.21052631578947367,
      0.2631578947368421,
      0.3157894736842105,
      0.3684210526315789,
      0.42105263157894735,
      0.47368421052631576,
      0.5263157894736842,
      0.5789473684210527,
      0.631578947368421,
      0.6842105263157894,
      0.7368421052631579,
      0.7894736842105263,
      0.8421052631578947,
      0.894736842105263,
      0.9473684210526315,
      1.0
    ],
    "predictions": [
      30.032323897075806,
      30.529183904654072,
      31.386310428621563,
      31.98041770212022,
      32.501690848995565,
      34.20107201176149,
      35.3358539770092,
      37.097083440448436,
      37.81462902981432,
      38.31369550101761,
      40.21895227763459,
      41.5433995479765,
      42.642464365680524,
      43.500367115986066,
      45.013488830969116,
      45.70972994347413,
      46.372940167607354,
      47.316686111312364,
      48.010818482382334,
      49.02256417290009
    ]
  },
  "utilization_score_roll3_mean": {
    "grid": [
      0.0,
      4.328572600243132,
      8.657145200486264,
      12.985717800729397,
      17.314290400972528,
      21.64286300121566,
      25.971435601458793,
      30.300008201701925,
      34.628580801945056,
      38.95715340218819,
      43.28572600243132,
      47.61429860267445,
      51.94287120291759,
      56.271443803160714,
      60.60001640340385,
      64.92858900364698,
      69.25716160389011,
      73.58573420413325,
      77.91430680437638,
      82.24287940461952
    ],
    "predictions": [
      35.80441214426867,
      36.05008766123426,
      36.264902779311356,
      36.46226204056809,
      36.71516354404943,
      37.08760973103018,
      37.29720936252666,
      37.607775798232964,
      38.5565135013202,
      38.999314759239134,
      39.45873654248702,
      39.98854613428617,
      40.440003506077645,
      41.25403540815575,
      41.5933572299237,
      41.97065868396176,
      42.22079778484739,
      42.30759276976161,
      42.4716754814639,
      42.61815735039392
    ]
  },
  "season_week_pct": {
    "grid": [
      0.0,
      0.05263157894736842,
      0.10526315789473684,
      0.15789473684210525,
      0.21052631578947367,
      0.2631578947368421,
      0.3157894736842105,
      0.3684210526315789,
      0.42105263157894735,
      0.47368421052631576,
      0.5263157894736842,
      0.5789473684210527,
      0.631578947368421,
      0.6842105263157894,
      0.7368421052631579,
      0.7894736842105263,
      0.8421052631578947,
      0.894736842105263,
      0.9473684210526315,
      1.0
    ],
    "predictions": [
      38.117604327565004,
      38.33928800096334,
      38.47351395484048,
      38.622896979272795,
      38.77171779379082,
      38.94290174034121,
      39.093211546616956,
      39.23526834077706,
      39.39612041773488,
      39.548912854625954,
      39.69216587747838,
      39.86488799382098,
      40.20974683451997,
      41.08594839635337,
      41.395382021317346,
      45.63633100043643,
      45.72788385431815,
      45.82901547715742,
      45.96607530107847,
      46.13103100710572
    ]
  },
  "weighted_opportunities": {
    "grid": [
      0.0,
      4.2631578947368425,
      8.526315789473685,
      12.789473684210527,
      17.05263157894737,
      21.315789473684212,
      25.578947368421055,
      29.842105263157897,
      34.10526315789474,
      38.36842105263158,
      42.631578947368425,
      46.89473684210527,
      51.15789473684211,
      55.42105263157895,
      59.684210526315795,
      63.94736842105264,
      68.21052631578948,
      72.47368421052633,
      76.73684210526316,
      81.0
    ],
    "predictions": [
      39.45377831147732,
      39.53790903770988,
      39.6112941658607,
      39.63172766897263,
      39.72978991345808,
      39.84053941989569,
      40.00827469315533,
      40.090258212967015,
      40.16142592151033,
      40.224808875422035,
      40.32152529665085,
      40.34790740852471,
      40.41422631141718,
      40.48670776444071,
      40.597070057790425,
      40.651914783984,
      40.69750478646149,
      40.76620142200828,
      40.838037028924575,
      40.91098918028443
    ]
  },
  "is_workhorse_rb": {
    "grid": [
      0.0,
      0.05263157894736842,
      0.10526315789473684,
      0.15789473684210525,
      0.21052631578947367,
      0.2631578947368421,
      0.3157894736842105,
      0.3684210526315789,
      0.42105263157894735,
      0.47368421052631576,
      0.5263157894736842,
      0.5789473684210527,
      0.631578947368421,
      0.6842105263157894,
      0.7368421052631579,
      0.7894736842105263,
      0.8421052631578947,
      0.894736842105263,
      0.9473684210526315,
      1.0
    ],
    "predictions": [
      39.87434224736715,
      39.90009201117041,
      39.92584177497367,
      39.951591538776924,
      39.977341302580186,
      40.00309106638345,
      40.02884083018672,
      40.054590593989964,
      40.080340357793226,
      40.10609012159649,
      40.137779291849654,
      40.163529055652916,
      40.18927881945617,
      40.21502858325944,
      40.240778347062694,
      40.26652811086595,
      40.29227787466921,
      40.31802763847247,
      40.34377740227573,
      40.36924079203505
    ]
  }
}