{
  "play_volume_norm": {
    "grid": [
      0.0,
      5.2631578947368425,
      10.526315789473685,
      15.789473684210527,
      21.05263157894737,
      26.315789473684212,
      31.578947368421055,
      36.8421052631579,
      42.10526315789474,
      47.36842105263158,
      52.631578947368425,
      57.89473684210527,
      63.15789473684211,
      68.42105263157896,
      73.6842105263158,
      78.94736842105263,
      84.21052631578948,
      89.47368421052633,
      94.73684210526316,
      100.0
    ],
    "predictions": [
      11.471923934832134,
      11.572629284331533,
      11.640127231107806,
      11.690015486042624,
      11.758035757820915,
      11.951845669840633,
      12.077141158057232,
      12.613071349628873,
      13.01563039719135,
      13.048353531066086,
      13.122310735614816,
      13.185856134178124,
      13.270216460379897,
      13.30566711005516,
      13.328982990174916,
      13.388943507772671,
      13.431972810817937,
      13.47192707009602,
      13.527954327063249,
      13.599158346403886
    ]
  },
  "fantasy_points_roll3_mean": {
    "grid": [
      -2.7,
      -0.5421052631578953,
      1.6157894736842096,
      3.773684210526315,
      5.931578947368419,
      8.089473684210525,
      10.24736842105263,
      12.405263157894733,
      14.56315789473684,
      16.721052631578946,
      18.87894736842105,
      21.036842105263155,
      23.19473684210526,
      25.352631578947364,
      27.51052631578947,
      29.668421052631576,
      31.82631578947368,
      33.98421052631578,
      36.14210526315789,
      38.29999999999999
    ],
    "predictions": [
      12.213762127106376,
      12.198456605794695,
      12.190853585126078,
      12.240504939843115,
      12.304387168187166,
      12.369819055227175,
      12.530379952877936,
      12.790085210103992,
      13.439233471605908,
      13.710583593633784,
      13.957213262473198,
      14.077966376713425,
      14.15624205175536,
      14.158000075687,
      14.228286281767172,
      14.262971202050567,
      14.298168046183967,
      14.301792395462614,
      14.317197793541805,
      14.332818849330197
    ]
  },
  "passing_yards": {
    "grid": [
      -7.0,
      21.105263157894736,
      49.21052631578947,
      77.3157894736842,
      105.42105263157895,
      133.52631578947367,
      161.6315789473684,
      189.73684210526315,
      217.8421052631579,
      245.94736842105263,
      274.05263157894734,
      302.1578947368421,
      330.2631578947368,
      358.36842105263156,
      386.4736842105263,
      414.57894736842104,
      442.6842105263158,
      470.7894736842105,
      498.89473684210526,
      527.0
    ],
    "predictions": [
      12.071460904286724,
      12.233784274475738,
      12.307958051897163,
      12.679153997710703,
      12.973711401535567,
      13.046601636218853,
      13.156727146564336,
      13.178927353179713,
      13.186090936281568,
      13.177941030295893,
      13.187619569039734,
      13.196016785185808,
      13.22149635213087,
      13.24028350184332,
      13.26251686419167,
      13.219428602844337,
      13.230875123952401,
      13.26780520669348,
      13.26378180813734,
      13.259677974268904
    ]
  },
  "boom_rate_roll8": {
    "grid": [
      0.0,
      0.05263157894736842,
      0.10526315789473684,
      0.15789473684210525,
      0.21052631578947367,
      0.2631578947368421,
      0.3157894736842105,
      0.3684210526315789,
      0.42105263157894735,
      0.47368421052631576,
      0.5263157894736842,
      0.5789473684210527,
      0.631578947368421,
      0.6842105263157894,
      0.7368421052631579,
      0.7894736842105263,
      0.8421052631578947,
      0.894736842105263,
      0.9473684210526315,
      1.0
    ],
    "predictions": [
      12.564792046727922,
      12.600862046984473,
      12.703288902720612,
      12.733119832263478,
      12.78656863521692,
      12.834774150371603,
      13.043981285778457,
      13.179875640694005,
      13.270355280269856,
      13.507479797732485,
      13.526311944657698,
      13.598654235224597,
      13.650986720441836,
      13.704635866542873,
      13.77450602469964,
      13.806902264353065,
      13.846104109780761,
      13.914636344728182,
      13.95854434951556,
      13.997347911471236
    ]
  },
  "season_week_pct": {
    "grid": [
      0.0,
      0.05263157894736842,
      0.10526315789473684,
      0.15789473684210525,
      0.21052631578947367,
      0.2631578947368421,
      0.3157894736842105,
      0.3684210526315789,
      0.42105263157894735,
      0.47368421052631576,
      0.5263157894736842,
      0.5789473684210527,
      0.631578947368421,
      0.6842105263157894,
      0.7368421052631579,
      0.7894736842105263,
      0.8421052631578947,
      0.894736842105263,
      0.9473684210526315,
      1.0
    ],
    "predictions": [
      13.816229966177064,
      13.703390241235242,
      13.587206132476483,
      13.54106517925027,
      13.431468767213307,
      13.334479349971996,
      13.244258245909108,
      13.1416151121234,
      13.081762768490142,
      13.007968622013175,
      12.93464646732589,
      12.868556744141806,
      12.809020842381626,
      12.68539454006942,
      12.544368987529229,
      10.33770342614335,
      10.27080058706588,
      10.15424871948697,
      10.061922806990886,
      9.988957437150425
    ]
  }
}