{
  "timestamp": "2026-02-15T15:32:17.926119",
  "train_seasons": [
    2006,
    2007,
    2008,
    2009,
    2010,
    2011,
    2012,
    2013,
    2014,
    2015,
    2016,
    2017,
    2018,
    2019,
    2020,
    2021,
    2022,
    2023,
    2024
  ],
  "test_season": 2025,
  "backtest_results": {
    "QB": {
      "rmse": 6.92,
      "mae": 5.63,
      "r2": 0.135,
      "mape": 80.7,
      "correlation": 0.418,
      "directional_accuracy_pct": 64.3,
      "within_3_pts_pct": 30.0,
      "within_5_pts_pct": 51.6,
      "within_7_pts_pct": 68.9,
      "within_10_pts_pct": 85.4,
      "spearman_rho": -0.025,
      "tier_classification_accuracy": 0.325,
      "boom_bust": {
        "boom_prevalence": 0.14937106918238993,
        "bust_prevalence": 0.1761006289308176,
        "boom_precision": 0.3,
        "boom_recall": 0.031578947368421054,
        "boom_f1": 0.05714285714285715,
        "bust_precision": 0.4230769230769231,
        "bust_recall": 0.09821428571428571,
        "bust_f1": 0.15942028985507245
      },
      "vor_rank_correlation": 0.42,
      "mae_rmse_ratio": 0.813,
      "spearman_top50": -0.025
    },
    "WR": {
      "rmse": 10.37,
      "mae": 8.55,
      "r2": -1.357,
      "mape": 182.2,
      "correlation": 0.266,
      "directional_accuracy_pct": 49.6,
      "within_3_pts_pct": 20.6,
      "within_5_pts_pct": 32.6,
      "within_7_pts_pct": 45.7,
      "within_10_pts_pct": 61.8,
      "spearman_rho": 0.248,
      "tier_classification_accuracy": 0.259,
      "boom_bust": {
        "boom_prevalence": 0.06099033816425121,
        "bust_prevalence": 0.4399154589371981,
        "boom_precision": 0.14092664092664092,
        "boom_recall": 0.3613861386138614,
        "boom_f1": 0.2027777777777778,
        "bust_precision": 0.5565891472868217,
        "bust_recall": 0.24639670555936857,
        "bust_f1": 0.3415794481446242
      },
      "vor_rank_correlation": 0.236,
      "mae_rmse_ratio": 0.824,
      "spearman_top50": 0.248
    },
    "TE": {
      "rmse": 8.53,
      "mae": 7.07,
      "r2": -1.191,
      "mape": 164.8,
      "correlation": 0.179,
      "directional_accuracy_pct": 46.9,
      "within_3_pts_pct": 21.2,
      "within_5_pts_pct": 37.5,
      "within_7_pts_pct": 54.2,
      "within_10_pts_pct": 77.2,
      "spearman_rho": 0.102,
      "tier_classification_accuracy": 0.217,
      "boom_bust": {
        "boom_prevalence": 0.04289544235924933,
        "bust_prevalence": 0.4584450402144772,
        "boom_precision": 0.12,
        "boom_recall": 0.1875,
        "boom_f1": 0.14634146341463414,
        "bust_precision": 0.25,
        "bust_recall": 0.005847953216374269,
        "bust_f1": 0.011428571428571429
      },
      "vor_rank_correlation": 0.175,
      "mae_rmse_ratio": 0.829,
      "spearman_top50": 0.102
    },
    "RB": {
      "rmse": 8.17,
      "mae": 5.93,
      "r2": 0.009,
      "mape": 75.2,
      "correlation": 0.377,
      "directional_accuracy_pct": 66.3,
      "within_3_pts_pct": 37.9,
      "within_5_pts_pct": 55.4,
      "within_7_pts_pct": 69.9,
      "within_10_pts_pct": 82.3,
      "spearman_rho": -0.182,
      "tier_classification_accuracy": 0.4,
      "boom_bust": {
        "boom_prevalence": 0.10899653979238755,
        "bust_prevalence": 0.29325259515570934,
        "boom_precision": 0.23529411764705882,
        "boom_recall": 0.09523809523809523,
        "boom_f1": 0.13559322033898302,
        "bust_precision": 0.49444444444444446,
        "bust_recall": 0.5250737463126843,
        "bust_f1": 0.5092989985693848
      },
      "vor_rank_correlation": 0.414,
      "mae_rmse_ratio": 0.726,
      "spearman_top50": -0.182
    }
  },
  "success_criteria": {
    "spearman_rho": 0.188,
    "spearman_gt_065": false,
    "mape": 146.7,
    "mape_lt_25": "False",
    "within_7_pts_pct": 54.1,
    "within_7_pts_pct_ge_70": "False",
    "within_10_pts_pct": 69.9,
    "within_10_pts_pct_ge_80": "False",
    "tier_accuracy": 0.293,
    "tier_accuracy_ge_075": false,
    "beat_all_baselines_by_20_pct": "False",
    "beat_all_baselines_by_25_pct": "False",
    "beat_primary_baseline_by_25_pct": "False",
    "position_benchmarks": {
      "QB": {
        "rmse_target": 7.5,
        "rmse_actual": 6.92,
        "rmse_pass": "True",
        "r2_target": 0.5,
        "r2_actual": 0.135,
        "r2_pass": "False",
        "mape_target": 25.0,
        "mape_actual": 80.7,
        "mape_pass": "False"
      },
      "WR": {
        "rmse_target": 8.0,
        "rmse_actual": 10.37,
        "rmse_pass": "False",
        "r2_target": 0.5,
        "r2_actual": -1.357,
        "r2_pass": "False",
        "mape_target": 25.0,
        "mape_actual": 182.2,
        "mape_pass": "False"
      },
      "TE": {
        "rmse_target": 7.0,
        "rmse_actual": 8.53,
        "rmse_pass": "False",
        "r2_target": 0.5,
        "r2_actual": -1.191,
        "r2_pass": "False",
        "mape_target": 25.0,
        "mape_actual": 164.8,
        "mape_pass": "False"
      },
      "RB": {
        "rmse_target": 8.5,
        "rmse_actual": 8.17,
        "rmse_pass": "True",
        "r2_target": 0.5,
        "r2_actual": 0.009,
        "r2_pass": "False",
        "mape_target": 25.0,
        "mape_actual": 75.2,
        "mape_pass": "False"
      }
    },
    "all_positions_meet_rmse": false,
    "all_positions_meet_r2": false,
    "avg_weekly_rmse": 9.44,
    "max_weekly_rmse": 10.39,
    "season_stability_ok": "True",
    "max_degradation_pct": 10.1,
    "confidence_band_coverage_10pt": 79.58736534599234,
    "confidence_band_target_882": false,
    "mae_rmse_ratio": 0.798,
    "mae_rmse_healthy": "True",
    "pred_std": 6.95,
    "actual_std": 7.29,
    "prediction_variance_ratio": 0.953,
    "prediction_variance_ok": true,
    "prediction_speed_ok": null,
    "boom_f1": 0.17449664429530204,
    "bust_f1": 0.3526011560693641,
    "boom_prevalence": 0.08015336863246303,
    "bust_prevalence": 0.37958736534599236,
    "accuracy_passed": 0,
    "accuracy_total": 4,
    "reliability_passed": 0,
    "reliability_total": 3,
    "all_criteria_met": false
  },
  "multiple_baseline_comparison": {
    "model": {
      "rmse": 9.47,
      "mae": 7.56
    },
    "baseline_persistence": {
      "rmse": 8.28,
      "mae": 6.07,
      "beat_by_20_pct": "False",
      "beat_by_25_pct": "False",
      "improvement_pct": -14.4
    },
    "baseline_season_avg": {
      "rmse": 6.86,
      "mae": 5.16,
      "beat_by_20_pct": "False",
      "beat_by_25_pct": "False",
      "improvement_pct": -37.9
    },
    "baseline_position_avg": {
      "rmse": 7.05,
      "mae": 5.25,
      "beat_by_20_pct": "False",
      "beat_by_25_pct": "False",
      "improvement_pct": -34.4
    },
    "model_beats_all_by_20_pct": "False",
    "model_beats_all_by_25_pct": "False",
    "status": {
      "pass_20pct_gate": "False",
      "pass_25pct_gate": "False",
      "primary_baseline": "season_avg",
      "pass_primary_25pct_gate": "False"
    }
  },
  "model_drift": {
    "previous_rmse": 11.67,
    "current_rmse": 9.47,
    "drift_pct": -18.9,
    "drift_threshold_pct": 20.0,
    "degradation_exceeds_threshold": "False"
  },
  "confidence_band_coverage_10pt": 79.58736534599234
}