season,week,player_id,name,position,team,predicted,actual,is_active,prediction_timestamp,variant
2024,1,00-0030578,C.Patterson,RB,PIT,1.619396026251862,1.3,1,2026-09-17T22:42:15.070668,B
2024,1,00-0031687,R.Mostert,RB,MIA,11.767246352411025,3.9,1,2026-09-17T22:42:15.070668,B
2024,1,00-0032764,D.Henry,RB,BAL,11.011211299452835,10.6,1,2026-09-17T22:42:15.070668,B
2024,1,00-0033045,E.Elliott,RB,DAL,13.842897966347088,12.9,1,2026-09-17T22:42:15.070668,B
2024,1,00-0033293,A.Jones,RB,MIN,13.86731203820479,18.9,1,2026-09-17T22:42:15.070668,B
2024,1,00-0033526,S.Perine,RB,KC,4.650393313012456,2.0,1,2026-09-17T22:42:15.070668,B
2024,1,00-0033553,J.Conner,RB,ARI,14.495287240833031,19.3,1,2026-09-17T22:42:15.070668,B
2024,1,00-0033699,A.Ekeler,RB,WAS,11.740875201780735,10.2,1,2026-09-17T22:42:15.070668,B
2024,1,00-0033854,D.Ogunbowale,RB,HOU,1.7779758027608983,1.3,1,2026-09-17T22:42:15.070668,B
2024,1,00-0033897,J.Mixon,RB,HOU,12.125769008092472,26.8,1,2026-09-17T22:42:15.070668,B
2024,1,00-0033906,A.Kamara,RB,NO,13.330479666051602,22.0,1,2026-09-17T22:42:15.070668,B
2024,1,00-0033925,D.Foreman,RB,CLE,4.762631472840384,0.0,1,2026-09-17T22:42:15.070668,B
2024,1,00-0033948,J.Williams,RB,NO,9.11278908892621,12.1,1,2026-09-17T22:42:15.070668,B
2024,1,00-0034115,J.Wilson,RB,MIA,6.285549891154949,2.6,1,2026-09-17T22:42:15.070668,B
2024,1,00-0034184,G.Edwards,RB,LAC,5.5660462389844385,3.8,1,2026-09-17T22:42:15.070668,B
2024,1,00-0034208,M.Boone,RB,CAR,0.5812678355063383,0.7,1,2026-09-17T22:42:15.070668,B
2024,1,00-0034844,S.Barkley,RB,PHI,15.174198069878889,33.2,1,2026-09-17T22:42:15.070668,B
2024,1,00-0034972,A.Mattison,RB,LV,4.3012446349090725,16.2,1,2026-09-17T22:42:15.070668,B
2024,1,00-0034975,J.Hill,RB,BAL,11.718649516735312,11.5,1,2026-09-17T22:42:15.070668,B
2024,1,00-0035243,M.Sanders,RB,CAR,4.185341284407794,2.2,1,2026-09-17T22:42:15.070668,B
2024,1,00-0035250,D.Singletary,RB,NYG,11.635464710964916,9.2,1,2026-09-17T22:42:15.070668,B
2024,1,00-0035261,T.Pollard,RB,TEN,12.531361312947542,18.4,1,2026-09-17T22:42:15.070668,B
2024,1,00-0035311,M.Gaskin,RB,MIN,3.5796038832958015,-0.3,1,2026-09-17T22:42:15.070668,B
2024,1,00-0035537,T.Johnson,RB,BUF,5.128836500225301,0.7,1,2026-09-17T22:42:15.070668,B
2024,1,00-0035594,T.Homer,RB,CHI,0.6377660475678351,1.0,1,2026-09-17T22:42:15.070668,B
2024,1,00-0035685,D.Montgomery,RB,DET,12.391680742317499,16.3,1,2026-09-17T22:42:15.070668,B
2024,1,00-0035700,J.Jacobs,RB,GB,13.272314679352489,12.4,1,2026-09-17T22:42:15.070668,B
2024,1,00-0036139,R.Dowdle,RB,DAL,5.137428754250433,4.2,1,2026-09-17T22:42:15.070668,B
2024,1,00-0036158,J.Dobbins,RB,LAC,11.227726333405595,22.9,1,2026-09-17T22:42:15.070668,B
2024,1,00-0036223,J.Taylor,RB,IND,15.508095355006066,10.8,1,2026-09-17T22:42:15.070668,B
2024,1,00-0036251,Z.Moss,RB,CIN,5.592282373384286,14.1,1,2026-09-17T22:42:15.070668,B
2024,1,00-0036275,D.Swift,RB,CHI,11.482559918244513,5.0,1,2026-09-17T22:42:15.070668,B
2024,1,00-0036328,A.Gibson,RB,NE,7.6351043424408775,1.8,1,2026-09-17T22:42:15.070668,B
2024,1,00-0036425,D.Dallas,RB,ARI,-1.6650795746962057,0.0,1,2026-09-17T22:42:15.070668,B
2024,1,00-0036555,C.Hubbard,RB,CAR,13.375571128543548,1.4,1,2026-09-17T22:42:15.070668,B
2024,1,00-0036875,R.Stevenson,RB,NE,12.246861222898014,21.6,1,2026-09-17T22:42:15.070668,B
2024,1,00-0036893,N.Harris,RB,PIT,15.105802865924403,8.9,1,2026-09-17T22:42:15.070668,B
2024,1,00-0036906,K.Herbert,RB,CHI,12.568717185392096,0.4,1,2026-09-17T22:42:15.070668,B
2024,1,00-0036919,K.Gainwell,RB,PHI,5.179459180622271,2.2,1,2026-09-17T22:42:15.070668,B
2024,1,00-0036973,T.Etienne,RB,JAX,13.92596135332212,11.9,1,2026-09-17T22:42:15.070668,B
2024,1,00-0036984,T.Sermon,RB,IND,5.706352530565951,0.0,1,2026-09-17T22:42:15.070668,B
2024,1,00-0036997,J.Williams,RB,DEN,11.855054179664934,3.3,1,2026-09-17T22:42:15.070668,B
2024,1,00-0037197,I.Pacheco,RB,KC,15.87268413514785,15.8,1,2026-09-17T22:42:15.070668,B
2024,1,00-0037228,J.Warren,RB,PIT,10.793890570164683,4.0,1,2026-09-17T22:42:15.070668,B
2024,1,00-0037248,J.Cook,RB,BUF,12.865728819728012,13.3,1,2026-09-17T22:42:15.070668,B
2024,1,00-0037256,R.White,RB,TB,14.017791248364126,16.6,1,2026-09-17T22:42:15.070668,B
2024,1,00-0037258,D.Pierce,RB,HOU,5.912414489246332,1.6,1,2026-09-17T22:42:15.070668,B
2024,1,00-0037263,T.Allgeier,RB,ATL,7.712457391572129,2.1,1,2026-09-17T22:42:15.070668,B
2024,1,00-0037267,J.Ford,RB,CLE,10.492880247006635,18.9,1,2026-09-17T22:42:15.070668,B
2024,1,00-0037276,T.Chandler,RB,MIN,8.622412313436259,7.2,1,2026-09-17T22:42:15.070668,B
2024,1,00-0037304,C.Heyward,RB,PIT,1.2844797289600187,0.0,1,2026-09-17T22:42:15.070668,B
2024,1,00-0037525,J.Mason,RB,SF,7.6370351359010655,22.2,1,2026-09-17T22:42:15.070668,B
2024,1,00-0037557,R.Rivers,RB,LA,6.715765093960712,1.6,1,2026-09-17T22:42:15.070668,B
2024,1,00-0037745,V.Jones,RB,CHI,2.956604992399398,2.9,1,2026-09-17T22:42:15.070668,B
2024,1,00-0037746,Br.Robinson,RB,WAS,10.261432741044086,17.9,1,2026-09-17T22:42:15.070668,B
2024,1,00-0037840,K.Williams,RB,LA,14.110216718767097,14.4,1,2026-09-17T22:42:15.070668,B
2024,1,00-0038040,Z.White,RB,LV,13.45248940093214,4.6,1,2026-09-17T22:42:15.070668,B
2024,1,00-0038098,P.Strong,RB,CLE,7.38124667141464,5.0,1,2026-09-17T22:42:15.070668,B
2024,1,00-0038120,B.Hall,RB,NYJ,21.149425544251663,18.3,1,2026-09-17T22:42:15.070668,B
2024,1,00-0038134,K.Walker,RB,SEA,13.714316924340597,18.9,1,2026-09-17T22:42:15.070668,B
2024,1,00-0038396,E.Gray,RB,NYG,3.796275244757802,2.5,1,2026-09-17T22:42:15.070668,B
2024,1,00-0038542,Bi.Robinson,RB,ATL,17.928905291398042,16.1,1,2026-09-17T22:42:15.070668,B
2024,1,00-0038555,T.Bigsby,RB,JAX,3.1254739436319277,7.3,1,2026-09-17T22:42:15.070668,B
2024,1,00-0038597,C.Brown,RB,CIN,7.787870920596067,5.3,1,2026-09-17T22:42:15.070668,B
2024,1,00-0038622,D.Vaughn,RB,DAL,2.062800300488953,0.4,1,2026-09-17T22:42:15.070668,B
2024,1,00-0038678,J.Mims,RB,NO,3.3874670973689565,1.1,1,2026-09-17T22:42:15.070668,B
2024,1,00-0038705,E.Demercado,RB,ARI,2.528127330089947,4.6,1,2026-09-17T22:42:15.070668,B
2024,1,00-0038738,H.Luepke,RB,DAL,0.7862762432289871,0.0,1,2026-09-17T22:42:15.070668,B
2024,1,00-0038794,J.McLaughlin,RB,DEN,4.913902689411232,5.8,1,2026-09-17T22:42:15.070668,B
2024,1,00-0038797,E.Wilson,RB,GB,3.148611746636491,6.8,1,2026-09-17T22:42:15.070668,B
2024,1,00-0038951,S.Tucker,RB,TB,2.2070113869080235,0.0,1,2026-09-17T22:42:15.070668,B
2024,1,00-0039032,T.Spears,RB,TEN,7.901832492675211,7.2,1,2026-09-17T22:42:15.070668,B
2024,1,00-0039040,D.Achane,RB,MIA,14.39627637796718,23.0,1,2026-09-17T22:42:15.070668,B
2024,1,00-0039139,J.Gibbs,RB,DET,14.375467715902818,17.4,1,2026-09-17T22:42:15.070668,B
2024,1,00-0039165,Z.Charbonnet,RB,SEA,7.382212924785946,12.1,1,2026-09-17T22:42:15.070668,B
2024,1,00-0039325,C.Steele,RB,KC,5.444205789619417,0.3,1,2026-09-17T22:42:15.070668,B
2024,1,00-0039361,B.Irving,RB,TB,4.80052846190562,9.6,1,2026-09-17T22:42:15.070668,B
2024,1,00-0039363,I.Guerendo,RB,SF,5.035554374783665,0.0,1,2026-09-17T22:42:15.070668,B
2024,1,00-0039364,S.Vaki,RB,DET,4.551719618906596,0.0,1,2026-09-17T22:42:15.070668,B
2024,1,00-0039373,A.Estime,RB,DEN,1.8927087634734274,1.4,1,2026-09-17T22:42:15.070668,B
2024,1,00-0039384,T.Tracy,RB,NYG,3.417798908566467,1.7,1,2026-09-17T22:42:15.070668,B
2024,1,00-0039746,W.Shipley,RB,PHI,2.2273182083137257,0.0,1,2026-09-17T22:42:15.070668,B
2024,1,00-0039794,B.Allen,RB,NYJ,2.8496242156123293,2.7,1,2026-09-17T22:42:15.070668,B
2024,1,00-0039875,R.Davis,RB,BUF,3.6724675956948873,3.7,1,2026-09-17T22:42:15.070668,B
2024,1,00-0039921,T.Benson,RB,ARI,4.3198384550601565,2.8,1,2026-09-17T22:42:15.070668,B
2024,1,00-0030035,A.Thielen,WR,CAR,10.638861140196992,7.9,1,2026-09-17T22:42:15.070668,B
2024,1,00-0030279,K.Allen,WR,CHI,15.782081149632285,6.9,1,2026-09-17T22:42:15.070668,B
2024,1,00-0030431,R.Woods,WR,HOU,6.06052825233826,0.0,1,2026-09-17T22:42:15.070668,B
2024,1,00-0030564,D.Hopkins,WR,TEN,12.418110963646551,1.8,1,2026-09-17T22:42:15.070668,B
2024,1,00-0031236,B.Cooks,WR,DAL,11.743871782569046,14.5,1,2026-09-17T22:42:15.070668,B
2024,1,00-0031381,D.Adams,WR,LV,16.626149845927127,10.9,1,2026-09-17T22:42:15.070668,B
2024,1,00-0031408,M.Evans,WR,TB,15.034102960114584,23.1,1,2026-09-17T22:42:15.070668,B
2024,1,00-0031544,A.Cooper,WR,CLE,16.401616807459465,3.6,1,2026-09-17T22:42:15.070668,B
2024,1,00-0031549,N.Agholor,WR,BAL,6.25900799175935,1.6,1,2026-09-17T22:42:15.070668,B
2024,1,00-0031588,S.Diggs,WR,HOU,13.522881428090454,21.9,1,2026-09-17T22:42:15.070668,B
2024,1,00-0031763,D.Carter,WR,CHI,-1.1529973853978417,1.6,1,2026-09-17T22:42:15.070668,B
2024,1,00-0031941,J.Crowder,WR,WAS,1.00363676193823,1.5,1,2026-09-17T22:42:15.070668,B
2024,1,00-0032128,C.Conley,WR,SF,2.2723118862274285,0.0,1,2026-09-17T22:42:15.070668,B
2024,1,00-0032211,T.Lockett,WR,SEA,11.238993652332722,13.7,1,2026-09-17T22:42:15.070668,B
2024,1,00-0032398,C.Moore,WR,ARI,1.9991203527492853,0.0,1,2026-09-17T22:42:15.070668,B
2024,1,00-0032464,K.Raymond,WR,DET,4.488152115278166,1.2,1,2026-09-17T22:42:15.070668,B
2024,1,00-0032688,R.Chosen,WR,MIA,-1.0950247368914914,0.0,1,2026-09-17T22:42:15.070668,B
2024,1,00-0032775,D.Robinson,WR,LA,7.331050877449265,8.2,1,2026-09-17T22:42:15.070668,B
2024,1,00-0033009,T.Boyd,WR,TEN,5.080918985325766,4.8,1,2026-09-17T22:42:15.070668,B
2024,1,00-0033040,T.Hill,WR,MIA,16.04451981931674,26.0,1,2026-09-17T22:42:15.070668,B
2024,1,00-0033251,Z.Pascal,WR,ARI,-0.6222919956952682,0.0,1,2026-09-17T22:42:15.070668,B
2024,1,00-0033282,C.Samuel,WR,BUF,8.674960399367423,3.5,1,2026-09-17T22:42:15.070668,B
2024,1,00-0033536,M.Williams,WR,NYJ,12.543720248123496,0.0,1,2026-09-17T22:42:15.070668,B
2024,1,00-0033555,M.Hollins,WR,BUF,0.8975976274261583,10.5,1,2026-09-17T22:42:15.070668,B
2024,1,00-0033589,D.Moore,WR,CAR,1.4016172397833904,2.4,1,2026-09-17T22:42:15.070668,B
2024,1,00-0033857,J.Smith-Schuster,WR,KC,5.180455369606855,0.0,1,2026-09-17T22:42:15.070668,B
2024,1,00-0033908,C.Kupp,WR,LA,12.758471223081198,32.0,1,2026-09-17T22:42:15.070668,B
2024,1,00-0033921,C.Godwin,WR,TB,11.316501466958048,22.3,1,2026-09-17T22:42:15.070668,B
2024,1,00-0033943,J.Reynolds,WR,DEN,6.963767291713146,9.5,1,2026-09-17T22:42:15.070668,B
2024,1,00-0034272,M.Valdes-Scantling,WR,BUF,6.431675287417303,2.9,1,2026-09-17T22:42:15.070668,B
2024,1,00-0034348,C.Sutton,WR,DEN,7.968341527568112,7.8,1,2026-09-17T22:42:15.070668,B
2024,1,00-0034386,J.Watson,WR,KC,4.188493808662982,3.5,1,2026-09-17T22:42:15.070668,B
2024,1,00-0034407,R.McCloud,WR,ATL,1.5731139825731635,9.2,1,2026-09-17T22:42:15.070668,B
2024,1,00-0034418,C.Wilson,WR,NO,4.802472606714341,0.0,1,2026-09-17T22:42:15.070668,B
2024,1,00-0034419,B.Berrios,WR,MIA,2.730020134341866,0.0,1,2026-09-17T22:42:15.070668,B
2024,1,00-0034487,T.Sherfield,WR,MIN,2.6692666288118483,0.0,1,2026-09-17T22:42:15.070668,B
2024,1,00-0034521,A.Lazard,WR,NYJ,3.4498383354744933,26.9,1,2026-09-17T22:42:15.070668,B
2024,1,00-0034646,B.Powell,WR,MIN,2.6114326473919407,0.0,1,2026-09-17T22:42:15.070668,B
2024,1,00-0034775,C.Kirk,WR,JAX,7.204343925644035,4.0,1,2026-09-17T22:42:15.070668,B
2024,1,00-0034827,D.Moore,WR,CHI,16.572481305850022,10.0,1,2026-09-17T22:42:15.070668,B
2024,1,00-0034837,C.Ridley,WR,TEN,12.714475689351554,8.0,1,2026-09-17T22:42:15.070668,B
2024,1,00-0034854,K.Hodge,WR,ATL,-0.12365656577808348,0.0,1,2026-09-17T22:42:15.070668,B
2024,1,00-0034960,J.Meyers,WR,LV,11.302625087614501,9.4,1,2026-09-17T22:42:15.070668,B
2024,1,00-0035021,A.Dulin,WR,IND,1.5431099990188484,12.4,1,2026-09-17T22:42:15.070668,B
2024,1,00-0035208,O.Zaccheaus,WR,WAS,1.654150295302946,2.5,1,2026-09-17T22:42:15.070668,B
2024,1,00-0035215,D.Harty,WR,BAL,0.8058027183324308,0.0,1,2026-09-17T22:42:15.070668,B
2024,1,00-0035216,D.Johnson,WR,CAR,10.511193144912665,3.9,1,2026-09-17T22:42:15.070668,B
2024,1,00-0035298,S.Miller,WR,PIT,1.3649628601782728,0.0,1,2026-09-17T22:42:15.070668,B
2024,1,00-0035341,T.Irwin,WR,CIN,4.176436912089853,1.6,1,2026-09-17T22:42:15.070668,B
2024,1,00-0035406,L.Humphrey,WR,DEN,2.835545481047104,0.0,1,2026-09-17T22:42:15.070668,B
2024,1,00-0035500,G.Dortch,WR,ARI,7.484065192598605,11.1,1,2026-09-17T22:42:15.070668,B
2024,1,00-0035535,D.Slayton,WR,NYG,9.183890247303312,5.6,1,2026-09-17T22:42:15.070668,B
2024,1,00-0035544,T.Kennedy,WR,DET,1.304650260064511,0.0,1,2026-09-17T22:42:15.070668,B
2024,1,00-0035640,D.Metcalf,WR,SEA,11.827610100813425,5.9,1,2026-09-17T22:42:15.070668,B
2024,1,00-0035659,T.McLaurin,WR,WAS,12.194603111915963,3.7,1,2026-09-17T22:42:15.070668,B
2024,1,00-0035676,A.Brown,WR,PHI,10.044551818971302,22.9,1,2026-09-17T22:42:15.070668,B
2024,1,00-0035719,D.Samuel,WR,SF,13.846657964735229,18.7,1,2026-09-17T22:42:15.070668,B
2024,1,00-0036182,N.Westbrook-Ikhine,WR,TEN,3.490156450153231,0.0,1,2026-09-17T22:42:15.070668,B
2024,1,00-0036196,G.Davis,WR,JAX,6.1131678097861855,9.2,1,2026-09-17T22:42:15.070668,B
2024,1,00-0036252,M.Pittman,WR,IND,14.195751941642758,7.1,1,2026-09-17T22:42:15.070668,B
2024,1,00-0036259,J.Jennings,WR,SF,6.6156923233503475,11.4,1,2026-09-17T22:42:15.070668,B
2024,1,00-0036261,B.Aiyuk,WR,SF,13.329779053548412,4.8,1,2026-09-17T22:42:15.070668,B
2024,1,00-0036268,L.Shenault,WR,SEA,0.6571655434821473,1.1,1,2026-09-17T22:42:15.070668,B
2024,1,00-0036309,D.Mooney,WR,ATL,6.532456319429471,2.5,1,2026-09-17T22:42:15.070668,B
2024,1,00-0036322,J.Jefferson,WR,MIN,18.515210780611888,15.9,1,2026-09-17T22:42:15.070668,B
2024,1,00-0036331,D.Duvernay,WR,JAX,0.4876967566896875,0.3,1,2026-09-17T22:42:15.070668,B
2024,1,00-0036345,K.Osborn,WR,NE,5.123628242865145,5.1,1,2026-09-17T22:42:15.070668,B
2024,1,00-0036358,C.Lamb,WR,DAL,21.244083249939443,13.6,1,2026-09-17T22:42:15.070668,B
2024,1,00-0036407,J.Jeudy,WR,CLE,8.11325601721597,11.5,1,2026-09-17T22:42:15.070668,B
2024,1,00-0036415,V.Jefferson,WR,PIT,3.6284670843132663,1.1,1,2026-09-17T22:42:15.070668,B
2024,1,00-0036427,T.Johnson,WR,LA,4.596771378989587,12.9,1,2026-09-17T22:42:15.070668,B
2024,1,00-0036497,T.Jones,WR,JAX,-0.325575108315852,0.0,1,2026-09-17T22:42:15.070668,B
2024,1,00-0036527,D.Turner,WR,LV,-0.46658018948129776,1.9,1,2026-09-17T22:42:15.070668,B
2024,1,00-0036550,R.Bateman,WR,BAL,5.925581543136941,7.3,1,2026-09-17T22:42:15.070668,B
2024,1,00-0036554,N.Collins,WR,HOU,17.374260692307256,17.7,1,2026-09-17T22:42:15.070668,B
2024,1,00-0036613,J.Waddle,WR,MIA,12.462778502961516,16.2,1,2026-09-17T22:42:15.070668,B
2024,1,00-0036626,D.Brown,WR,WAS,-0.020534946989122282,0.0,1,2026-09-17T22:42:15.070668,B
2024,1,00-0036630,T.Wallace,WR,BAL,1.899699891881279,0.0,1,2026-09-17T22:42:15.070668,B
2024,1,00-0036646,S.Fehoko,WR,LAC,0.8864851329713304,0.0,1,2026-09-17T22:42:15.070668,B
2024,1,00-0036849,T.Atwell,WR,LA,4.800660413788425,0.0,1,2026-09-17T22:42:15.070668,B
2024,1,00-0036900,J.Chase,WR,CIN,12.065231962047921,12.2,1,2026-09-17T22:42:15.070668,B
2024,1,00-0036912,D.Smith,WR,PHI,14.776692638441343,15.4,1,2026-09-17T22:42:15.070668,B
2024,1,00-0036963,A.St. Brown,WR,DET,17.77623897161937,4.3,1,2026-09-17T22:42:15.070668,B
2024,1,00-0036980,E.Moore,WR,CLE,7.594225194509004,3.9,1,2026-09-17T22:42:15.070668,B
2024,1,00-0036988,J.Palmer,WR,LAC,10.564442101506781,3.5,1,2026-09-17T22:42:15.070668,B
2024,1,00-0037091,B.Melton,WR,GB,5.462401118549429,0.0,1,2026-09-17T22:42:15.070668,B
2024,1,00-0037093,D.Young,WR,SEA,0.7799524770123218,0.0,1,2026-09-17T22:42:15.070668,B
2024,1,00-0037132,B.Covey,WR,PHI,2.70009866964784,0.0,1,2026-09-17T22:42:15.070668,B
2024,1,00-0037238,D.London,WR,ATL,11.602324539249214,3.5,1,2026-09-17T22:42:15.070668,B
2024,1,00-0037239,C.Olave,WR,NO,13.719670165197055,3.1,1,2026-09-17T22:42:15.070668,B
2024,1,00-0037240,J.Williams,WR,DET,8.539525568981839,24.4,1,2026-09-17T22:42:15.070668,B
2024,1,00-0037247,G.Pickens,WR,PIT,12.746402400118358,13.5,1,2026-09-17T22:42:15.070668,B
2024,1,00-0037261,K.Shakir,WR,BUF,8.538463617698289,13.2,1,2026-09-17T22:42:15.070668,B
2024,1,00-0037291,J.Nailor,WR,MIN,0.6106594584040002,9.1,1,2026-09-17T22:42:15.070668,B
2024,1,00-0037545,R.Shaheed,WR,NO,10.37059587882074,16.3,1,2026-09-17T22:42:15.070668,B
2024,1,00-0037664,A.Pierce,WR,IND,7.714146507726265,21.5,1,2026-09-17T22:42:15.070668,B
2024,1,00-0037666,J.Tolbert,WR,DAL,2.881387126001086,2.2,1,2026-09-17T22:42:15.070668,B
2024,1,00-0037740,G.Wilson,WR,NYJ,12.816233067900033,12.0,1,2026-09-17T22:42:15.070668,B
2024,1,00-0037741,J.Dotson,WR,PHI,7.684820778906596,0.0,1,2026-09-17T22:42:15.070668,B
2024,1,00-0037742,T.Burks,WR,TEN,5.131890371269468,1.3,1,2026-09-17T22:42:15.070668,B
2024,1,00-0037801,K.Turpin,WR,DAL,1.2209481760226426,0.0,1,2026-09-17T22:42:15.070668,B
2024,1,00-0037816,R.Doubs,WR,GB,10.750363269459276,9.0,1,2026-09-17T22:42:15.070668,B
2024,1,00-0037837,C.Austin,WR,PIT,3.399115799128494,1.7,1,2026-09-17T22:42:15.070668,B
2024,1,00-0038090,S.Moore,WR,KC,2.4217025326938773,0.0,1,2026-09-17T22:42:15.070668,B
2024,1,00-0038104,T.Thornton,WR,NE,1.8996318144452005,4.7,1,2026-09-17T22:42:15.070668,B
2024,1,00-0038117,W.Robinson,WR,NYG,10.130756349473085,11.8,1,2026-09-17T22:42:15.070668,B
2024,1,00-0038124,C.Watson,WR,GB,9.05297704157571,10.3,1,2026-09-17T22:42:15.070668,B
2024,1,00-0038393,D.Wicks,WR,GB,6.931312666162981,0.0,1,2026-09-17T22:42:15.070668,B
2024,1,00-0038496,X.Gipson,WR,NYJ,5.1799595183434395,0.0,1,2026-09-17T22:42:15.070668,B
2024,1,00-0038507,G.DuBose,WR,MIA,2.476855318105258,0.0,1,2026-09-17T22:42:15.070668,B
2024,1,00-0038543,J.Smith-Njigba,WR,SEA,8.721549402683333,3.9,1,2026-09-17T22:42:15.070668,B
2024,1,00-0038544,Q.Johnston,WR,LAC,7.882791483285932,6.8,1,2026-09-17T22:42:15.070668,B
2024,1,00-0038559,Mi.Wilson,WR,ARI,8.932870626507828,7.5,1,2026-09-17T22:42:15.070668,B
2024,1,00-0038563,T.Tucker,WR,LV,6.681638331757382,4.2,1,2026-09-17T22:42:15.070668,B
2024,1,00-0038573,D.Davis,WR,LAC,3.5250595409095,0.9,1,2026-09-17T22:42:15.070668,B
2024,1,00-0038576,C.Jones,WR,CIN,5.569406875976924,1.5,1,2026-09-17T22:42:15.070668,B
2024,1,00-0038606,P.Washington,WR,JAX,3.9865356994483196,1.3,1,2026-09-17T22:42:15.070668,B
2024,1,00-0038618,X.Hutchinson,WR,HOU,3.5428248371538507,1.3,1,2026-09-17T22:42:15.070668,B
2024,1,00-0038619,A.Iosivas,WR,CIN,9.579318224316266,5.6,1,2026-09-17T22:42:15.070668,B
2024,1,00-0038621,D.Douglas,WR,NE,9.882047324471245,3.2,1,2026-09-17T22:42:15.070668,B
2024,1,00-0038640,J.Brooks,WR,DAL,1.6946316357293867,2.8,1,2026-09-17T22:42:15.070668,B
2024,1,00-0038647,R.Bell,WR,SF,3.273914770063043,0.0,1,2026-09-17T22:42:15.070668,B
2024,1,00-0038752,J.Bobo,WR,SEA,2.6755342919258105,0.0,1,2026-09-17T22:42:15.070668,B
2024,1,00-0038938,J.Hyatt,WR,NYG,3.2346603822869806,0.0,1,2026-09-17T22:42:15.070668,B
2024,1,00-0038976,M.Mims,WR,DEN,5.575902301828995,0.0,1,2026-09-17T22:42:15.070668,B
2024,1,00-0038977,T.Dell,WR,HOU,10.26642400141657,8.9,1,2026-09-17T22:42:15.070668,B
2024,1,00-0038979,C.Tillman,WR,CLE,4.713331732141417,1.3,1,2026-09-17T22:42:15.070668,B
2024,1,00-0038994,J.Addison,WR,MIN,9.759453683541107,6.5,1,2026-09-17T22:42:15.070668,B
2024,1,00-0039052,T.Palmer,WR,TB,5.76730296623036,2.9,1,2026-09-17T22:42:15.070668,B
2024,1,00-0039062,J.Mingo,WR,CAR,5.4087075145978485,4.3,1,2026-09-17T22:42:15.070668,B
2024,1,00-0039064,Z.Flowers,WR,BAL,12.929705349972993,11.1,1,2026-09-17T22:42:15.070668,B
2024,1,00-0039067,R.Rice,WR,KC,12.675360543403002,17.3,1,2026-09-17T22:42:15.070668,B
2024,1,00-0039075,P.Nacua,WR,LA,15.233538929363814,8.2,1,2026-09-17T22:42:15.070668,B
2024,1,00-0039146,J.Reed,WR,GB,10.228762126503428,33.1,1,2026-09-17T22:42:15.070668,B
2024,1,00-0039236,J.Wilson,WR,PHI,3.7705345962593197,0.0,1,2026-09-17T22:42:15.070668,B
2024,1,00-0039337,M.Nabers,WR,NYG,6.804856107439685,11.6,1,2026-09-17T22:42:15.070668,B
2024,1,00-0039342,X.Legette,WR,CAR,4.380496031226936,7.5,1,2026-09-17T22:42:15.070668,B
2024,1,00-0039355,L.McCaffrey,WR,WAS,1.9340164446221921,4.8,1,2026-09-17T22:42:15.070668,B
2024,1,00-0039386,B.Means,WR,NO,4.070719995475964,0.0,1,2026-09-17T22:42:15.070668,B
2024,1,00-0039424,D.Vele,WR,DEN,2.964192854608841,11.9,1,2026-09-17T22:42:15.070668,B
2024,1,00-0039589,K.Johnson,WR,TB,3.43366531996642,0.0,1,2026-09-17T22:42:15.070668,B
2024,1,00-0039623,M.Tipton,WR,NO,3.8762875562001238,1.6,1,2026-09-17T22:42:15.070668,B
2024,1,00-0039751,J.Whittington,WR,LA,3.951046075491252,0.0,1,2026-09-17T22:42:15.070668,B
2024,1,00-0039810,J.Burton,WR,CIN,4.076096146006232,0.0,1,2026-09-17T22:42:15.070668,B
2024,1,00-0039816,A.Gould,WR,IND,5.215942976557742,0.0,1,2026-09-17T22:42:15.070668,B
2024,1,00-0039849,M.Harrison,WR,ARI,6.4160115537325595,1.4,1,2026-09-17T22:42:15.070668,B
2024,1,00-0039855,J.McMillan,WR,TB,4.068104292293114,10.2,1,2026-09-17T22:42:15.070668,B
2024,1,00-0039890,A.Mitchell,WR,IND,4.741369047734665,1.2,1,2026-09-17T22:42:15.070668,B
2024,1,00-0039893,Bri.Thomas,WR,JAX,6.287693190941019,14.7,1,2026-09-17T22:42:15.070668,B
2024,1,00-0039894,X.Worthy,WR,KC,5.65968801761592,20.8,1,2026-09-17T22:42:15.070668,B
2024,1,00-0039901,K.Coleman,WR,BUF,4.219112166302219,9.1,1,2026-09-17T22:42:15.070668,B
2024,1,00-0039907,J.Polk,WR,NE,4.088252281624785,1.6,1,2026-09-17T22:42:15.070668,B
2024,1,00-0039915,L.McConkey,WR,LAC,5.318763549996987,14.9,1,2026-09-17T22:42:15.070668,B
2024,1,00-0039919,R.Odunze,WR,CHI,5.3098917251819255,2.1,1,2026-09-17T22:42:15.070668,B
2024,1,00-0039920,M.Corley,WR,NYJ,4.411528521309404,0.0,1,2026-09-17T22:42:15.070668,B
2024,1,00-0024243,M.Lewis,TE,CHI,0.34953008267863783,0.0,1,2026-09-17T22:42:15.070668,B
2024,1,00-0030061,Z.Ertz,TE,WAS,5.449399672993994,5.8,1,2026-09-17T22:42:15.070668,B
2024,1,00-0030506,T.Kelce,TE,KC,15.998309364051755,6.4,1,2026-09-17T22:42:15.070668,B
2024,1,00-0031299,J.Matthews,TE,CAR,4.812265571996274,0.0,1,2026-09-17T22:42:15.070668,B
2024,1,00-0031484,C.Manhertz,TE,NYG,-0.7609437995655206,0.0,1,2026-09-17T22:42:15.070668,B
2024,1,00-0031585,M.Pruitt,TE,PIT,-0.4113483341660995,1.9,1,2026-09-17T22:42:15.070668,B
2024,1,00-0031690,E.Tomlinson,TE,LAC,0.3580491012340481,0.0,1,2026-09-17T22:42:15.070668,B
2024,1,00-0032392,A.Hooper,TE,NE,5.695530085746234,5.1,1,2026-09-17T22:42:15.070668,B
2024,1,00-0032394,N.Vannett,TE,TEN,-0.5719755797480612,3.1,1,2026-09-17T22:42:15.070668,B
2024,1,00-0033090,H.Henry,TE,NE,9.896200624452424,3.8,1,2026-09-17T22:42:15.070668,B
2024,1,00-0033217,M.Alie-Cox,TE,IND,4.4377822824937185,0.0,1,2026-09-17T22:42:15.070668,B
2024,1,00-0033246,J.Mundt,TE,MIN,5.199605158627982,3.5,1,2026-09-17T22:42:15.070668,B
2024,1,00-0033288,G.Kittle,TE,SF,9.986780145699285,8.0,1,2026-09-17T22:42:15.070668,B
2024,1,00-0033455,A.Firkser,TE,NYJ,-0.7583150966399073,0.0,1,2026-09-17T22:42:15.070668,B
2024,1,00-0033576,E.Saubert,TE,SF,0.2936411077051675,0.0,1,2026-09-17T22:42:15.070668,B
2024,1,00-0033858,J.Smith,TE,MIA,5.905532570433679,1.7,1,2026-09-17T22:42:15.070668,B
2024,1,00-0033881,E.Engram,TE,JAX,15.815087346938773,1.5,1,2026-09-17T22:42:15.070668,B
2024,1,00-0033885,D.Njoku,TE,CLE,12.41987540557848,8.4,1,2026-09-17T22:42:15.070668,B
2024,1,00-0033895,G.Everett,TE,CHI,5.533361566354239,0.9,1,2026-09-17T22:42:15.070668,B
2024,1,00-0034073,R.Dwelley,TE,ATL,-1.3708867653123793,0.0,1,2026-09-17T22:42:15.070668,B
2024,1,00-0034159,W.Dissly,TE,LAC,2.5011261739714294,2.3,1,2026-09-17T22:42:15.070668,B
2024,1,00-0034270,T.Conklin,TE,NYJ,6.7993231449681035,1.6,1,2026-09-17T22:42:15.070668,B
2024,1,00-0034351,D.Goedert,TE,PHI,9.410267052388008,7.1,1,2026-09-17T22:42:15.070668,B
2024,1,00-0034364,J.Akins,TE,CLE,3.399355078449167,5.7,1,2026-09-17T22:42:15.070668,B
2024,1,00-0034383,D.Schultz,TE,HOU,9.978305635130285,4.6,1,2026-09-17T22:42:15.070668,B
2024,1,00-0034613,T.Hudson,TE,CIN,4.822066034703292,1.8,1,2026-09-17T22:42:15.070668,B
2024,1,00-0034753,M.Andrews,TE,BAL,7.675633043591726,3.4,1,2026-09-17T22:42:15.070668,B
2024,1,00-0034798,D.Smythe,TE,MIA,6.351792951650342,0.0,1,2026-09-17T22:42:15.070668,B
2024,1,00-0034829,M.Gesicki,TE,CIN,5.487804646966211,4.8,1,2026-09-17T22:42:15.070668,B
2024,1,00-0034830,H.Hurst,TE,LAC,5.169747286784657,5.3,1,2026-09-17T22:42:15.070668,B
2024,1,00-0034981,F.Moreau,TE,NO,2.9636217773859563,14.3,1,2026-09-17T22:42:15.070668,B
2024,1,00-0035249,J.Oliver,TE,MIN,3.5851455909490917,4.7,1,2026-09-17T22:42:15.070668,B
2024,1,00-0035572,P.Hesse,TE,DET,-0.28814218261401425,0.0,1,2026-09-17T22:42:15.070668,B
2024,1,00-0035631,D.Sample,TE,CIN,5.440614490531367,0.0,1,2026-09-17T22:42:15.070668,B
2024,1,00-0035644,N.Fant,TE,SEA,4.454466561791431,3.1,1,2026-09-17T22:42:15.070668,B
2024,1,00-0035689,D.Knox,TE,BUF,3.2825829706062577,3.3,1,2026-09-17T22:42:15.070668,B
2024,1,00-0036040,J.Johnson,TE,NO,9.348004014727195,10.6,1,2026-09-17T22:42:15.070668,B
2024,1,00-0036232,H.Bryant,TE,LV,2.2306807260224915,0.0,1,2026-09-17T22:42:15.070668,B
2024,1,00-0036244,C.Parkinson,TE,LA,5.735092659970646,8.7,1,2026-09-17T22:42:15.070668,B
2024,1,00-0036290,C.Kmet,TE,CHI,8.46797979941894,1.4,1,2026-09-17T22:42:15.070668,B
2024,1,00-0036422,A.Trautman,TE,DEN,3.4229443472867898,0.0,1,2026-09-17T22:42:15.070668,B
2024,1,00-0036429,C.Woerner,TE,ATL,1.819165592537182,1.4,1,2026-09-17T22:42:15.070668,B
2024,1,00-0036556,B.Jordan,TE,HOU,3.5634346938113133,1.3,1,2026-09-17T22:42:15.070668,B
2024,1,00-0036590,Q.Morris,TE,BUF,-0.9351229585119798,0.0,1,2026-09-17T22:42:15.070668,B
2024,1,00-0036628,J.Bates,TE,WAS,2.2862969444328503,0.0,1,2026-09-17T22:42:15.070668,B
2024,1,00-0036637,N.Gray,TE,KC,3.8154851640436824,6.7,1,2026-09-17T22:42:15.070668,B
2024,1,00-0036754,B.Wright,TE,DET,2.3411923030909176,1.2,1,2026-09-17T22:42:15.070668,B
2024,1,00-0036825,F.Franks,TE,CAR,-1.409029700737734,0.0,1,2026-09-17T22:42:15.070668,B
2024,1,00-0036876,K.Granson,TE,IND,5.976158447910237,0.0,1,2026-09-17T22:42:15.070668,B
2024,1,00-0036887,L.Farrell,TE,JAX,0.5929897034550535,0.0,1,2026-09-17T22:42:15.070668,B
2024,1,00-0036894,P.Freiermuth,TE,PIT,8.246682124640003,6.7,1,2026-09-17T22:42:15.070668,B
2024,1,00-0036970,K.Pitts,TE,ATL,7.807970575059381,11.6,1,2026-09-17T22:42:15.070668,B
2024,1,00-0037004,H.Long,TE,LA,0.7275425604161416,0.0,1,2026-09-17T22:42:15.070668,B
2024,1,00-0037086,G.Calcaterra,TE,PHI,1.741557781461125,2.1,1,2026-09-17T22:42:15.070668,B
2024,1,00-0037112,J.Tonges,TE,SF,0.2661796055908985,0.0,1,2026-09-17T22:42:15.070668,B
2024,1,00-0037252,G.Dulcich,TE,DEN,3.8091353488006687,3.2,1,2026-09-17T22:42:15.070668,B
2024,1,00-0037292,A.Ogletree,TE,IND,1.3449296829564021,0.0,1,2026-09-17T22:42:15.070668,B
2024,1,00-0037311,K.Kieft,TE,TB,0.22003350089913365,0.0,1,2026-09-17T22:42:15.070668,B
2024,1,00-0037317,N.Muse,TE,MIN,0.44395707832837505,0.0,1,2026-09-17T22:42:15.070668,B
2024,1,00-0037475,S.Smartt,TE,LAC,2.3401299780152622,0.0,1,2026-09-17T22:42:15.070668,B
2024,1,00-0037744,T.McBride,TE,ARI,10.556173760898744,8.0,1,2026-09-17T22:42:15.070668,B
2024,1,00-0037805,J.Ruckert,TE,NYJ,2.1384751120122014,0.0,1,2026-09-17T22:42:15.070668,B
2024,1,00-0037809,C.Okonkwo,TE,TEN,7.461101886121019,9.5,1,2026-09-17T22:42:15.070668,B
2024,1,00-0037838,I.Likely,TE,BAL,5.676975056468035,26.1,1,2026-09-17T22:42:15.070668,B
2024,1,00-0038041,J.Ferguson,TE,DAL,11.319043846492825,4.5,1,2026-09-17T22:42:15.070668,B
2024,1,00-0038046,C.Kolar,TE,BAL,3.008685121028799,0.0,1,2026-09-17T22:42:15.070668,B
2024,1,00-0038115,D.Bellinger,TE,NYG,4.709140235224377,1.3,1,2026-09-17T22:42:15.070668,B
2024,1,00-0038129,C.Otton,TE,TB,10.405785192512464,1.5,1,2026-09-17T22:42:15.070668,B
2024,1,00-0038498,E.Jenkins,TE,PHI,1.473137274685687,0.0,1,2026-09-17T22:42:15.070668,B
2024,1,00-0038547,L.Schoonmaker,TE,DAL,1.1845428719035533,0.0,1,2026-09-17T22:42:15.070668,B
2024,1,00-0038558,D.Washington,TE,PIT,1.08033095594502,1.5,1,2026-09-17T22:42:15.070668,B
2024,1,00-0038589,J.Whyle,TE,TEN,2.406390722912361,0.0,1,2026-09-17T22:42:15.070668,B
2024,1,00-0038720,J.Hill,TE,MIA,1.623699999618335,1.6,1,2026-09-17T22:42:15.070668,B
2024,1,00-0038783,N.Adkins,TE,DEN,0.7597005182135277,0.0,1,2026-09-17T22:42:15.070668,B
2024,1,00-0038809,B.Sims,TE,GB,0.21051618309018583,0.0,1,2026-09-17T22:42:15.070668,B
2024,1,00-0038933,D.Kincaid,TE,BUF,9.932349657206506,2.1,1,2026-09-17T22:42:15.070668,B
2024,1,00-0038935,B.Strange,TE,JAX,1.0952340248603591,0.0,1,2026-09-17T22:42:15.070668,B
2024,1,00-0038996,T.Kraft,TE,GB,5.886934914236896,5.7,1,2026-09-17T22:42:15.070668,B
2024,1,00-0039041,E.Higgins,TE,ARI,2.909134705596997,3.2,1,2026-09-17T22:42:15.070668,B
2024,1,00-0039050,P.Durham,TE,TB,1.0772394481465755,0.0,1,2026-09-17T22:42:15.070668,B
2024,1,00-0039065,S.LaPorta,TE,DET,13.112654240716772,8.5,1,2026-09-17T22:42:15.070668,B
2024,1,00-0039066,M.Mayer,TE,LV,5.799339933152933,2.3,1,2026-09-17T22:42:15.070668,B
2024,1,00-0039074,D.Allen,TE,LA,3.255217961582147,0.0,1,2026-09-17T22:42:15.070668,B
2024,1,00-0039144,L.Musgrave,TE,GB,6.008398777733688,0.0,1,2026-09-17T22:42:15.070668,B
2024,1,00-0039338,B.Bowers,TE,LV,4.563107168455218,11.8,1,2026-09-17T22:42:15.070668,B
2024,1,00-0039356,J.Sanders,TE,CAR,2.5264172921044894,1.4,1,2026-09-17T22:42:15.070668,B
2024,1,00-0039359,C.Stover,TE,HOU,2.1255102688513174,0.0,1,2026-09-17T22:42:15.070668,B
2024,1,00-0039530,B.Spann-Ford,TE,DAL,1.2899208120203092,0.0,1,2026-09-17T22:42:15.070668,B
2024,1,00-0039737,T.Reiman,TE,ARI,1.500072746852842,0.0,1,2026-09-17T22:42:15.070668,B
2024,1,00-0039793,A.Barner,TE,SEA,2.613340874156653,0.0,1,2026-09-17T22:42:15.070668,B
2024,1,00-0039814,E.All,TE,CIN,2.5499053153404487,0.0,1,2026-09-17T22:42:15.070668,B
2024,1,00-0039824,J.Wiley,TE,KC,1.879632666918594,0.0,1,2026-09-17T22:42:15.070668,B
2024,1,00-0039847,T.Johnson,TE,NYG,2.276792752816774,2.8,1,2026-09-17T22:42:15.070668,B
2024,1,00-0039912,B.Sinnott,TE,WAS,2.067820813411439,0.0,1,2026-09-17T22:42:15.070668,B
2024,2,00-0030578,C.Patterson,RB,PIT,3.0753788433881972,0.3,1,2026-09-17T22:42:15.070668,B
2024,2,00-0032104,A.Abdullah,RB,LV,2.787141802605749,2.2,1,2026-09-17T22:42:15.070668,B
2024,2,00-0032764,D.Henry,RB,BAL,13.380044709761028,16.6,1,2026-09-17T22:42:15.070668,B
2024,2,00-0033045,E.Elliott,RB,DAL,11.509939211052371,5.2,1,2026-09-17T22:42:15.070668,B
2024,2,00-0033293,A.Jones,RB,MIN,13.201836768409795,9.8,1,2026-09-17T22:42:15.070668,B
2024,2,00-0033526,S.Perine,RB,KC,5.5579617560499965,1.3,1,2026-09-17T22:42:15.070668,B
2024,2,00-0033553,J.Conner,RB,ARI,15.466833865716588,19.4,1,2026-09-17T22:42:15.070668,B
2024,2,00-0033699,A.Ekeler,RB,WAS,10.666190499470598,11.5,1,2026-09-17T22:42:15.070668,B
2024,2,00-0033854,D.Ogunbowale,RB,HOU,2.2962590799896487,4.3,1,2026-09-17T22:42:15.070668,B
2024,2,00-0033897,J.Mixon,RB,HOU,16.93632274158773,8.0,1,2026-09-17T22:42:15.070668,B
2024,2,00-0033906,A.Kamara,RB,NO,14.35519616724947,44.0,1,2026-09-17T22:42:15.070668,B
2024,2,00-0033925,D.Foreman,RB,CLE,3.605323123535057,6.1,1,2026-09-17T22:42:15.070668,B
2024,2,00-0033948,J.Williams,RB,NO,9.383772709341285,3.9,1,2026-09-17T22:42:15.070668,B
2024,2,00-0033955,J.McNichols,RB,WAS,2.84877442722574,0.0,1,2026-09-17T22:42:15.070668,B
2024,2,00-0034115,J.Wilson,RB,MIA,5.565530229397087,3.2,1,2026-09-17T22:42:15.070668,B
2024,2,00-0034184,G.Edwards,RB,LAC,8.433237230097477,5.9,1,2026-09-17T22:42:15.070668,B
2024,2,00-0034844,S.Barkley,RB,PHI,17.20162517882729,17.6,1,2026-09-17T22:42:15.070668,B
2024,2,00-0034972,A.Mattison,RB,LV,8.994698239080162,6.1,1,2026-09-17T22:42:15.070668,B
2024,2,00-0034975,J.Hill,RB,BAL,11.295553033097162,5.2,1,2026-09-17T22:42:15.070668,B
2024,2,00-0035243,M.Sanders,RB,CAR,5.636094005250886,5.5,1,2026-09-17T22:42:15.070668,B
2024,2,00-0035250,D.Singletary,RB,NYG,13.730882151777116,14.5,1,2026-09-17T22:42:15.070668,B
2024,2,00-0035261,T.Pollard,RB,TEN,13.426757340479892,15.2,1,2026-09-17T22:42:15.070668,B
2024,2,00-0035537,T.Johnson,RB,BUF,4.415864183552318,4.2,1,2026-09-17T22:42:15.070668,B
2024,2,00-0035567,C.Reynolds,RB,DET,4.479807228132032,0.0,1,2026-09-17T22:42:15.070668,B
2024,2,00-0035594,T.Homer,RB,CHI,1.1903782158240936,0.6,1,2026-09-17T22:42:15.070668,B
2024,2,00-0035628,D.Johnson,RB,JAX,1.3148900827498897,2.6,1,2026-09-17T22:42:15.070668,B
2024,2,00-0035685,D.Montgomery,RB,DET,13.761529967070548,17.0,1,2026-09-17T22:42:15.070668,B
2024,2,00-0035700,J.Jacobs,RB,GB,15.888891115271708,13.1,1,2026-09-17T22:42:15.070668,B
2024,2,00-0035806,J.Hasty,RB,NE,-0.6968807616050636,0.2,1,2026-09-17T22:42:15.070668,B
2024,2,00-0036139,R.Dowdle,RB,DAL,8.068611874952332,9.9,1,2026-09-17T22:42:15.070668,B
2024,2,00-0036158,J.Dobbins,RB,LAC,16.173782254215464,20.1,1,2026-09-17T22:42:15.070668,B
2024,2,00-0036223,J.Taylor,RB,IND,16.965215266694972,15.5,1,2026-09-17T22:42:15.070668,B
2024,2,00-0036251,Z.Moss,RB,CIN,9.745260230913145,5.7,1,2026-09-17T22:42:15.070668,B
2024,2,00-0036275,D.Swift,RB,CHI,12.201347601141983,8.2,1,2026-09-17T22:42:15.070668,B
2024,2,00-0036328,A.Gibson,RB,NE,7.1142124824187345,11.3,1,2026-09-17T22:42:15.070668,B
2024,2,00-0036414,C.Akers,RB,HOU,8.32435833109974,2.5,1,2026-09-17T22:42:15.070668,B
2024,2,00-0036555,C.Hubbard,RB,CAR,10.652724428652581,11.6,1,2026-09-17T22:42:15.070668,B
2024,2,00-0036875,R.Stevenson,RB,NE,15.391429758292109,17.0,1,2026-09-17T22:42:15.070668,B
2024,2,00-0036893,N.Harris,RB,PIT,14.825564394772464,8.4,1,2026-09-17T22:42:15.070668,B
2024,2,00-0036906,K.Herbert,RB,CHI,7.176205460298402,8.7,1,2026-09-17T22:42:15.070668,B
2024,2,00-0036919,K.Gainwell,RB,PHI,4.095941419573452,0.6,1,2026-09-17T22:42:15.070668,B
2024,2,00-0036950,A.Williams,RB,ATL,3.93050565330197,0.0,1,2026-09-17T22:42:15.070668,B
2024,2,00-0036973,T.Etienne,RB,JAX,15.175708360893836,14.8,1,2026-09-17T22:42:15.070668,B
2024,2,00-0036984,T.Sermon,RB,IND,2.7159068165191185,1.7,1,2026-09-17T22:42:15.070668,B
2024,2,00-0036997,J.Williams,RB,DEN,12.187097822308708,11.5,1,2026-09-17T22:42:15.070668,B
2024,2,00-0037085,T.Badie,RB,DEN,2.617278146102347,2.8,1,2026-09-17T22:42:15.070668,B
2024,2,00-0037120,T.Goodson,RB,IND,2.8504415700998855,1.2,1,2026-09-17T22:42:15.070668,B
2024,2,00-0037197,I.Pacheco,RB,KC,16.342492963512143,16.1,1,2026-09-17T22:42:15.070668,B
2024,2,00-0037228,J.Warren,RB,PIT,7.814653902271234,8.1,1,2026-09-17T22:42:15.070668,B
2024,2,00-0037248,J.Cook,RB,BUF,13.72044573749492,28.5,1,2026-09-17T22:42:15.070668,B
2024,2,00-0037256,R.White,RB,TB,13.130771727444394,3.3,1,2026-09-17T22:42:15.070668,B
2024,2,00-0037263,T.Allgeier,RB,ATL,5.843567880317841,7.5,1,2026-09-17T22:42:15.070668,B
2024,2,00-0037267,J.Ford,RB,CLE,12.070740527188757,7.4,1,2026-09-17T22:42:15.070668,B
2024,2,00-0037276,T.Chandler,RB,MIN,8.664201022846038,8.2,1,2026-09-17T22:42:15.070668,B
2024,2,00-0037304,C.Heyward,RB,PIT,1.0070814827504977,0.0,1,2026-09-17T22:42:15.070668,B
2024,2,00-0037525,J.Mason,RB,SF,12.60250490314609,17.4,1,2026-09-17T22:42:15.070668,B
2024,2,00-0037557,R.Rivers,RB,LA,6.221366104441869,1.0,1,2026-09-17T22:42:15.070668,B
2024,2,00-0037594,J.Chestnut,RB,TEN,0.8031916133468355,0.0,1,2026-09-17T22:42:15.070668,B
2024,2,00-0037617,H.Haskins,RB,LAC,3.1513492371846397,1.1,1,2026-09-17T22:42:15.070668,B
2024,2,00-0037746,Br.Robinson,RB,WAS,14.398055144434917,14.6,1,2026-09-17T22:42:15.070668,B
2024,2,00-0037840,K.Williams,RB,LA,16.461830282490794,15.2,1,2026-09-17T22:42:15.070668,B
2024,2,00-0038040,Z.White,RB,LV,9.843374163055394,6.8,1,2026-09-17T22:42:15.070668,B
2024,2,00-0038098,P.Strong,RB,CLE,5.948116020625747,1.5,1,2026-09-17T22:42:15.070668,B
2024,2,00-0038120,B.Hall,RB,NYJ,18.525224933243138,24.4,1,2026-09-17T22:42:15.070668,B
2024,2,00-0038542,Bi.Robinson,RB,ATL,17.286708060733922,16.2,1,2026-09-17T22:42:15.070668,B
2024,2,00-0038597,C.Brown,RB,CIN,6.848003114311494,3.1,1,2026-09-17T22:42:15.070668,B
2024,2,00-0038622,D.Vaughn,RB,DAL,2.831400343538588,2.7,1,2026-09-17T22:42:15.070668,B
2024,2,00-0038636,K.McIntosh,RB,SEA,3.5288086788729887,0.0,1,2026-09-17T22:42:15.070668,B
2024,2,00-0038678,J.Mims,RB,NO,2.949391948397391,0.0,1,2026-09-17T22:42:15.070668,B
2024,2,00-0038705,E.Demercado,RB,ARI,3.234981986350541,4.6,1,2026-09-17T22:42:15.070668,B
2024,2,00-0038738,H.Luepke,RB,DAL,1.6522797907875297,0.0,1,2026-09-17T22:42:15.070668,B
2024,2,00-0038794,J.McLaughlin,RB,DEN,6.392061440324028,0.6,1,2026-09-17T22:42:15.070668,B
2024,2,00-0038797,E.Wilson,RB,GB,5.242317136423054,0.9,1,2026-09-17T22:42:15.070668,B
2024,2,00-0039032,T.Spears,RB,TEN,7.985415334482158,5.1,1,2026-09-17T22:42:15.070668,B
2024,2,00-0039040,D.Achane,RB,MIA,15.215200787705514,29.5,1,2026-09-17T22:42:15.070668,B
2024,2,00-0039139,J.Gibbs,RB,DET,15.5647965056874,17.6,1,2026-09-17T22:42:15.070668,B
2024,2,00-0039165,Z.Charbonnet,RB,SEA,7.6048865819555,17.9,1,2026-09-17T22:42:15.070668,B
2024,2,00-0039325,C.Steele,RB,KC,6.01167368379228,0.4,1,2026-09-17T22:42:15.070668,B
2024,2,00-0039361,B.Irving,RB,TB,9.507155773221916,2.2,1,2026-09-17T22:42:15.070668,B
2024,2,00-0039363,I.Guerendo,RB,SF,5.0285611379460455,0.0,1,2026-09-17T22:42:15.070668,B
2024,2,00-0039364,S.Vaki,RB,DET,4.145343294599642,2.7,1,2026-09-17T22:42:15.070668,B
2024,2,00-0039384,T.Tracy,RB,NYG,6.071523291938888,0.2,1,2026-09-17T22:42:15.070668,B
2024,2,00-0039738,B.Corum,RB,LA,6.781767712584996,2.8,1,2026-09-17T22:42:15.070668,B
2024,2,00-0039794,B.Allen,RB,NYJ,4.037492222541431,19.6,1,2026-09-17T22:42:15.070668,B
2024,2,00-0039811,M.Lloyd,RB,GB,3.5675389316981594,2.8,1,2026-09-17T22:42:15.070668,B
2024,2,00-0039874,J.Wright,RB,MIA,5.519649988962215,0.4,1,2026-09-17T22:42:15.070668,B
2024,2,00-0039875,R.Davis,RB,BUF,4.724927125453484,3.8,1,2026-09-17T22:42:15.070668,B
2024,2,00-0039921,T.Benson,RB,ARI,7.065182403862586,2.7,1,2026-09-17T22:42:15.070668,B
2024,2,00-0030035,A.Thielen,WR,CAR,8.36859142308317,4.0,1,2026-09-17T22:42:15.070668,B
2024,2,00-0030431,R.Woods,WR,HOU,3.5337542508396886,0.0,1,2026-09-17T22:42:15.070668,B
2024,2,00-0030564,D.Hopkins,WR,TEN,10.313856910197497,1.9,1,2026-09-17T22:42:15.070668,B
2024,2,00-0031236,B.Cooks,WR,DAL,12.302115480214205,3.6,1,2026-09-17T22:42:15.070668,B
2024,2,00-0031381,D.Adams,WR,LV,16.617995629022396,26.0,1,2026-09-17T22:42:15.070668,B
2024,2,00-0031408,M.Evans,WR,TB,15.755488648043727,7.2,1,2026-09-17T22:42:15.070668,B
2024,2,00-0031544,A.Cooper,WR,CLE,15.279244013071512,4.1,1,2026-09-17T22:42:15.070668,B
2024,2,00-0031549,N.Agholor,WR,BAL,4.423067177105235,2.3,1,2026-09-17T22:42:15.070668,B
2024,2,00-0031588,S.Diggs,WR,HOU,14.442445563500952,7.7,1,2026-09-17T22:42:15.070668,B
2024,2,00-0031763,D.Carter,WR,CHI,1.4344160622102287,6.2,1,2026-09-17T22:42:15.070668,B
2024,2,00-0032128,C.Conley,WR,SF,2.3247228436851035,1.4,1,2026-09-17T22:42:15.070668,B
2024,2,00-0032211,T.Lockett,WR,SEA,10.866334355157978,3.5,1,2026-09-17T22:42:15.070668,B
2024,2,00-0032398,C.Moore,WR,ARI,1.8748056387393985,0.0,1,2026-09-17T22:42:15.070668,B
2024,2,00-0032464,K.Raymond,WR,DET,5.2931376295230255,5.7,1,2026-09-17T22:42:15.070668,B
2024,2,00-0032688,R.Chosen,WR,MIA,-0.21711138585085799,1.5,1,2026-09-17T22:42:15.070668,B
2024,2,00-0032775,D.Robinson,WR,LA,6.707858231468161,7.0,1,2026-09-17T22:42:15.070668,B
2024,2,00-0033009,T.Boyd,WR,TEN,7.446643286057284,4.6,1,2026-09-17T22:42:15.070668,B
2024,2,00-0033040,T.Hill,WR,MIA,17.193854118420937,6.6,1,2026-09-17T22:42:15.070668,B
2024,2,00-0033251,Z.Pascal,WR,ARI,0.4361358585206867,0.0,1,2026-09-17T22:42:15.070668,B
2024,2,00-0033282,C.Samuel,WR,BUF,8.60727186045922,1.3,1,2026-09-17T22:42:15.070668,B
2024,2,00-0033375,T.Patrick,WR,DET,7.734059431266327,3.2,1,2026-09-17T22:42:15.070668,B
2024,2,00-0033536,M.Williams,WR,NYJ,10.419257730596721,2.9,1,2026-09-17T22:42:15.070668,B
2024,2,00-0033555,M.Hollins,WR,BUF,4.853347321780909,0.0,1,2026-09-17T22:42:15.070668,B
2024,2,00-0033589,D.Moore,WR,CAR,2.545447525429421,0.0,1,2026-09-17T22:42:15.070668,B
2024,2,00-0033591,N.Brown,WR,WAS,2.446931847081035,8.6,1,2026-09-17T22:42:15.070668,B
2024,2,00-0033857,J.Smith-Schuster,WR,KC,3.4071491024707443,0.0,1,2026-09-17T22:42:15.070668,B
2024,2,00-0033908,C.Kupp,WR,LA,15.588297792369904,7.7,1,2026-09-17T22:42:15.070668,B
2024,2,00-0033921,C.Godwin,WR,TB,12.762830515597877,24.7,1,2026-09-17T22:42:15.070668,B
2024,2,00-0033943,J.Reynolds,WR,DEN,7.3170037239350005,13.3,1,2026-09-17T22:42:15.070668,B
2024,2,00-0034272,M.Valdes-Scantling,WR,BUF,5.187513085755469,0.0,1,2026-09-17T22:42:15.070668,B
2024,2,00-0034348,C.Sutton,WR,DEN,9.1340820310344,3.6,1,2026-09-17T22:42:15.070668,B
2024,2,00-0034386,J.Watson,WR,KC,4.532904193155459,4.2,1,2026-09-17T22:42:15.070668,B
2024,2,00-0034407,R.McCloud,WR,ATL,4.7976573475199595,7.5,1,2026-09-17T22:42:15.070668,B
2024,2,00-0034418,C.Wilson,WR,NO,4.321235690480668,0.0,1,2026-09-17T22:42:15.070668,B
2024,2,00-0034419,B.Berrios,WR,MIA,3.09729613403798,0.0,1,2026-09-17T22:42:15.070668,B
2024,2,00-0034487,T.Sherfield,WR,MIN,2.4353804857287376,2.7,1,2026-09-17T22:42:15.070668,B
2024,2,00-0034521,A.Lazard,WR,NYJ,9.378544048404194,3.1,1,2026-09-17T22:42:15.070668,B
2024,2,00-0034646,B.Powell,WR,MIN,3.4122714107800878,3.6,1,2026-09-17T22:42:15.070668,B
2024,2,00-0034775,C.Kirk,WR,JAX,9.131628024435562,0.9,1,2026-09-17T22:42:15.070668,B
2024,2,00-0034827,D.Moore,WR,CHI,17.029868872816202,11.3,1,2026-09-17T22:42:15.070668,B
2024,2,00-0034837,C.Ridley,WR,TEN,14.074331099410648,24.7,1,2026-09-17T22:42:15.070668,B
2024,2,00-0034960,J.Meyers,WR,LV,10.460800331754967,6.9,1,2026-09-17T22:42:15.070668,B
2024,2,00-0035021,A.Dulin,WR,IND,2.01256164736533,2.3,1,2026-09-17T22:42:15.070668,B
2024,2,00-0035140,M.Hardman,WR,KC,3.2762172206436917,0.0,1,2026-09-17T22:42:15.070668,B
2024,2,00-0035208,O.Zaccheaus,WR,WAS,3.868540927506311,4.4,1,2026-09-17T22:42:15.070668,B
2024,2,00-0035215,D.Harty,WR,BAL,2.0111952823250654,0.0,1,2026-09-17T22:42:15.070668,B
2024,2,00-0035216,D.Johnson,WR,CAR,9.581014431956719,4.5,1,2026-09-17T22:42:15.070668,B
2024,2,00-0035298,S.Miller,WR,PIT,1.9188390171518153,0.0,1,2026-09-17T22:42:15.070668,B
2024,2,00-0035341,T.Irwin,WR,CIN,3.2130574067677182,1.5,1,2026-09-17T22:42:15.070668,B
2024,2,00-0035406,L.Humphrey,WR,DEN,1.856915462769111,9.0,1,2026-09-17T22:42:15.070668,B
2024,2,00-0035500,G.Dortch,WR,ARI,9.77954846937972,3.1,1,2026-09-17T22:42:15.070668,B
2024,2,00-0035535,D.Slayton,WR,NYG,8.827913371557491,6.3,1,2026-09-17T22:42:15.070668,B
2024,2,00-0035544,T.Kennedy,WR,DET,0.9805611190952419,0.0,1,2026-09-17T22:42:15.070668,B
2024,2,00-0035639,P.Campbell,WR,PHI,-0.15072168946131725,0.0,1,2026-09-17T22:42:15.070668,B
2024,2,00-0035640,D.Metcalf,WR,SEA,12.465938979202814,28.9,1,2026-09-17T22:42:15.070668,B
2024,2,00-0035659,T.McLaurin,WR,WAS,13.281246309421991,8.2,1,2026-09-17T22:42:15.070668,B
2024,2,00-0035719,D.Samuel,WR,SF,17.014556365187552,18.0,1,2026-09-17T22:42:15.070668,B
2024,2,00-0035934,T.Jackson,WR,MIN,0.48343536465485304,0.0,1,2026-09-17T22:42:15.070668,B
2024,2,00-0036133,J.Proche,WR,CLE,2.47262569287955,0.0,1,2026-09-17T22:42:15.070668,B
2024,2,00-0036182,N.Westbrook-Ikhine,WR,TEN,2.4209445800610787,0.0,1,2026-09-17T22:42:15.070668,B
2024,2,00-0036196,G.Davis,WR,JAX,8.350867281201312,7.3,1,2026-09-17T22:42:15.070668,B
2024,2,00-0036252,M.Pittman,WR,IND,14.203434312501564,5.1,1,2026-09-17T22:42:15.070668,B
2024,2,00-0036254,C.Johnson,WR,CHI,0.1649248898274447,0.0,1,2026-09-17T22:42:15.070668,B
2024,2,00-0036259,J.Jennings,WR,SF,6.430953999648336,5.7,1,2026-09-17T22:42:15.070668,B
2024,2,00-0036261,B.Aiyuk,WR,SF,11.920276000546504,8.3,1,2026-09-17T22:42:15.070668,B
2024,2,00-0036268,L.Shenault,WR,SEA,2.271192715691849,1.6,1,2026-09-17T22:42:15.070668,B
2024,2,00-0036309,D.Mooney,WR,ATL,7.681500516813736,17.8,1,2026-09-17T22:42:15.070668,B
2024,2,00-0036322,J.Jefferson,WR,MIN,18.323125189983145,23.3,1,2026-09-17T22:42:15.070668,B
2024,2,00-0036331,D.Duvernay,WR,JAX,0.7652292105367948,0.4,1,2026-09-17T22:42:15.070668,B
2024,2,00-0036345,K.Osborn,WR,NE,6.777187678570993,1.7,1,2026-09-17T22:42:15.070668,B
2024,2,00-0036358,C.Lamb,WR,DAL,20.42569154283416,19.0,1,2026-09-17T22:42:15.070668,B
2024,2,00-0036407,J.Jeudy,WR,CLE,9.344085522302745,12.3,1,2026-09-17T22:42:15.070668,B
2024,2,00-0036415,V.Jefferson,WR,PIT,5.139187035136725,3.4,1,2026-09-17T22:42:15.070668,B
2024,2,00-0036427,T.Johnson,WR,LA,7.795825383120797,4.0,1,2026-09-17T22:42:15.070668,B
2024,2,00-0036527,D.Turner,WR,LV,-0.6074613884030402,0.2,1,2026-09-17T22:42:15.070668,B
2024,2,00-0036550,R.Bateman,WR,BAL,7.42387333334095,7.0,1,2026-09-17T22:42:15.070668,B
2024,2,00-0036554,N.Collins,WR,HOU,16.02042758816937,27.5,1,2026-09-17T22:42:15.070668,B
2024,2,00-0036613,J.Waddle,WR,MIA,11.177291158672082,8.5,1,2026-09-17T22:42:15.070668,B
2024,2,00-0036626,D.Brown,WR,WAS,2.432217101104273,3.7,1,2026-09-17T22:42:15.070668,B
2024,2,00-0036630,T.Wallace,WR,BAL,1.3628479671364024,0.0,1,2026-09-17T22:42:15.070668,B
2024,2,00-0036646,S.Fehoko,WR,LAC,1.1073958688460221,0.0,1,2026-09-17T22:42:15.070668,B
2024,2,00-0036849,T.Atwell,WR,LA,4.851731269974505,7.8,1,2026-09-17T22:42:15.070668,B
2024,2,00-0036862,B.Skowronek,WR,PIT,-0.27548175772095007,0.0,1,2026-09-17T22:42:15.070668,B
2024,2,00-0036900,J.Chase,WR,CIN,12.665613980213713,7.5,1,2026-09-17T22:42:15.070668,B
2024,2,00-0036912,D.Smith,WR,PHI,16.02738195415708,20.6,1,2026-09-17T22:42:15.070668,B
2024,2,00-0036963,A.St. Brown,WR,DET,16.740471228029953,22.9,1,2026-09-17T22:42:15.070668,B
2024,2,00-0036980,E.Moore,WR,CLE,6.241632395562398,10.4,1,2026-09-17T22:42:15.070668,B
2024,2,00-0036988,J.Palmer,WR,LAC,9.901808387404547,3.9,1,2026-09-17T22:42:15.070668,B
2024,2,00-0037091,B.Melton,WR,GB,3.416247003230591,0.8,1,2026-09-17T22:42:15.070668,B
2024,2,00-0037132,B.Covey,WR,PHI,1.0950963062969876,8.3,1,2026-09-17T22:42:15.070668,B
2024,2,00-0037238,D.London,WR,ATL,11.334199408790099,17.4,1,2026-09-17T22:42:15.070668,B
2024,2,00-0037239,C.Olave,WR,NO,11.618788847950565,12.8,1,2026-09-17T22:42:15.070668,B
2024,2,00-0037240,J.Williams,WR,DET,10.762089004515833,14.4,1,2026-09-17T22:42:15.070668,B
2024,2,00-0037247,G.Pickens,WR,PIT,11.389464259393907,4.9,1,2026-09-17T22:42:15.070668,B
2024,2,00-0037257,D.Bell,WR,CLE,4.636774496592445,5.7,1,2026-09-17T22:42:15.070668,B
2024,2,00-0037261,K.Shakir,WR,BUF,7.700787789459205,10.6,1,2026-09-17T22:42:15.070668,B
2024,2,00-0037291,J.Nailor,WR,MIN,3.344631716293029,14.4,1,2026-09-17T22:42:15.070668,B
2024,2,00-0037545,R.Shaheed,WR,NO,9.92874340590092,20.9,1,2026-09-17T22:42:15.070668,B
2024,2,00-0037664,A.Pierce,WR,IND,8.649428546744504,16.6,1,2026-09-17T22:42:15.070668,B
2024,2,00-0037666,J.Tolbert,WR,DAL,5.481839122977145,14.2,1,2026-09-17T22:42:15.070668,B
2024,2,00-0037740,G.Wilson,WR,NYJ,13.057609917109474,10.2,1,2026-09-17T22:42:15.070668,B
2024,2,00-0037741,J.Dotson,WR,PHI,6.37833950096771,1.6,1,2026-09-17T22:42:15.070668,B
2024,2,00-0037742,T.Burks,WR,TEN,5.290914392557482,0.0,1,2026-09-17T22:42:15.070668,B
2024,2,00-0037801,K.Turpin,WR,DAL,1.9618985353686211,2.6,1,2026-09-17T22:42:15.070668,B
2024,2,00-0037816,R.Doubs,WR,GB,13.058344604355007,9.2,1,2026-09-17T22:42:15.070668,B
2024,2,00-0037837,C.Austin,WR,PIT,3.8499916070725444,1.6,1,2026-09-17T22:42:15.070668,B
2024,2,00-0038090,S.Moore,WR,KC,2.0277110673138905,0.0,1,2026-09-17T22:42:15.070668,B
2024,2,00-0038104,T.Thornton,WR,NE,3.8867915504068256,0.0,1,2026-09-17T22:42:15.070668,B
2024,2,00-0038117,W.Robinson,WR,NYG,11.486294246661853,9.8,1,2026-09-17T22:42:15.070668,B
2024,2,00-0038124,C.Watson,WR,GB,7.565684510200759,0.0,1,2026-09-17T22:42:15.070668,B
2024,2,00-0038393,D.Wicks,WR,GB,5.316345058356378,11.6,1,2026-09-17T22:42:15.070668,B
2024,2,00-0038477,B.Ford-Wheaton,WR,NYG,3.1404679440520242,0.0,1,2026-09-17T22:42:15.070668,B
2024,2,00-0038496,X.Gipson,WR,NYJ,4.919546262539701,0.0,1,2026-09-17T22:42:15.070668,B
2024,2,00-0038507,G.DuBose,WR,MIA,1.5645364384405962,2.3,1,2026-09-17T22:42:15.070668,B
2024,2,00-0038543,J.Smith-Njigba,WR,SEA,8.699241044409288,23.7,1,2026-09-17T22:42:15.070668,B
2024,2,00-0038544,Q.Johnston,WR,LAC,6.844422584270545,22.1,1,2026-09-17T22:42:15.070668,B
2024,2,00-0038559,Mi.Wilson,WR,ARI,10.585281180559742,5.1,1,2026-09-17T22:42:15.070668,B
2024,2,00-0038563,T.Tucker,WR,LV,7.341417438172037,3.3,1,2026-09-17T22:42:15.070668,B
2024,2,00-0038573,D.Davis,WR,LAC,2.5655351964402016,0.0,1,2026-09-17T22:42:15.070668,B
2024,2,00-0038576,C.Jones,WR,CIN,3.740322252655151,0.0,1,2026-09-17T22:42:15.070668,B
2024,2,00-0038606,P.Washington,WR,JAX,1.2864219997117878,0.0,1,2026-09-17T22:42:15.070668,B
2024,2,00-0038618,X.Hutchinson,WR,HOU,2.136319006072773,0.0,1,2026-09-17T22:42:15.070668,B
2024,2,00-0038619,A.Iosivas,WR,CIN,8.370011768470345,14.7,1,2026-09-17T22:42:15.070668,B
2024,2,00-0038621,D.Douglas,WR,NE,7.995708316071103,0.0,1,2026-09-17T22:42:15.070668,B
2024,2,00-0038640,J.Brooks,WR,DAL,3.1069382696645462,2.0,1,2026-09-17T22:42:15.070668,B
2024,2,00-0038647,R.Bell,WR,SF,1.8173844828554193,0.0,1,2026-09-17T22:42:15.070668,B
2024,2,00-0038752,J.Bobo,WR,SEA,3.1388393654051923,3.5,1,2026-09-17T22:42:15.070668,B
2024,2,00-0038938,J.Hyatt,WR,NYG,4.050249596458726,0.0,1,2026-09-17T22:42:15.070668,B
2024,2,00-0038941,T.Scott,WR,CHI,2.868743597963892,0.0,1,2026-09-17T22:42:15.070668,B
2024,2,00-0038976,M.Mims,WR,DEN,4.475441436179101,2.0,1,2026-09-17T22:42:15.070668,B
2024,2,00-0038977,T.Dell,WR,HOU,11.843369762180215,2.3,1,2026-09-17T22:42:15.070668,B
2024,2,00-0038979,C.Tillman,WR,CLE,2.9664045238847683,1.2,1,2026-09-17T22:42:15.070668,B
2024,2,00-0039052,T.Palmer,WR,TB,6.051273967145917,0.0,1,2026-09-17T22:42:15.070668,B
2024,2,00-0039062,J.Mingo,WR,CAR,2.8770741964341306,1.1,1,2026-09-17T22:42:15.070668,B
2024,2,00-0039064,Z.Flowers,WR,BAL,13.721888399118434,22.1,1,2026-09-17T22:42:15.070668,B
2024,2,00-0039067,R.Rice,WR,KC,13.960897166084134,18.5,1,2026-09-17T22:42:15.070668,B
2024,2,00-0039146,J.Reed,WR,GB,10.502074537084056,6.6,1,2026-09-17T22:42:15.070668,B
2024,2,00-0039236,J.Wilson,WR,PHI,2.1710254661193495,0.0,1,2026-09-17T22:42:15.070668,B
2024,2,00-0039337,M.Nabers,WR,NYG,12.696377821234258,28.7,1,2026-09-17T22:42:15.070668,B
2024,2,00-0039342,X.Legette,WR,CAR,8.034488300615356,0.0,1,2026-09-17T22:42:15.070668,B
2024,2,00-0039355,L.McCaffrey,WR,WAS,5.862132519082188,0.0,1,2026-09-17T22:42:15.070668,B
2024,2,00-0039386,B.Means,WR,NO,2.7563309563557175,0.0,1,2026-09-17T22:42:15.070668,B
2024,2,00-0039392,J.Jackson,WR,TEN,3.7641120018423084,0.0,1,2026-09-17T22:42:15.070668,B
2024,2,00-0039623,M.Tipton,WR,NO,2.9883759378748955,0.0,1,2026-09-17T22:42:15.070668,B
2024,2,00-0039751,J.Whittington,WR,LA,2.026415010881812,4.2,1,2026-09-17T22:42:15.070668,B
2024,2,00-0039810,J.Burton,WR,CIN,1.6321564914390194,5.7,1,2026-09-17T22:42:15.070668,B
2024,2,00-0039816,A.Gould,WR,IND,3.0481494385449537,0.0,1,2026-09-17T22:42:15.070668,B
2024,2,00-0039849,M.Harrison,WR,ARI,10.334954703872299,29.0,1,2026-09-17T22:42:15.070668,B
2024,2,00-0039853,J.Baker,WR,NE,2.951287579683746,0.0,1,2026-09-17T22:42:15.070668,B
2024,2,00-0039855,J.McMillan,WR,TB,7.567602099739185,3.1,1,2026-09-17T22:42:15.070668,B
2024,2,00-0039868,T.Franklin,WR,DEN,3.7782552795209483,0.0,1,2026-09-17T22:42:15.070668,B
2024,2,00-0039890,A.Mitchell,WR,IND,6.747218631746449,4.0,1,2026-09-17T22:42:15.070668,B
2024,2,00-0039893,Bri.Thomas,WR,JAX,11.49328632320371,11.4,1,2026-09-17T22:42:15.070668,B
2024,2,00-0039894,X.Worthy,WR,KC,9.238568514680903,4.2,1,2026-09-17T22:42:15.070668,B
2024,2,00-0039901,K.Coleman,WR,BUF,9.86046280087047,0.0,1,2026-09-17T22:42:15.070668,B
2024,2,00-0039907,J.Polk,WR,NE,4.903770849260399,9.2,1,2026-09-17T22:42:15.070668,B
2024,2,00-0039915,L.McConkey,WR,LAC,11.043787347071685,4.6,1,2026-09-17T22:42:15.070668,B
2024,2,00-0039919,R.Odunze,WR,CHI,7.138187731272507,5.3,1,2026-09-17T22:42:15.070668,B
2024,2,00-0039920,M.Corley,WR,NYJ,2.0453381168337694,1.4,1,2026-09-17T22:42:15.070668,B
2024,2,00-0024243,M.Lewis,TE,CHI,-0.1607931100267459,0.0,1,2026-09-17T22:42:15.070668,B
2024,2,00-0030061,Z.Ertz,TE,WAS,7.349629580576002,10.2,1,2026-09-17T22:42:15.070668,B
2024,2,00-0030506,T.Kelce,TE,KC,14.769789847806717,1.6,1,2026-09-17T22:42:15.070668,B
2024,2,00-0031299,J.Matthews,TE,CAR,3.0411892290283253,0.0,1,2026-09-17T22:42:15.070668,B
2024,2,00-0031484,C.Manhertz,TE,NYG,-0.033355629947215526,0.0,1,2026-09-17T22:42:15.070668,B
2024,2,00-0031585,M.Pruitt,TE,PIT,2.1758977306811267,0.0,1,2026-09-17T22:42:15.070668,B
2024,2,00-0031690,E.Tomlinson,TE,LAC,0.5619254069825326,0.0,1,2026-09-17T22:42:15.070668,B
2024,2,00-0032392,A.Hooper,TE,NE,5.39002056947126,1.5,1,2026-09-17T22:42:15.070668,B
2024,2,00-0032394,N.Vannett,TE,TEN,0.4612382690407575,0.0,1,2026-09-17T22:42:15.070668,B
2024,2,00-0033090,H.Henry,TE,NE,9.595154961875785,18.9,1,2026-09-17T22:42:15.070668,B
2024,2,00-0033217,M.Alie-Cox,TE,IND,4.805406076474406,3.2,1,2026-09-17T22:42:15.070668,B
2024,2,00-0033246,J.Mundt,TE,MIN,4.980776067248368,3.2,1,2026-09-17T22:42:15.070668,B
2024,2,00-0033288,G.Kittle,TE,SF,9.23502780159392,20.6,1,2026-09-17T22:42:15.070668,B
2024,2,00-0033576,E.Saubert,TE,SF,1.1379621335066403,4.6,1,2026-09-17T22:42:15.070668,B
2024,2,00-0033858,J.Smith,TE,MIA,4.808497990619069,11.3,1,2026-09-17T22:42:15.070668,B
2024,2,00-0033895,G.Everett,TE,CHI,5.538266148443656,2.1,1,2026-09-17T22:42:15.070668,B
2024,2,00-0034073,R.Dwelley,TE,ATL,-0.350136259699382,0.0,1,2026-09-17T22:42:15.070668,B
2024,2,00-0034159,W.Dissly,TE,LAC,3.2299535566792934,5.9,1,2026-09-17T22:42:15.070668,B
2024,2,00-0034270,T.Conklin,TE,NYJ,6.042911491101085,2.0,1,2026-09-17T22:42:15.070668,B
2024,2,00-0034351,D.Goedert,TE,PHI,8.742304902146484,6.8,1,2026-09-17T22:42:15.070668,B
2024,2,00-0034364,J.Akins,TE,CLE,3.4663470959672535,2.0,1,2026-09-17T22:42:15.070668,B
2024,2,00-0034383,D.Schultz,TE,HOU,8.450512296390087,4.1,1,2026-09-17T22:42:15.070668,B
2024,2,00-0034753,M.Andrews,TE,BAL,7.868306599609163,9.1,1,2026-09-17T22:42:15.070668,B
2024,2,00-0034798,D.Smythe,TE,MIA,5.0072745293147625,1.8,1,2026-09-17T22:42:15.070668,B
2024,2,00-0034829,M.Gesicki,TE,CIN,5.243763429507334,16.1,1,2026-09-17T22:42:15.070668,B
2024,2,00-0034830,H.Hurst,TE,LAC,6.60587699372933,1.5,1,2026-09-17T22:42:15.070668,B
2024,2,00-0034981,F.Moreau,TE,NO,5.25451281286885,0.0,1,2026-09-17T22:42:15.070668,B
2024,2,00-0035249,J.Oliver,TE,MIN,3.8478910416145915,0.0,1,2026-09-17T22:42:15.070668,B
2024,2,00-0035572,P.Hesse,TE,DET,0.6297733829168193,0.0,1,2026-09-17T22:42:15.070668,B
2024,2,00-0035631,D.Sample,TE,CIN,3.776453500576017,5.8,1,2026-09-17T22:42:15.070668,B
2024,2,00-0035644,N.Fant,TE,SEA,6.660512853009257,2.4,1,2026-09-17T22:42:15.070668,B
2024,2,00-0035689,D.Knox,TE,BUF,4.39919739868292,0.0,1,2026-09-17T22:42:15.070668,B
2024,2,00-0036040,J.Johnson,TE,NO,8.178259847898012,0.0,1,2026-09-17T22:42:15.070668,B
2024,2,00-0036232,H.Bryant,TE,LV,1.416793557983568,0.0,1,2026-09-17T22:42:15.070668,B
2024,2,00-0036244,C.Parkinson,TE,LA,6.306899841603946,2.2,1,2026-09-17T22:42:15.070668,B
2024,2,00-0036290,C.Kmet,TE,CHI,6.771591057951495,6.7,1,2026-09-17T22:42:15.070668,B
2024,2,00-0036422,A.Trautman,TE,DEN,3.133466571146239,0.0,1,2026-09-17T22:42:15.070668,B
2024,2,00-0036429,C.Woerner,TE,ATL,2.1070561655081677,0.0,1,2026-09-17T22:42:15.070668,B
2024,2,00-0036556,B.Jordan,TE,HOU,4.725462959232332,1.4,1,2026-09-17T22:42:15.070668,B
2024,2,00-0036590,Q.Morris,TE,BUF,-0.07866393201870814,0.0,1,2026-09-17T22:42:15.070668,B
2024,2,00-0036628,J.Bates,TE,WAS,1.8376135129784172,1.5,1,2026-09-17T22:42:15.070668,B
2024,2,00-0036637,N.Gray,TE,KC,3.6802208967803347,0.0,1,2026-09-17T22:42:15.070668,B
2024,2,00-0036754,B.Wright,TE,DET,2.305569491482435,0.0,1,2026-09-17T22:42:15.070668,B
2024,2,00-0036876,K.Granson,TE,IND,4.588176403046992,1.9,1,2026-09-17T22:42:15.070668,B
2024,2,00-0036887,L.Farrell,TE,JAX,0.7658050942702825,3.3,1,2026-09-17T22:42:15.070668,B
2024,2,00-0036894,P.Freiermuth,TE,PIT,8.530537220570523,7.9,1,2026-09-17T22:42:15.070668,B
2024,2,00-0036970,K.Pitts,TE,ATL,7.900177529787045,5.0,1,2026-09-17T22:42:15.070668,B
2024,2,00-0037004,H.Long,TE,LA,0.15140141492997117,0.0,1,2026-09-17T22:42:15.070668,B
2024,2,00-0037005,T.Tremble,TE,CAR,4.560320594168511,5.3,1,2026-09-17T22:42:15.070668,B
2024,2,00-0037086,G.Calcaterra,TE,PHI,2.184024090084635,3.9,1,2026-09-17T22:42:15.070668,B
2024,2,00-0037112,J.Tonges,TE,SF,0.6679240109534552,0.0,1,2026-09-17T22:42:15.070668,B
2024,2,00-0037252,G.Dulcich,TE,DEN,4.651088564425268,4.6,1,2026-09-17T22:42:15.070668,B
2024,2,00-0037292,A.Ogletree,TE,IND,1.5722908739755153,2.2,1,2026-09-17T22:42:15.070668,B
2024,2,00-0037311,K.Kieft,TE,TB,-0.27566184207220523,0.0,1,2026-09-17T22:42:15.070668,B
2024,2,00-0037475,S.Smartt,TE,LAC,0.6404133243439034,0.0,1,2026-09-17T22:42:15.070668,B
2024,2,00-0037744,T.McBride,TE,ARI,11.431741475174697,12.7,1,2026-09-17T22:42:15.070668,B
2024,2,00-0037805,J.Ruckert,TE,NYJ,1.555210289661523,0.0,1,2026-09-17T22:42:15.070668,B
2024,2,00-0037809,C.Okonkwo,TE,TEN,5.807441189980236,4.6,1,2026-09-17T22:42:15.070668,B
2024,2,00-0037838,I.Likely,TE,BAL,8.577719549605497,4.6,1,2026-09-17T22:42:15.070668,B
2024,2,00-0038046,C.Kolar,TE,BAL,1.6512972499082168,1.4,1,2026-09-17T22:42:15.070668,B
2024,2,00-0038115,D.Bellinger,TE,NYG,2.6957502480701727,0.0,1,2026-09-17T22:42:15.070668,B
2024,2,00-0038129,C.Otton,TE,TB,9.934571522152122,-0.4,1,2026-09-17T22:42:15.070668,B
2024,2,00-0038498,E.Jenkins,TE,PHI,0.7220420689998219,0.0,1,2026-09-17T22:42:15.070668,B
2024,2,00-0038547,L.Schoonmaker,TE,DAL,2.220142980076417,10.3,1,2026-09-17T22:42:15.070668,B
2024,2,00-0038558,D.Washington,TE,PIT,1.9440756564166537,7.5,1,2026-09-17T22:42:15.070668,B
2024,2,00-0038589,J.Whyle,TE,TEN,1.4525783612870136,3.3,1,2026-09-17T22:42:15.070668,B
2024,2,00-0038710,B.Whiteheart,TE,CLE,-1.6329321320499899,0.0,1,2026-09-17T22:42:15.070668,B
2024,2,00-0038720,J.Hill,TE,MIA,2.5956993330302613,0.0,1,2026-09-17T22:42:15.070668,B
2024,2,00-0038783,N.Adkins,TE,DEN,1.2335947642199567,0.0,1,2026-09-17T22:42:15.070668,B
2024,2,00-0038809,B.Sims,TE,GB,-0.38799786564159433,0.0,1,2026-09-17T22:42:15.070668,B
2024,2,00-0038933,D.Kincaid,TE,BUF,9.201052018266715,7.3,1,2026-09-17T22:42:15.070668,B
2024,2,00-0038935,B.Strange,TE,JAX,1.5548965762193254,9.5,1,2026-09-17T22:42:15.070668,B
2024,2,00-0038996,T.Kraft,TE,GB,5.821112649346265,3.6,1,2026-09-17T22:42:15.070668,B
2024,2,00-0039041,E.Higgins,TE,ARI,3.7199468896989543,8.8,1,2026-09-17T22:42:15.070668,B
2024,2,00-0039050,P.Durham,TE,TB,1.471442853682825,0.0,1,2026-09-17T22:42:15.070668,B
2024,2,00-0039065,S.LaPorta,TE,DET,13.785945613583717,3.3,1,2026-09-17T22:42:15.070668,B
2024,2,00-0039066,M.Mayer,TE,LV,4.967887524974895,2.1,1,2026-09-17T22:42:15.070668,B
2024,2,00-0039144,L.Musgrave,TE,GB,6.346684109741241,1.6,1,2026-09-17T22:42:15.070668,B
2024,2,00-0039338,B.Bowers,TE,LV,11.440497590084181,18.8,1,2026-09-17T22:42:15.070668,B
2024,2,00-0039356,J.Sanders,TE,CAR,2.720188201286189,2.8,1,2026-09-17T22:42:15.070668,B
2024,2,00-0039359,C.Stover,TE,HOU,1.7762096439671962,2.8,1,2026-09-17T22:42:15.070668,B
2024,2,00-0039420,J.Bell,TE,NE,1.3759229105393884,0.0,1,2026-09-17T22:42:15.070668,B
2024,2,00-0039458,B.Bates,TE,NYJ,1.2839055261329517,0.0,1,2026-09-17T22:42:15.070668,B
2024,2,00-0039530,B.Spann-Ford,TE,DAL,1.6312726238299473,0.0,1,2026-09-17T22:42:15.070668,B
2024,2,00-0039737,T.Reiman,TE,ARI,1.8857569112223702,0.0,1,2026-09-17T22:42:15.070668,B
2024,2,00-0039793,A.Barner,TE,SEA,2.174283287615648,0.0,1,2026-09-17T22:42:15.070668,B
2024,2,00-0039814,E.All,TE,CIN,1.5425011969908744,7.2,1,2026-09-17T22:42:15.070668,B
2024,2,00-0039824,J.Wiley,TE,KC,1.2227754510752873,1.7,1,2026-09-17T22:42:15.070668,B
2024,2,00-0039847,T.Johnson,TE,NYG,5.918391943354185,0.0,1,2026-09-17T22:42:15.070668,B
2024,2,00-0039912,B.Sinnott,TE,WAS,1.89200188645277,0.0,1,2026-09-17T22:42:15.070668,B
2024,3,00-0030578,C.Patterson,RB,PIT,2.8107027289867252,7.8,1,2026-09-17T22:42:15.070668,B
2024,3,00-0032104,A.Abdullah,RB,LV,3.5752669614422494,3.3,1,2026-09-17T22:42:15.070668,B
2024,3,00-0032764,D.Henry,RB,BAL,14.926288076344427,30.4,1,2026-09-17T22:42:15.070668,B
2024,3,00-0033045,E.Elliott,RB,DAL,9.526339734192561,2.2,1,2026-09-17T22:42:15.070668,B
2024,3,00-0033293,A.Jones,RB,MIN,14.561425991088491,25.8,1,2026-09-17T22:42:15.070668,B
2024,3,00-0033526,S.Perine,RB,KC,4.232818135457572,7.0,1,2026-09-17T22:42:15.070668,B
2024,3,00-0033553,J.Conner,RB,ARI,13.392355380406293,3.5,1,2026-09-17T22:42:15.070668,B
2024,3,00-0033699,A.Ekeler,RB,WAS,8.850911002943452,13.7,1,2026-09-17T22:42:15.070668,B
2024,3,00-0033854,D.Ogunbowale,RB,HOU,2.9185804022047632,4.8,1,2026-09-17T22:42:15.070668,B
2024,3,00-0033906,A.Kamara,RB,NO,17.608647637713005,15.7,1,2026-09-17T22:42:15.070668,B
2024,3,00-0033925,D.Foreman,RB,CLE,5.02371146258446,0.5,1,2026-09-17T22:42:15.070668,B
2024,3,00-0033948,J.Williams,RB,NO,6.8034708215812465,0.9,1,2026-09-17T22:42:15.070668,B
2024,3,00-0033955,J.McNichols,RB,WAS,1.9763869308076076,0.1,1,2026-09-17T22:42:15.070668,B
2024,3,00-0034115,J.Wilson,RB,MIA,3.910576120668434,1.4,1,2026-09-17T22:42:15.070668,B
2024,3,00-0034184,G.Edwards,RB,LAC,7.595567271956315,0.9,1,2026-09-17T22:42:15.070668,B
2024,3,00-0034844,S.Barkley,RB,PHI,17.35629678306103,33.6,1,2026-09-17T22:42:15.070668,B
2024,3,00-0034972,A.Mattison,RB,LV,7.588852987762648,13.4,1,2026-09-17T22:42:15.070668,B
2024,3,00-0034975,J.Hill,RB,BAL,9.63844074928009,7.4,1,2026-09-17T22:42:15.070668,B
2024,3,00-0035243,M.Sanders,RB,CAR,7.914250756323606,11.0,1,2026-09-17T22:42:15.070668,B
2024,3,00-0035250,D.Singletary,RB,NYG,13.207894867409372,18.8,1,2026-09-17T22:42:15.070668,B
2024,3,00-0035261,T.Pollard,RB,TEN,15.906040969793786,5.9,1,2026-09-17T22:42:15.070668,B
2024,3,00-0035537,T.Johnson,RB,BUF,3.6736014419586365,13.6,1,2026-09-17T22:42:15.070668,B
2024,3,00-0035567,C.Reynolds,RB,DET,3.302668086141102,0.0,1,2026-09-17T22:42:15.070668,B
2024,3,00-0035628,D.Johnson,RB,JAX,2.1662579968258537,1.2,1,2026-09-17T22:42:15.070668,B
2024,3,00-0035685,D.Montgomery,RB,DET,12.33184890509745,21.2,1,2026-09-17T22:42:15.070668,B
2024,3,00-0035700,J.Jacobs,RB,GB,14.307124891493476,5.8,1,2026-09-17T22:42:15.070668,B
2024,3,00-0035806,J.Hasty,RB,NE,0.3736990807651175,0.5,1,2026-09-17T22:42:15.070668,B
2024,3,00-0036096,J.Taylor,RB,HOU,4.057742966881635,2.3,1,2026-09-17T22:42:15.070668,B
2024,3,00-0036139,R.Dowdle,RB,DAL,6.919701181510977,8.6,1,2026-09-17T22:42:15.070668,B
2024,3,00-0036158,J.Dobbins,RB,LAC,14.6968477752244,8.4,1,2026-09-17T22:42:15.070668,B
2024,3,00-0036223,J.Taylor,RB,IND,14.798638730113366,26.5,1,2026-09-17T22:42:15.070668,B
2024,3,00-0036251,Z.Moss,RB,CIN,12.651651438935666,20.7,1,2026-09-17T22:42:15.070668,B
2024,3,00-0036275,D.Swift,RB,CHI,12.994821211398202,6.2,1,2026-09-17T22:42:15.070668,B
2024,3,00-0036328,A.Gibson,RB,NE,8.170373003079312,6.7,1,2026-09-17T22:42:15.070668,B
2024,3,00-0036414,C.Akers,RB,HOU,7.123545951799024,9.9,1,2026-09-17T22:42:15.070668,B
2024,3,00-0036555,C.Hubbard,RB,CAR,11.801627546463378,27.9,1,2026-09-17T22:42:15.070668,B
2024,3,00-0036875,R.Stevenson,RB,NE,14.94384830846263,0.3,1,2026-09-17T22:42:15.070668,B
2024,3,00-0036893,N.Harris,RB,PIT,12.423364525948442,13.6,1,2026-09-17T22:42:15.070668,B
2024,3,00-0036906,K.Herbert,RB,CHI,4.970941247043928,0.9,1,2026-09-17T22:42:15.070668,B
2024,3,00-0036919,K.Gainwell,RB,PHI,1.9538851687440157,3.2,1,2026-09-17T22:42:15.070668,B
2024,3,00-0036973,T.Etienne,RB,JAX,15.510075168997549,12.5,1,2026-09-17T22:42:15.070668,B
2024,3,00-0036984,T.Sermon,RB,IND,4.233631197181162,7.6,1,2026-09-17T22:42:15.070668,B
2024,3,00-0036997,J.Williams,RB,DEN,13.014094251990429,6.1,1,2026-09-17T22:42:15.070668,B
2024,3,00-0037085,T.Badie,RB,DEN,3.7797702422232584,7.0,1,2026-09-17T22:42:15.070668,B
2024,3,00-0037120,T.Goodson,RB,IND,2.603135146378139,0.0,1,2026-09-17T22:42:15.070668,B
2024,3,00-0037228,J.Warren,RB,PIT,8.893632894462103,1.1,1,2026-09-17T22:42:15.070668,B
2024,3,00-0037248,J.Cook,RB,BUF,13.982713029710917,18.7,1,2026-09-17T22:42:15.070668,B
2024,3,00-0037256,R.White,RB,TB,12.898792684569843,8.5,1,2026-09-17T22:42:15.070668,B
2024,3,00-0037263,T.Allgeier,RB,ATL,6.082903500889221,3.2,1,2026-09-17T22:42:15.070668,B
2024,3,00-0037267,J.Ford,RB,CLE,11.390323580213522,10.0,1,2026-09-17T22:42:15.070668,B
2024,3,00-0037276,T.Chandler,RB,MIN,8.08891831573305,1.3,1,2026-09-17T22:42:15.070668,B
2024,3,00-0037304,C.Heyward,RB,PIT,1.723046448001348,1.2,1,2026-09-17T22:42:15.070668,B
2024,3,00-0037429,R.Blackshear,RB,CAR,2.2443211871875395,0.0,1,2026-09-17T22:42:15.070668,B
2024,3,00-0037525,J.Mason,RB,SF,15.095406575882603,10.8,1,2026-09-17T22:42:15.070668,B
2024,3,00-0037557,R.Rivers,RB,LA,3.302584173545725,0.9,1,2026-09-17T22:42:15.070668,B
2024,3,00-0037746,Br.Robinson,RB,WAS,14.27914560458919,10.7,1,2026-09-17T22:42:15.070668,B
2024,3,00-0037840,K.Williams,RB,LA,14.20145259520449,31.6,1,2026-09-17T22:42:15.070668,B
2024,3,00-0038040,Z.White,RB,LV,11.878092184067137,3.4,1,2026-09-17T22:42:15.070668,B
2024,3,00-0038120,B.Hall,RB,NYJ,17.650546463791795,18.3,1,2026-09-17T22:42:15.070668,B
2024,3,00-0038396,E.Gray,RB,NYG,2.5323578467243983,0.0,1,2026-09-17T22:42:15.070668,B
2024,3,00-0038542,Bi.Robinson,RB,ATL,15.803908324450592,13.2,1,2026-09-17T22:42:15.070668,B
2024,3,00-0038555,T.Bigsby,RB,JAX,5.791809272222633,0.9,1,2026-09-17T22:42:15.070668,B
2024,3,00-0038597,C.Brown,RB,CIN,7.4072911371058625,8.9,1,2026-09-17T22:42:15.070668,B
2024,3,00-0038622,D.Vaughn,RB,DAL,3.0749412965009615,2.3,1,2026-09-17T22:42:15.070668,B
2024,3,00-0038636,K.McIntosh,RB,SEA,1.826182683153677,1.1,1,2026-09-17T22:42:15.070668,B
2024,3,00-0038678,J.Mims,RB,NO,2.9631184494591496,0.0,1,2026-09-17T22:42:15.070668,B
2024,3,00-0038685,C.Brooks,RB,GB,2.7695867911207452,0.3,1,2026-09-17T22:42:15.070668,B
2024,3,00-0038705,E.Demercado,RB,ARI,2.3367898184460927,0.7,1,2026-09-17T22:42:15.070668,B
2024,3,00-0038794,J.McLaughlin,RB,DEN,5.201139747120704,8.4,1,2026-09-17T22:42:15.070668,B
2024,3,00-0038797,E.Wilson,RB,GB,5.003072338456448,16.5,1,2026-09-17T22:42:15.070668,B
2024,3,00-0038951,S.Tucker,RB,TB,2.0594721264666536,0.4,1,2026-09-17T22:42:15.070668,B
2024,3,00-0039021,R.Johnson,RB,CHI,7.4071994656051245,10.2,1,2026-09-17T22:42:15.070668,B
2024,3,00-0039032,T.Spears,RB,TEN,6.56867699602452,10.1,1,2026-09-17T22:42:15.070668,B
2024,3,00-0039040,D.Achane,RB,MIA,16.47644101653295,8.8,1,2026-09-17T22:42:15.070668,B
2024,3,00-0039139,J.Gibbs,RB,DET,15.735432923077711,8.3,1,2026-09-17T22:42:15.070668,B
2024,3,00-0039165,Z.Charbonnet,RB,SEA,13.309655784087957,25.7,1,2026-09-17T22:42:15.070668,B
2024,3,00-0039325,C.Steele,RB,KC,4.683251179662056,8.4,1,2026-09-17T22:42:15.070668,B
2024,3,00-0039361,B.Irving,RB,TB,8.348697973613772,11.4,1,2026-09-17T22:42:15.070668,B
2024,3,00-0039363,I.Guerendo,RB,SF,3.6335104506457494,1.9,1,2026-09-17T22:42:15.070668,B
2024,3,00-0039364,S.Vaki,RB,DET,2.2485437841700913,0.0,1,2026-09-17T22:42:15.070668,B
2024,3,00-0039384,T.Tracy,RB,NYG,2.720755971332493,6.0,1,2026-09-17T22:42:15.070668,B
2024,3,00-0039603,B.Brooks,RB,HOU,3.6448112428932307,0.2,1,2026-09-17T22:42:15.070668,B
2024,3,00-0039794,B.Allen,RB,NYJ,7.344708432767428,9.8,1,2026-09-17T22:42:15.070668,B
2024,3,00-0039798,I.Davis,RB,NYJ,3.2509328901573227,0.6,1,2026-09-17T22:42:15.070668,B
2024,3,00-0039874,J.Wright,RB,MIA,4.60093739345805,1.7,1,2026-09-17T22:42:15.070668,B
2024,3,00-0039875,R.Davis,RB,BUF,5.3476004099433085,9.3,1,2026-09-17T22:42:15.070668,B
2024,3,00-0039921,T.Benson,RB,ARI,4.995474998331468,0.8,1,2026-09-17T22:42:15.070668,B
2024,3,00-0030035,A.Thielen,WR,CAR,10.452515803460866,13.0,1,2026-09-17T22:42:15.070668,B
2024,3,00-0030431,R.Woods,WR,HOU,3.0985318843180867,3.8,1,2026-09-17T22:42:15.070668,B
2024,3,00-0030564,D.Hopkins,WR,TEN,8.772626423863695,19.3,1,2026-09-17T22:42:15.070668,B
2024,3,00-0031236,B.Cooks,WR,DAL,10.88959170763101,3.6,1,2026-09-17T22:42:15.070668,B
2024,3,00-0031381,D.Adams,WR,LV,16.433588263831652,8.0,1,2026-09-17T22:42:15.070668,B
2024,3,00-0031408,M.Evans,WR,TB,16.01820512691054,3.7,1,2026-09-17T22:42:15.070668,B
2024,3,00-0031428,A.Robinson,WR,DET,0.716728224250776,0.0,1,2026-09-17T22:42:15.070668,B
2024,3,00-0031544,A.Cooper,WR,CLE,13.900459842207702,27.6,1,2026-09-17T22:42:15.070668,B
2024,3,00-0031549,N.Agholor,WR,BAL,5.047426249540484,6.6,1,2026-09-17T22:42:15.070668,B
2024,3,00-0031588,S.Diggs,WR,HOU,12.977039242710472,19.9,1,2026-09-17T22:42:15.070668,B
2024,3,00-0031763,D.Carter,WR,CHI,3.97732641407488,5.2,1,2026-09-17T22:42:15.070668,B
2024,3,00-0031941,J.Crowder,WR,WAS,1.7860261925518328,0.0,1,2026-09-17T22:42:15.070668,B
2024,3,00-0032128,C.Conley,WR,SF,1.439342103862951,0.0,1,2026-09-17T22:42:15.070668,B
2024,3,00-0032211,T.Lockett,WR,SEA,10.669882600145419,9.6,1,2026-09-17T22:42:15.070668,B
2024,3,00-0032385,S.Shepard,WR,TB,1.1664227537858185,0.0,1,2026-09-17T22:42:15.070668,B
2024,3,00-0032398,C.Moore,WR,ARI,0.8216842889305473,0.0,1,2026-09-17T22:42:15.070668,B
2024,3,00-0032464,K.Raymond,WR,DET,3.7698504686977623,0.0,1,2026-09-17T22:42:15.070668,B
2024,3,00-0032775,D.Robinson,WR,LA,7.646484640391017,4.2,1,2026-09-17T22:42:15.070668,B
2024,3,00-0033009,T.Boyd,WR,TEN,7.61388921813273,6.3,1,2026-09-17T22:42:15.070668,B
2024,3,00-0033040,T.Hill,WR,MIA,14.659163114645267,7.0,1,2026-09-17T22:42:15.070668,B
2024,3,00-0033251,Z.Pascal,WR,ARI,0.08139734853963443,0.0,1,2026-09-17T22:42:15.070668,B
2024,3,00-0033282,C.Samuel,WR,BUF,7.146158193584397,5.2,1,2026-09-17T22:42:15.070668,B
2024,3,00-0033375,T.Patrick,WR,DET,5.5600889501858495,1.8,1,2026-09-17T22:42:15.070668,B
2024,3,00-0033536,M.Williams,WR,NYJ,10.848904842565002,6.4,1,2026-09-17T22:42:15.070668,B
2024,3,00-0033555,M.Hollins,WR,BUF,5.347805285441314,2.6,1,2026-09-17T22:42:15.070668,B
2024,3,00-0033589,D.Moore,WR,CAR,2.3233152196744404,0.0,1,2026-09-17T22:42:15.070668,B
2024,3,00-0033591,N.Brown,WR,WAS,3.868907574476302,5.9,1,2026-09-17T22:42:15.070668,B
2024,3,00-0033857,J.Smith-Schuster,WR,KC,2.5818836814841246,9.7,1,2026-09-17T22:42:15.070668,B
2024,3,00-0033921,C.Godwin,WR,TB,14.365287070868217,17.3,1,2026-09-17T22:42:15.070668,B
2024,3,00-0033943,J.Reynolds,WR,DEN,8.191486876832103,5.6,1,2026-09-17T22:42:15.070668,B
2024,3,00-0034272,M.Valdes-Scantling,WR,BUF,3.2311754772228234,1.7,1,2026-09-17T22:42:15.070668,B
2024,3,00-0034348,C.Sutton,WR,DEN,10.487787511475512,13.8,1,2026-09-17T22:42:15.070668,B
2024,3,00-0034386,J.Watson,WR,KC,4.652529164550882,2.3,1,2026-09-17T22:42:15.070668,B
2024,3,00-0034407,R.McCloud,WR,ATL,8.090315315187528,5.7,1,2026-09-17T22:42:15.070668,B
2024,3,00-0034418,C.Wilson,WR,NO,3.411300613729318,1.3,1,2026-09-17T22:42:15.070668,B
2024,3,00-0034419,B.Berrios,WR,MIA,2.4066486228350135,0.0,1,2026-09-17T22:42:15.070668,B
2024,3,00-0034487,T.Sherfield,WR,MIN,1.2625246728487314,1.8,1,2026-09-17T22:42:15.070668,B
2024,3,00-0034521,A.Lazard,WR,NYJ,9.528792455504439,13.8,1,2026-09-17T22:42:15.070668,B
2024,3,00-0034646,B.Powell,WR,MIN,4.628494120629023,2.3,1,2026-09-17T22:42:15.070668,B
2024,3,00-0034775,C.Kirk,WR,JAX,8.623386778940066,15.9,1,2026-09-17T22:42:15.070668,B
2024,3,00-0034827,D.Moore,WR,CHI,15.60837035935947,15.2,1,2026-09-17T22:42:15.070668,B
2024,3,00-0034837,C.Ridley,WR,TEN,14.066930606699236,1.9,1,2026-09-17T22:42:15.070668,B
2024,3,00-0034854,K.Hodge,WR,ATL,-0.6428055920630351,0.0,1,2026-09-17T22:42:15.070668,B
2024,3,00-0034960,J.Meyers,WR,LV,11.058668416985647,21.2,1,2026-09-17T22:42:15.070668,B
2024,3,00-0035021,A.Dulin,WR,IND,3.0673735734160132,0.0,1,2026-09-17T22:42:15.070668,B
2024,3,00-0035140,M.Hardman,WR,KC,2.6349312522474113,0.0,1,2026-09-17T22:42:15.070668,B
2024,3,00-0035208,O.Zaccheaus,WR,WAS,2.663912522111379,0.0,1,2026-09-17T22:42:15.070668,B
2024,3,00-0035216,D.Johnson,WR,CAR,11.510744978909578,26.2,1,2026-09-17T22:42:15.070668,B
2024,3,00-0035298,S.Miller,WR,PIT,1.2190311167954526,5.1,1,2026-09-17T22:42:15.070668,B
2024,3,00-0035406,L.Humphrey,WR,DEN,3.5543187950425166,9.7,1,2026-09-17T22:42:15.070668,B
2024,3,00-0035500,G.Dortch,WR,ARI,6.077712933295548,6.5,1,2026-09-17T22:42:15.070668,B
2024,3,00-0035535,D.Slayton,WR,NYG,7.988074552233106,1.7,1,2026-09-17T22:42:15.070668,B
2024,3,00-0035639,P.Campbell,WR,PHI,1.4446095095072975,3.3,1,2026-09-17T22:42:15.070668,B
2024,3,00-0035640,D.Metcalf,WR,SEA,13.38141091675389,20.4,1,2026-09-17T22:42:15.070668,B
2024,3,00-0035659,T.McLaurin,WR,WAS,12.226984382675965,20.0,1,2026-09-17T22:42:15.070668,B
2024,3,00-0035934,T.Jackson,WR,MIN,1.5880182031692707,0.0,1,2026-09-17T22:42:15.070668,B
2024,3,00-0036133,J.Proche,WR,CLE,1.0333380828065462,0.0,1,2026-09-17T22:42:15.070668,B
2024,3,00-0036182,N.Westbrook-Ikhine,WR,TEN,1.5948515799452316,0.0,1,2026-09-17T22:42:15.070668,B
2024,3,00-0036196,G.Davis,WR,JAX,8.361662060617636,3.8,1,2026-09-17T22:42:15.070668,B
2024,3,00-0036252,M.Pittman,WR,IND,11.932775607955463,7.6,1,2026-09-17T22:42:15.070668,B
2024,3,00-0036254,C.Johnson,WR,CHI,-1.6261704566994952,0.0,1,2026-09-17T22:42:15.070668,B
2024,3,00-0036259,J.Jennings,WR,SF,7.2519579856406144,46.5,1,2026-09-17T22:42:15.070668,B
2024,3,00-0036261,B.Aiyuk,WR,SF,12.16300263921759,9.8,1,2026-09-17T22:42:15.070668,B
2024,3,00-0036268,L.Shenault,WR,SEA,0.9888983229961461,1.2,1,2026-09-17T22:42:15.070668,B
2024,3,00-0036309,D.Mooney,WR,ATL,9.31772442360362,14.6,1,2026-09-17T22:42:15.070668,B
2024,3,00-0036322,J.Jefferson,WR,MIN,17.97093826955982,20.1,1,2026-09-17T22:42:15.070668,B
2024,3,00-0036331,D.Duvernay,WR,JAX,0.666956388242629,0.9,1,2026-09-17T22:42:15.070668,B
2024,3,00-0036345,K.Osborn,WR,NE,7.546420124302476,0.0,1,2026-09-17T22:42:15.070668,B
2024,3,00-0036358,C.Lamb,WR,DAL,18.444827841641267,8.7,1,2026-09-17T22:42:15.070668,B
2024,3,00-0036407,J.Jeudy,WR,CLE,11.366426046827906,8.7,1,2026-09-17T22:42:15.070668,B
2024,3,00-0036410,T.Higgins,WR,CIN,11.7346185745279,6.9,1,2026-09-17T22:42:15.070668,B
2024,3,00-0036415,V.Jefferson,WR,PIT,5.285527747726684,0.0,1,2026-09-17T22:42:15.070668,B
2024,3,00-0036427,T.Johnson,WR,LA,9.19881549382043,5.0,1,2026-09-17T22:42:15.070668,B
2024,3,00-0036497,T.Jones,WR,JAX,-2.115954332449026,0.0,1,2026-09-17T22:42:15.070668,B
2024,3,00-0036527,D.Turner,WR,LV,0.47108624128221965,0.0,1,2026-09-17T22:42:15.070668,B
2024,3,00-0036550,R.Bateman,WR,BAL,7.183290099727465,11.8,1,2026-09-17T22:42:15.070668,B
2024,3,00-0036554,N.Collins,WR,HOU,15.995459674555008,12.6,1,2026-09-17T22:42:15.070668,B
2024,3,00-0036613,J.Waddle,WR,MIA,11.609006987419622,6.6,1,2026-09-17T22:42:15.070668,B
2024,3,00-0036620,D.Eskridge,WR,MIA,-1.120223129655174,4.0,1,2026-09-17T22:42:15.070668,B
2024,3,00-0036626,D.Brown,WR,WAS,3.3397755089415613,3.6,1,2026-09-17T22:42:15.070668,B
2024,3,00-0036630,T.Wallace,WR,BAL,1.2393711073137625,0.0,1,2026-09-17T22:42:15.070668,B
2024,3,00-0036646,S.Fehoko,WR,LAC,1.9281660298968468,2.7,1,2026-09-17T22:42:15.070668,B
2024,3,00-0036849,T.Atwell,WR,LA,3.645421650729199,13.3,1,2026-09-17T22:42:15.070668,B
2024,3,00-0036900,J.Chase,WR,CIN,13.886771044538378,29.8,1,2026-09-17T22:42:15.070668,B
2024,3,00-0036912,D.Smith,WR,PHI,17.976914959905944,14.9,1,2026-09-17T22:42:15.070668,B
2024,3,00-0036963,A.St. Brown,WR,DET,15.834375978322807,20.5,1,2026-09-17T22:42:15.070668,B
2024,3,00-0036980,E.Moore,WR,CLE,9.52676103820825,3.7,1,2026-09-17T22:42:15.070668,B
2024,3,00-0037091,B.Melton,WR,GB,2.3031910669195295,0.0,1,2026-09-17T22:42:15.070668,B
2024,3,00-0037093,D.Young,WR,SEA,1.1541412378096414,0.0,1,2026-09-17T22:42:15.070668,B
2024,3,00-0037132,B.Covey,WR,PHI,4.229258515046293,2.1,1,2026-09-17T22:42:15.070668,B
2024,3,00-0037238,D.London,WR,ATL,11.900243670051168,18.7,1,2026-09-17T22:42:15.070668,B
2024,3,00-0037239,C.Olave,WR,NO,13.555655108821863,20.6,1,2026-09-17T22:42:15.070668,B
2024,3,00-0037240,J.Williams,WR,DET,11.242062619008403,1.2,1,2026-09-17T22:42:15.070668,B
2024,3,00-0037247,G.Pickens,WR,PIT,11.960611476276277,10.7,1,2026-09-17T22:42:15.070668,B
2024,3,00-0037261,K.Shakir,WR,BUF,9.700421044596151,19.2,1,2026-09-17T22:42:15.070668,B
2024,3,00-0037291,J.Nailor,WR,MIN,7.870079201104171,12.4,1,2026-09-17T22:42:15.070668,B
2024,3,00-0037545,R.Shaheed,WR,NO,12.724735967871846,0.0,1,2026-09-17T22:42:15.070668,B
2024,3,00-0037664,A.Pierce,WR,IND,9.048358722189425,5.4,1,2026-09-17T22:42:15.070668,B
2024,3,00-0037666,J.Tolbert,WR,DAL,6.953525307601964,13.2,1,2026-09-17T22:42:15.070668,B
2024,3,00-0037740,G.Wilson,WR,NYJ,13.830693720678658,14.3,1,2026-09-17T22:42:15.070668,B
2024,3,00-0037741,J.Dotson,WR,PHI,7.507650408126479,2.8,1,2026-09-17T22:42:15.070668,B
2024,3,00-0037742,T.Burks,WR,TEN,3.5536497541389265,1.9,1,2026-09-17T22:42:15.070668,B
2024,3,00-0037801,K.Turpin,WR,DAL,3.5218057995016316,14.2,1,2026-09-17T22:42:15.070668,B
2024,3,00-0037816,R.Doubs,WR,GB,10.874728233132455,2.8,1,2026-09-17T22:42:15.070668,B
2024,3,00-0037837,C.Austin,WR,PIT,4.0534355645740945,19.5,1,2026-09-17T22:42:15.070668,B
2024,3,00-0038090,S.Moore,WR,KC,1.6995040811501152,0.0,1,2026-09-17T22:42:15.070668,B
2024,3,00-0038092,E.Ezukanma,WR,MIA,0.38944418327415153,0.0,1,2026-09-17T22:42:15.070668,B
2024,3,00-0038104,T.Thornton,WR,NE,3.9246826634731535,0.0,1,2026-09-17T22:42:15.070668,B
2024,3,00-0038117,W.Robinson,WR,NYG,9.212430416328766,13.1,1,2026-09-17T22:42:15.070668,B
2024,3,00-0038124,C.Watson,WR,GB,6.636196959112798,8.7,1,2026-09-17T22:42:15.070668,B
2024,3,00-0038393,D.Wicks,WR,GB,6.086495624096661,0.0,1,2026-09-17T22:42:15.070668,B
2024,3,00-0038465,M.Heath,WR,GB,2.4079629735243504,0.0,1,2026-09-17T22:42:15.070668,B
2024,3,00-0038496,X.Gipson,WR,NYJ,2.8124486284993333,3.6,1,2026-09-17T22:42:15.070668,B
2024,3,00-0038543,J.Smith-Njigba,WR,SEA,11.72034291989639,6.9,1,2026-09-17T22:42:15.070668,B
2024,3,00-0038544,Q.Johnston,WR,LAC,9.567134059178906,12.4,1,2026-09-17T22:42:15.070668,B
2024,3,00-0038559,Mi.Wilson,WR,ARI,8.815131844545036,14.4,1,2026-09-17T22:42:15.070668,B
2024,3,00-0038563,T.Tucker,WR,LV,6.524062658151906,22.6,1,2026-09-17T22:42:15.070668,B
2024,3,00-0038573,D.Davis,WR,LAC,3.203817058029456,0.8,1,2026-09-17T22:42:15.070668,B
2024,3,00-0038576,C.Jones,WR,CIN,4.772934603556679,0.0,1,2026-09-17T22:42:15.070668,B
2024,3,00-0038606,P.Washington,WR,JAX,1.1739161159312204,3.8,1,2026-09-17T22:42:15.070668,B
2024,3,00-0038608,K.Boutte,WR,NE,2.940763657503071,1.2,1,2026-09-17T22:42:15.070668,B
2024,3,00-0038618,X.Hutchinson,WR,HOU,1.465054815256166,0.0,1,2026-09-17T22:42:15.070668,B
2024,3,00-0038619,A.Iosivas,WR,CIN,10.348921823353832,16.2,1,2026-09-17T22:42:15.070668,B
2024,3,00-0038621,D.Douglas,WR,NE,5.858841953881431,14.8,1,2026-09-17T22:42:15.070668,B
2024,3,00-0038640,J.Brooks,WR,DAL,3.6794034416431485,3.4,1,2026-09-17T22:42:15.070668,B
2024,3,00-0038647,R.Bell,WR,SF,1.3635102652739999,2.2,1,2026-09-17T22:42:15.070668,B
2024,3,00-0038752,J.Bobo,WR,SEA,2.4740309794013253,0.0,1,2026-09-17T22:42:15.070668,B
2024,3,00-0038938,J.Hyatt,WR,NYG,2.1178078550499855,0.0,1,2026-09-17T22:42:15.070668,B
2024,3,00-0038941,T.Scott,WR,CHI,1.4183187747437742,0.0,1,2026-09-17T22:42:15.070668,B
2024,3,00-0038976,M.Mims,WR,DEN,3.8179087388665467,1.9,1,2026-09-17T22:42:15.070668,B
2024,3,00-0038977,T.Dell,WR,HOU,10.39740643891918,11.2,1,2026-09-17T22:42:15.070668,B
2024,3,00-0038979,C.Tillman,WR,CLE,3.546428560606625,1.4,1,2026-09-17T22:42:15.070668,B
2024,3,00-0038997,J.Downs,WR,IND,8.899802787382326,5.2,1,2026-09-17T22:42:15.070668,B
2024,3,00-0039052,T.Palmer,WR,TB,4.322946911132116,0.0,1,2026-09-17T22:42:15.070668,B
2024,3,00-0039062,J.Mingo,WR,CAR,5.210105359468429,5.0,1,2026-09-17T22:42:15.070668,B
2024,3,00-0039064,Z.Flowers,WR,BAL,15.000306686462121,5.3,1,2026-09-17T22:42:15.070668,B
2024,3,00-0039067,R.Rice,WR,KC,13.455334081617712,29.1,1,2026-09-17T22:42:15.070668,B
2024,3,00-0039146,J.Reed,WR,GB,9.854096564558166,10.9,1,2026-09-17T22:42:15.070668,B
2024,3,00-0039236,J.Wilson,WR,PHI,2.1578637690157487,1.9,1,2026-09-17T22:42:15.070668,B
2024,3,00-0039337,M.Nabers,WR,NYG,17.005566667730154,28.2,1,2026-09-17T22:42:15.070668,B
2024,3,00-0039342,X.Legette,WR,CAR,7.340638259463611,6.2,1,2026-09-17T22:42:15.070668,B
2024,3,00-0039355,L.McCaffrey,WR,WAS,3.2600962328829883,7.4,1,2026-09-17T22:42:15.070668,B
2024,3,00-0039623,M.Tipton,WR,NO,2.6116225076266133,3.1,1,2026-09-17T22:42:15.070668,B
2024,3,00-0039751,J.Whittington,WR,LA,4.032963045497865,5.8,1,2026-09-17T22:42:15.070668,B
2024,3,00-0039810,J.Burton,WR,CIN,4.131736471154543,0.0,1,2026-09-17T22:42:15.070668,B
2024,3,00-0039816,A.Gould,WR,IND,2.1190776662417665,0.0,1,2026-09-17T22:42:15.070668,B
2024,3,00-0039849,M.Harrison,WR,ARI,13.95258303615527,17.4,1,2026-09-17T22:42:15.070668,B
2024,3,00-0039855,J.McMillan,WR,TB,6.5005125115446205,1.6,1,2026-09-17T22:42:15.070668,B
2024,3,00-0039868,T.Franklin,WR,DEN,1.7602329156463146,3.1,1,2026-09-17T22:42:15.070668,B
2024,3,00-0039890,A.Mitchell,WR,IND,5.5604665177958985,0.0,1,2026-09-17T22:42:15.070668,B
2024,3,00-0039893,Bri.Thomas,WR,JAX,9.64660210620238,9.8,1,2026-09-17T22:42:15.070668,B
2024,3,00-0039894,X.Worthy,WR,KC,10.510507673960488,5.0,1,2026-09-17T22:42:15.070668,B
2024,3,00-0039901,K.Coleman,WR,BUF,8.339344402814824,9.4,1,2026-09-17T22:42:15.070668,B
2024,3,00-0039907,J.Polk,WR,NE,6.813839263789504,3.3,1,2026-09-17T22:42:15.070668,B
2024,3,00-0039915,L.McConkey,WR,LAC,9.81363790051766,7.4,1,2026-09-17T22:42:15.070668,B
2024,3,00-0039919,R.Odunze,WR,CHI,7.952715946890637,23.4,1,2026-09-17T22:42:15.070668,B
2024,3,00-0024243,M.Lewis,TE,CHI,-0.10030904950773589,0.0,1,2026-09-17T22:42:15.070668,B
2024,3,00-0030061,Z.Ertz,TE,WAS,8.071944500496011,8.8,1,2026-09-17T22:42:15.070668,B
2024,3,00-0030506,T.Kelce,TE,KC,13.395445726370664,7.0,1,2026-09-17T22:42:15.070668,B
2024,3,00-0031484,C.Manhertz,TE,NYG,0.2933066060052889,0.0,1,2026-09-17T22:42:15.070668,B
2024,3,00-0031690,E.Tomlinson,TE,LAC,0.6223064028820451,0.0,1,2026-09-17T22:42:15.070668,B
2024,3,00-0032141,G.Swaim,TE,CLE,-0.3595846587991245,0.0,1,2026-09-17T22:42:15.070668,B
2024,3,00-0032392,A.Hooper,TE,NE,3.6384564065716747,2.9,1,2026-09-17T22:42:15.070668,B
2024,3,00-0032394,N.Vannett,TE,TEN,1.0024032379074619,8.9,1,2026-09-17T22:42:15.070668,B
2024,3,00-0033090,H.Henry,TE,NE,12.345870783047731,2.9,1,2026-09-17T22:42:15.070668,B
2024,3,00-0033217,M.Alie-Cox,TE,IND,3.654013537161171,0.0,1,2026-09-17T22:42:15.070668,B
2024,3,00-0033246,J.Mundt,TE,MIN,4.3348783754702644,7.2,1,2026-09-17T22:42:15.070668,B
2024,3,00-0033439,P.Brown,TE,SEA,1.723543469531788,1.9,1,2026-09-17T22:42:15.070668,B
2024,3,00-0033576,E.Saubert,TE,SF,1.760674291134563,6.1,1,2026-09-17T22:42:15.070668,B
2024,3,00-0033757,R.Tonyan,TE,MIN,1.674221612106499,0.0,1,2026-09-17T22:42:15.070668,B
2024,3,00-0033858,J.Smith,TE,MIA,5.717982879301642,3.8,1,2026-09-17T22:42:15.070668,B
2024,3,00-0033895,G.Everett,TE,CHI,3.6374511031418306,0.0,1,2026-09-17T22:42:15.070668,B
2024,3,00-0034073,R.Dwelley,TE,ATL,0.22447907244234155,0.0,1,2026-09-17T22:42:15.070668,B
2024,3,00-0034159,W.Dissly,TE,LAC,4.457133327176584,4.9,1,2026-09-17T22:42:15.070668,B
2024,3,00-0034270,T.Conklin,TE,NYJ,5.97295648260719,14.3,1,2026-09-17T22:42:15.070668,B
2024,3,00-0034351,D.Goedert,TE,PHI,9.932708968982753,27.0,1,2026-09-17T22:42:15.070668,B
2024,3,00-0034364,J.Akins,TE,CLE,4.143885250011049,6.9,1,2026-09-17T22:42:15.070668,B
2024,3,00-0034383,D.Schultz,TE,HOU,8.062799156880235,3.1,1,2026-09-17T22:42:15.070668,B
2024,3,00-0034753,M.Andrews,TE,BAL,7.3040328144987665,0.0,1,2026-09-17T22:42:15.070668,B
2024,3,00-0034798,D.Smythe,TE,MIA,3.76197562251417,1.3,1,2026-09-17T22:42:15.070668,B
2024,3,00-0034829,M.Gesicki,TE,CIN,6.925925440628774,8.7,1,2026-09-17T22:42:15.070668,B
2024,3,00-0034830,H.Hurst,TE,LAC,6.0750717056645485,3.5,1,2026-09-17T22:42:15.070668,B
2024,3,00-0034981,F.Moreau,TE,NO,5.118198977824834,1.2,1,2026-09-17T22:42:15.070668,B
2024,3,00-0035249,J.Oliver,TE,MIN,3.7461679512859076,0.0,1,2026-09-17T22:42:15.070668,B
2024,3,00-0035572,P.Hesse,TE,DET,-0.11533174758162534,0.0,1,2026-09-17T22:42:15.070668,B
2024,3,00-0035631,D.Sample,TE,CIN,3.6965024422743658,0.0,1,2026-09-17T22:42:15.070668,B
2024,3,00-0035644,N.Fant,TE,SEA,6.383796686549409,12.0,1,2026-09-17T22:42:15.070668,B
2024,3,00-0035689,D.Knox,TE,BUF,3.534340589820858,1.7,1,2026-09-17T22:42:15.070668,B
2024,3,00-0036040,J.Johnson,TE,NO,5.376083200565427,0.0,1,2026-09-17T22:42:15.070668,B
2024,3,00-0036232,H.Bryant,TE,LV,1.898968500257106,0.0,1,2026-09-17T22:42:15.070668,B
2024,3,00-0036244,C.Parkinson,TE,LA,5.157709064501784,5.1,1,2026-09-17T22:42:15.070668,B
2024,3,00-0036290,C.Kmet,TE,CHI,8.21132686803168,25.7,1,2026-09-17T22:42:15.070668,B
2024,3,00-0036332,J.Deguara,TE,JAX,-0.6336320377993276,1.8,1,2026-09-17T22:42:15.070668,B
2024,3,00-0036422,A.Trautman,TE,DEN,2.524740626441585,2.3,1,2026-09-17T22:42:15.070668,B
2024,3,00-0036429,C.Woerner,TE,ATL,2.1978379351585047,0.0,1,2026-09-17T22:42:15.070668,B
2024,3,00-0036590,Q.Morris,TE,BUF,-0.365614336877468,0.0,1,2026-09-17T22:42:15.070668,B
2024,3,00-0036628,J.Bates,TE,WAS,1.3788964465138478,0.0,1,2026-09-17T22:42:15.070668,B
2024,3,00-0036637,N.Gray,TE,KC,3.624896934566207,2.3,1,2026-09-17T22:42:15.070668,B
2024,3,00-0036741,J.Stoll,TE,PHI,1.6152238599289648,0.0,1,2026-09-17T22:42:15.070668,B
2024,3,00-0036754,B.Wright,TE,DET,1.6174162412267306,7.4,1,2026-09-17T22:42:15.070668,B
2024,3,00-0036825,F.Franks,TE,CAR,-0.8868231751122284,0.0,1,2026-09-17T22:42:15.070668,B
2024,3,00-0036876,K.Granson,TE,IND,3.973957469358604,5.0,1,2026-09-17T22:42:15.070668,B
2024,3,00-0036887,L.Farrell,TE,JAX,1.4872721305061467,1.1,1,2026-09-17T22:42:15.070668,B
2024,3,00-0036894,P.Freiermuth,TE,PIT,8.990490125111691,7.3,1,2026-09-17T22:42:15.070668,B
2024,3,00-0036970,K.Pitts,TE,ATL,8.347896016779554,7.9,1,2026-09-17T22:42:15.070668,B
2024,3,00-0037004,H.Long,TE,LA,-0.006370423090992006,0.0,1,2026-09-17T22:42:15.070668,B
2024,3,00-0037005,T.Tremble,TE,CAR,3.949443129175709,5.9,1,2026-09-17T22:42:15.070668,B
2024,3,00-0037086,G.Calcaterra,TE,PHI,2.3484688535863985,0.0,1,2026-09-17T22:42:15.070668,B
2024,3,00-0037112,J.Tonges,TE,SF,0.48410105123076264,0.0,1,2026-09-17T22:42:15.070668,B
2024,3,00-0037252,G.Dulcich,TE,DEN,5.227880686707213,0.0,1,2026-09-17T22:42:15.070668,B
2024,3,00-0037292,A.Ogletree,TE,IND,1.7684169504503897,0.0,1,2026-09-17T22:42:15.070668,B
2024,3,00-0037311,K.Kieft,TE,TB,-0.13748502813466867,0.0,1,2026-09-17T22:42:15.070668,B
2024,3,00-0037348,T.Conner,TE,MIA,1.1101830759459475,1.1,1,2026-09-17T22:42:15.070668,B
2024,3,00-0037744,T.McBride,TE,ARI,11.293094448422856,5.5,1,2026-09-17T22:42:15.070668,B
2024,3,00-0037805,J.Ruckert,TE,NYJ,2.320367936109727,3.5,1,2026-09-17T22:42:15.070668,B
2024,3,00-0037809,C.Okonkwo,TE,TEN,5.525688827040765,3.5,1,2026-09-17T22:42:15.070668,B
2024,3,00-0037838,I.Likely,TE,BAL,7.087821635252531,1.4,1,2026-09-17T22:42:15.070668,B
2024,3,00-0038041,J.Ferguson,TE,DAL,11.513048941952633,15.5,1,2026-09-17T22:42:15.070668,B
2024,3,00-0038046,C.Kolar,TE,BAL,0.17868254457823785,4.0,1,2026-09-17T22:42:15.070668,B
2024,3,00-0038115,D.Bellinger,TE,NYG,1.5587921858308964,2.7,1,2026-09-17T22:42:15.070668,B
2024,3,00-0038129,C.Otton,TE,TB,7.979458689398063,9.7,1,2026-09-17T22:42:15.070668,B
2024,3,00-0038547,L.Schoonmaker,TE,DAL,3.829889611702954,1.5,1,2026-09-17T22:42:15.070668,B
2024,3,00-0038558,D.Washington,TE,PIT,2.407882086867161,0.0,1,2026-09-17T22:42:15.070668,B
2024,3,00-0038589,J.Whyle,TE,TEN,2.628635896955259,8.3,1,2026-09-17T22:42:15.070668,B
2024,3,00-0038643,B.Willis,TE,SF,1.1322950629026378,0.0,1,2026-09-17T22:42:15.070668,B
2024,3,00-0038710,B.Whiteheart,TE,CLE,1.2612146873027132,0.0,1,2026-09-17T22:42:15.070668,B
2024,3,00-0038720,J.Hill,TE,MIA,1.800671137224656,4.4,1,2026-09-17T22:42:15.070668,B
2024,3,00-0038783,N.Adkins,TE,DEN,1.202190567294187,1.6,1,2026-09-17T22:42:15.070668,B
2024,3,00-0038809,B.Sims,TE,GB,-0.39075768333844785,0.0,1,2026-09-17T22:42:15.070668,B
2024,3,00-0038933,D.Kincaid,TE,BUF,7.769528282610029,13.1,1,2026-09-17T22:42:15.070668,B
2024,3,00-0038935,B.Strange,TE,JAX,3.878320343052679,9.2,1,2026-09-17T22:42:15.070668,B
2024,3,00-0038996,T.Kraft,TE,GB,5.174982363754852,4.4,1,2026-09-17T22:42:15.070668,B
2024,3,00-0039041,E.Higgins,TE,ARI,3.31917617118065,2.1,1,2026-09-17T22:42:15.070668,B
2024,3,00-0039050,P.Durham,TE,TB,1.7052993944965609,1.8,1,2026-09-17T22:42:15.070668,B
2024,3,00-0039065,S.LaPorta,TE,DET,11.538670017570507,5.6,1,2026-09-17T22:42:15.070668,B
2024,3,00-0039066,M.Mayer,TE,LV,5.176750829672252,1.7,1,2026-09-17T22:42:15.070668,B
2024,3,00-0039144,L.Musgrave,TE,GB,5.634794015215575,1.3,1,2026-09-17T22:42:15.070668,B
2024,3,00-0039338,B.Bowers,TE,LV,12.394143179052953,7.1,1,2026-09-17T22:42:15.070668,B
2024,3,00-0039356,J.Sanders,TE,CAR,2.8012286302759746,0.0,1,2026-09-17T22:42:15.070668,B
2024,3,00-0039359,C.Stover,TE,HOU,2.140965059262203,0.0,1,2026-09-17T22:42:15.070668,B
2024,3,00-0039458,B.Bates,TE,NYJ,0.3344372968178675,0.0,1,2026-09-17T22:42:15.070668,B
2024,3,00-0039530,B.Spann-Ford,TE,DAL,0.8717077525891517,0.0,1,2026-09-17T22:42:15.070668,B
2024,3,00-0039737,T.Reiman,TE,ARI,1.743729187854699,0.0,1,2026-09-17T22:42:15.070668,B
2024,3,00-0039793,A.Barner,TE,SEA,1.5106498307482155,4.3,1,2026-09-17T22:42:15.070668,B
2024,3,00-0039814,E.All,TE,CIN,4.024296285202438,6.2,1,2026-09-17T22:42:15.070668,B
2024,3,00-0039824,J.Wiley,TE,KC,1.1101224593401202,0.0,1,2026-09-17T22:42:15.070668,B
2024,3,00-0039847,T.Johnson,TE,NYG,4.073741183772987,2.3,1,2026-09-17T22:42:15.070668,B
2024,3,00-0039912,B.Sinnott,TE,WAS,1.0442013767356286,0.0,1,2026-09-17T22:42:15.070668,B
2024,4,00-0030578,C.Patterson,RB,PIT,5.75420088112909,8.2,1,2026-09-17T22:42:15.070668,B
2024,4,00-0032764,D.Henry,RB,BAL,15.29941443981729,35.9,1,2026-09-17T22:42:15.070668,B
2024,4,00-0033045,E.Elliott,RB,DAL,6.050626921897689,3.4,1,2026-09-17T22:42:15.070668,B
2024,4,00-0033293,A.Jones,RB,MIN,14.28736526032888,17.9,1,2026-09-17T22:42:15.070668,B
2024,4,00-0033526,S.Perine,RB,KC,6.900189109867796,7.4,1,2026-09-17T22:42:15.070668,B
2024,4,00-0033553,J.Conner,RB,ARI,14.310595777061291,18.3,1,2026-09-17T22:42:15.070668,B
2024,4,00-0033854,D.Ogunbowale,RB,HOU,4.371586530932042,15.4,1,2026-09-17T22:42:15.070668,B
2024,4,00-0033906,A.Kamara,RB,NO,19.21130762178769,24.9,1,2026-09-17T22:42:15.070668,B
2024,4,00-0033923,K.Hunt,RB,KC,7.270666809923199,10.5,1,2026-09-17T22:42:15.070668,B
2024,4,00-0033925,D.Foreman,RB,CLE,4.176704226313159,1.7,1,2026-09-17T22:42:15.070668,B
2024,4,00-0033948,J.Williams,RB,NO,4.23382728472023,3.9,1,2026-09-17T22:42:15.070668,B
2024,4,00-0033955,J.McNichols,RB,WAS,2.0560218630322566,20.4,1,2026-09-17T22:42:15.070668,B
2024,4,00-0034115,J.Wilson,RB,MIA,5.340908483554381,0.0,1,2026-09-17T22:42:15.070668,B
2024,4,00-0034184,G.Edwards,RB,LAC,5.324057329348518,1.9,1,2026-09-17T22:42:15.070668,B
2024,4,00-0034844,S.Barkley,RB,PHI,18.86674305025837,13.6,1,2026-09-17T22:42:15.070668,B
2024,4,00-0034972,A.Mattison,RB,LV,7.803420588084885,6.0,1,2026-09-17T22:42:15.070668,B
2024,4,00-0034975,J.Hill,RB,BAL,7.045475855145404,21.6,1,2026-09-17T22:42:15.070668,B
2024,4,00-0035243,M.Sanders,RB,CAR,8.511717052382496,7.6,1,2026-09-17T22:42:15.070668,B
2024,4,00-0035250,D.Singletary,RB,NYG,13.423703745033272,4.8,1,2026-09-17T22:42:15.070668,B
2024,4,00-0035261,T.Pollard,RB,TEN,13.771539782324897,18.8,1,2026-09-17T22:42:15.070668,B
2024,4,00-0035537,T.Johnson,RB,BUF,4.528549762723352,6.3,1,2026-09-17T22:42:15.070668,B
2024,4,00-0035567,C.Reynolds,RB,DET,2.831037930192535,0.0,1,2026-09-17T22:42:15.070668,B
2024,4,00-0035628,D.Johnson,RB,JAX,2.1747242228972885,0.0,1,2026-09-17T22:42:15.070668,B
2024,4,00-0035685,D.Montgomery,RB,DET,13.937016191382085,15.0,1,2026-09-17T22:42:15.070668,B
2024,4,00-0035700,J.Jacobs,RB,GB,11.831743400991039,11.8,1,2026-09-17T22:42:15.070668,B
2024,4,00-0035806,J.Hasty,RB,NE,2.2789917014125463,1.5,1,2026-09-17T22:42:15.070668,B
2024,4,00-0036096,J.Taylor,RB,HOU,4.61112433404857,1.8,1,2026-09-17T22:42:15.070668,B
2024,4,00-0036139,R.Dowdle,RB,DAL,8.804703679325,13.1,1,2026-09-17T22:42:15.070668,B
2024,4,00-0036158,J.Dobbins,RB,LAC,14.636742525392778,9.2,1,2026-09-17T22:42:15.070668,B
2024,4,00-0036223,J.Taylor,RB,IND,16.28408342948816,19.8,1,2026-09-17T22:42:15.070668,B
2024,4,00-0036251,Z.Moss,RB,CIN,14.5352368094926,17.8,1,2026-09-17T22:42:15.070668,B
2024,4,00-0036275,D.Swift,RB,CHI,11.190847182920752,29.5,1,2026-09-17T22:42:15.070668,B
2024,4,00-0036328,A.Gibson,RB,NE,9.907267511923118,10.9,1,2026-09-17T22:42:15.070668,B
2024,4,00-0036414,C.Akers,RB,HOU,10.889344147998479,5.3,1,2026-09-17T22:42:15.070668,B
2024,4,00-0036555,C.Hubbard,RB,CAR,12.489296077163779,22.1,1,2026-09-17T22:42:15.070668,B
2024,4,00-0036875,R.Stevenson,RB,NE,14.312325234292725,8.2,1,2026-09-17T22:42:15.070668,B
2024,4,00-0036893,N.Harris,RB,PIT,14.32419792893659,10.3,1,2026-09-17T22:42:15.070668,B
2024,4,00-0036919,K.Gainwell,RB,PHI,2.2922323479101703,0.9,1,2026-09-17T22:42:15.070668,B
2024,4,00-0036973,T.Etienne,RB,JAX,15.392944670548815,7.0,1,2026-09-17T22:42:15.070668,B
2024,4,00-0036984,T.Sermon,RB,IND,1.815836693630981,0.8,1,2026-09-17T22:42:15.070668,B
2024,4,00-0036997,J.Williams,RB,DEN,8.89472606185706,10.0,1,2026-09-17T22:42:15.070668,B
2024,4,00-0037085,T.Badie,RB,DEN,4.06379500218945,-0.4,1,2026-09-17T22:42:15.070668,B
2024,4,00-0037120,T.Goodson,RB,IND,1.4063050880131946,0.0,1,2026-09-17T22:42:15.070668,B
2024,4,00-0037248,J.Cook,RB,BUF,13.239272507685042,5.8,1,2026-09-17T22:42:15.070668,B
2024,4,00-0037256,R.White,RB,TB,10.855687157742114,10.4,1,2026-09-17T22:42:15.070668,B
2024,4,00-0037263,T.Allgeier,RB,ATL,6.538614082444635,10.0,1,2026-09-17T22:42:15.070668,B
2024,4,00-0037267,J.Ford,RB,CLE,13.57479697570956,15.5,1,2026-09-17T22:42:15.070668,B
2024,4,00-0037276,T.Chandler,RB,MIN,6.6940128346410965,2.3,1,2026-09-17T22:42:15.070668,B
2024,4,00-0037304,C.Heyward,RB,PIT,1.5420599889460878,0.0,1,2026-09-17T22:42:15.070668,B
2024,4,00-0037450,T.McAllister,RB,LV,3.1241740026453844,1.1,1,2026-09-17T22:42:15.070668,B
2024,4,00-0037525,J.Mason,RB,SF,15.676166677183083,24.0,1,2026-09-17T22:42:15.070668,B
2024,4,00-0037557,R.Rivers,RB,LA,3.9300069535230913,2.6,1,2026-09-17T22:42:15.070668,B
2024,4,00-0037609,A.Shampklin,RB,PIT,3.5305197989468313,0.5,1,2026-09-17T22:42:15.070668,B
2024,4,00-0037617,H.Haskins,RB,LAC,3.2574336333970413,0.0,1,2026-09-17T22:42:15.070668,B
2024,4,00-0037746,Br.Robinson,RB,WAS,15.060191932162507,20.3,1,2026-09-17T22:42:15.070668,B
2024,4,00-0037840,K.Williams,RB,LA,17.41841895090988,20.4,1,2026-09-17T22:42:15.070668,B
2024,4,00-0038040,Z.White,RB,LV,7.289669077188927,3.0,1,2026-09-17T22:42:15.070668,B
2024,4,00-0038120,B.Hall,RB,NYJ,17.082066392296603,3.8,1,2026-09-17T22:42:15.070668,B
2024,4,00-0038134,K.Walker,RB,SEA,14.481919527379496,33.6,1,2026-09-17T22:42:15.070668,B
2024,4,00-0038396,E.Gray,RB,NYG,2.8947901684747723,0.1,1,2026-09-17T22:42:15.070668,B
2024,4,00-0038542,Bi.Robinson,RB,ATL,16.437914507746612,11.4,1,2026-09-17T22:42:15.070668,B
2024,4,00-0038555,T.Bigsby,RB,JAX,4.534917828654287,9.0,1,2026-09-17T22:42:15.070668,B
2024,4,00-0038597,C.Brown,RB,CIN,6.962469482271387,23.2,1,2026-09-17T22:42:15.070668,B
2024,4,00-0038622,D.Vaughn,RB,DAL,3.0830103711719214,0.0,1,2026-09-17T22:42:15.070668,B
2024,4,00-0038705,E.Demercado,RB,ARI,5.049585686049967,3.4,1,2026-09-17T22:42:15.070668,B
2024,4,00-0038794,J.McLaughlin,RB,DEN,5.1132282780598155,5.6,1,2026-09-17T22:42:15.070668,B
2024,4,00-0038797,E.Wilson,RB,GB,7.0192226400037985,2.7,1,2026-09-17T22:42:15.070668,B
2024,4,00-0038951,S.Tucker,RB,TB,0.8322572154274628,2.7,1,2026-09-17T22:42:15.070668,B
2024,4,00-0039021,R.Johnson,RB,CHI,6.742524680363645,8.6,1,2026-09-17T22:42:15.070668,B
2024,4,00-0039032,T.Spears,RB,TEN,7.100216531863353,11.9,1,2026-09-17T22:42:15.070668,B
2024,4,00-0039040,D.Achane,RB,MIA,18.51820899683559,5.9,1,2026-09-17T22:42:15.070668,B
2024,4,00-0039139,J.Gibbs,RB,DET,12.85823839892459,19.8,1,2026-09-17T22:42:15.070668,B
2024,4,00-0039165,Z.Charbonnet,RB,SEA,13.137000097725636,10.4,1,2026-09-17T22:42:15.070668,B
2024,4,00-0039325,C.Steele,RB,KC,9.67456063061795,-0.4,1,2026-09-17T22:42:15.070668,B
2024,4,00-0039361,B.Irving,RB,TB,7.334054702004548,12.5,1,2026-09-17T22:42:15.070668,B
2024,4,00-0039363,I.Guerendo,RB,SF,4.979444173304949,0.0,1,2026-09-17T22:42:15.070668,B
2024,4,00-0039384,T.Tracy,RB,NYG,4.931241419010689,3.1,1,2026-09-17T22:42:15.070668,B
2024,4,00-0039603,B.Brooks,RB,HOU,2.992968225393745,0.0,1,2026-09-17T22:42:15.070668,B
2024,4,00-0039746,W.Shipley,RB,PHI,1.530520684877727,0.0,1,2026-09-17T22:42:15.070668,B
2024,4,00-0039794,B.Allen,RB,NYJ,8.329315589010413,5.6,1,2026-09-17T22:42:15.070668,B
2024,4,00-0039874,J.Wright,RB,MIA,5.23369908106709,3.2,1,2026-09-17T22:42:15.070668,B
2024,4,00-0039875,R.Davis,RB,BUF,4.573464294511793,1.1,1,2026-09-17T22:42:15.070668,B
2024,4,00-0039921,T.Benson,RB,ARI,4.912592370158334,5.0,1,2026-09-17T22:42:15.070668,B
2024,4,00-0030279,K.Allen,WR,CHI,12.312468150503731,4.9,1,2026-09-17T22:42:15.070668,B
2024,4,00-0030431,R.Woods,WR,HOU,3.0693170415381514,2.0,1,2026-09-17T22:42:15.070668,B
2024,4,00-0030564,D.Hopkins,WR,TEN,7.954305944040734,5.1,1,2026-09-17T22:42:15.070668,B
2024,4,00-0031236,B.Cooks,WR,DAL,9.391407292189665,2.6,1,2026-09-17T22:42:15.070668,B
2024,4,00-0031408,M.Evans,WR,TB,13.720894424859083,23.4,1,2026-09-17T22:42:15.070668,B
2024,4,00-0031544,A.Cooper,WR,CLE,15.476717583803667,7.5,1,2026-09-17T22:42:15.070668,B
2024,4,00-0031549,N.Agholor,WR,BAL,4.722945268860595,3.0,1,2026-09-17T22:42:15.070668,B
2024,4,00-0031588,S.Diggs,WR,HOU,15.300891925701997,18.5,1,2026-09-17T22:42:15.070668,B
2024,4,00-0032128,C.Conley,WR,SF,2.0156231181505975,0.0,1,2026-09-17T22:42:15.070668,B
2024,4,00-0032211,T.Lockett,WR,SEA,10.687159218261273,11.1,1,2026-09-17T22:42:15.070668,B
2024,4,00-0032385,S.Shepard,WR,TB,1.1655451846689422,8.1,1,2026-09-17T22:42:15.070668,B
2024,4,00-0032398,C.Moore,WR,ARI,0.43592202737780195,0.0,1,2026-09-17T22:42:15.070668,B
2024,4,00-0032464,K.Raymond,WR,DET,2.879635354889574,1.9,1,2026-09-17T22:42:15.070668,B
2024,4,00-0032775,D.Robinson,WR,LA,5.857609297191532,5.7,1,2026-09-17T22:42:15.070668,B
2024,4,00-0033009,T.Boyd,WR,TEN,8.081374316045842,5.1,1,2026-09-17T22:42:15.070668,B
2024,4,00-0033040,T.Hill,WR,MIA,14.244010044463034,8.2,1,2026-09-17T22:42:15.070668,B
2024,4,00-0033251,Z.Pascal,WR,ARI,0.7034103262812863,0.0,1,2026-09-17T22:42:15.070668,B
2024,4,00-0033282,C.Samuel,WR,BUF,6.2802454740408145,3.5,1,2026-09-17T22:42:15.070668,B
2024,4,00-0033375,T.Patrick,WR,DET,5.635451529117803,7.2,1,2026-09-17T22:42:15.070668,B
2024,4,00-0033460,J.Ross,WR,PHI,1.331961997126628,1.6,1,2026-09-17T22:42:15.070668,B
2024,4,00-0033536,M.Williams,WR,NYJ,8.116188054846996,10.7,1,2026-09-17T22:42:15.070668,B
2024,4,00-0033555,M.Hollins,WR,BUF,5.82210738453354,1.5,1,2026-09-17T22:42:15.070668,B
2024,4,00-0033589,D.Moore,WR,CAR,2.387387364779568,0.0,1,2026-09-17T22:42:15.070668,B
2024,4,00-0033591,N.Brown,WR,WAS,5.786567121096452,5.6,1,2026-09-17T22:42:15.070668,B
2024,4,00-0033857,J.Smith-Schuster,WR,KC,3.358216014233604,0.0,1,2026-09-17T22:42:15.070668,B
2024,4,00-0033921,C.Godwin,WR,TB,15.644579841350994,12.9,1,2026-09-17T22:42:15.070668,B
2024,4,00-0033943,J.Reynolds,WR,DEN,6.97032563560814,0.0,1,2026-09-17T22:42:15.070668,B
2024,4,00-0034272,M.Valdes-Scantling,WR,BUF,4.298146175820452,0.0,1,2026-09-17T22:42:15.070668,B
2024,4,00-0034348,C.Sutton,WR,DEN,11.39895059309922,15.0,1,2026-09-17T22:42:15.070668,B
2024,4,00-0034386,J.Watson,WR,KC,3.8323747272374336,4.7,1,2026-09-17T22:42:15.070668,B
2024,4,00-0034407,R.McCloud,WR,ATL,8.878288348508244,11.2,1,2026-09-17T22:42:15.070668,B
2024,4,00-0034418,C.Wilson,WR,NO,2.368081604260892,0.0,1,2026-09-17T22:42:15.070668,B
2024,4,00-0034419,B.Berrios,WR,MIA,1.674278387043361,0.0,1,2026-09-17T22:42:15.070668,B
2024,4,00-0034487,T.Sherfield,WR,MIN,-0.356024158902291,1.8,1,2026-09-17T22:42:15.070668,B
2024,4,00-0034521,A.Lazard,WR,NYJ,9.7774002916017,10.8,1,2026-09-17T22:42:15.070668,B
2024,4,00-0034646,B.Powell,WR,MIN,3.7134075080645443,0.0,1,2026-09-17T22:42:15.070668,B
2024,4,00-0034775,C.Kirk,WR,JAX,11.820706311153444,19.1,1,2026-09-17T22:42:15.070668,B
2024,4,00-0034827,D.Moore,WR,CHI,15.550683438983116,11.2,1,2026-09-17T22:42:15.070668,B
2024,4,00-0034837,C.Ridley,WR,TEN,11.5134114956516,2.5,1,2026-09-17T22:42:15.070668,B
2024,4,00-0034854,K.Hodge,WR,ATL,-0.8247238602189109,0.0,1,2026-09-17T22:42:15.070668,B
2024,4,00-0034928,S.Sims,WR,HOU,2.718056117081069,0.0,1,2026-09-17T22:42:15.070668,B
2024,4,00-0034960,J.Meyers,WR,LV,11.418041415400307,9.9,1,2026-09-17T22:42:15.070668,B
2024,4,00-0035021,A.Dulin,WR,IND,2.231791805476006,0.0,1,2026-09-17T22:42:15.070668,B
2024,4,00-0035140,M.Hardman,WR,KC,3.0911514888241483,0.0,1,2026-09-17T22:42:15.070668,B
2024,4,00-0035208,O.Zaccheaus,WR,WAS,1.8981979916014042,14.5,1,2026-09-17T22:42:15.070668,B
2024,4,00-0035215,D.Harty,WR,BAL,0.7085181934313498,0.0,1,2026-09-17T22:42:15.070668,B
2024,4,00-0035216,D.Johnson,WR,CAR,12.1677100322275,21.3,1,2026-09-17T22:42:15.070668,B
2024,4,00-0035298,S.Miller,WR,PIT,2.9348618268965465,0.0,1,2026-09-17T22:42:15.070668,B
2024,4,00-0035406,L.Humphrey,WR,DEN,4.682927218984985,0.0,1,2026-09-17T22:42:15.070668,B
2024,4,00-0035500,G.Dortch,WR,ARI,8.915835448604522,7.8,1,2026-09-17T22:42:15.070668,B
2024,4,00-0035535,D.Slayton,WR,NYG,6.342520329076346,8.6,1,2026-09-17T22:42:15.070668,B
2024,4,00-0035602,A.Bachman,WR,LV,-0.0002958977983738009,0.0,1,2026-09-17T22:42:15.070668,B
2024,4,00-0035639,P.Campbell,WR,PHI,2.41452506888289,11.7,1,2026-09-17T22:42:15.070668,B
2024,4,00-0035640,D.Metcalf,WR,SEA,14.888125467992605,15.4,1,2026-09-17T22:42:15.070668,B
2024,4,00-0035659,T.McLaurin,WR,WAS,11.839472652913063,18.2,1,2026-09-17T22:42:15.070668,B
2024,4,00-0035719,D.Samuel,WR,SF,17.009375047437143,10.2,1,2026-09-17T22:42:15.070668,B
2024,4,00-0036133,J.Proche,WR,CLE,1.0261632272660641,1.3,1,2026-09-17T22:42:15.070668,B
2024,4,00-0036182,N.Westbrook-Ikhine,WR,TEN,1.397837949200075,0.0,1,2026-09-17T22:42:15.070668,B
2024,4,00-0036196,G.Davis,WR,JAX,9.561494154496279,0.8,1,2026-09-17T22:42:15.070668,B
2024,4,00-0036252,M.Pittman,WR,IND,11.663548840187342,17.3,1,2026-09-17T22:42:15.070668,B
2024,4,00-0036259,J.Jennings,WR,SF,13.848910336424705,11.8,1,2026-09-17T22:42:15.070668,B
2024,4,00-0036261,B.Aiyuk,WR,SF,13.256361225565062,6.8,1,2026-09-17T22:42:15.070668,B
2024,4,00-0036268,L.Shenault,WR,SEA,1.9455376599695047,2.8,1,2026-09-17T22:42:15.070668,B
2024,4,00-0036309,D.Mooney,WR,ATL,10.695561854598601,8.6,1,2026-09-17T22:42:15.070668,B
2024,4,00-0036322,J.Jefferson,WR,MIN,16.806612152896513,20.5,1,2026-09-17T22:42:15.070668,B
2024,4,00-0036331,D.Duvernay,WR,JAX,1.8910388166842882,0.0,1,2026-09-17T22:42:15.070668,B
2024,4,00-0036345,K.Osborn,WR,NE,6.512301434455254,1.3,1,2026-09-17T22:42:15.070668,B
2024,4,00-0036358,C.Lamb,WR,DAL,16.29164224143686,23.6,1,2026-09-17T22:42:15.070668,B
2024,4,00-0036407,J.Jeudy,WR,CLE,11.404422781961546,13.2,1,2026-09-17T22:42:15.070668,B
2024,4,00-0036410,T.Higgins,WR,CIN,11.978205594373616,12.0,1,2026-09-17T22:42:15.070668,B
2024,4,00-0036415,V.Jefferson,WR,PIT,3.172793690711927,4.1,1,2026-09-17T22:42:15.070668,B
2024,4,00-0036427,T.Johnson,WR,LA,6.648075654527084,0.0,1,2026-09-17T22:42:15.070668,B
2024,4,00-0036497,T.Jones,WR,JAX,-0.704721075569835,0.0,1,2026-09-17T22:42:15.070668,B
2024,4,00-0036527,D.Turner,WR,LV,0.023458243291922365,7.8,1,2026-09-17T22:42:15.070668,B
2024,4,00-0036550,R.Bateman,WR,BAL,7.601925273052338,3.3,1,2026-09-17T22:42:15.070668,B
2024,4,00-0036554,N.Collins,WR,HOU,15.645189294836497,33.1,1,2026-09-17T22:42:15.070668,B
2024,4,00-0036613,J.Waddle,WR,MIA,11.538547612296629,7.6,1,2026-09-17T22:42:15.070668,B
2024,4,00-0036620,D.Eskridge,WR,MIA,0.8365730667030862,0.0,1,2026-09-17T22:42:15.070668,B
2024,4,00-0036626,D.Brown,WR,WAS,2.0874960295150764,1.4,1,2026-09-17T22:42:15.070668,B
2024,4,00-0036630,T.Wallace,WR,BAL,0.029463356695633713,0.0,1,2026-09-17T22:42:15.070668,B
2024,4,00-0036646,S.Fehoko,WR,LAC,4.037513205984499,0.0,1,2026-09-17T22:42:15.070668,B
2024,4,00-0036849,T.Atwell,WR,LA,5.693159542643892,12.2,1,2026-09-17T22:42:15.070668,B
2024,4,00-0036900,J.Chase,WR,CIN,15.676824818026853,17.5,1,2026-09-17T22:42:15.070668,B
2024,4,00-0036963,A.St. Brown,WR,DET,16.988497558900864,20.8,1,2026-09-17T22:42:15.070668,B
2024,4,00-0036980,E.Moore,WR,CLE,9.030108831023206,2.1,1,2026-09-17T22:42:15.070668,B
2024,4,00-0036988,J.Palmer,WR,LAC,8.093731820574895,6.6,1,2026-09-17T22:42:15.070668,B
2024,4,00-0037091,B.Melton,WR,GB,1.9495090658592957,3.8,1,2026-09-17T22:42:15.070668,B
2024,4,00-0037238,D.London,WR,ATL,13.225777423235407,12.4,1,2026-09-17T22:42:15.070668,B
2024,4,00-0037239,C.Olave,WR,NO,13.805004390397684,16.7,1,2026-09-17T22:42:15.070668,B
2024,4,00-0037240,J.Williams,WR,DET,10.797886177378784,16.0,1,2026-09-17T22:42:15.070668,B
2024,4,00-0037247,G.Pickens,WR,PIT,12.086819939580735,16.3,1,2026-09-17T22:42:15.070668,B
2024,4,00-0037261,K.Shakir,WR,BUF,8.83966037930641,10.2,1,2026-09-17T22:42:15.070668,B
2024,4,00-0037291,J.Nailor,WR,MIN,7.859265618841702,4.1,1,2026-09-17T22:42:15.070668,B
2024,4,00-0037545,R.Shaheed,WR,NO,11.674470651880645,17.7,1,2026-09-17T22:42:15.070668,B
2024,4,00-0037614,J.Metchie,WR,HOU,7.203245161550354,1.7,1,2026-09-17T22:42:15.070668,B
2024,4,00-0037664,A.Pierce,WR,IND,8.828839018050482,1.9,1,2026-09-17T22:42:15.070668,B
2024,4,00-0037666,J.Tolbert,WR,DAL,7.409599973825719,5.4,1,2026-09-17T22:42:15.070668,B
2024,4,00-0037740,G.Wilson,WR,NYJ,13.326339485872557,7.1,1,2026-09-17T22:42:15.070668,B
2024,4,00-0037741,J.Dotson,WR,PHI,6.671266267626653,3.1,1,2026-09-17T22:42:15.070668,B
2024,4,00-0037742,T.Burks,WR,TEN,3.7723863152951314,2.3,1,2026-09-17T22:42:15.070668,B
2024,4,00-0037801,K.Turpin,WR,DAL,4.470391574667827,0.0,1,2026-09-17T22:42:15.070668,B
2024,4,00-0037816,R.Doubs,WR,GB,9.96616088536676,7.9,1,2026-09-17T22:42:15.070668,B
2024,4,00-0037837,C.Austin,WR,PIT,7.282643498332131,2.7,1,2026-09-17T22:42:15.070668,B
2024,4,00-0038090,S.Moore,WR,KC,2.165808318356653,0.0,1,2026-09-17T22:42:15.070668,B
2024,4,00-0038104,T.Thornton,WR,NE,2.144008604887418,0.0,1,2026-09-17T22:42:15.070668,B
2024,4,00-0038117,W.Robinson,WR,NYG,9.168881953557982,18.1,1,2026-09-17T22:42:15.070668,B
2024,4,00-0038124,C.Watson,WR,GB,6.842825358963034,0.0,1,2026-09-17T22:42:15.070668,B
2024,4,00-0038359,X.Smith,WR,LA,0.9555864625691246,0.0,1,2026-09-17T22:42:15.070668,B
2024,4,00-0038393,D.Wicks,WR,GB,6.243886128381327,24.8,1,2026-09-17T22:42:15.070668,B
2024,4,00-0038465,M.Heath,WR,GB,1.6150313883703395,3.2,1,2026-09-17T22:42:15.070668,B
2024,4,00-0038496,X.Gipson,WR,NYJ,1.721427116361201,1.6,1,2026-09-17T22:42:15.070668,B
2024,4,00-0038543,J.Smith-Njigba,WR,SEA,12.214855295940588,13.1,1,2026-09-17T22:42:15.070668,B
2024,4,00-0038544,Q.Johnston,WR,LAC,10.07805596690648,2.3,1,2026-09-17T22:42:15.070668,B
2024,4,00-0038559,Mi.Wilson,WR,ARI,10.582004720388397,4.8,1,2026-09-17T22:42:15.070668,B
2024,4,00-0038563,T.Tucker,WR,LV,7.705238309679716,15.4,1,2026-09-17T22:42:15.070668,B
2024,4,00-0038576,C.Jones,WR,CIN,2.671838985883439,0.0,1,2026-09-17T22:42:15.070668,B
2024,4,00-0038606,P.Washington,WR,JAX,2.5291999136029215,0.0,1,2026-09-17T22:42:15.070668,B
2024,4,00-0038608,K.Boutte,WR,NE,2.9565822227607885,2.1,1,2026-09-17T22:42:15.070668,B
2024,4,00-0038618,X.Hutchinson,WR,HOU,1.9603448711472433,0.0,1,2026-09-17T22:42:15.070668,B
2024,4,00-0038619,A.Iosivas,WR,CIN,8.883202530993534,3.9,1,2026-09-17T22:42:15.070668,B
2024,4,00-0038621,D.Douglas,WR,NE,8.601196222943592,4.3,1,2026-09-17T22:42:15.070668,B
2024,4,00-0038640,J.Brooks,WR,DAL,2.9182921335251146,0.0,1,2026-09-17T22:42:15.070668,B
2024,4,00-0038752,J.Bobo,WR,SEA,2.970078786317859,6.0,1,2026-09-17T22:42:15.070668,B
2024,4,00-0038938,J.Hyatt,WR,NYG,1.856179201746853,0.0,1,2026-09-17T22:42:15.070668,B
2024,4,00-0038941,T.Scott,WR,CHI,0.7347197169549027,0.0,1,2026-09-17T22:42:15.070668,B
2024,4,00-0038976,M.Mims,WR,DEN,2.9657553529664558,0.0,1,2026-09-17T22:42:15.070668,B
2024,4,00-0038979,C.Tillman,WR,CLE,2.8824098917322036,0.0,1,2026-09-17T22:42:15.070668,B
2024,4,00-0038994,J.Addison,WR,MIN,8.526318221178824,22.9,1,2026-09-17T22:42:15.070668,B
2024,4,00-0038997,J.Downs,WR,IND,7.667272390460019,22.2,1,2026-09-17T22:42:15.070668,B
2024,4,00-0039052,T.Palmer,WR,TB,3.486316189841915,11.6,1,2026-09-17T22:42:15.070668,B
2024,4,00-0039062,J.Mingo,WR,CAR,4.94685509861708,5.4,1,2026-09-17T22:42:15.070668,B
2024,4,00-0039064,Z.Flowers,WR,BAL,12.510877439339854,2.0,1,2026-09-17T22:42:15.070668,B
2024,4,00-0039067,R.Rice,WR,KC,15.752914056417902,0.0,1,2026-09-17T22:42:15.070668,B
2024,4,00-0039146,J.Reed,WR,GB,10.781090836659821,27.1,1,2026-09-17T22:42:15.070668,B
2024,4,00-0039236,J.Wilson,WR,PHI,2.295603273152981,0.0,1,2026-09-17T22:42:15.070668,B
2024,4,00-0039337,M.Nabers,WR,NYG,16.96951388689038,23.1,1,2026-09-17T22:42:15.070668,B
2024,4,00-0039342,X.Legette,WR,CAR,6.447498087988135,19.6,1,2026-09-17T22:42:15.070668,B
2024,4,00-0039355,L.McCaffrey,WR,WAS,3.3073793716258875,2.7,1,2026-09-17T22:42:15.070668,B
2024,4,00-0039365,J.Cowing,WR,SF,5.223300408931967,0.0,1,2026-09-17T22:42:15.070668,B
2024,4,00-0039386,B.Means,WR,NO,1.4090505361086239,0.0,1,2026-09-17T22:42:15.070668,B
2024,4,00-0039491,J.Coker,WR,CAR,0.848767767997102,0.0,1,2026-09-17T22:42:15.070668,B
2024,4,00-0039589,K.Johnson,WR,TB,2.2102444501844447,0.0,1,2026-09-17T22:42:15.070668,B
2024,4,00-0039623,M.Tipton,WR,NO,2.789227480258078,1.6,1,2026-09-17T22:42:15.070668,B
2024,4,00-0039751,J.Whittington,WR,LA,3.583120425491936,12.2,1,2026-09-17T22:42:15.070668,B
2024,4,00-0039810,J.Burton,WR,CIN,2.677632205317609,0.0,1,2026-09-17T22:42:15.070668,B
2024,4,00-0039849,M.Harrison,WR,ARI,15.613196609477471,15.5,1,2026-09-17T22:42:15.070668,B
2024,4,00-0039868,T.Franklin,WR,DEN,2.723188814875815,1.8,1,2026-09-17T22:42:15.070668,B
2024,4,00-0039880,M.Washington,WR,MIA,2.535062152635919,1.8,1,2026-09-17T22:42:15.070668,B
2024,4,00-0039890,A.Mitchell,WR,IND,3.5073852655825606,1.0,1,2026-09-17T22:42:15.070668,B
2024,4,00-0039893,Bri.Thomas,WR,JAX,10.839674406946576,21.9,1,2026-09-17T22:42:15.070668,B
2024,4,00-0039894,X.Worthy,WR,KC,9.604561437111464,16.3,1,2026-09-17T22:42:15.070668,B
2024,4,00-0039901,K.Coleman,WR,BUF,5.611054219297738,8.1,1,2026-09-17T22:42:15.070668,B
2024,4,00-0039907,J.Polk,WR,NE,6.247513442935909,6.0,1,2026-09-17T22:42:15.070668,B
2024,4,00-0039915,L.McConkey,WR,LAC,10.486558678292033,17.7,1,2026-09-17T22:42:15.070668,B
2024,4,00-0039919,R.Odunze,WR,CHI,11.35375511168807,2.0,1,2026-09-17T22:42:15.070668,B
2024,4,00-0024243,M.Lewis,TE,CHI,-0.2209997919955189,0.0,1,2026-09-17T22:42:15.070668,B
2024,4,00-0030061,Z.Ertz,TE,WAS,8.366164070782716,7.2,1,2026-09-17T22:42:15.070668,B
2024,4,00-0030506,T.Kelce,TE,KC,10.981353910846058,15.9,1,2026-09-17T22:42:15.070668,B
2024,4,00-0031484,C.Manhertz,TE,NYG,-0.9194637603145246,0.0,1,2026-09-17T22:42:15.070668,B
2024,4,00-0031690,E.Tomlinson,TE,LAC,0.34752198872829254,0.0,1,2026-09-17T22:42:15.070668,B
2024,4,00-0032141,G.Swaim,TE,CLE,0.31657167359764316,0.0,1,2026-09-17T22:42:15.070668,B
2024,4,00-0032392,A.Hooper,TE,NE,3.4324150220887892,9.3,1,2026-09-17T22:42:15.070668,B
2024,4,00-0032394,N.Vannett,TE,TEN,1.3707404530834513,0.0,1,2026-09-17T22:42:15.070668,B
2024,4,00-0033090,H.Henry,TE,NE,9.845101638395816,3.2,1,2026-09-17T22:42:15.070668,B
2024,4,00-0033217,M.Alie-Cox,TE,IND,3.0783194540608374,0.0,1,2026-09-17T22:42:15.070668,B
2024,4,00-0033246,J.Mundt,TE,MIN,4.315349068456798,3.5,1,2026-09-17T22:42:15.070668,B
2024,4,00-0033288,G.Kittle,TE,SF,10.653461394257175,14.5,1,2026-09-17T22:42:15.070668,B
2024,4,00-0033439,P.Brown,TE,SEA,1.7691831548076244,1.3,1,2026-09-17T22:42:15.070668,B
2024,4,00-0033576,E.Saubert,TE,SF,4.296078361985653,0.0,1,2026-09-17T22:42:15.070668,B
2024,4,00-0033757,R.Tonyan,TE,MIN,1.6457183970288285,0.0,1,2026-09-17T22:42:15.070668,B
2024,4,00-0033858,J.Smith,TE,MIA,5.287582794429375,0.0,1,2026-09-17T22:42:15.070668,B
2024,4,00-0033895,G.Everett,TE,CHI,3.7633105689930098,0.0,1,2026-09-17T22:42:15.070668,B
2024,4,00-0034073,R.Dwelley,TE,ATL,0.004791033988006177,0.0,1,2026-09-17T22:42:15.070668,B
2024,4,00-0034159,W.Dissly,TE,LAC,4.363962839521355,4.4,1,2026-09-17T22:42:15.070668,B
2024,4,00-0034270,T.Conklin,TE,NYJ,6.69253888413694,5.7,1,2026-09-17T22:42:15.070668,B
2024,4,00-0034351,D.Goedert,TE,PHI,11.927907642293379,13.2,1,2026-09-17T22:42:15.070668,B
2024,4,00-0034364,J.Akins,TE,CLE,4.060418715371161,2.0,1,2026-09-17T22:42:15.070668,B
2024,4,00-0034383,D.Schultz,TE,HOU,7.683489676739207,6.4,1,2026-09-17T22:42:15.070668,B
2024,4,00-0034753,M.Andrews,TE,BAL,6.784751353834437,0.0,1,2026-09-17T22:42:15.070668,B
2024,4,00-0034798,D.Smythe,TE,MIA,2.2303665259040653,0.0,1,2026-09-17T22:42:15.070668,B
2024,4,00-0034829,M.Gesicki,TE,CIN,7.34164511813545,0.1,1,2026-09-17T22:42:15.070668,B
2024,4,00-0034830,H.Hurst,TE,LAC,5.531855845032868,1.6,1,2026-09-17T22:42:15.070668,B
2024,4,00-0034981,F.Moreau,TE,NO,5.111435545887429,0.0,1,2026-09-17T22:42:15.070668,B
2024,4,00-0035249,J.Oliver,TE,MIN,3.20762398978602,9.0,1,2026-09-17T22:42:15.070668,B
2024,4,00-0035572,P.Hesse,TE,DET,0.20583518913655396,0.0,1,2026-09-17T22:42:15.070668,B
2024,4,00-0035631,D.Sample,TE,CIN,2.715492892833373,1.0,1,2026-09-17T22:42:15.070668,B
2024,4,00-0035644,N.Fant,TE,SEA,6.888211599547671,4.6,1,2026-09-17T22:42:15.070668,B
2024,4,00-0035689,D.Knox,TE,BUF,3.75152961823193,1.0,1,2026-09-17T22:42:15.070668,B
2024,4,00-0036040,J.Johnson,TE,NO,4.577802066016613,3.3,1,2026-09-17T22:42:15.070668,B
2024,4,00-0036232,H.Bryant,TE,LV,0.5648847798548511,4.1,1,2026-09-17T22:42:15.070668,B
2024,4,00-0036244,C.Parkinson,TE,LA,5.625753731412512,7.3,1,2026-09-17T22:42:15.070668,B
2024,4,00-0036290,C.Kmet,TE,CHI,9.440361056173774,6.4,1,2026-09-17T22:42:15.070668,B
2024,4,00-0036332,J.Deguara,TE,JAX,0.15169814653316216,0.0,1,2026-09-17T22:42:15.070668,B
2024,4,00-0036422,A.Trautman,TE,DEN,2.695070846990156,0.0,1,2026-09-17T22:42:15.070668,B
2024,4,00-0036429,C.Woerner,TE,ATL,1.1582030885222978,0.0,1,2026-09-17T22:42:15.070668,B
2024,4,00-0036590,Q.Morris,TE,BUF,-0.14508260020125974,0.0,1,2026-09-17T22:42:15.070668,B
2024,4,00-0036628,J.Bates,TE,WAS,1.5348136232318534,1.9,1,2026-09-17T22:42:15.070668,B
2024,4,00-0036637,N.Gray,TE,KC,3.2360324230291364,8.0,1,2026-09-17T22:42:15.070668,B
2024,4,00-0036741,J.Stoll,TE,PHI,0.39647301186180783,1.4,1,2026-09-17T22:42:15.070668,B
2024,4,00-0036754,B.Wright,TE,DET,3.73753494220319,3.3,1,2026-09-17T22:42:15.070668,B
2024,4,00-0036825,F.Franks,TE,CAR,-1.0696469791780583,0.0,1,2026-09-17T22:42:15.070668,B
2024,4,00-0036876,K.Granson,TE,IND,3.607632560504968,0.0,1,2026-09-17T22:42:15.070668,B
2024,4,00-0036887,L.Farrell,TE,JAX,1.9281194616445068,0.0,1,2026-09-17T22:42:15.070668,B
2024,4,00-0036894,P.Freiermuth,TE,PIT,9.007004245646574,16.7,1,2026-09-17T22:42:15.070668,B
2024,4,00-0036970,K.Pitts,TE,ATL,8.442813858979088,0.0,1,2026-09-17T22:42:15.070668,B
2024,4,00-0037004,H.Long,TE,LA,0.8626374428037886,0.0,1,2026-09-17T22:42:15.070668,B
2024,4,00-0037005,T.Tremble,TE,CAR,5.20844443918897,0.0,1,2026-09-17T22:42:15.070668,B
2024,4,00-0037086,G.Calcaterra,TE,PHI,1.4758766842149966,3.6,1,2026-09-17T22:42:15.070668,B
2024,4,00-0037112,J.Tonges,TE,SF,1.7188455375754446,0.0,1,2026-09-17T22:42:15.070668,B
2024,4,00-0037252,G.Dulcich,TE,DEN,3.4947342799291468,0.0,1,2026-09-17T22:42:15.070668,B
2024,4,00-0037292,A.Ogletree,TE,IND,2.1132162144175908,8.5,1,2026-09-17T22:42:15.070668,B
2024,4,00-0037311,K.Kieft,TE,TB,-1.4446040615622868,0.0,1,2026-09-17T22:42:15.070668,B
2024,4,00-0037348,T.Conner,TE,MIA,1.1647395481219456,3.5,1,2026-09-17T22:42:15.070668,B
2024,4,00-0037475,S.Smartt,TE,LAC,0.27795490061756123,0.0,1,2026-09-17T22:42:15.070668,B
2024,4,00-0037805,J.Ruckert,TE,NYJ,2.4050918865686928,3.0,1,2026-09-17T22:42:15.070668,B
2024,4,00-0037809,C.Okonkwo,TE,TEN,4.921006840644278,1.5,1,2026-09-17T22:42:15.070668,B
2024,4,00-0037838,I.Likely,TE,BAL,7.314481637398964,3.6,1,2026-09-17T22:42:15.070668,B
2024,4,00-0038041,J.Ferguson,TE,DAL,12.040845695096818,11.9,1,2026-09-17T22:42:15.070668,B
2024,4,00-0038046,C.Kolar,TE,BAL,1.2010325210676798,0.0,1,2026-09-17T22:42:15.070668,B
2024,4,00-0038115,D.Bellinger,TE,NYG,1.1685278065985498,0.0,1,2026-09-17T22:42:15.070668,B
2024,4,00-0038129,C.Otton,TE,TB,7.8254023163542685,11.2,1,2026-09-17T22:42:15.070668,B
2024,4,00-0038394,W.Mallory,TE,IND,3.0005401880292544,0.0,1,2026-09-17T22:42:15.070668,B
2024,4,00-0038456,Travis Vokolek,TE,ARI,0.8304751735116085,0.0,1,2026-09-17T22:42:15.070668,B
2024,4,00-0038547,L.Schoonmaker,TE,DAL,3.6508400377147594,0.0,1,2026-09-17T22:42:15.070668,B
2024,4,00-0038558,D.Washington,TE,PIT,2.43867104736211,5.1,1,2026-09-17T22:42:15.070668,B
2024,4,00-0038589,J.Whyle,TE,TEN,3.244890707861508,1.5,1,2026-09-17T22:42:15.070668,B
2024,4,00-0038710,B.Whiteheart,TE,CLE,0.48807398494078313,10.3,1,2026-09-17T22:42:15.070668,B
2024,4,00-0038720,J.Hill,TE,MIA,1.7857650830044887,0.0,1,2026-09-17T22:42:15.070668,B
2024,4,00-0038783,N.Adkins,TE,DEN,1.2794512894576773,1.0,1,2026-09-17T22:42:15.070668,B
2024,4,00-0038809,B.Sims,TE,GB,0.006642008881009964,0.0,1,2026-09-17T22:42:15.070668,B
2024,4,00-0038933,D.Kincaid,TE,BUF,7.852424893059634,9.7,1,2026-09-17T22:42:15.070668,B
2024,4,00-0038935,B.Strange,TE,JAX,5.262989952274848,4.9,1,2026-09-17T22:42:15.070668,B
2024,4,00-0038996,T.Kraft,TE,GB,5.614966088945649,15.3,1,2026-09-17T22:42:15.070668,B
2024,4,00-0039041,E.Higgins,TE,ARI,2.2049010846052357,3.2,1,2026-09-17T22:42:15.070668,B
2024,4,00-0039050,P.Durham,TE,TB,0.6305567240148822,0.0,1,2026-09-17T22:42:15.070668,B
2024,4,00-0039065,S.LaPorta,TE,DET,8.892036373304954,9.3,1,2026-09-17T22:42:15.070668,B
2024,4,00-0039144,L.Musgrave,TE,GB,5.465173414929946,4.3,1,2026-09-17T22:42:15.070668,B
2024,4,00-0039338,B.Bowers,TE,LV,10.407759557354701,5.1,1,2026-09-17T22:42:15.070668,B
2024,4,00-0039356,J.Sanders,TE,CAR,2.2827093083665093,3.6,1,2026-09-17T22:42:15.070668,B
2024,4,00-0039359,C.Stover,TE,HOU,1.7768927632033997,3.7,1,2026-09-17T22:42:15.070668,B
2024,4,00-0039458,B.Bates,TE,NYJ,0.040335769082812334,0.0,1,2026-09-17T22:42:15.070668,B
2024,4,00-0039530,B.Spann-Ford,TE,DAL,0.1852182933481954,0.0,1,2026-09-17T22:42:15.070668,B
2024,4,00-0039737,T.Reiman,TE,ARI,1.33846437405921,0.0,1,2026-09-17T22:42:15.070668,B
2024,4,00-0039793,A.Barner,TE,SEA,2.0256661877010944,10.7,1,2026-09-17T22:42:15.070668,B
2024,4,00-0039814,E.All,TE,CIN,3.7839309739163536,6.8,1,2026-09-17T22:42:15.070668,B
2024,4,00-0039824,J.Wiley,TE,KC,0.9068119132985624,0.0,1,2026-09-17T22:42:15.070668,B
2024,4,00-0039847,T.Johnson,TE,NYG,3.3738944127570396,1.6,1,2026-09-17T22:42:15.070668,B
2024,4,00-0039912,B.Sinnott,TE,WAS,1.775069053742346,0.0,1,2026-09-17T22:42:15.070668,B
2024,5,00-0031687,R.Mostert,RB,MIA,10.012306711887362,11.8,1,2026-09-17T22:42:15.070668,B
2024,5,00-0032104,A.Abdullah,RB,LV,3.0173605429512085,14.1,1,2026-09-17T22:42:15.070668,B
2024,5,00-0032764,D.Henry,RB,BAL,17.429140571993422,16.6,1,2026-09-17T22:42:15.070668,B
2024,5,00-0033045,E.Elliott,RB,DAL,5.719602164238519,1.7,1,2026-09-17T22:42:15.070668,B
2024,5,00-0033293,A.Jones,RB,MIN,16.544586578235577,6.3,1,2026-09-17T22:42:15.070668,B
2024,5,00-0033526,S.Perine,RB,KC,6.975823266254837,3.4,1,2026-09-17T22:42:15.070668,B
2024,5,00-0033553,J.Conner,RB,ARI,11.838090468057226,14.0,1,2026-09-17T22:42:15.070668,B
2024,5,00-0033699,A.Ekeler,RB,WAS,7.091182777749918,11.7,1,2026-09-17T22:42:15.070668,B
2024,5,00-0033854,D.Ogunbowale,RB,HOU,5.654273934952428,14.7,1,2026-09-17T22:42:15.070668,B
2024,5,00-0033906,A.Kamara,RB,NO,19.359953635719094,12.6,1,2026-09-17T22:42:15.070668,B
2024,5,00-0033923,K.Hunt,RB,KC,11.065084838566746,18.7,1,2026-09-17T22:42:15.070668,B
2024,5,00-0033925,D.Foreman,RB,CLE,4.62730271231357,7.0,1,2026-09-17T22:42:15.070668,B
2024,5,00-0033948,J.Williams,RB,NO,3.7814476022246692,0.9,1,2026-09-17T22:42:15.070668,B
2024,5,00-0033955,J.McNichols,RB,WAS,5.319077775186403,10.4,1,2026-09-17T22:42:15.070668,B
2024,5,00-0034972,A.Mattison,RB,LV,5.53737932380104,10.1,1,2026-09-17T22:42:15.070668,B
2024,5,00-0034975,J.Hill,RB,BAL,8.112812903198819,3.5,1,2026-09-17T22:42:15.070668,B
2024,5,00-0035243,M.Sanders,RB,CAR,7.630890864044718,5.3,1,2026-09-17T22:42:15.070668,B
2024,5,00-0035311,M.Gaskin,RB,MIN,3.8139211875174714,2.3,1,2026-09-17T22:42:15.070668,B
2024,5,00-0035537,T.Johnson,RB,BUF,4.906065281356291,1.5,1,2026-09-17T22:42:15.070668,B
2024,5,00-0035628,D.Johnson,RB,JAX,3.043207008681412,3.0,1,2026-09-17T22:42:15.070668,B
2024,5,00-0035700,J.Jacobs,RB,GB,12.780602473895641,16.4,1,2026-09-17T22:42:15.070668,B
2024,5,00-0035806,J.Hasty,RB,NE,3.379066669303068,0.0,1,2026-09-17T22:42:15.070668,B
2024,5,00-0035924,J.Ward,RB,PIT,0.3173713746357123,0.9,1,2026-09-17T22:42:15.070668,B
2024,5,00-0036139,R.Dowdle,RB,DAL,9.008416804626316,19.4,1,2026-09-17T22:42:15.070668,B
2024,5,00-0036251,Z.Moss,RB,CIN,11.5433287960792,8.2,1,2026-09-17T22:42:15.070668,B
2024,5,00-0036275,D.Swift,RB,CHI,15.936971054147197,20.0,1,2026-09-17T22:42:15.070668,B
2024,5,00-0036328,A.Gibson,RB,NE,11.991694036101698,6.6,1,2026-09-17T22:42:15.070668,B
2024,5,00-0036414,C.Akers,RB,HOU,10.017096589078017,12.7,1,2026-09-17T22:42:15.070668,B
2024,5,00-0036555,C.Hubbard,RB,CAR,15.737061890570168,17.5,1,2026-09-17T22:42:15.070668,B
2024,5,00-0036875,R.Stevenson,RB,NE,14.091237056566,19.2,1,2026-09-17T22:42:15.070668,B
2024,5,00-0036893,N.Harris,RB,PIT,14.709665026715422,9.7,1,2026-09-17T22:42:15.070668,B
2024,5,00-0036906,K.Herbert,RB,CHI,4.93125342208746,0.0,1,2026-09-17T22:42:15.070668,B
2024,5,00-0036973,T.Etienne,RB,JAX,14.031160762024385,12.0,1,2026-09-17T22:42:15.070668,B
2024,5,00-0036984,T.Sermon,RB,IND,3.6926947421715486,18.3,1,2026-09-17T22:42:15.070668,B
2024,5,00-0036997,J.Williams,RB,DEN,12.324794990996754,16.1,1,2026-09-17T22:42:15.070668,B
2024,5,00-0037120,T.Goodson,RB,IND,0.5154964058338498,8.7,1,2026-09-17T22:42:15.070668,B
2024,5,00-0037248,J.Cook,RB,BUF,13.47148259822413,17.9,1,2026-09-17T22:42:15.070668,B
2024,5,00-0037256,R.White,RB,TB,10.492160369861836,9.6,1,2026-09-17T22:42:15.070668,B
2024,5,00-0037263,T.Allgeier,RB,ATL,8.678861628099805,5.5,1,2026-09-17T22:42:15.070668,B
2024,5,00-0037267,J.Ford,RB,CLE,12.831262593987748,7.9,1,2026-09-17T22:42:15.070668,B
2024,5,00-0037276,T.Chandler,RB,MIN,4.651189269283725,5.9,1,2026-09-17T22:42:15.070668,B
2024,5,00-0037304,C.Heyward,RB,PIT,2.200632887380075,10.3,1,2026-09-17T22:42:15.070668,B
2024,5,00-0037429,R.Blackshear,RB,CAR,1.6770830348898755,0.0,1,2026-09-17T22:42:15.070668,B
2024,5,00-0037525,J.Mason,RB,SF,15.967728313737645,8.8,1,2026-09-17T22:42:15.070668,B
2024,5,00-0037609,A.Shampklin,RB,PIT,1.955140108961161,1.4,1,2026-09-17T22:42:15.070668,B
2024,5,00-0037746,Br.Robinson,RB,WAS,13.987981533472064,13.8,1,2026-09-17T22:42:15.070668,B
2024,5,00-0037840,K.Williams,RB,LA,17.414535857217594,15.5,1,2026-09-17T22:42:15.070668,B
2024,5,00-0038098,P.Strong,RB,CLE,5.351309127021195,0.2,1,2026-09-17T22:42:15.070668,B
2024,5,00-0038120,B.Hall,RB,NYJ,14.90255401124001,6.7,1,2026-09-17T22:42:15.070668,B
2024,5,00-0038134,K.Walker,RB,SEA,17.07947581872413,14.6,1,2026-09-17T22:42:15.070668,B
2024,5,00-0038396,E.Gray,RB,NYG,2.1051250298966355,6.4,1,2026-09-17T22:42:15.070668,B
2024,5,00-0038542,Bi.Robinson,RB,ATL,13.550536297718919,10.7,1,2026-09-17T22:42:15.070668,B
2024,5,00-0038555,T.Bigsby,RB,JAX,6.774124896206547,25.9,1,2026-09-17T22:42:15.070668,B
2024,5,00-0038597,C.Brown,RB,CIN,9.444048181918264,16.4,1,2026-09-17T22:42:15.070668,B
2024,5,00-0038705,E.Demercado,RB,ARI,4.041277084728968,1.0,1,2026-09-17T22:42:15.070668,B
2024,5,00-0038794,J.McLaughlin,RB,DEN,5.820128626321821,11.5,1,2026-09-17T22:42:15.070668,B
2024,5,00-0038797,E.Wilson,RB,GB,7.8333093952454975,2.5,1,2026-09-17T22:42:15.070668,B
2024,5,00-0039021,R.Johnson,RB,CHI,6.48933536287172,14.5,1,2026-09-17T22:42:15.070668,B
2024,5,00-0039040,D.Achane,RB,MIA,16.317366738748966,2.7,1,2026-09-17T22:42:15.070668,B
2024,5,00-0039165,Z.Charbonnet,RB,SEA,12.003907767824547,6.0,1,2026-09-17T22:42:15.070668,B
2024,5,00-0039230,Dante Miller,RB,NYG,2.060771935013628,0.0,1,2026-09-17T22:42:15.070668,B
2024,5,00-0039325,C.Steele,RB,KC,7.50805194135869,1.2,1,2026-09-17T22:42:15.070668,B
2024,5,00-0039361,B.Irving,RB,TB,9.425999708804566,5.6,1,2026-09-17T22:42:15.070668,B
2024,5,00-0039363,I.Guerendo,RB,SF,4.794569221115674,2.2,1,2026-09-17T22:42:15.070668,B
2024,5,00-0039384,T.Tracy,RB,NYG,4.19126248987635,14.0,1,2026-09-17T22:42:15.070668,B
2024,5,00-0039573,B.Watson,RB,DEN,2.2026742229935286,0.0,1,2026-09-17T22:42:15.070668,B
2024,5,00-0039738,B.Corum,RB,LA,7.7532662482010295,4.3,1,2026-09-17T22:42:15.070668,B
2024,5,00-0039794,B.Allen,RB,NYJ,8.415904222241467,3.8,1,2026-09-17T22:42:15.070668,B
2024,5,00-0039874,J.Wright,RB,MIA,6.875545919536519,8.6,1,2026-09-17T22:42:15.070668,B
2024,5,00-0039875,R.Davis,RB,BUF,5.827885894804439,1.4,1,2026-09-17T22:42:15.070668,B
2024,5,00-0030279,K.Allen,WR,CHI,12.647535864187315,6.3,1,2026-09-17T22:42:15.070668,B
2024,5,00-0030431,R.Woods,WR,HOU,4.674998063596917,0.0,1,2026-09-17T22:42:15.070668,B
2024,5,00-0031235,O.Beckham,WR,MIA,4.972243768201613,0.0,1,2026-09-17T22:42:15.070668,B
2024,5,00-0031408,M.Evans,WR,TB,14.485989566259631,23.2,1,2026-09-17T22:42:15.070668,B
2024,5,00-0031544,A.Cooper,WR,CLE,14.625396732788218,10.0,1,2026-09-17T22:42:15.070668,B
2024,5,00-0031549,N.Agholor,WR,BAL,5.44358371513801,1.4,1,2026-09-17T22:42:15.070668,B
2024,5,00-0031588,S.Diggs,WR,HOU,14.275238930342743,14.2,1,2026-09-17T22:42:15.070668,B
2024,5,00-0032211,T.Lockett,WR,SEA,10.544383734414131,11.5,1,2026-09-17T22:42:15.070668,B
2024,5,00-0032385,S.Shepard,WR,TB,4.370828882247059,7.4,1,2026-09-17T22:42:15.070668,B
2024,5,00-0032398,C.Moore,WR,ARI,-0.2958649824951394,0.0,1,2026-09-17T22:42:15.070668,B
2024,5,00-0032775,D.Robinson,WR,LA,6.6858961707142335,11.8,1,2026-09-17T22:42:15.070668,B
2024,5,00-0033040,T.Hill,WR,MIA,14.44402152730029,12.9,1,2026-09-17T22:42:15.070668,B
2024,5,00-0033251,Z.Pascal,WR,ARI,-0.24543992740886367,0.0,1,2026-09-17T22:42:15.070668,B
2024,5,00-0033282,C.Samuel,WR,BUF,7.609202796761357,0.9,1,2026-09-17T22:42:15.070668,B
2024,5,00-0033292,T.Taylor,WR,SF,-0.11731336475373588,0.0,1,2026-09-17T22:42:15.070668,B
2024,5,00-0033307,K.Bourne,WR,NE,10.496878681723153,1.6,1,2026-09-17T22:42:15.070668,B
2024,5,00-0033536,M.Williams,WR,NYJ,10.637685909298808,4.5,1,2026-09-17T22:42:15.070668,B
2024,5,00-0033555,M.Hollins,WR,BUF,5.440655833933248,4.7,1,2026-09-17T22:42:15.070668,B
2024,5,00-0033589,D.Moore,WR,CAR,-0.16619648580841684,3.3,1,2026-09-17T22:42:15.070668,B
2024,5,00-0033857,J.Smith-Schuster,WR,KC,3.7335300557055326,20.0,1,2026-09-17T22:42:15.070668,B
2024,5,00-0033921,C.Godwin,WR,TB,15.000938315470925,11.6,1,2026-09-17T22:42:15.070668,B
2024,5,00-0033943,J.Reynolds,WR,DEN,5.893404283545399,7.9,1,2026-09-17T22:42:15.070668,B
2024,5,00-0034272,M.Valdes-Scantling,WR,BUF,3.8235164191621465,0.0,1,2026-09-17T22:42:15.070668,B
2024,5,00-0034348,C.Sutton,WR,DEN,12.457230801309741,5.2,1,2026-09-17T22:42:15.070668,B
2024,5,00-0034386,J.Watson,WR,KC,5.205616140406253,0.0,1,2026-09-17T22:42:15.070668,B
2024,5,00-0034407,R.McCloud,WR,ATL,8.42720393239357,12.6,1,2026-09-17T22:42:15.070668,B
2024,5,00-0034418,C.Wilson,WR,NO,1.5648408589127714,0.0,1,2026-09-17T22:42:15.070668,B
2024,5,00-0034419,B.Berrios,WR,MIA,2.1775446428584226,0.0,1,2026-09-17T22:42:15.070668,B
2024,5,00-0034487,T.Sherfield,WR,MIN,1.1162574777031145,0.0,1,2026-09-17T22:42:15.070668,B
2024,5,00-0034521,A.Lazard,WR,NYJ,8.955569710928657,13.4,1,2026-09-17T22:42:15.070668,B
2024,5,00-0034646,B.Powell,WR,MIN,4.222060730334509,0.0,1,2026-09-17T22:42:15.070668,B
2024,5,00-0034775,C.Kirk,WR,JAX,12.938163220130566,12.8,1,2026-09-17T22:42:15.070668,B
2024,5,00-0034827,D.Moore,WR,CHI,14.278330316769601,27.5,1,2026-09-17T22:42:15.070668,B
2024,5,00-0034854,K.Hodge,WR,ATL,0.27937700097812,14.7,1,2026-09-17T22:42:15.070668,B
2024,5,00-0034960,J.Meyers,WR,LV,12.424631840478495,13.2,1,2026-09-17T22:42:15.070668,B
2024,5,00-0035021,A.Dulin,WR,IND,0.7625943709313407,0.9,1,2026-09-17T22:42:15.070668,B
2024,5,00-0035140,M.Hardman,WR,KC,2.1788339067211995,7.3,1,2026-09-17T22:42:15.070668,B
2024,5,00-0035164,C.Thompson,WR,TB,-0.35901776546308106,0.0,1,2026-09-17T22:42:15.070668,B
2024,5,00-0035208,O.Zaccheaus,WR,WAS,3.990692816283019,2.0,1,2026-09-17T22:42:15.070668,B
2024,5,00-0035216,D.Johnson,WR,CAR,13.455714196964692,5.9,1,2026-09-17T22:42:15.070668,B
2024,5,00-0035298,S.Miller,WR,PIT,1.2893934144086447,0.0,1,2026-09-17T22:42:15.070668,B
2024,5,00-0035406,L.Humphrey,WR,DEN,5.559194652311169,6.8,1,2026-09-17T22:42:15.070668,B
2024,5,00-0035500,G.Dortch,WR,ARI,6.743206190705002,1.7,1,2026-09-17T22:42:15.070668,B
2024,5,00-0035535,D.Slayton,WR,NYG,7.020441324032815,26.2,1,2026-09-17T22:42:15.070668,B
2024,5,00-0035602,A.Bachman,WR,LV,-0.6941721954054092,0.0,1,2026-09-17T22:42:15.070668,B
2024,5,00-0035640,D.Metcalf,WR,SEA,15.802396928268692,7.5,1,2026-09-17T22:42:15.070668,B
2024,5,00-0035659,T.McLaurin,WR,WAS,13.001127265988117,13.4,1,2026-09-17T22:42:15.070668,B
2024,5,00-0035719,D.Samuel,WR,SF,15.312349028789647,3.0,1,2026-09-17T22:42:15.070668,B
2024,5,00-0036133,J.Proche,WR,CLE,-0.3550950097168357,0.0,1,2026-09-17T22:42:15.070668,B
2024,5,00-0036165,I.Hodgins,WR,NYG,4.3496311198700575,0.0,1,2026-09-17T22:42:15.070668,B
2024,5,00-0036196,G.Davis,WR,JAX,8.273955148448508,4.8,1,2026-09-17T22:42:15.070668,B
2024,5,00-0036252,M.Pittman,WR,IND,12.143120232527227,14.7,1,2026-09-17T22:42:15.070668,B
2024,5,00-0036259,J.Jennings,WR,SF,11.800110700579129,2.3,1,2026-09-17T22:42:15.070668,B
2024,5,00-0036261,B.Aiyuk,WR,SF,12.242579094089159,22.7,1,2026-09-17T22:42:15.070668,B
2024,5,00-0036268,L.Shenault,WR,SEA,1.7925582271982305,0.0,1,2026-09-17T22:42:15.070668,B
2024,5,00-0036309,D.Mooney,WR,ATL,11.153159369285898,31.5,1,2026-09-17T22:42:15.070668,B
2024,5,00-0036322,J.Jefferson,WR,MIN,17.920603967688916,15.2,1,2026-09-17T22:42:15.070668,B
2024,5,00-0036331,D.Duvernay,WR,JAX,1.1945299721783913,0.3,1,2026-09-17T22:42:15.070668,B
2024,5,00-0036358,C.Lamb,WR,DAL,16.270981930816085,11.4,1,2026-09-17T22:42:15.070668,B
2024,5,00-0036407,J.Jeudy,WR,CLE,11.767337469660767,2.6,1,2026-09-17T22:42:15.070668,B
2024,5,00-0036410,T.Higgins,WR,CIN,10.738909987335937,29.3,1,2026-09-17T22:42:15.070668,B
2024,5,00-0036415,V.Jefferson,WR,PIT,5.162454852130721,5.6,1,2026-09-17T22:42:15.070668,B
2024,5,00-0036427,T.Johnson,WR,LA,4.821131792094745,0.0,1,2026-09-17T22:42:15.070668,B
2024,5,00-0036497,T.Jones,WR,JAX,-0.919434018398043,0.0,1,2026-09-17T22:42:15.070668,B
2024,5,00-0036527,D.Turner,WR,LV,0.8534981177139596,2.7,1,2026-09-17T22:42:15.070668,B
2024,5,00-0036550,R.Bateman,WR,BAL,7.899599606000366,15.8,1,2026-09-17T22:42:15.070668,B
2024,5,00-0036554,N.Collins,WR,HOU,16.91325584053373,15.8,1,2026-09-17T22:42:15.070668,B
2024,5,00-0036613,J.Waddle,WR,MIA,11.880989378981454,8.6,1,2026-09-17T22:42:15.070668,B
2024,5,00-0036626,D.Brown,WR,WAS,1.815443014172069,13.7,1,2026-09-17T22:42:15.070668,B
2024,5,00-0036630,T.Wallace,WR,BAL,0.17532110197098483,5.1,1,2026-09-17T22:42:15.070668,B
2024,5,00-0036849,T.Atwell,WR,LA,9.603655262574211,12.5,1,2026-09-17T22:42:15.070668,B
2024,5,00-0036900,J.Chase,WR,CIN,13.96934020105374,41.3,1,2026-09-17T22:42:15.070668,B
2024,5,00-0036980,E.Moore,WR,CLE,8.129279188495131,4.1,1,2026-09-17T22:42:15.070668,B
2024,5,00-0037091,B.Melton,WR,GB,2.9384880535425637,2.2,1,2026-09-17T22:42:15.070668,B
2024,5,00-0037156,I.Charles,WR,NYJ,1.6566119619846331,0.0,1,2026-09-17T22:42:15.070668,B
2024,5,00-0037238,D.London,WR,ATL,14.775078814986026,33.4,1,2026-09-17T22:42:15.070668,B
2024,5,00-0037239,C.Olave,WR,NO,15.755709467699628,3.0,1,2026-09-17T22:42:15.070668,B
2024,5,00-0037247,G.Pickens,WR,PIT,12.36278056509293,5.6,1,2026-09-17T22:42:15.070668,B
2024,5,00-0037291,J.Nailor,WR,MIN,5.679590238752969,0.0,1,2026-09-17T22:42:15.070668,B
2024,5,00-0037382,B.Johnson,WR,PIT,4.825582474154256,1.9,1,2026-09-17T22:42:15.070668,B
2024,5,00-0037545,R.Shaheed,WR,NO,12.59068615745734,18.6,1,2026-09-17T22:42:15.070668,B
2024,5,00-0037614,J.Metchie,WR,HOU,3.4450060386755954,0.0,1,2026-09-17T22:42:15.070668,B
2024,5,00-0037664,A.Pierce,WR,IND,7.528919000504797,22.4,1,2026-09-17T22:42:15.070668,B
2024,5,00-0037666,J.Tolbert,WR,DAL,7.471306710498582,21.7,1,2026-09-17T22:42:15.070668,B
2024,5,00-0037740,G.Wilson,WR,NYJ,13.049033921904243,29.1,1,2026-09-17T22:42:15.070668,B
2024,5,00-0037801,K.Turpin,WR,DAL,3.88890880218805,8.4,1,2026-09-17T22:42:15.070668,B
2024,5,00-0037837,C.Austin,WR,PIT,7.056141576155298,1.6,1,2026-09-17T22:42:15.070668,B
2024,5,00-0038090,S.Moore,WR,KC,2.2271493959085005,0.0,1,2026-09-17T22:42:15.070668,B
2024,5,00-0038104,T.Thornton,WR,NE,-0.08814824342495875,0.0,1,2026-09-17T22:42:15.070668,B
2024,5,00-0038117,W.Robinson,WR,NYG,10.5212452763789,16.0,1,2026-09-17T22:42:15.070668,B
2024,5,00-0038359,X.Smith,WR,LA,-0.12681357528780524,2.6,1,2026-09-17T22:42:15.070668,B
2024,5,00-0038393,D.Wicks,WR,GB,9.68425746732944,4.0,1,2026-09-17T22:42:15.070668,B
2024,5,00-0038465,M.Heath,WR,GB,2.3147726650524216,3.4,1,2026-09-17T22:42:15.070668,B
2024,5,00-0038477,B.Ford-Wheaton,WR,NYG,-0.24681918680732196,0.0,1,2026-09-17T22:42:15.070668,B
2024,5,00-0038496,X.Gipson,WR,NYJ,2.7521145513583587,0.0,1,2026-09-17T22:42:15.070668,B
2024,5,00-0038543,J.Smith-Njigba,WR,SEA,13.846731322817206,13.1,1,2026-09-17T22:42:15.070668,B
2024,5,00-0038559,Mi.Wilson,WR,ARI,10.319920493491512,12.8,1,2026-09-17T22:42:15.070668,B
2024,5,00-0038563,T.Tucker,WR,LV,8.294026952267293,4.6,1,2026-09-17T22:42:15.070668,B
2024,5,00-0038576,C.Jones,WR,CIN,1.9375624091083372,0.0,1,2026-09-17T22:42:15.070668,B
2024,5,00-0038606,P.Washington,WR,JAX,2.2846942372133725,0.0,1,2026-09-17T22:42:15.070668,B
2024,5,00-0038608,K.Boutte,WR,NE,2.672087202985505,5.4,1,2026-09-17T22:42:15.070668,B
2024,5,00-0038618,X.Hutchinson,WR,HOU,1.2505486599452125,5.1,1,2026-09-17T22:42:15.070668,B
2024,5,00-0038619,A.Iosivas,WR,CIN,6.984434872040887,4.9,1,2026-09-17T22:42:15.070668,B
2024,5,00-0038621,D.Douglas,WR,NE,8.190677758637602,11.9,1,2026-09-17T22:42:15.070668,B
2024,5,00-0038640,J.Brooks,WR,DAL,2.3031853675540477,2.0,1,2026-09-17T22:42:15.070668,B
2024,5,00-0038647,R.Bell,WR,SF,1.5889686306628228,0.0,1,2026-09-17T22:42:15.070668,B
2024,5,00-0038679,T.Shavers,WR,BUF,2.3996913141241754,0.0,1,2026-09-17T22:42:15.070668,B
2024,5,00-0038752,J.Bobo,WR,SEA,3.9048012619915307,1.3,1,2026-09-17T22:42:15.070668,B
2024,5,00-0038840,B.Tremayne,WR,WAS,1.6925266262716265,0.8,1,2026-09-17T22:42:15.070668,B
2024,5,00-0038938,J.Hyatt,WR,NYG,1.268658587258055,0.0,1,2026-09-17T22:42:15.070668,B
2024,5,00-0038941,T.Scott,WR,CHI,-0.05429156011699998,0.0,1,2026-09-17T22:42:15.070668,B
2024,5,00-0038976,M.Mims,WR,DEN,3.257865069607176,3.4,1,2026-09-17T22:42:15.070668,B
2024,5,00-0038977,T.Dell,WR,HOU,11.88731663187049,7.3,1,2026-09-17T22:42:15.070668,B
2024,5,00-0038979,C.Tillman,WR,CLE,2.1331982955191853,0.0,1,2026-09-17T22:42:15.070668,B
2024,5,00-0038994,J.Addison,WR,MIN,10.992253393469792,6.6,1,2026-09-17T22:42:15.070668,B
2024,5,00-0038997,J.Downs,WR,IND,10.061643969444686,15.9,1,2026-09-17T22:42:15.070668,B
2024,5,00-0039062,J.Mingo,WR,CAR,4.792627783098487,5.7,1,2026-09-17T22:42:15.070668,B
2024,5,00-0039064,Z.Flowers,WR,BAL,11.136961895652384,19.0,1,2026-09-17T22:42:15.070668,B
2024,5,00-0039146,J.Reed,WR,GB,12.427783204381978,13.7,1,2026-09-17T22:42:15.070668,B
2024,5,00-0039342,X.Legette,WR,CAR,7.626425347896864,1.8,1,2026-09-17T22:42:15.070668,B
2024,5,00-0039355,L.McCaffrey,WR,WAS,3.4976883473166263,4.9,1,2026-09-17T22:42:15.070668,B
2024,5,00-0039386,B.Means,WR,NO,1.0694601939330193,0.0,1,2026-09-17T22:42:15.070668,B
2024,5,00-0039410,R.Flournoy,WR,DAL,3.133181110253825,0.0,1,2026-09-17T22:42:15.070668,B
2024,5,00-0039491,J.Coker,WR,CAR,-2.4986058490847576,10.8,1,2026-09-17T22:42:15.070668,B
2024,5,00-0039589,K.Johnson,WR,TB,2.2190154812366005,0.0,1,2026-09-17T22:42:15.070668,B
2024,5,00-0039623,M.Tipton,WR,NO,2.8697173020342683,1.2,1,2026-09-17T22:42:15.070668,B
2024,5,00-0039751,J.Whittington,WR,LA,8.574144997101047,15.9,1,2026-09-17T22:42:15.070668,B
2024,5,00-0039810,J.Burton,WR,CIN,1.953050938723047,0.0,1,2026-09-17T22:42:15.070668,B
2024,5,00-0039849,M.Harrison,WR,ARI,15.721100740387769,5.6,1,2026-09-17T22:42:15.070668,B
2024,5,00-0039868,T.Franklin,WR,DEN,4.088317060028421,3.0,1,2026-09-17T22:42:15.070668,B
2024,5,00-0039880,M.Washington,WR,MIA,1.721253826396694,0.0,1,2026-09-17T22:42:15.070668,B
2024,5,00-0039890,A.Mitchell,WR,IND,3.352267311867129,9.2,1,2026-09-17T22:42:15.070668,B
2024,5,00-0039893,Bri.Thomas,WR,JAX,11.555943880934064,23.2,1,2026-09-17T22:42:15.070668,B
2024,5,00-0039894,X.Worthy,WR,KC,10.308811543750174,11.8,1,2026-09-17T22:42:15.070668,B
2024,5,00-0039901,K.Coleman,WR,BUF,7.565664007934938,11.9,1,2026-09-17T22:42:15.070668,B
2024,5,00-0039907,J.Polk,WR,NE,8.128858699104283,2.3,1,2026-09-17T22:42:15.070668,B
2024,5,00-0039919,R.Odunze,WR,CHI,9.984956103930918,9.0,1,2026-09-17T22:42:15.070668,B
2024,5,00-0024243,M.Lewis,TE,CHI,0.025455860396003338,0.0,1,2026-09-17T22:42:15.070668,B
2024,5,00-0030061,Z.Ertz,TE,WAS,7.9904975639620694,3.0,1,2026-09-17T22:42:15.070668,B
2024,5,00-0030506,T.Kelce,TE,KC,12.798695693801589,16.0,1,2026-09-17T22:42:15.070668,B
2024,5,00-0031484,C.Manhertz,TE,NYG,0.1650407183033833,0.0,1,2026-09-17T22:42:15.070668,B
2024,5,00-0032141,G.Swaim,TE,CLE,0.37617447795438963,0.0,1,2026-09-17T22:42:15.070668,B
2024,5,00-0032392,A.Hooper,TE,NE,3.230546676078849,1.9,1,2026-09-17T22:42:15.070668,B
2024,5,00-0033090,H.Henry,TE,NE,10.169931353047055,5.2,1,2026-09-17T22:42:15.070668,B
2024,5,00-0033217,M.Alie-Cox,TE,IND,2.4025959896316174,11.7,1,2026-09-17T22:42:15.070668,B
2024,5,00-0033246,J.Mundt,TE,MIN,3.4496910395773392,5.1,1,2026-09-17T22:42:15.070668,B
2024,5,00-0033288,G.Kittle,TE,SF,11.536127127398375,20.4,1,2026-09-17T22:42:15.070668,B
2024,5,00-0033439,P.Brown,TE,SEA,2.299665144704499,1.7,1,2026-09-17T22:42:15.070668,B
2024,5,00-0033576,E.Saubert,TE,SF,2.6645975075583275,0.0,1,2026-09-17T22:42:15.070668,B
2024,5,00-0033757,R.Tonyan,TE,MIN,0.5194344111982181,0.0,1,2026-09-17T22:42:15.070668,B
2024,5,00-0033858,J.Smith,TE,MIA,5.597402374445845,11.1,1,2026-09-17T22:42:15.070668,B
2024,5,00-0033885,D.Njoku,TE,CLE,10.819704270834542,2.4,1,2026-09-17T22:42:15.070668,B
2024,5,00-0033895,G.Everett,TE,CHI,3.086709471278618,4.2,1,2026-09-17T22:42:15.070668,B
2024,5,00-0034270,T.Conklin,TE,NYJ,7.881551438020195,11.5,1,2026-09-17T22:42:15.070668,B
2024,5,00-0034364,J.Akins,TE,CLE,3.1317782656587183,11.2,1,2026-09-17T22:42:15.070668,B
2024,5,00-0034383,D.Schultz,TE,HOU,7.757547042158592,7.4,1,2026-09-17T22:42:15.070668,B
2024,5,00-0034753,M.Andrews,TE,BAL,6.661787974922079,9.5,1,2026-09-17T22:42:15.070668,B
2024,5,00-0034798,D.Smythe,TE,MIA,2.0462442836676313,0.0,1,2026-09-17T22:42:15.070668,B
2024,5,00-0034829,M.Gesicki,TE,CIN,5.831118705289065,5.1,1,2026-09-17T22:42:15.070668,B
2024,5,00-0034981,F.Moreau,TE,NO,3.547934195450954,9.3,1,2026-09-17T22:42:15.070668,B
2024,5,00-0035249,J.Oliver,TE,MIN,3.7218865347609293,0.0,1,2026-09-17T22:42:15.070668,B
2024,5,00-0035547,J.Fortson,TE,KC,1.3001084041931223,1.5,1,2026-09-17T22:42:15.070668,B
2024,5,00-0035631,D.Sample,TE,CIN,3.033253242134541,0.0,1,2026-09-17T22:42:15.070668,B
2024,5,00-0035644,N.Fant,TE,SEA,6.465900526653799,5.4,1,2026-09-17T22:42:15.070668,B
2024,5,00-0035689,D.Knox,TE,BUF,2.4889007210735916,0.0,1,2026-09-17T22:42:15.070668,B
2024,5,00-0036040,J.Johnson,TE,NO,4.467819545699982,8.1,1,2026-09-17T22:42:15.070668,B
2024,5,00-0036232,H.Bryant,TE,LV,3.137293345976687,0.0,1,2026-09-17T22:42:15.070668,B
2024,5,00-0036244,C.Parkinson,TE,LA,6.2368733040741535,12.2,1,2026-09-17T22:42:15.070668,B
2024,5,00-0036290,C.Kmet,TE,CHI,10.65155679907517,8.7,1,2026-09-17T22:42:15.070668,B
2024,5,00-0036332,J.Deguara,TE,JAX,-0.00012702363046379617,1.2,1,2026-09-17T22:42:15.070668,B
2024,5,00-0036422,A.Trautman,TE,DEN,2.8219065457560375,2.9,1,2026-09-17T22:42:15.070668,B
2024,5,00-0036429,C.Woerner,TE,ATL,0.7854158139555301,0.0,1,2026-09-17T22:42:15.070668,B
2024,5,00-0036590,Q.Morris,TE,BUF,-0.2142139366927438,0.0,1,2026-09-17T22:42:15.070668,B
2024,5,00-0036628,J.Bates,TE,WAS,1.8297408556818522,0.0,1,2026-09-17T22:42:15.070668,B
2024,5,00-0036637,N.Gray,TE,KC,3.840494404790127,4.9,1,2026-09-17T22:42:15.070668,B
2024,5,00-0036825,F.Franks,TE,CAR,-1.3324529057017234,0.0,1,2026-09-17T22:42:15.070668,B
2024,5,00-0036876,K.Granson,TE,IND,2.9030157436836492,0.0,1,2026-09-17T22:42:15.070668,B
2024,5,00-0036887,L.Farrell,TE,JAX,2.203302945038899,3.7,1,2026-09-17T22:42:15.070668,B
2024,5,00-0036894,P.Freiermuth,TE,PIT,9.038096175418739,9.2,1,2026-09-17T22:42:15.070668,B
2024,5,00-0036970,K.Pitts,TE,ATL,7.6146433674724925,15.8,1,2026-09-17T22:42:15.070668,B
2024,5,00-0037004,H.Long,TE,LA,0.7470862982626967,3.6,1,2026-09-17T22:42:15.070668,B
2024,5,00-0037005,T.Tremble,TE,CAR,4.397719447657901,-0.3,1,2026-09-17T22:42:15.070668,B
2024,5,00-0037292,A.Ogletree,TE,IND,2.3980470100856475,1.5,1,2026-09-17T22:42:15.070668,B
2024,5,00-0037311,K.Kieft,TE,TB,-0.9045432755484599,0.0,1,2026-09-17T22:42:15.070668,B
2024,5,00-0037539,L.Krull,TE,DEN,3.531744920093966,1.5,1,2026-09-17T22:42:15.070668,B
2024,5,00-0037744,T.McBride,TE,ARI,10.77230708859419,11.3,1,2026-09-17T22:42:15.070668,B
2024,5,00-0037805,J.Ruckert,TE,NYJ,2.277214981175462,0.0,1,2026-09-17T22:42:15.070668,B
2024,5,00-0037838,I.Likely,TE,BAL,5.2963611713386225,16.3,1,2026-09-17T22:42:15.070668,B
2024,5,00-0038041,J.Ferguson,TE,DAL,12.265529159387427,13.0,1,2026-09-17T22:42:15.070668,B
2024,5,00-0038046,C.Kolar,TE,BAL,1.0556203092702634,15.6,1,2026-09-17T22:42:15.070668,B
2024,5,00-0038115,D.Bellinger,TE,NYG,1.7558712234557787,0.0,1,2026-09-17T22:42:15.070668,B
2024,5,00-0038129,C.Otton,TE,TB,9.723776048071038,7.4,1,2026-09-17T22:42:15.070668,B
2024,5,00-0038394,W.Mallory,TE,IND,1.586420594603906,1.7,1,2026-09-17T22:42:15.070668,B
2024,5,00-0038547,L.Schoonmaker,TE,DAL,3.5983351746198475,1.8,1,2026-09-17T22:42:15.070668,B
2024,5,00-0038558,D.Washington,TE,PIT,2.4210601080522416,1.5,1,2026-09-17T22:42:15.070668,B
2024,5,00-0038710,B.Whiteheart,TE,CLE,2.142341697218964,0.0,1,2026-09-17T22:42:15.070668,B
2024,5,00-0038720,J.Hill,TE,MIA,1.8843911420028734,0.0,1,2026-09-17T22:42:15.070668,B
2024,5,00-0038783,N.Adkins,TE,DEN,2.0429961079951644,1.8,1,2026-09-17T22:42:15.070668,B
2024,5,00-0038809,B.Sims,TE,GB,-0.03289894705766461,0.0,1,2026-09-17T22:42:15.070668,B
2024,5,00-0038933,D.Kincaid,TE,BUF,9.539158617318002,5.4,1,2026-09-17T22:42:15.070668,B
2024,5,00-0038935,B.Strange,TE,JAX,5.954455415322607,12.4,1,2026-09-17T22:42:15.070668,B
2024,5,00-0038996,T.Kraft,TE,GB,6.507606888768636,24.8,1,2026-09-17T22:42:15.070668,B
2024,5,00-0039041,E.Higgins,TE,ARI,3.5451982637100654,7.2,1,2026-09-17T22:42:15.070668,B
2024,5,00-0039050,P.Durham,TE,TB,0.7886830249049606,0.0,1,2026-09-17T22:42:15.070668,B
2024,5,00-0039074,D.Allen,TE,LA,2.510218227177238,0.0,1,2026-09-17T22:42:15.070668,B
2024,5,00-0039338,B.Bowers,TE,LV,9.275593660933504,23.7,1,2026-09-17T22:42:15.070668,B
2024,5,00-0039356,J.Sanders,TE,CAR,2.046671070267032,4.3,1,2026-09-17T22:42:15.070668,B
2024,5,00-0039359,C.Stover,TE,HOU,2.3760584068086543,2.6,1,2026-09-17T22:42:15.070668,B
2024,5,00-0039458,B.Bates,TE,NYJ,-0.3362335866612023,0.0,1,2026-09-17T22:42:15.070668,B
2024,5,00-0039530,B.Spann-Ford,TE,DAL,0.08475173660136992,4.0,1,2026-09-17T22:42:15.070668,B
2024,5,00-0039613,D.Holker,TE,NO,1.8527514512397403,0.0,1,2026-09-17T22:42:15.070668,B
2024,5,00-0039737,T.Reiman,TE,ARI,1.4287853389101608,1.5,1,2026-09-17T22:42:15.070668,B
2024,5,00-0039793,A.Barner,TE,SEA,3.3656886562624884,2.3,1,2026-09-17T22:42:15.070668,B
2024,5,00-0039814,E.All,TE,CIN,5.409841098045069,3.0,1,2026-09-17T22:42:15.070668,B
2024,5,00-0039824,J.Wiley,TE,KC,0.9324370280869356,0.0,1,2026-09-17T22:42:15.070668,B
2024,5,00-0039847,T.Johnson,TE,NYG,3.1712443249321627,9.8,1,2026-09-17T22:42:15.070668,B
2024,5,00-0039912,B.Sinnott,TE,WAS,2.0146274750351374,0.0,1,2026-09-17T22:42:15.070668,B
2024,6,00-0032104,A.Abdullah,RB,LV,5.462837138725968,4.8,1,2026-09-17T22:42:15.070668,B
2024,6,00-0032764,D.Henry,RB,BAL,17.037581337537972,25.2,1,2026-09-17T22:42:15.070668,B
2024,6,00-0033045,E.Elliott,RB,DAL,6.213135158127141,1.7,1,2026-09-17T22:42:15.070668,B
2024,6,00-0033553,J.Conner,RB,ARI,13.375118552013653,6.6,1,2026-09-17T22:42:15.070668,B
2024,6,00-0033699,A.Ekeler,RB,WAS,8.153838481929649,10.8,1,2026-09-17T22:42:15.070668,B
2024,6,00-0033854,D.Ogunbowale,RB,HOU,8.222117181151615,0.8,1,2026-09-17T22:42:15.070668,B
2024,6,00-0033897,J.Mixon,RB,HOU,13.077496036814388,27.2,1,2026-09-17T22:42:15.070668,B
2024,6,00-0033906,A.Kamara,RB,NO,19.196980187987535,17.4,1,2026-09-17T22:42:15.070668,B
2024,6,00-0033925,D.Foreman,RB,CLE,4.423599052451826,6.7,1,2026-09-17T22:42:15.070668,B
2024,6,00-0033948,J.Williams,RB,NO,4.040052283168851,0.7,1,2026-09-17T22:42:15.070668,B
2024,6,00-0033955,J.McNichols,RB,WAS,5.09417323042565,0.9,1,2026-09-17T22:42:15.070668,B
2024,6,00-0034844,S.Barkley,RB,PHI,17.74608351667539,7.4,1,2026-09-17T22:42:15.070668,B
2024,6,00-0034972,A.Mattison,RB,LV,8.600713603590679,17.5,1,2026-09-17T22:42:15.070668,B
2024,6,00-0034975,J.Hill,RB,BAL,9.80748172563138,1.4,1,2026-09-17T22:42:15.070668,B
2024,6,00-0035243,M.Sanders,RB,CAR,6.494650422689694,2.3,1,2026-09-17T22:42:15.070668,B
2024,6,00-0035261,T.Pollard,RB,TEN,13.907319618372584,17.8,1,2026-09-17T22:42:15.070668,B
2024,6,00-0035537,T.Johnson,RB,BUF,4.385582192130598,3.4,1,2026-09-17T22:42:15.070668,B
2024,6,00-0035567,C.Reynolds,RB,DET,2.790187879281291,2.1,1,2026-09-17T22:42:15.070668,B
2024,6,00-0035628,D.Johnson,RB,JAX,2.904547780245463,6.4,1,2026-09-17T22:42:15.070668,B
2024,6,00-0035685,D.Montgomery,RB,DET,13.1590734094922,21.0,1,2026-09-17T22:42:15.070668,B
2024,6,00-0035700,J.Jacobs,RB,GB,13.441198998558939,12.0,1,2026-09-17T22:42:15.070668,B
2024,6,00-0035806,J.Hasty,RB,NE,1.5962831197433687,3.1,1,2026-09-17T22:42:15.070668,B
2024,6,00-0035924,J.Ward,RB,PIT,2.228797435665798,1.3,1,2026-09-17T22:42:15.070668,B
2024,6,00-0035973,P.Taylor,RB,SF,1.7840180284874183,3.8,1,2026-09-17T22:42:15.070668,B
2024,6,00-0036139,R.Dowdle,RB,DAL,10.174384914425797,10.5,1,2026-09-17T22:42:15.070668,B
2024,6,00-0036158,J.Dobbins,RB,LAC,14.526231932688454,18.2,1,2026-09-17T22:42:15.070668,B
2024,6,00-0036251,Z.Moss,RB,CIN,12.468832386610597,0.5,1,2026-09-17T22:42:15.070668,B
2024,6,00-0036275,D.Swift,RB,CHI,15.518462731314262,21.9,1,2026-09-17T22:42:15.070668,B
2024,6,00-0036328,A.Gibson,RB,NE,9.59819372792884,7.3,1,2026-09-17T22:42:15.070668,B
2024,6,00-0036414,C.Akers,RB,HOU,9.783259563124634,-0.1,1,2026-09-17T22:42:15.070668,B
2024,6,00-0036555,C.Hubbard,RB,CAR,14.79655001007598,15.3,1,2026-09-17T22:42:15.070668,B
2024,6,00-0036893,N.Harris,RB,PIT,14.99494471563219,20.2,1,2026-09-17T22:42:15.070668,B
2024,6,00-0036906,K.Herbert,RB,CHI,3.6177085369951376,0.0,1,2026-09-17T22:42:15.070668,B
2024,6,00-0036919,K.Gainwell,RB,PHI,4.443247806151452,2.3,1,2026-09-17T22:42:15.070668,B
2024,6,00-0036950,A.Williams,RB,ATL,3.5694223169882306,0.0,1,2026-09-17T22:42:15.070668,B
2024,6,00-0036973,T.Etienne,RB,JAX,12.648549359614481,-0.1,1,2026-09-17T22:42:15.070668,B
2024,6,00-0036984,T.Sermon,RB,IND,7.991170075788597,2.9,1,2026-09-17T22:42:15.070668,B
2024,6,00-0036997,J.Williams,RB,DEN,12.443422562879983,4.6,1,2026-09-17T22:42:15.070668,B
2024,6,00-0037120,T.Goodson,RB,IND,3.8693269359600873,10.5,1,2026-09-17T22:42:15.070668,B
2024,6,00-0037228,J.Warren,RB,PIT,6.6625290683482055,4.8,1,2026-09-17T22:42:15.070668,B
2024,6,00-0037258,D.Pierce,RB,HOU,5.076948831327343,14.7,1,2026-09-17T22:42:15.070668,B
2024,6,00-0037263,T.Allgeier,RB,ATL,8.877526214020653,19.8,1,2026-09-17T22:42:15.070668,B
2024,6,00-0037267,J.Ford,RB,CLE,11.81219946222144,1.4,1,2026-09-17T22:42:15.070668,B
2024,6,00-0037304,C.Heyward,RB,PIT,3.8152984442881195,1.4,1,2026-09-17T22:42:15.070668,B
2024,6,00-0037525,J.Mason,RB,SF,13.76853640330554,9.2,1,2026-09-17T22:42:15.070668,B
2024,6,00-0037594,J.Chestnut,RB,TEN,0.44430931757142034,0.2,1,2026-09-17T22:42:15.070668,B
2024,6,00-0037609,A.Shampklin,RB,PIT,3.2750209119379763,-0.2,1,2026-09-17T22:42:15.070668,B
2024,6,00-0037617,H.Haskins,RB,LAC,2.1114501946280697,0.5,1,2026-09-17T22:42:15.070668,B
2024,6,00-0038098,P.Strong,RB,CLE,2.489666702459659,9.8,1,2026-09-17T22:42:15.070668,B
2024,6,00-0038120,B.Hall,RB,NYJ,14.015485951071383,21.9,1,2026-09-17T22:42:15.070668,B
2024,6,00-0038134,K.Walker,RB,SEA,17.448728087240365,20.9,1,2026-09-17T22:42:15.070668,B
2024,6,00-0038396,E.Gray,RB,NYG,4.483717699782661,1.3,1,2026-09-17T22:42:15.070668,B
2024,6,00-0038542,Bi.Robinson,RB,ATL,13.572526897003964,25.5,1,2026-09-17T22:42:15.070668,B
2024,6,00-0038555,T.Bigsby,RB,JAX,9.391882483226125,2.4,1,2026-09-17T22:42:15.070668,B
2024,6,00-0038597,C.Brown,RB,CIN,10.853381134747103,14.4,1,2026-09-17T22:42:15.070668,B
2024,6,00-0038678,J.Mims,RB,NO,0.9100362718933237,3.8,1,2026-09-17T22:42:15.070668,B
2024,6,00-0038685,C.Brooks,RB,GB,3.735130315418429,2.1,1,2026-09-17T22:42:15.070668,B
2024,6,00-0038705,E.Demercado,RB,ARI,3.1495765788981904,11.4,1,2026-09-17T22:42:15.070668,B
2024,6,00-0038794,J.McLaughlin,RB,DEN,6.758744013038273,4.5,1,2026-09-17T22:42:15.070668,B
2024,6,00-0038797,E.Wilson,RB,GB,7.331432724662352,8.3,1,2026-09-17T22:42:15.070668,B
2024,6,00-0038951,S.Tucker,RB,TB,3.1578690040248754,34.2,1,2026-09-17T22:42:15.070668,B
2024,6,00-0039021,R.Johnson,RB,CHI,6.2588197884275285,5.3,1,2026-09-17T22:42:15.070668,B
2024,6,00-0039032,T.Spears,RB,TEN,8.197431772848198,2.7,1,2026-09-17T22:42:15.070668,B
2024,6,00-0039139,J.Gibbs,RB,DET,13.199375411812444,12.1,1,2026-09-17T22:42:15.070668,B
2024,6,00-0039165,Z.Charbonnet,RB,SEA,9.01252981564772,4.5,1,2026-09-17T22:42:15.070668,B
2024,6,00-0039361,B.Irving,RB,TB,10.822137688088722,18.5,1,2026-09-17T22:42:15.070668,B
2024,6,00-0039363,I.Guerendo,RB,SF,4.715676441596123,9.9,1,2026-09-17T22:42:15.070668,B
2024,6,00-0039364,S.Vaki,RB,DET,2.266727526986566,0.5,1,2026-09-17T22:42:15.070668,B
2024,6,00-0039373,A.Estime,RB,DEN,2.2462841342904145,1.3,1,2026-09-17T22:42:15.070668,B
2024,6,00-0039384,T.Tracy,RB,NYG,9.535794831783907,22.7,1,2026-09-17T22:42:15.070668,B
2024,6,00-0039391,K.Vidal,RB,LAC,4.0702043526820235,13.1,1,2026-09-17T22:42:15.070668,B
2024,6,00-0039407,D.Laube,RB,LV,2.5580991968004954,-2.0,1,2026-09-17T22:42:15.070668,B
2024,6,00-0039757,T.Jennings,RB,NE,2.337068778437758,1.3,1,2026-09-17T22:42:15.070668,B
2024,6,00-0039794,B.Allen,RB,NYJ,6.935212075676118,0.8,1,2026-09-17T22:42:15.070668,B
2024,6,00-0039875,R.Davis,RB,BUF,3.0395294366498575,18.2,1,2026-09-17T22:42:15.070668,B
2024,6,00-0039921,T.Benson,RB,ARI,5.026936366437225,2.6,1,2026-09-17T22:42:15.070668,B
2024,6,00-0030279,K.Allen,WR,CHI,12.19173318515495,21.1,1,2026-09-17T22:42:15.070668,B
2024,6,00-0030564,D.Hopkins,WR,TEN,9.953576313406604,9.4,1,2026-09-17T22:42:15.070668,B
2024,6,00-0031408,M.Evans,WR,TB,15.635083411984537,5.4,1,2026-09-17T22:42:15.070668,B
2024,6,00-0031428,A.Robinson,WR,DET,1.47329556587367,0.0,1,2026-09-17T22:42:15.070668,B
2024,6,00-0031544,A.Cooper,WR,CLE,14.862485715833795,8.2,1,2026-09-17T22:42:15.070668,B
2024,6,00-0031549,N.Agholor,WR,BAL,5.567670211600147,3.5,1,2026-09-17T22:42:15.070668,B
2024,6,00-0031588,S.Diggs,WR,HOU,14.910597691187391,19.7,1,2026-09-17T22:42:15.070668,B
2024,6,00-0031763,D.Carter,WR,CHI,4.250341025688197,0.0,1,2026-09-17T22:42:15.070668,B
2024,6,00-0032128,C.Conley,WR,SF,-0.23111601725266784,0.0,1,2026-09-17T22:42:15.070668,B
2024,6,00-0032211,T.Lockett,WR,SEA,11.156065134709912,16.5,1,2026-09-17T22:42:15.070668,B
2024,6,00-0032385,S.Shepard,WR,TB,4.285109793645235,8.4,1,2026-09-17T22:42:15.070668,B
2024,6,00-0032464,K.Raymond,WR,DET,2.7470384898499125,11.3,1,2026-09-17T22:42:15.070668,B
2024,6,00-0033009,T.Boyd,WR,TEN,7.474437023312793,4.9,1,2026-09-17T22:42:15.070668,B
2024,6,00-0033251,Z.Pascal,WR,ARI,-0.1717055063820654,0.0,1,2026-09-17T22:42:15.070668,B
2024,6,00-0033282,C.Samuel,WR,BUF,7.049196301600148,7.4,1,2026-09-17T22:42:15.070668,B
2024,6,00-0033307,K.Bourne,WR,NE,5.868727636218348,2.9,1,2026-09-17T22:42:15.070668,B
2024,6,00-0033375,T.Patrick,WR,DET,4.095693042265971,9.8,1,2026-09-17T22:42:15.070668,B
2024,6,00-0033536,M.Williams,WR,NYJ,8.588170799647742,0.0,1,2026-09-17T22:42:15.070668,B
2024,6,00-0033555,M.Hollins,WR,BUF,4.926374143861413,7.8,1,2026-09-17T22:42:15.070668,B
2024,6,00-0033589,D.Moore,WR,CAR,1.900377119822398,3.7,1,2026-09-17T22:42:15.070668,B
2024,6,00-0033591,N.Brown,WR,WAS,7.167417326207159,9.8,1,2026-09-17T22:42:15.070668,B
2024,6,00-0033921,C.Godwin,WR,TB,14.39752436133608,35.5,1,2026-09-17T22:42:15.070668,B
2024,6,00-0034272,M.Valdes-Scantling,WR,BUF,2.3998985378179327,0.0,1,2026-09-17T22:42:15.070668,B
2024,6,00-0034348,C.Sutton,WR,DEN,12.50106443244746,15.3,1,2026-09-17T22:42:15.070668,B
2024,6,00-0034407,R.McCloud,WR,ATL,7.880042651126526,4.3,1,2026-09-17T22:42:15.070668,B
2024,6,00-0034418,C.Wilson,WR,NO,2.224561170273037,4.8,1,2026-09-17T22:42:15.070668,B
2024,6,00-0034521,A.Lazard,WR,NYJ,8.23348547972018,23.4,1,2026-09-17T22:42:15.070668,B
2024,6,00-0034775,C.Kirk,WR,JAX,12.530078112119686,6.9,1,2026-09-17T22:42:15.070668,B
2024,6,00-0034827,D.Moore,WR,CHI,14.8839068848824,6.0,1,2026-09-17T22:42:15.070668,B
2024,6,00-0034837,C.Ridley,WR,TEN,10.451374373873461,0.9,1,2026-09-17T22:42:15.070668,B
2024,6,00-0034854,K.Hodge,WR,ATL,2.254188788621759,0.0,1,2026-09-17T22:42:15.070668,B
2024,6,00-0034928,S.Sims,WR,HOU,1.7968987293443464,0.0,1,2026-09-17T22:42:15.070668,B
2024,6,00-0035021,A.Dulin,WR,IND,0.18445705458857642,0.0,1,2026-09-17T22:42:15.070668,B
2024,6,00-0035208,O.Zaccheaus,WR,WAS,4.4446802305246,6.7,1,2026-09-17T22:42:15.070668,B
2024,6,00-0035216,D.Johnson,WR,CAR,13.031348361551558,19.8,1,2026-09-17T22:42:15.070668,B
2024,6,00-0035298,S.Miller,WR,PIT,1.9322983802255553,0.0,1,2026-09-17T22:42:15.070668,B
2024,6,00-0035341,T.Irwin,WR,CIN,2.8726102418364476,0.0,1,2026-09-17T22:42:15.070668,B
2024,6,00-0035406,L.Humphrey,WR,DEN,3.515373624315088,1.8,1,2026-09-17T22:42:15.070668,B
2024,6,00-0035500,G.Dortch,WR,ARI,5.53893958875854,4.6,1,2026-09-17T22:42:15.070668,B
2024,6,00-0035535,D.Slayton,WR,NYG,10.30541665646042,11.7,1,2026-09-17T22:42:15.070668,B
2024,6,00-0035602,A.Bachman,WR,LV,-0.3534217534022348,6.1,1,2026-09-17T22:42:15.070668,B
2024,6,00-0035640,D.Metcalf,WR,SEA,13.805599957892667,7.8,1,2026-09-17T22:42:15.070668,B
2024,6,00-0035659,T.McLaurin,WR,WAS,12.700709005815746,23.3,1,2026-09-17T22:42:15.070668,B
2024,6,00-0035676,A.Brown,WR,PHI,12.987433735223565,23.6,1,2026-09-17T22:42:15.070668,B
2024,6,00-0035719,D.Samuel,WR,SF,12.878929860279829,20.7,1,2026-09-17T22:42:15.070668,B
2024,6,00-0036165,I.Hodgins,WR,NYG,2.463863307801775,1.5,1,2026-09-17T22:42:15.070668,B
2024,6,00-0036182,N.Westbrook-Ikhine,WR,TEN,2.207154969098604,7.9,1,2026-09-17T22:42:15.070668,B
2024,6,00-0036183,K.Wilkerson,WR,LV,4.583301084494355,9.8,1,2026-09-17T22:42:15.070668,B
2024,6,00-0036196,G.Davis,WR,JAX,6.904074364118461,21.5,1,2026-09-17T22:42:15.070668,B
2024,6,00-0036252,M.Pittman,WR,IND,11.9687098840379,12.5,1,2026-09-17T22:42:15.070668,B
2024,6,00-0036259,J.Jennings,WR,SF,11.112688832385906,5.7,1,2026-09-17T22:42:15.070668,B
2024,6,00-0036261,B.Aiyuk,WR,SF,14.312786320877294,5.7,1,2026-09-17T22:42:15.070668,B
2024,6,00-0036268,L.Shenault,WR,SEA,1.5832712556533481,0.0,1,2026-09-17T22:42:15.070668,B
2024,6,00-0036309,D.Mooney,WR,ATL,12.505439278752917,6.8,1,2026-09-17T22:42:15.070668,B
2024,6,00-0036358,C.Lamb,WR,DAL,17.04098924526856,16.1,1,2026-09-17T22:42:15.070668,B
2024,6,00-0036407,J.Jeudy,WR,CLE,9.825463808455366,4.5,1,2026-09-17T22:42:15.070668,B
2024,6,00-0036410,T.Higgins,WR,CIN,14.416258096469319,14.7,1,2026-09-17T22:42:15.070668,B
2024,6,00-0036415,V.Jefferson,WR,PIT,5.136528653288891,0.0,1,2026-09-17T22:42:15.070668,B
2024,6,00-0036497,T.Jones,WR,JAX,-0.7991339313063941,0.0,1,2026-09-17T22:42:15.070668,B
2024,6,00-0036527,D.Turner,WR,LV,2.889931581859475,5.7,1,2026-09-17T22:42:15.070668,B
2024,6,00-0036550,R.Bateman,WR,BAL,8.390748870936914,11.1,1,2026-09-17T22:42:15.070668,B
2024,6,00-0036626,D.Brown,WR,WAS,3.0980737547950996,2.1,1,2026-09-17T22:42:15.070668,B
2024,6,00-0036630,T.Wallace,WR,BAL,1.34768117039473,0.0,1,2026-09-17T22:42:15.070668,B
2024,6,00-0036646,S.Fehoko,WR,LAC,1.1825277045005143,6.4,1,2026-09-17T22:42:15.070668,B
2024,6,00-0036877,J.Darden,WR,CLE,-0.8051856765339993,1.6,1,2026-09-17T22:42:15.070668,B
2024,6,00-0036900,J.Chase,WR,CIN,17.19763072448576,12.2,1,2026-09-17T22:42:15.070668,B
2024,6,00-0036912,D.Smith,WR,PHI,15.857353066265437,15.4,1,2026-09-17T22:42:15.070668,B
2024,6,00-0036963,A.St. Brown,WR,DET,18.33889252402256,13.7,1,2026-09-17T22:42:15.070668,B
2024,6,00-0036980,E.Moore,WR,CLE,6.850414060501397,1.3,1,2026-09-17T22:42:15.070668,B
2024,6,00-0036988,J.Palmer,WR,LAC,8.076761735060556,5.8,1,2026-09-17T22:42:15.070668,B
2024,6,00-0037091,B.Melton,WR,GB,3.176844642119126,4.3,1,2026-09-17T22:42:15.070668,B
2024,6,00-0037156,I.Charles,WR,NYJ,-0.8190735656773436,0.0,1,2026-09-17T22:42:15.070668,B
2024,6,00-0037238,D.London,WR,ATL,15.95652215627985,19.4,1,2026-09-17T22:42:15.070668,B
2024,6,00-0037239,C.Olave,WR,NO,14.77934105542552,-0.5,1,2026-09-17T22:42:15.070668,B
2024,6,00-0037240,J.Williams,WR,DET,10.155427452664668,17.7,1,2026-09-17T22:42:15.070668,B
2024,6,00-0037247,G.Pickens,WR,PIT,12.104009638944053,8.3,1,2026-09-17T22:42:15.070668,B
2024,6,00-0037261,K.Shakir,WR,BUF,8.715758749734611,3.9,1,2026-09-17T22:42:15.070668,B
2024,6,00-0037545,R.Shaheed,WR,NO,12.718820093603025,2.3,1,2026-09-17T22:42:15.070668,B
2024,6,00-0037614,J.Metchie,WR,HOU,2.791771796704304,0.0,1,2026-09-17T22:42:15.070668,B
2024,6,00-0037664,A.Pierce,WR,IND,6.909125327598105,0.0,1,2026-09-17T22:42:15.070668,B
2024,6,00-0037666,J.Tolbert,WR,DAL,9.29959348727693,8.3,1,2026-09-17T22:42:15.070668,B
2024,6,00-0037740,G.Wilson,WR,NYJ,14.016364345907379,24.7,1,2026-09-17T22:42:15.070668,B
2024,6,00-0037741,J.Dotson,WR,PHI,7.993473619564424,3.3,1,2026-09-17T22:42:15.070668,B
2024,6,00-0037742,T.Burks,WR,TEN,4.481167717419833,2.0,1,2026-09-17T22:42:15.070668,B
2024,6,00-0037801,K.Turpin,WR,DAL,5.576864509343668,5.0,1,2026-09-17T22:42:15.070668,B
2024,6,00-0037816,R.Doubs,WR,GB,9.035026577788436,19.9,1,2026-09-17T22:42:15.070668,B
2024,6,00-0037837,C.Austin,WR,PIT,8.031257067533959,5.6,1,2026-09-17T22:42:15.070668,B
2024,6,00-0038117,W.Robinson,WR,NYG,13.006136915202195,10.0,1,2026-09-17T22:42:15.070668,B
2024,6,00-0038124,C.Watson,WR,GB,4.305031267536675,15.8,1,2026-09-17T22:42:15.070668,B
2024,6,00-0038393,D.Wicks,WR,GB,7.963975383774913,1.9,1,2026-09-17T22:42:15.070668,B
2024,6,00-0038465,M.Heath,WR,GB,4.326767597016425,0.0,1,2026-09-17T22:42:15.070668,B
2024,6,00-0038496,X.Gipson,WR,NYJ,1.0532382027665932,0.0,1,2026-09-17T22:42:15.070668,B
2024,6,00-0038543,J.Smith-Njigba,WR,SEA,10.332211656730754,10.3,1,2026-09-17T22:42:15.070668,B
2024,6,00-0038544,Q.Johnston,WR,LAC,9.511190059766596,5.2,1,2026-09-17T22:42:15.070668,B
2024,6,00-0038559,Mi.Wilson,WR,ARI,10.996740221985688,10.1,1,2026-09-17T22:42:15.070668,B
2024,6,00-0038563,T.Tucker,WR,LV,9.883618224511842,0.0,1,2026-09-17T22:42:15.070668,B
2024,6,00-0038573,D.Davis,WR,LAC,2.1102098195363572,3.2,1,2026-09-17T22:42:15.070668,B
2024,6,00-0038576,C.Jones,WR,CIN,1.8650919424049786,0.0,1,2026-09-17T22:42:15.070668,B
2024,6,00-0038606,P.Washington,WR,JAX,1.573817574080266,0.0,1,2026-09-17T22:42:15.070668,B
2024,6,00-0038608,K.Boutte,WR,NE,4.35782063400197,14.9,1,2026-09-17T22:42:15.070668,B
2024,6,00-0038618,X.Hutchinson,WR,HOU,3.985266030915591,0.0,1,2026-09-17T22:42:15.070668,B
2024,6,00-0038619,A.Iosivas,WR,CIN,6.789085028305449,5.6,1,2026-09-17T22:42:15.070668,B
2024,6,00-0038621,D.Douglas,WR,NE,10.613457454533737,21.2,1,2026-09-17T22:42:15.070668,B
2024,6,00-0038640,J.Brooks,WR,DAL,3.9297480580271946,2.5,1,2026-09-17T22:42:15.070668,B
2024,6,00-0038752,J.Bobo,WR,SEA,2.2613072144630033,3.8,1,2026-09-17T22:42:15.070668,B
2024,6,00-0038824,R.Miller,WR,TB,0.08460739600891198,4.9,1,2026-09-17T22:42:15.070668,B
2024,6,00-0038938,J.Hyatt,WR,NYG,3.2235334524467243,1.6,1,2026-09-17T22:42:15.070668,B
2024,6,00-0038941,T.Scott,WR,CHI,0.20118705843903317,0.0,1,2026-09-17T22:42:15.070668,B
2024,6,00-0038976,M.Mims,WR,DEN,2.452459395197204,0.0,1,2026-09-17T22:42:15.070668,B
2024,6,00-0038977,T.Dell,WR,HOU,10.791566306130232,18.7,1,2026-09-17T22:42:15.070668,B
2024,6,00-0038979,C.Tillman,WR,CLE,1.6780161469206272,-0.5,1,2026-09-17T22:42:15.070668,B
2024,6,00-0038997,J.Downs,WR,IND,10.915017410640512,19.5,1,2026-09-17T22:42:15.070668,B
2024,6,00-0039062,J.Mingo,WR,CAR,5.660638584071077,1.1,1,2026-09-17T22:42:15.070668,B
2024,6,00-0039064,Z.Flowers,WR,BAL,11.566587875853006,22.4,1,2026-09-17T22:42:15.070668,B
2024,6,00-0039146,J.Reed,WR,GB,12.712019626881325,14.8,1,2026-09-17T22:42:15.070668,B
2024,6,00-0039236,J.Wilson,WR,PHI,3.4597433957288235,0.0,1,2026-09-17T22:42:15.070668,B
2024,6,00-0039342,X.Legette,WR,CAR,6.6098207811475325,11.3,1,2026-09-17T22:42:15.070668,B
2024,6,00-0039355,L.McCaffrey,WR,WAS,4.743572529542902,1.5,1,2026-09-17T22:42:15.070668,B
2024,6,00-0039365,J.Cowing,WR,SF,1.8765303043724755,0.0,1,2026-09-17T22:42:15.070668,B
2024,6,00-0039386,B.Means,WR,NO,1.1212564502933997,15.5,1,2026-09-17T22:42:15.070668,B
2024,6,00-0039392,J.Jackson,WR,TEN,1.7760968659567862,0.0,1,2026-09-17T22:42:15.070668,B
2024,6,00-0039410,R.Flournoy,WR,DAL,2.005842451119401,0.2,1,2026-09-17T22:42:15.070668,B
2024,6,00-0039424,D.Vele,WR,DEN,8.190790654748076,11.8,1,2026-09-17T22:42:15.070668,B
2024,6,00-0039491,J.Coker,WR,CAR,2.5319449689383413,6.0,1,2026-09-17T22:42:15.070668,B
2024,6,00-0039521,X.Weaver,WR,ARI,3.1301739406046796,0.0,1,2026-09-17T22:42:15.070668,B
2024,6,00-0039623,M.Tipton,WR,NO,4.000713720443433,2.5,1,2026-09-17T22:42:15.070668,B
2024,6,00-0039739,R.Wilson,WR,PIT,3.1742647872648115,0.0,1,2026-09-17T22:42:15.070668,B
2024,6,00-0039849,M.Harrison,WR,ARI,13.64489172257513,0.0,1,2026-09-17T22:42:15.070668,B
2024,6,00-0039855,J.McMillan,WR,TB,6.638500214044132,0.0,1,2026-09-17T22:42:15.070668,B
2024,6,00-0039868,T.Franklin,WR,DEN,3.6751629759267646,11.6,1,2026-09-17T22:42:15.070668,B
2024,6,00-0039890,A.Mitchell,WR,IND,3.5456575063447646,2.9,1,2026-09-17T22:42:15.070668,B
2024,6,00-0039893,Bri.Thomas,WR,JAX,12.16259086012655,5.7,1,2026-09-17T22:42:15.070668,B
2024,6,00-0039901,K.Coleman,WR,BUF,9.142872196027655,5.6,1,2026-09-17T22:42:15.070668,B
2024,6,00-0039907,J.Polk,WR,NE,8.20250471813249,1.4,1,2026-09-17T22:42:15.070668,B
2024,6,00-0039915,L.McConkey,WR,LAC,10.420272362433701,8.3,1,2026-09-17T22:42:15.070668,B
2024,6,00-0039919,R.Odunze,WR,CHI,10.290272509857429,6.0,1,2026-09-17T22:42:15.070668,B
2024,6,00-0024243,M.Lewis,TE,CHI,-0.11122354210252094,1.2,1,2026-09-17T22:42:15.070668,B
2024,6,00-0030061,Z.Ertz,TE,WAS,8.24048382629897,10.8,1,2026-09-17T22:42:15.070668,B
2024,6,00-0031484,C.Manhertz,TE,NYG,-0.5724281713111985,0.0,1,2026-09-17T22:42:15.070668,B
2024,6,00-0031690,E.Tomlinson,TE,LAC,0.015588431012035997,0.0,1,2026-09-17T22:42:15.070668,B
2024,6,00-0032141,G.Swaim,TE,CLE,-0.38395227253585684,0.0,1,2026-09-17T22:42:15.070668,B
2024,6,00-0032392,A.Hooper,TE,NE,3.429565081680134,-0.5,1,2026-09-17T22:42:15.070668,B
2024,6,00-0032394,N.Vannett,TE,TEN,1.651349397593071,0.0,1,2026-09-17T22:42:15.070668,B
2024,6,00-0033090,H.Henry,TE,NE,7.497655677016696,13.1,1,2026-09-17T22:42:15.070668,B
2024,6,00-0033217,M.Alie-Cox,TE,IND,3.2924795581329622,8.1,1,2026-09-17T22:42:15.070668,B
2024,6,00-0033288,G.Kittle,TE,SF,13.090895938536129,22.8,1,2026-09-17T22:42:15.070668,B
2024,6,00-0033439,P.Brown,TE,SEA,0.9321218956769277,0.0,1,2026-09-17T22:42:15.070668,B
2024,6,00-0033455,A.Firkser,TE,NYJ,-0.9599061786032603,0.0,1,2026-09-17T22:42:15.070668,B
2024,6,00-0033576,E.Saubert,TE,SF,1.7962300177359536,0.0,1,2026-09-17T22:42:15.070668,B
2024,6,00-0033881,E.Engram,TE,JAX,12.971557301443898,18.2,1,2026-09-17T22:42:15.070668,B
2024,6,00-0033885,D.Njoku,TE,CLE,8.635883162068794,8.1,1,2026-09-17T22:42:15.070668,B
2024,6,00-0033895,G.Everett,TE,CHI,3.336855224088673,0.0,1,2026-09-17T22:42:15.070668,B
2024,6,00-0034073,R.Dwelley,TE,ATL,-0.14951254493264532,0.0,1,2026-09-17T22:42:15.070668,B
2024,6,00-0034159,W.Dissly,TE,LAC,4.427324382818689,6.6,1,2026-09-17T22:42:15.070668,B
2024,6,00-0034270,T.Conklin,TE,NYJ,8.620168851464209,3.0,1,2026-09-17T22:42:15.070668,B
2024,6,00-0034351,D.Goedert,TE,PHI,12.671742505694414,0.0,1,2026-09-17T22:42:15.070668,B
2024,6,00-0034364,J.Akins,TE,CLE,3.0360556486064008,0.0,1,2026-09-17T22:42:15.070668,B
2024,6,00-0034365,I.Thomas,TE,CAR,0.8315950840249275,0.0,1,2026-09-17T22:42:15.070668,B
2024,6,00-0034383,D.Schultz,TE,HOU,8.778482898597517,6.7,1,2026-09-17T22:42:15.070668,B
2024,6,00-0034613,T.Hudson,TE,CIN,4.047329566735888,0.0,1,2026-09-17T22:42:15.070668,B
2024,6,00-0034753,M.Andrews,TE,BAL,7.0249258326239765,15.6,1,2026-09-17T22:42:15.070668,B
2024,6,00-0034829,M.Gesicki,TE,CIN,4.170233379177459,0.0,1,2026-09-17T22:42:15.070668,B
2024,6,00-0034830,H.Hurst,TE,LAC,4.83188245239255,0.0,1,2026-09-17T22:42:15.070668,B
2024,6,00-0034981,F.Moreau,TE,NO,3.4879979210860323,7.4,1,2026-09-17T22:42:15.070668,B
2024,6,00-0035572,P.Hesse,TE,DET,-0.4496630664745904,0.0,1,2026-09-17T22:42:15.070668,B
2024,6,00-0035631,D.Sample,TE,CIN,2.244046741687369,0.0,1,2026-09-17T22:42:15.070668,B
2024,6,00-0035644,N.Fant,TE,SEA,6.429402071181274,12.3,1,2026-09-17T22:42:15.070668,B
2024,6,00-0035689,D.Knox,TE,BUF,2.2982400411639445,8.2,1,2026-09-17T22:42:15.070668,B
2024,6,00-0036040,J.Johnson,TE,NO,5.395494560992288,7.8,1,2026-09-17T22:42:15.070668,B
2024,6,00-0036232,H.Bryant,TE,LV,1.835454197397183,5.4,1,2026-09-17T22:42:15.070668,B
2024,6,00-0036290,C.Kmet,TE,CHI,10.425514946340922,24.0,1,2026-09-17T22:42:15.070668,B
2024,6,00-0036332,J.Deguara,TE,JAX,0.34064643073230805,0.0,1,2026-09-17T22:42:15.070668,B
2024,6,00-0036422,A.Trautman,TE,DEN,3.157937599273166,0.0,1,2026-09-17T22:42:15.070668,B
2024,6,00-0036429,C.Woerner,TE,ATL,0.5071886600191906,0.0,1,2026-09-17T22:42:15.070668,B
2024,6,00-0036590,Q.Morris,TE,BUF,-0.8496788978647611,0.0,1,2026-09-17T22:42:15.070668,B
2024,6,00-0036628,J.Bates,TE,WAS,1.4344370886422273,0.0,1,2026-09-17T22:42:15.070668,B
2024,6,00-0036741,J.Stoll,TE,PHI,1.558962378345424,0.0,1,2026-09-17T22:42:15.070668,B
2024,6,00-0036754,B.Wright,TE,DET,3.410357884475545,0.0,1,2026-09-17T22:42:15.070668,B
2024,6,00-0036876,K.Granson,TE,IND,2.4603597514722884,0.0,1,2026-09-17T22:42:15.070668,B
2024,6,00-0036887,L.Farrell,TE,JAX,2.1453408000357985,0.0,1,2026-09-17T22:42:15.070668,B
2024,6,00-0036894,P.Freiermuth,TE,PIT,8.568387749175226,3.6,1,2026-09-17T22:42:15.070668,B
2024,6,00-0036970,K.Pitts,TE,ATL,9.056406123283846,10.0,1,2026-09-17T22:42:15.070668,B
2024,6,00-0037086,G.Calcaterra,TE,PHI,2.285856944474416,10.7,1,2026-09-17T22:42:15.070668,B
2024,6,00-0037112,J.Tonges,TE,SF,1.1982175190502553,0.0,1,2026-09-17T22:42:15.070668,B
2024,6,00-0037277,T.Quitoriano,TE,HOU,1.2825480029116014,0.0,1,2026-09-17T22:42:15.070668,B
2024,6,00-0037292,A.Ogletree,TE,IND,2.014985718735319,4.4,1,2026-09-17T22:42:15.070668,B
2024,6,00-0037311,K.Kieft,TE,TB,-0.6556541767634192,0.0,1,2026-09-17T22:42:15.070668,B
2024,6,00-0037475,S.Smartt,TE,LAC,-0.7351706938537799,2.0,1,2026-09-17T22:42:15.070668,B
2024,6,00-0037539,L.Krull,TE,DEN,2.1519633939978573,3.1,1,2026-09-17T22:42:15.070668,B
2024,6,00-0037744,T.McBride,TE,ARI,11.136364576704054,17.6,1,2026-09-17T22:42:15.070668,B
2024,6,00-0037805,J.Ruckert,TE,NYJ,1.1504271916996323,2.7,1,2026-09-17T22:42:15.070668,B
2024,6,00-0037809,C.Okonkwo,TE,TEN,5.816788493685976,3.6,1,2026-09-17T22:42:15.070668,B
2024,6,00-0037838,I.Likely,TE,BAL,5.699092423101501,4.7,1,2026-09-17T22:42:15.070668,B
2024,6,00-0038041,J.Ferguson,TE,DAL,12.799723929478173,4.1,1,2026-09-17T22:42:15.070668,B
2024,6,00-0038046,C.Kolar,TE,BAL,2.7041937175869064,0.0,1,2026-09-17T22:42:15.070668,B
2024,6,00-0038115,D.Bellinger,TE,NYG,1.556839923272174,0.0,1,2026-09-17T22:42:15.070668,B
2024,6,00-0038129,C.Otton,TE,TB,10.506822843689951,9.5,1,2026-09-17T22:42:15.070668,B
2024,6,00-0038394,W.Mallory,TE,IND,1.7190125760089856,0.0,1,2026-09-17T22:42:15.070668,B
2024,6,00-0038547,L.Schoonmaker,TE,DAL,2.429371459133986,0.0,1,2026-09-17T22:42:15.070668,B
2024,6,00-0038558,D.Washington,TE,PIT,2.932021776804194,1.9,1,2026-09-17T22:42:15.070668,B
2024,6,00-0038589,J.Whyle,TE,TEN,3.85816510725372,1.2,1,2026-09-17T22:42:15.070668,B
2024,6,00-0038783,N.Adkins,TE,DEN,1.8849453289946592,1.5,1,2026-09-17T22:42:15.070668,B
2024,6,00-0038809,B.Sims,TE,GB,0.5512414545414064,5.8,1,2026-09-17T22:42:15.070668,B
2024,6,00-0038933,D.Kincaid,TE,BUF,9.257282102037326,11.1,1,2026-09-17T22:42:15.070668,B
2024,6,00-0038935,B.Strange,TE,JAX,5.19891041074567,2.1,1,2026-09-17T22:42:15.070668,B
2024,6,00-0038996,T.Kraft,TE,GB,8.507072278485403,3.5,1,2026-09-17T22:42:15.070668,B
2024,6,00-0039041,E.Higgins,TE,ARI,2.4537744526446383,0.0,1,2026-09-17T22:42:15.070668,B
2024,6,00-0039050,P.Durham,TE,TB,0.9675561804174642,0.0,1,2026-09-17T22:42:15.070668,B
2024,6,00-0039065,S.LaPorta,TE,DET,9.420659156578218,12.2,1,2026-09-17T22:42:15.070668,B
2024,6,00-0039338,B.Bowers,TE,LV,10.436095385835404,16.1,1,2026-09-17T22:42:15.070668,B
2024,6,00-0039356,J.Sanders,TE,CAR,3.7983237717095193,9.9,1,2026-09-17T22:42:15.070668,B
2024,6,00-0039359,C.Stover,TE,HOU,2.3655731657512975,0.0,1,2026-09-17T22:42:15.070668,B
2024,6,00-0039420,J.Bell,TE,NE,-2.070616692344899,0.0,1,2026-09-17T22:42:15.070668,B
2024,6,00-0039530,B.Spann-Ford,TE,DAL,1.1525156329294517,0.0,1,2026-09-17T22:42:15.070668,B
2024,6,00-0039613,D.Holker,TE,NO,1.0202862537782469,0.0,1,2026-09-17T22:42:15.070668,B
2024,6,00-0039737,T.Reiman,TE,ARI,1.4905412923351764,0.0,1,2026-09-17T22:42:15.070668,B
2024,6,00-0039793,A.Barner,TE,SEA,2.7226977654939386,2.3,1,2026-09-17T22:42:15.070668,B
2024,6,00-0039814,E.All,TE,CIN,4.596661776585732,3.0,1,2026-09-17T22:42:15.070668,B
2024,6,00-0039847,T.Johnson,TE,NYG,4.483105702648082,6.0,1,2026-09-17T22:42:15.070668,B
2024,6,00-0039912,B.Sinnott,TE,WAS,1.6264422098453517,0.0,1,2026-09-17T22:42:15.070668,B
2024,7,00-0031687,R.Mostert,RB,MIA,11.987083174646317,3.0,1,2026-09-17T22:42:15.070668,B
2024,7,00-0032104,A.Abdullah,RB,LV,5.891719780826172,0.0,1,2026-09-17T22:42:15.070668,B
2024,7,00-0032764,D.Henry,RB,BAL,16.422325693207597,25.2,1,2026-09-17T22:42:15.070668,B
2024,7,00-0033293,A.Jones,RB,MIN,10.99493124324352,20.6,1,2026-09-17T22:42:15.070668,B
2024,7,00-0033526,S.Perine,RB,KC,5.599163948349849,3.8,1,2026-09-17T22:42:15.070668,B
2024,7,00-0033553,J.Conner,RB,ARI,11.54382685320325,17.2,1,2026-09-17T22:42:15.070668,B
2024,7,00-0033699,A.Ekeler,RB,WAS,13.10438366438236,4.0,1,2026-09-17T22:42:15.070668,B
2024,7,00-0033854,D.Ogunbowale,RB,HOU,4.91304623185128,0.6,1,2026-09-17T22:42:15.070668,B
2024,7,00-0033897,J.Mixon,RB,HOU,14.025582762332874,26.4,1,2026-09-17T22:42:15.070668,B
2024,7,00-0033906,A.Kamara,RB,NO,18.932563014592944,8.4,1,2026-09-17T22:42:15.070668,B
2024,7,00-0033923,K.Hunt,RB,KC,14.713857042146241,22.3,1,2026-09-17T22:42:15.070668,B
2024,7,00-0033925,D.Foreman,RB,CLE,5.744284456229133,0.5,1,2026-09-17T22:42:15.070668,B
2024,7,00-0033948,J.Williams,RB,NO,2.529006790467621,1.7,1,2026-09-17T22:42:15.070668,B
2024,7,00-0033955,J.McNichols,RB,WAS,8.350114616403356,4.2,1,2026-09-17T22:42:15.070668,B
2024,7,00-0034791,N.Chubb,RB,CLE,9.755378398209464,10.2,1,2026-09-17T22:42:15.070668,B
2024,7,00-0034844,S.Barkley,RB,PHI,17.184575389878866,26.7,1,2026-09-17T22:42:15.070668,B
2024,7,00-0034972,A.Mattison,RB,LV,10.794418005105388,15.3,1,2026-09-17T22:42:15.070668,B
2024,7,00-0034975,J.Hill,RB,BAL,7.678585069872589,13.8,1,2026-09-17T22:42:15.070668,B
2024,7,00-0035243,M.Sanders,RB,CAR,5.649324524639506,3.8,1,2026-09-17T22:42:15.070668,B
2024,7,00-0035250,D.Singletary,RB,NYG,12.164162746154643,3.1,1,2026-09-17T22:42:15.070668,B
2024,7,00-0035261,T.Pollard,RB,TEN,13.065117417912525,8.5,1,2026-09-17T22:42:15.070668,B
2024,7,00-0035537,T.Johnson,RB,BUF,4.548224924194795,7.4,1,2026-09-17T22:42:15.070668,B
2024,7,00-0035567,C.Reynolds,RB,DET,3.060668568178235,0.0,1,2026-09-17T22:42:15.070668,B
2024,7,00-0035628,D.Johnson,RB,JAX,6.336386887939876,10.0,1,2026-09-17T22:42:15.070668,B
2024,7,00-0035685,D.Montgomery,RB,DET,12.022595736439843,8.0,1,2026-09-17T22:42:15.070668,B
2024,7,00-0035700,J.Jacobs,RB,GB,13.644200769687778,20.2,1,2026-09-17T22:42:15.070668,B
2024,7,00-0035806,J.Hasty,RB,NE,4.120358359908988,15.7,1,2026-09-17T22:42:15.070668,B
2024,7,00-0036158,J.Dobbins,RB,LAC,15.460194475077778,9.6,1,2026-09-17T22:42:15.070668,B
2024,7,00-0036251,Z.Moss,RB,CIN,9.704437442729624,7.0,1,2026-09-17T22:42:15.070668,B
2024,7,00-0036328,A.Gibson,RB,NE,10.341040703265895,2.3,1,2026-09-17T22:42:15.070668,B
2024,7,00-0036555,C.Hubbard,RB,CAR,15.901015824857566,11.2,1,2026-09-17T22:42:15.070668,B
2024,7,00-0036875,R.Stevenson,RB,NE,12.95339562022684,4.5,1,2026-09-17T22:42:15.070668,B
2024,7,00-0036893,N.Harris,RB,PIT,11.973455395958231,16.2,1,2026-09-17T22:42:15.070668,B
2024,7,00-0036919,K.Gainwell,RB,PHI,2.694731830218924,7.7,1,2026-09-17T22:42:15.070668,B
2024,7,00-0036984,T.Sermon,RB,IND,9.953785655861495,5.9,1,2026-09-17T22:42:15.070668,B
2024,7,00-0036997,J.Williams,RB,DEN,14.63844406332016,26.1,1,2026-09-17T22:42:15.070668,B
2024,7,00-0037120,T.Goodson,RB,IND,7.115697591810972,11.1,1,2026-09-17T22:42:15.070668,B
2024,7,00-0037228,J.Warren,RB,PIT,6.705328400192119,7.9,1,2026-09-17T22:42:15.070668,B
2024,7,00-0037248,J.Cook,RB,BUF,14.103422379362062,9.2,1,2026-09-17T22:42:15.070668,B
2024,7,00-0037256,R.White,RB,TB,11.216712362193425,29.1,1,2026-09-17T22:42:15.070668,B
2024,7,00-0037258,D.Pierce,RB,HOU,6.460440017043886,0.2,1,2026-09-17T22:42:15.070668,B
2024,7,00-0037263,T.Allgeier,RB,ATL,11.033435090639099,5.5,1,2026-09-17T22:42:15.070668,B
2024,7,00-0037276,T.Chandler,RB,MIN,6.606502001168412,0.4,1,2026-09-17T22:42:15.070668,B
2024,7,00-0037304,C.Heyward,RB,PIT,3.412074821676871,0.0,1,2026-09-17T22:42:15.070668,B
2024,7,00-0037525,J.Mason,RB,SF,11.200778998653478,8.9,1,2026-09-17T22:42:15.070668,B
2024,7,00-0037594,J.Chestnut,RB,TEN,0.20805421147671055,3.4,1,2026-09-17T22:42:15.070668,B
2024,7,00-0037617,H.Haskins,RB,LAC,3.1962512019626574,0.2,1,2026-09-17T22:42:15.070668,B
2024,7,00-0037746,Br.Robinson,RB,WAS,12.253349819713506,13.1,1,2026-09-17T22:42:15.070668,B
2024,7,00-0037840,K.Williams,RB,LA,18.910996263927796,19.6,1,2026-09-17T22:42:15.070668,B
2024,7,00-0038040,Z.White,RB,LV,9.296454331751185,3.7,1,2026-09-17T22:42:15.070668,B
2024,7,00-0038098,P.Strong,RB,CLE,6.449545613051865,2.5,1,2026-09-17T22:42:15.070668,B
2024,7,00-0038120,B.Hall,RB,NYJ,15.331398553112553,26.1,1,2026-09-17T22:42:15.070668,B
2024,7,00-0038134,K.Walker,RB,SEA,17.310016912610052,23.3,1,2026-09-17T22:42:15.070668,B
2024,7,00-0038396,E.Gray,RB,NYG,3.640924730293044,1.9,1,2026-09-17T22:42:15.070668,B
2024,7,00-0038397,E.Hull,RB,IND,3.8163701730540147,0.0,1,2026-09-17T22:42:15.070668,B
2024,7,00-0038542,Bi.Robinson,RB,ATL,14.545956825859339,23.3,1,2026-09-17T22:42:15.070668,B
2024,7,00-0038551,K.Miller,RB,NO,6.105728234869261,5.7,1,2026-09-17T22:42:15.070668,B
2024,7,00-0038555,T.Bigsby,RB,JAX,10.274663324930179,23.8,1,2026-09-17T22:42:15.070668,B
2024,7,00-0038597,C.Brown,RB,CIN,13.554602114036115,7.3,1,2026-09-17T22:42:15.070668,B
2024,7,00-0038636,K.McIntosh,RB,SEA,1.9544030797392287,0.5,1,2026-09-17T22:42:15.070668,B
2024,7,00-0038685,C.Brooks,RB,GB,3.050550807672037,0.0,1,2026-09-17T22:42:15.070668,B
2024,7,00-0038705,E.Demercado,RB,ARI,7.339080371746165,1.4,1,2026-09-17T22:42:15.070668,B
2024,7,00-0038794,J.McLaughlin,RB,DEN,7.099879326424745,3.5,1,2026-09-17T22:42:15.070668,B
2024,7,00-0038797,E.Wilson,RB,GB,6.472729568178413,1.1,1,2026-09-17T22:42:15.070668,B
2024,7,00-0038951,S.Tucker,RB,TB,8.485443301369157,4.8,1,2026-09-17T22:42:15.070668,B
2024,7,00-0039040,D.Achane,RB,MIA,10.305889203943238,10.5,1,2026-09-17T22:42:15.070668,B
2024,7,00-0039139,J.Gibbs,RB,DET,11.428892769591968,32.0,1,2026-09-17T22:42:15.070668,B
2024,7,00-0039165,Z.Charbonnet,RB,SEA,6.742086165054642,1.9,1,2026-09-17T22:42:15.070668,B
2024,7,00-0039325,C.Steele,RB,KC,6.587400541516332,1.7,1,2026-09-17T22:42:15.070668,B
2024,7,00-0039361,B.Irving,RB,TB,10.609880529135737,16.7,1,2026-09-17T22:42:15.070668,B
2024,7,00-0039363,I.Guerendo,RB,SF,8.248101670967058,1.7,1,2026-09-17T22:42:15.070668,B
2024,7,00-0039373,A.Estime,RB,DEN,2.613359148461802,0.9,1,2026-09-17T22:42:15.070668,B
2024,7,00-0039384,T.Tracy,RB,NYG,12.241268909408037,6.2,1,2026-09-17T22:42:15.070668,B
2024,7,00-0039391,K.Vidal,RB,LAC,7.564696262551472,2.9,1,2026-09-17T22:42:15.070668,B
2024,7,00-0039393,J.McClellan,RB,ATL,3.5960168802882375,1.7,1,2026-09-17T22:42:15.070668,B
2024,7,00-0039738,B.Corum,RB,LA,8.932171432440649,1.1,1,2026-09-17T22:42:15.070668,B
2024,7,00-0039746,W.Shipley,RB,PHI,-0.5291302123838584,1.5,1,2026-09-17T22:42:15.070668,B
2024,7,00-0039794,B.Allen,RB,NYJ,4.988644243219456,1.6,1,2026-09-17T22:42:15.070668,B
2024,7,00-0039798,I.Davis,RB,NYJ,1.911289758476344,1.2,1,2026-09-17T22:42:15.070668,B
2024,7,00-0039874,J.Wright,RB,MIA,8.256913063074949,3.3,1,2026-09-17T22:42:15.070668,B
2024,7,00-0039875,R.Davis,RB,BUF,9.363131110684877,11.7,1,2026-09-17T22:42:15.070668,B
2024,7,00-0039921,T.Benson,RB,ARI,5.091272343569543,0.0,1,2026-09-17T22:42:15.070668,B
2024,7,00-0030564,D.Hopkins,WR,TEN,11.363609014638055,0.8,1,2026-09-17T22:42:15.070668,B
2024,7,00-0031235,O.Beckham,WR,MIA,2.9743949958681695,0.0,1,2026-09-17T22:42:15.070668,B
2024,7,00-0031381,D.Adams,WR,NYJ,14.345692227690414,6.0,1,2026-09-17T22:42:15.070668,B
2024,7,00-0031408,M.Evans,WR,TB,14.387250557412658,9.5,1,2026-09-17T22:42:15.070668,B
2024,7,00-0031544,A.Cooper,WR,BUF,13.338532548919108,16.6,1,2026-09-17T22:42:15.070668,B
2024,7,00-0031549,N.Agholor,WR,BAL,4.840263920435726,3.0,1,2026-09-17T22:42:15.070668,B
2024,7,00-0031588,S.Diggs,WR,HOU,13.240643922609188,7.3,1,2026-09-17T22:42:15.070668,B
2024,7,00-0032128,C.Conley,WR,SF,0.7970086027365806,0.0,1,2026-09-17T22:42:15.070668,B
2024,7,00-0032211,T.Lockett,WR,SEA,11.813522887978776,8.5,1,2026-09-17T22:42:15.070668,B
2024,7,00-0032385,S.Shepard,WR,TB,5.257669772097566,4.5,1,2026-09-17T22:42:15.070668,B
2024,7,00-0032464,K.Raymond,WR,DET,4.558948001924252,12.9,1,2026-09-17T22:42:15.070668,B
2024,7,00-0032775,D.Robinson,WR,LA,7.122033499592234,1.9,1,2026-09-17T22:42:15.070668,B
2024,7,00-0033009,T.Boyd,WR,TEN,7.190453358325824,9.3,1,2026-09-17T22:42:15.070668,B
2024,7,00-0033040,T.Hill,WR,MIA,15.436229006700106,2.3,1,2026-09-17T22:42:15.070668,B
2024,7,00-0033251,Z.Pascal,WR,ARI,0.6276077045071906,0.0,1,2026-09-17T22:42:15.070668,B
2024,7,00-0033282,C.Samuel,WR,BUF,6.803119138595155,0.0,1,2026-09-17T22:42:15.070668,B
2024,7,00-0033307,K.Bourne,WR,NE,6.261467385497372,2.4,1,2026-09-17T22:42:15.070668,B
2024,7,00-0033375,T.Patrick,WR,DET,5.651634126306164,4.5,1,2026-09-17T22:42:15.070668,B
2024,7,00-0033536,M.Williams,WR,NYJ,8.535438631078158,2.5,1,2026-09-17T22:42:15.070668,B
2024,7,00-0033555,M.Hollins,WR,BUF,5.857974769345477,0.0,1,2026-09-17T22:42:15.070668,B
2024,7,00-0033589,D.Moore,WR,CAR,1.6106929356889301,0.0,1,2026-09-17T22:42:15.070668,B
2024,7,00-0033591,N.Brown,WR,WAS,7.9537138714955535,2.6,1,2026-09-17T22:42:15.070668,B
2024,7,00-0033857,J.Smith-Schuster,WR,KC,6.87470378792451,0.0,1,2026-09-17T22:42:15.070668,B
2024,7,00-0033891,Z.Jones,WR,ARI,10.245524027325118,0.0,1,2026-09-17T22:42:15.070668,B
2024,7,00-0033921,C.Godwin,WR,TB,15.184554392141095,13.5,1,2026-09-17T22:42:15.070668,B
2024,7,00-0034279,E.St. Brown,WR,NO,0.1481859056632544,0.0,1,2026-09-17T22:42:15.070668,B
2024,7,00-0034348,C.Sutton,WR,DEN,12.699780596192667,0.0,1,2026-09-17T22:42:15.070668,B
2024,7,00-0034386,J.Watson,WR,KC,5.048226294861243,1.8,1,2026-09-17T22:42:15.070668,B
2024,7,00-0034407,R.McCloud,WR,ATL,8.362003509018923,2.9,1,2026-09-17T22:42:15.070668,B
2024,7,00-0034418,C.Wilson,WR,NO,3.4090583657660254,17.7,1,2026-09-17T22:42:15.070668,B
2024,7,00-0034419,B.Berrios,WR,MIA,1.616689758827511,0.0,1,2026-09-17T22:42:15.070668,B
2024,7,00-0034487,T.Sherfield,WR,MIN,0.18517399491332753,0.0,1,2026-09-17T22:42:15.070668,B
2024,7,00-0034521,A.Lazard,WR,NYJ,10.276755277984762,9.8,1,2026-09-17T22:42:15.070668,B
2024,7,00-0034646,B.Powell,WR,MIN,2.458261635655292,0.0,1,2026-09-17T22:42:15.070668,B
2024,7,00-0034775,C.Kirk,WR,JAX,12.76962603313932,3.4,1,2026-09-17T22:42:15.070668,B
2024,7,00-0034837,C.Ridley,WR,TEN,9.617309497908934,7.2,1,2026-09-17T22:42:15.070668,B
2024,7,00-0034854,K.Hodge,WR,ATL,2.59305633479112,0.0,1,2026-09-17T22:42:15.070668,B
2024,7,00-0035021,A.Dulin,WR,IND,1.131759747578589,1.2,1,2026-09-17T22:42:15.070668,B
2024,7,00-0035140,M.Hardman,WR,KC,3.2357313306364155,12.5,1,2026-09-17T22:42:15.070668,B
2024,7,00-0035208,O.Zaccheaus,WR,WAS,6.30448606924416,6.5,1,2026-09-17T22:42:15.070668,B
2024,7,00-0035216,D.Johnson,WR,CAR,12.984431329960993,2.7,1,2026-09-17T22:42:15.070668,B
2024,7,00-0035298,S.Miller,WR,PIT,0.10350617914764726,0.0,1,2026-09-17T22:42:15.070668,B
2024,7,00-0035406,L.Humphrey,WR,DEN,1.944141627511371,3.2,1,2026-09-17T22:42:15.070668,B
2024,7,00-0035500,G.Dortch,WR,ARI,6.471032356328848,7.5,1,2026-09-17T22:42:15.070668,B
2024,7,00-0035535,D.Slayton,WR,NYG,11.618132337784875,2.1,1,2026-09-17T22:42:15.070668,B
2024,7,00-0035602,A.Bachman,WR,LV,1.9157246890118866,0.0,1,2026-09-17T22:42:15.070668,B
2024,7,00-0035639,P.Campbell,WR,PHI,5.4361737054384935,0.0,1,2026-09-17T22:42:15.070668,B
2024,7,00-0035640,D.Metcalf,WR,SEA,13.73811556050672,19.9,1,2026-09-17T22:42:15.070668,B
2024,7,00-0035659,T.McLaurin,WR,WAS,14.063653149435225,15.8,1,2026-09-17T22:42:15.070668,B
2024,7,00-0035676,A.Brown,WR,PHI,14.160489848788629,19.9,1,2026-09-17T22:42:15.070668,B
2024,7,00-0035719,D.Samuel,WR,SF,13.054424560053153,0.0,1,2026-09-17T22:42:15.070668,B
2024,7,00-0036182,N.Westbrook-Ikhine,WR,TEN,2.167058139066074,9.0,1,2026-09-17T22:42:15.070668,B
2024,7,00-0036183,K.Wilkerson,WR,LV,2.591775518382758,0.0,1,2026-09-17T22:42:15.070668,B
2024,7,00-0036196,G.Davis,WR,JAX,9.559870769252537,2.3,1,2026-09-17T22:42:15.070668,B
2024,7,00-0036252,M.Pittman,WR,IND,11.956919019990048,9.3,1,2026-09-17T22:42:15.070668,B
2024,7,00-0036261,B.Aiyuk,WR,SF,14.228295589168333,4.3,1,2026-09-17T22:42:15.070668,B
2024,7,00-0036309,D.Mooney,WR,ATL,11.45066030273013,9.6,1,2026-09-17T22:42:15.070668,B
2024,7,00-0036322,J.Jefferson,WR,MIN,18.04519820119178,21.4,1,2026-09-17T22:42:15.070668,B
2024,7,00-0036345,K.Osborn,WR,NE,4.482717812095276,10.6,1,2026-09-17T22:42:15.070668,B
2024,7,00-0036387,J.Reagor,WR,LAC,4.5596357248398665,3.0,1,2026-09-17T22:42:15.070668,B
2024,7,00-0036407,J.Jeudy,WR,CLE,9.768993679545344,2.8,1,2026-09-17T22:42:15.070668,B
2024,7,00-0036410,T.Higgins,WR,CIN,15.860860015207098,18.2,1,2026-09-17T22:42:15.070668,B
2024,7,00-0036415,V.Jefferson,WR,PIT,4.561682341261452,9.5,1,2026-09-17T22:42:15.070668,B
2024,7,00-0036427,T.Johnson,WR,LA,4.378494004455708,9.7,1,2026-09-17T22:42:15.070668,B
2024,7,00-0036497,T.Jones,WR,JAX,-0.6160009809789155,0.0,1,2026-09-17T22:42:15.070668,B
2024,7,00-0036527,D.Turner,WR,LV,3.6254395941222244,3.7,1,2026-09-17T22:42:15.070668,B
2024,7,00-0036550,R.Bateman,WR,BAL,7.663545638826249,22.1,1,2026-09-17T22:42:15.070668,B
2024,7,00-0036613,J.Waddle,WR,MIA,12.232749935581463,2.1,1,2026-09-17T22:42:15.070668,B
2024,7,00-0036626,D.Brown,WR,WAS,3.2940494242075262,3.3,1,2026-09-17T22:42:15.070668,B
2024,7,00-0036630,T.Wallace,WR,BAL,0.5884180183559442,0.0,1,2026-09-17T22:42:15.070668,B
2024,7,00-0036635,I.Smith-Marsette,WR,NYG,2.643823135471135,0.0,1,2026-09-17T22:42:15.070668,B
2024,7,00-0036646,S.Fehoko,WR,LAC,3.6335297068225634,7.5,1,2026-09-17T22:42:15.070668,B
2024,7,00-0036849,T.Atwell,WR,LA,10.503529227553935,11.1,1,2026-09-17T22:42:15.070668,B
2024,7,00-0036877,J.Darden,WR,CLE,-0.17486378002300818,0.0,1,2026-09-17T22:42:15.070668,B
2024,7,00-0036900,J.Chase,WR,CIN,17.171852295289817,17.6,1,2026-09-17T22:42:15.070668,B
2024,7,00-0036912,D.Smith,WR,PHI,14.822047941860044,0.8,1,2026-09-17T22:42:15.070668,B
2024,7,00-0036963,A.St. Brown,WR,DET,15.854478927437523,25.2,1,2026-09-17T22:42:15.070668,B
2024,7,00-0036980,E.Moore,WR,CLE,6.2403824614414605,10.1,1,2026-09-17T22:42:15.070668,B
2024,7,00-0036988,J.Palmer,WR,LAC,7.492406503047531,10.3,1,2026-09-17T22:42:15.070668,B
2024,7,00-0037091,B.Melton,WR,GB,3.603032098467299,1.7,1,2026-09-17T22:42:15.070668,B
2024,7,00-0037093,D.Young,WR,SEA,1.7964235347412556,0.0,1,2026-09-17T22:42:15.070668,B
2024,7,00-0037156,I.Charles,WR,NYJ,0.058523014844475085,0.0,1,2026-09-17T22:42:15.070668,B
2024,7,00-0037238,D.London,WR,ATL,16.514317938980007,18.3,1,2026-09-17T22:42:15.070668,B
2024,7,00-0037240,J.Williams,WR,DET,9.680818616152916,0.6,1,2026-09-17T22:42:15.070668,B
2024,7,00-0037247,G.Pickens,WR,PIT,11.862240310208081,22.1,1,2026-09-17T22:42:15.070668,B
2024,7,00-0037261,K.Shakir,WR,BUF,7.132246826634547,13.5,1,2026-09-17T22:42:15.070668,B
2024,7,00-0037291,J.Nailor,WR,MIN,4.933724988780131,11.6,1,2026-09-17T22:42:15.070668,B
2024,7,00-0037382,B.Johnson,WR,PIT,2.373213672088519,0.0,1,2026-09-17T22:42:15.070668,B
2024,7,00-0037614,J.Metchie,WR,HOU,2.1781262885417085,0.0,1,2026-09-17T22:42:15.070668,B
2024,7,00-0037664,A.Pierce,WR,IND,7.785268535438474,3.5,1,2026-09-17T22:42:15.070668,B
2024,7,00-0037740,G.Wilson,WR,NYJ,16.021001586288197,13.1,1,2026-09-17T22:42:15.070668,B
2024,7,00-0037741,J.Dotson,WR,PHI,6.602420498059367,0.0,1,2026-09-17T22:42:15.070668,B
2024,7,00-0037816,R.Doubs,WR,GB,8.542994505730391,17.4,1,2026-09-17T22:42:15.070668,B
2024,7,00-0037837,C.Austin,WR,PIT,4.497488852581902,4.6,1,2026-09-17T22:42:15.070668,B
2024,7,00-0038090,S.Moore,WR,KC,1.7484607099746716,0.0,1,2026-09-17T22:42:15.070668,B
2024,7,00-0038117,W.Robinson,WR,NYG,12.780478610035264,8.3,1,2026-09-17T22:42:15.070668,B
2024,7,00-0038124,C.Watson,WR,GB,8.075131606248517,1.5,1,2026-09-17T22:42:15.070668,B
2024,7,00-0038359,X.Smith,WR,LA,2.5322955250519925,3.0,1,2026-09-17T22:42:15.070668,B
2024,7,00-0038393,D.Wicks,WR,GB,6.1921296555517,13.8,1,2026-09-17T22:42:15.070668,B
2024,7,00-0038465,M.Heath,WR,GB,2.501832302624586,0.0,1,2026-09-17T22:42:15.070668,B
2024,7,00-0038477,B.Ford-Wheaton,WR,NYG,0.34242848293750416,0.0,1,2026-09-17T22:42:15.070668,B
2024,7,00-0038496,X.Gipson,WR,NYJ,2.2428221873508525,0.0,1,2026-09-17T22:42:15.070668,B
2024,7,00-0038543,J.Smith-Njigba,WR,SEA,12.545103324010626,5.3,1,2026-09-17T22:42:15.070668,B
2024,7,00-0038559,Mi.Wilson,WR,ARI,10.870076863983776,2.5,1,2026-09-17T22:42:15.070668,B
2024,7,00-0038563,T.Tucker,WR,LV,8.190292083595383,7.7,1,2026-09-17T22:42:15.070668,B
2024,7,00-0038576,C.Jones,WR,CIN,1.562927414821762,0.0,1,2026-09-17T22:42:15.070668,B
2024,7,00-0038590,Justin Shorter,WR,LV,2.572441226254731,0.0,1,2026-09-17T22:42:15.070668,B
2024,7,00-0038606,P.Washington,WR,JAX,2.3558809387355817,0.0,1,2026-09-17T22:42:15.070668,B
2024,7,00-0038608,K.Boutte,WR,NE,6.4536988465097185,4.3,1,2026-09-17T22:42:15.070668,B
2024,7,00-0038618,X.Hutchinson,WR,HOU,3.567449820284625,2.1,1,2026-09-17T22:42:15.070668,B
2024,7,00-0038619,A.Iosivas,WR,CIN,6.024961949752142,0.0,1,2026-09-17T22:42:15.070668,B
2024,7,00-0038621,D.Douglas,WR,NE,9.983794649476053,3.4,1,2026-09-17T22:42:15.070668,B
2024,7,00-0038647,R.Bell,WR,SF,1.0956357576010243,2.0,1,2026-09-17T22:42:15.070668,B
2024,7,00-0038752,J.Bobo,WR,SEA,3.9771825994529824,0.0,1,2026-09-17T22:42:15.070668,B
2024,7,00-0038938,J.Hyatt,WR,NYG,5.082818849388646,0.0,1,2026-09-17T22:42:15.070668,B
2024,7,00-0038976,M.Mims,WR,DEN,3.820278971111838,3.8,1,2026-09-17T22:42:15.070668,B
2024,7,00-0038977,T.Dell,WR,HOU,12.452944612295195,0.0,1,2026-09-17T22:42:15.070668,B
2024,7,00-0038979,C.Tillman,WR,CLE,1.783304326227464,18.1,1,2026-09-17T22:42:15.070668,B
2024,7,00-0038994,J.Addison,WR,MIN,11.64591412127648,9.6,1,2026-09-17T22:42:15.070668,B
2024,7,00-0038997,J.Downs,WR,IND,13.511818847848566,1.3,1,2026-09-17T22:42:15.070668,B
2024,7,00-0039052,T.Palmer,WR,TB,3.1377408311217145,2.6,1,2026-09-17T22:42:15.070668,B
2024,7,00-0039062,J.Mingo,WR,CAR,4.607313990885494,0.0,1,2026-09-17T22:42:15.070668,B
2024,7,00-0039064,Z.Flowers,WR,BAL,13.160629151005608,4.0,1,2026-09-17T22:42:15.070668,B
2024,7,00-0039146,J.Reed,WR,GB,11.78725897284991,3.0,1,2026-09-17T22:42:15.070668,B
2024,7,00-0039236,J.Wilson,WR,PHI,1.6470919424494674,0.0,1,2026-09-17T22:42:15.070668,B
2024,7,00-0039337,M.Nabers,WR,NYG,19.596481912292845,8.1,1,2026-09-17T22:42:15.070668,B
2024,7,00-0039342,X.Legette,WR,CAR,8.946492209023791,2.9,1,2026-09-17T22:42:15.070668,B
2024,7,00-0039355,L.McCaffrey,WR,WAS,3.936976675107915,0.0,1,2026-09-17T22:42:15.070668,B
2024,7,00-0039365,J.Cowing,WR,SF,2.37770418037051,7.0,1,2026-09-17T22:42:15.070668,B
2024,7,00-0039379,J.Thrash,WR,CLE,2.5320645228771523,0.0,1,2026-09-17T22:42:15.070668,B
2024,7,00-0039386,B.Means,WR,NO,5.426380242509224,6.7,1,2026-09-17T22:42:15.070668,B
2024,7,00-0039392,J.Jackson,WR,TEN,0.8426108820492875,0.0,1,2026-09-17T22:42:15.070668,B
2024,7,00-0039394,C.Washington,WR,ATL,3.7276344197482203,2.4,1,2026-09-17T22:42:15.070668,B
2024,7,00-0039415,Brenden Rice,WR,LAC,3.5859750375325277,0.0,1,2026-09-17T22:42:15.070668,B
2024,7,00-0039424,D.Vele,WR,DEN,7.956070273197538,3.0,1,2026-09-17T22:42:15.070668,B
2024,7,00-0039491,J.Coker,WR,CAR,3.3352803860957048,2.0,1,2026-09-17T22:42:15.070668,B
2024,7,00-0039623,M.Tipton,WR,NO,3.30823832283465,10.5,1,2026-09-17T22:42:15.070668,B
2024,7,00-0039751,J.Whittington,WR,LA,10.633487002202074,0.0,1,2026-09-17T22:42:15.070668,B
2024,7,00-0039810,J.Burton,WR,CIN,1.224368662463477,0.0,1,2026-09-17T22:42:15.070668,B
2024,7,00-0039849,M.Harrison,WR,ARI,10.073364841180645,5.1,1,2026-09-17T22:42:15.070668,B
2024,7,00-0039855,J.McMillan,WR,TB,2.790489891032774,5.6,1,2026-09-17T22:42:15.070668,B
2024,7,00-0039868,T.Franklin,WR,DEN,7.601158199723223,10.0,1,2026-09-17T22:42:15.070668,B
2024,7,00-0039880,M.Washington,WR,MIA,1.6125928683881616,2.9,1,2026-09-17T22:42:15.070668,B
2024,7,00-0039890,A.Mitchell,WR,IND,5.285287126186656,5.0,1,2026-09-17T22:42:15.070668,B
2024,7,00-0039893,Bri.Thomas,WR,JAX,13.022085284202209,20.1,1,2026-09-17T22:42:15.070668,B
2024,7,00-0039894,X.Worthy,WR,KC,9.316892628088691,5.4,1,2026-09-17T22:42:15.070668,B
2024,7,00-0039901,K.Coleman,WR,BUF,11.394281074194131,16.5,1,2026-09-17T22:42:15.070668,B
2024,7,00-0039907,J.Polk,WR,NE,7.442956384131549,0.0,1,2026-09-17T22:42:15.070668,B
2024,7,00-0039915,L.McConkey,WR,LAC,10.75476741299536,9.6,1,2026-09-17T22:42:15.070668,B
2024,7,00-0039916,R.Pearsall,WR,SF,4.972175629574089,5.1,1,2026-09-17T22:42:15.070668,B
2024,7,00-0030061,Z.Ertz,TE,WAS,8.789050650681883,14.0,1,2026-09-17T22:42:15.070668,B
2024,7,00-0030506,T.Kelce,TE,KC,14.265242763715094,5.7,1,2026-09-17T22:42:15.070668,B
2024,7,00-0031484,C.Manhertz,TE,NYG,-0.32589499577603753,0.0,1,2026-09-17T22:42:15.070668,B
2024,7,00-0031585,M.Pruitt,TE,PIT,1.6569634125214794,0.0,1,2026-09-17T22:42:15.070668,B
2024,7,00-0031690,E.Tomlinson,TE,LAC,0.09167493830811146,1.7,1,2026-09-17T22:42:15.070668,B
2024,7,00-0032141,G.Swaim,TE,CLE,-0.06654794172872336,0.0,1,2026-09-17T22:42:15.070668,B
2024,7,00-0032392,A.Hooper,TE,NE,2.953854312256241,7.2,1,2026-09-17T22:42:15.070668,B
2024,7,00-0032394,N.Vannett,TE,TEN,0.7441269936361374,6.5,1,2026-09-17T22:42:15.070668,B
2024,7,00-0033090,H.Henry,TE,NE,7.120779305153224,17.2,1,2026-09-17T22:42:15.070668,B
2024,7,00-0033217,M.Alie-Cox,TE,IND,4.540472773777845,0.0,1,2026-09-17T22:42:15.070668,B
2024,7,00-0033246,J.Mundt,TE,MIN,2.832642908298376,4.8,1,2026-09-17T22:42:15.070668,B
2024,7,00-0033288,G.Kittle,TE,SF,12.965269733219142,15.2,1,2026-09-17T22:42:15.070668,B
2024,7,00-0033439,P.Brown,TE,SEA,1.0336460211607252,0.0,1,2026-09-17T22:42:15.070668,B
2024,7,00-0033576,E.Saubert,TE,SF,0.7908032935724192,0.0,1,2026-09-17T22:42:15.070668,B
2024,7,00-0033757,R.Tonyan,TE,MIN,0.19367116797560868,0.0,1,2026-09-17T22:42:15.070668,B
2024,7,00-0033858,J.Smith,TE,MIA,6.0601151535070255,22.6,1,2026-09-17T22:42:15.070668,B
2024,7,00-0033881,E.Engram,TE,JAX,13.630173920472723,8.5,1,2026-09-17T22:42:15.070668,B
2024,7,00-0033885,D.Njoku,TE,CLE,9.664723944354002,23.6,1,2026-09-17T22:42:15.070668,B
2024,7,00-0034073,R.Dwelley,TE,ATL,0.5009296532530803,0.0,1,2026-09-17T22:42:15.070668,B
2024,7,00-0034159,W.Dissly,TE,LAC,5.039129756766395,16.1,1,2026-09-17T22:42:15.070668,B
2024,7,00-0034270,T.Conklin,TE,NYJ,7.389055699589816,10.7,1,2026-09-17T22:42:15.070668,B
2024,7,00-0034364,J.Akins,TE,CLE,1.4895903719738737,8.2,1,2026-09-17T22:42:15.070668,B
2024,7,00-0034365,I.Thomas,TE,CAR,1.303654794618208,2.4,1,2026-09-17T22:42:15.070668,B
2024,7,00-0034383,D.Schultz,TE,HOU,9.174753951660186,3.8,1,2026-09-17T22:42:15.070668,B
2024,7,00-0034613,T.Hudson,TE,CIN,2.17040780190001,0.0,1,2026-09-17T22:42:15.070668,B
2024,7,00-0034753,M.Andrews,TE,BAL,8.083584141247458,20.1,1,2026-09-17T22:42:15.070668,B
2024,7,00-0034798,D.Smythe,TE,MIA,2.4761067547935585,0.0,1,2026-09-17T22:42:15.070668,B
2024,7,00-0034829,M.Gesicki,TE,CIN,3.264318166100999,1.2,1,2026-09-17T22:42:15.070668,B
2024,7,00-0034981,F.Moreau,TE,NO,3.719115052918476,5.8,1,2026-09-17T22:42:15.070668,B
2024,7,00-0035249,J.Oliver,TE,MIN,3.600687367662553,1.5,1,2026-09-17T22:42:15.070668,B
2024,7,00-0035547,J.Fortson,TE,KC,0.7687985774593225,0.0,1,2026-09-17T22:42:15.070668,B
2024,7,00-0035631,D.Sample,TE,CIN,2.403756307788642,0.0,1,2026-09-17T22:42:15.070668,B
2024,7,00-0035644,N.Fant,TE,SEA,6.497813796666682,10.5,1,2026-09-17T22:42:15.070668,B
2024,7,00-0035689,D.Knox,TE,BUF,3.1522419315634025,1.5,1,2026-09-17T22:42:15.070668,B
2024,7,00-0036040,J.Johnson,TE,NO,6.292684363675161,4.8,1,2026-09-17T22:42:15.070668,B
2024,7,00-0036232,H.Bryant,TE,LV,3.015355045961784,3.9,1,2026-09-17T22:42:15.070668,B
2024,7,00-0036244,C.Parkinson,TE,LA,8.731672542761563,5.2,1,2026-09-17T22:42:15.070668,B
2024,7,00-0036332,J.Deguara,TE,JAX,0.085801188794286,0.0,1,2026-09-17T22:42:15.070668,B
2024,7,00-0036422,A.Trautman,TE,DEN,2.5658387398545095,0.0,1,2026-09-17T22:42:15.070668,B
2024,7,00-0036429,C.Woerner,TE,ATL,1.3142635930552067,0.0,1,2026-09-17T22:42:15.070668,B
2024,7,00-0036534,S.Zylstra,TE,DET,3.892537702019306,0.0,1,2026-09-17T22:42:15.070668,B
2024,7,00-0036590,Q.Morris,TE,BUF,-0.34407496018436756,0.0,1,2026-09-17T22:42:15.070668,B
2024,7,00-0036628,J.Bates,TE,WAS,1.435597179265923,0.0,1,2026-09-17T22:42:15.070668,B
2024,7,00-0036637,N.Gray,TE,KC,4.185901320776924,10.6,1,2026-09-17T22:42:15.070668,B
2024,7,00-0036741,J.Stoll,TE,PHI,1.6132666228982395,0.0,1,2026-09-17T22:42:15.070668,B
2024,7,00-0036754,B.Wright,TE,DET,3.9476319701317495,0.0,1,2026-09-17T22:42:15.070668,B
2024,7,00-0036825,F.Franks,TE,CAR,-0.6423984495613917,0.0,1,2026-09-17T22:42:15.070668,B
2024,7,00-0036876,K.Granson,TE,IND,2.296675615433531,0.0,1,2026-09-17T22:42:15.070668,B
2024,7,00-0036887,L.Farrell,TE,JAX,1.5573326929714768,0.0,1,2026-09-17T22:42:15.070668,B
2024,7,00-0036894,P.Freiermuth,TE,PIT,8.010826066049766,7.1,1,2026-09-17T22:42:15.070668,B
2024,7,00-0036970,K.Pitts,TE,ATL,9.111243562715053,13.5,1,2026-09-17T22:42:15.070668,B
2024,7,00-0037004,H.Long,TE,LA,0.8959874856488028,1.5,1,2026-09-17T22:42:15.070668,B
2024,7,00-0037086,G.Calcaterra,TE,PHI,4.468235032194343,1.5,1,2026-09-17T22:42:15.070668,B
2024,7,00-0037112,J.Tonges,TE,SF,0.9563601890339433,0.0,1,2026-09-17T22:42:15.070668,B
2024,7,00-0037277,T.Quitoriano,TE,HOU,-0.0759482169080945,0.0,1,2026-09-17T22:42:15.070668,B
2024,7,00-0037292,A.Ogletree,TE,IND,2.6666561831736293,0.0,1,2026-09-17T22:42:15.070668,B
2024,7,00-0037311,K.Kieft,TE,TB,-0.8617425042350915,0.0,1,2026-09-17T22:42:15.070668,B
2024,7,00-0037475,S.Smartt,TE,LAC,0.035523980384560616,4.1,1,2026-09-17T22:42:15.070668,B
2024,7,00-0037539,L.Krull,TE,DEN,3.7283591701910828,7.1,1,2026-09-17T22:42:15.070668,B
2024,7,00-0037744,T.McBride,TE,ARI,11.964147128284313,10.1,1,2026-09-17T22:42:15.070668,B
2024,7,00-0037805,J.Ruckert,TE,NYJ,2.112330104935119,0.0,1,2026-09-17T22:42:15.070668,B
2024,7,00-0037809,C.Okonkwo,TE,TEN,5.495416452269859,9.0,1,2026-09-17T22:42:15.070668,B
2024,7,00-0037838,I.Likely,TE,BAL,5.828522132852309,3.7,1,2026-09-17T22:42:15.070668,B
2024,7,00-0038046,C.Kolar,TE,BAL,1.9201332440020553,2.4,1,2026-09-17T22:42:15.070668,B
2024,7,00-0038115,D.Bellinger,TE,NYG,1.2803613667673202,2.1,1,2026-09-17T22:42:15.070668,B
2024,7,00-0038129,C.Otton,TE,TB,8.669540568576327,18.0,1,2026-09-17T22:42:15.070668,B
2024,7,00-0038394,W.Mallory,TE,IND,1.7889164749095472,1.5,1,2026-09-17T22:42:15.070668,B
2024,7,00-0038558,D.Washington,TE,PIT,3.4522739276478203,7.6,1,2026-09-17T22:42:15.070668,B
2024,7,00-0038589,J.Whyle,TE,TEN,2.4392203549915035,6.4,1,2026-09-17T22:42:15.070668,B
2024,7,00-0038720,J.Hill,TE,MIA,2.024598841355028,1.4,1,2026-09-17T22:42:15.070668,B
2024,7,00-0038783,N.Adkins,TE,DEN,1.5116047793102552,0.0,1,2026-09-17T22:42:15.070668,B
2024,7,00-0038809,B.Sims,TE,GB,2.303708886403639,1.2,1,2026-09-17T22:42:15.070668,B
2024,7,00-0038933,D.Kincaid,TE,BUF,11.269543303723136,8.2,1,2026-09-17T22:42:15.070668,B
2024,7,00-0038935,B.Strange,TE,JAX,4.108346253082801,0.0,1,2026-09-17T22:42:15.070668,B
2024,7,00-0038996,T.Kraft,TE,GB,8.65034136891402,12.3,1,2026-09-17T22:42:15.070668,B
2024,7,00-0039041,E.Higgins,TE,ARI,2.5577200156980218,1.1,1,2026-09-17T22:42:15.070668,B
2024,7,00-0039065,S.LaPorta,TE,DET,8.969365518905024,3.5,1,2026-09-17T22:42:15.070668,B
2024,7,00-0039074,D.Allen,TE,LA,1.0898445716307057,0.0,1,2026-09-17T22:42:15.070668,B
2024,7,00-0039338,B.Bowers,TE,LV,12.377568784316686,19.3,1,2026-09-17T22:42:15.070668,B
2024,7,00-0039356,J.Sanders,TE,CAR,6.080218284945564,12.1,1,2026-09-17T22:42:15.070668,B
2024,7,00-0039359,C.Stover,TE,HOU,2.986056741383703,2.5,1,2026-09-17T22:42:15.070668,B
2024,7,00-0039420,J.Bell,TE,NE,-1.1751563887929866,0.0,1,2026-09-17T22:42:15.070668,B
2024,7,00-0039613,D.Holker,TE,NO,1.3299669608420177,0.0,1,2026-09-17T22:42:15.070668,B
2024,7,00-0039737,T.Reiman,TE,ARI,1.31642075862446,1.1,1,2026-09-17T22:42:15.070668,B
2024,7,00-0039754,D.Culp,TE,TB,0.7976651776677652,0.0,1,2026-09-17T22:42:15.070668,B
2024,7,00-0039793,A.Barner,TE,SEA,2.705695130485089,1.5,1,2026-09-17T22:42:15.070668,B
2024,7,00-0039814,E.All,TE,CIN,4.7114973530323665,0.0,1,2026-09-17T22:42:15.070668,B
2024,7,00-0039824,J.Wiley,TE,KC,0.5248516023449756,0.0,1,2026-09-17T22:42:15.070668,B
2024,7,00-0039847,T.Johnson,TE,NYG,5.011015060537485,0.0,1,2026-09-17T22:42:15.070668,B
2024,7,00-0039912,B.Sinnott,TE,WAS,1.539568836387498,8.6,1,2026-09-17T22:42:15.070668,B
2024,8,00-0031687,R.Mostert,RB,MIA,9.52799207845737,16.0,1,2026-09-17T22:42:15.070668,B
2024,8,00-0032104,A.Abdullah,RB,LV,3.1387985766532838,2.1,1,2026-09-17T22:42:15.070668,B
2024,8,00-0032764,D.Henry,RB,BAL,15.110771611802274,14.7,1,2026-09-17T22:42:15.070668,B
2024,8,00-0033045,E.Elliott,RB,DAL,6.989386110322319,10.8,1,2026-09-17T22:42:15.070668,B
2024,8,00-0033293,A.Jones,RB,MIN,14.35334424337099,11.5,1,2026-09-17T22:42:15.070668,B
2024,8,00-0033526,S.Perine,RB,KC,5.260623273997641,5.0,1,2026-09-17T22:42:15.070668,B
2024,8,00-0033553,J.Conner,RB,ARI,15.863814108940275,14.9,1,2026-09-17T22:42:15.070668,B
2024,8,00-0033699,A.Ekeler,RB,WAS,9.716152669210773,7.8,1,2026-09-17T22:42:15.070668,B
2024,8,00-0033854,D.Ogunbowale,RB,HOU,5.345393958368904,0.4,1,2026-09-17T22:42:15.070668,B
2024,8,00-0033893,D.Cook,RB,DAL,0.9905447338051196,3.2,1,2026-09-17T22:42:15.070668,B
2024,8,00-0033897,J.Mixon,RB,HOU,16.886942786604536,23.4,1,2026-09-17T22:42:15.070668,B
2024,8,00-0033906,A.Kamara,RB,NO,15.585936406615957,18.2,1,2026-09-17T22:42:15.070668,B
2024,8,00-0033923,K.Hunt,RB,KC,15.80544967410146,13.3,1,2026-09-17T22:42:15.070668,B
2024,8,00-0033925,D.Foreman,RB,CLE,3.8787359131836165,2.6,1,2026-09-17T22:42:15.070668,B
2024,8,00-0033948,J.Williams,RB,NO,3.320193914253047,0.4,1,2026-09-17T22:42:15.070668,B
2024,8,00-0033955,J.McNichols,RB,WAS,4.866331652283952,-0.1,1,2026-09-17T22:42:15.070668,B
2024,8,00-0034791,N.Chubb,RB,CLE,9.90000638535996,5.2,1,2026-09-17T22:42:15.070668,B
2024,8,00-0034844,S.Barkley,RB,PHI,15.282131180844223,12.1,1,2026-09-17T22:42:15.070668,B
2024,8,00-0034972,A.Mattison,RB,LV,11.472348091817107,9.4,1,2026-09-17T22:42:15.070668,B
2024,8,00-0034975,J.Hill,RB,BAL,7.031901410245715,2.9,1,2026-09-17T22:42:15.070668,B
2024,8,00-0035243,M.Sanders,RB,CAR,5.03481430634706,11.5,1,2026-09-17T22:42:15.070668,B
2024,8,00-0035250,D.Singletary,RB,NYG,8.10481228310813,4.3,1,2026-09-17T22:42:15.070668,B
2024,8,00-0035261,T.Pollard,RB,TEN,14.215272091058722,14.7,1,2026-09-17T22:42:15.070668,B
2024,8,00-0035537,T.Johnson,RB,BUF,2.8523406780692966,0.0,1,2026-09-17T22:42:15.070668,B
2024,8,00-0035567,C.Reynolds,RB,DET,3.568240549998931,0.3,1,2026-09-17T22:42:15.070668,B
2024,8,00-0035628,D.Johnson,RB,JAX,5.737324539004952,3.3,1,2026-09-17T22:42:15.070668,B
2024,8,00-0035685,D.Montgomery,RB,DET,13.047897712329394,14.9,1,2026-09-17T22:42:15.070668,B
2024,8,00-0035700,J.Jacobs,RB,GB,14.85139020189608,25.5,1,2026-09-17T22:42:15.070668,B
2024,8,00-0035924,J.Ward,RB,PIT,2.124679416408611,0.0,1,2026-09-17T22:42:15.070668,B
2024,8,00-0035973,P.Taylor,RB,SF,4.894093256529796,0.9,1,2026-09-17T22:42:15.070668,B
2024,8,00-0036158,J.Dobbins,RB,LAC,15.506949715622602,16.8,1,2026-09-17T22:42:15.070668,B
2024,8,00-0036223,J.Taylor,RB,IND,15.9369016873497,18.7,1,2026-09-17T22:42:15.070668,B
2024,8,00-0036251,Z.Moss,RB,CIN,9.296954755139074,7.9,1,2026-09-17T22:42:15.070668,B
2024,8,00-0036275,D.Swift,RB,CHI,16.963772002640358,18.9,1,2026-09-17T22:42:15.070668,B
2024,8,00-0036328,A.Gibson,RB,NE,6.68790963026924,0.7,1,2026-09-17T22:42:15.070668,B
2024,8,00-0036555,C.Hubbard,RB,CAR,13.861900516082102,9.1,1,2026-09-17T22:42:15.070668,B
2024,8,00-0036875,R.Stevenson,RB,NE,13.925052433400264,23.5,1,2026-09-17T22:42:15.070668,B
2024,8,00-0036893,N.Harris,RB,PIT,13.061906444358076,16.1,1,2026-09-17T22:42:15.070668,B
2024,8,00-0036919,K.Gainwell,RB,PHI,5.093001449470714,1.9,1,2026-09-17T22:42:15.070668,B
2024,8,00-0036984,T.Sermon,RB,IND,9.228282296016017,2.4,1,2026-09-17T22:42:15.070668,B
2024,8,00-0036997,J.Williams,RB,DEN,16.282028241118027,9.2,1,2026-09-17T22:42:15.070668,B
2024,8,00-0037120,T.Goodson,RB,IND,9.434244686375079,0.0,1,2026-09-17T22:42:15.070668,B
2024,8,00-0037228,J.Warren,RB,PIT,8.364083138309544,7.9,1,2026-09-17T22:42:15.070668,B
2024,8,00-0037248,J.Cook,RB,BUF,12.380959880222186,28.3,1,2026-09-17T22:42:15.070668,B
2024,8,00-0037256,R.White,RB,TB,11.784423086595396,15.7,1,2026-09-17T22:42:15.070668,B
2024,8,00-0037258,D.Pierce,RB,HOU,6.31432764140048,0.4,1,2026-09-17T22:42:15.070668,B
2024,8,00-0037263,T.Allgeier,RB,ATL,8.153265824195868,3.3,1,2026-09-17T22:42:15.070668,B
2024,8,00-0037276,T.Chandler,RB,MIN,4.235394908208954,0.0,1,2026-09-17T22:42:15.070668,B
2024,8,00-0037304,C.Heyward,RB,PIT,3.35266942878586,0.0,1,2026-09-17T22:42:15.070668,B
2024,8,00-0037525,J.Mason,RB,SF,14.133815630727803,1.8,1,2026-09-17T22:42:15.070668,B
2024,8,00-0037594,J.Chestnut,RB,TEN,1.102217402801081,3.2,1,2026-09-17T22:42:15.070668,B
2024,8,00-0037617,H.Haskins,RB,LAC,3.977164881069772,0.0,1,2026-09-17T22:42:15.070668,B
2024,8,00-0037746,Br.Robinson,RB,WAS,11.174190902956976,8.6,1,2026-09-17T22:42:15.070668,B
2024,8,00-0037840,K.Williams,RB,LA,16.128413709774847,22.6,1,2026-09-17T22:42:15.070668,B
2024,8,00-0038040,Z.White,RB,LV,3.946236522775191,-0.1,1,2026-09-17T22:42:15.070668,B
2024,8,00-0038098,P.Strong,RB,CLE,6.37297411041699,1.3,1,2026-09-17T22:42:15.070668,B
2024,8,00-0038120,B.Hall,RB,NYJ,17.525222910741626,9.9,1,2026-09-17T22:42:15.070668,B
2024,8,00-0038134,K.Walker,RB,SEA,14.778142762249086,8.5,1,2026-09-17T22:42:15.070668,B
2024,8,00-0038396,E.Gray,RB,NYG,3.3717707944814634,1.3,1,2026-09-17T22:42:15.070668,B
2024,8,00-0038542,Bi.Robinson,RB,ATL,16.250177460590564,23.6,1,2026-09-17T22:42:15.070668,B
2024,8,00-0038551,K.Miller,RB,NO,6.448873447675109,1.6,1,2026-09-17T22:42:15.070668,B
2024,8,00-0038555,T.Bigsby,RB,JAX,12.081456233732128,10.6,1,2026-09-17T22:42:15.070668,B
2024,8,00-0038597,C.Brown,RB,CIN,11.852661478263077,11.4,1,2026-09-17T22:42:15.070668,B
2024,8,00-0038685,C.Brooks,RB,GB,2.750343430764646,2.7,1,2026-09-17T22:42:15.070668,B
2024,8,00-0038705,E.Demercado,RB,ARI,4.04131306579608,0.0,1,2026-09-17T22:42:15.070668,B
2024,8,00-0038794,J.McLaughlin,RB,DEN,7.31339574516197,12.6,1,2026-09-17T22:42:15.070668,B
2024,8,00-0038797,E.Wilson,RB,GB,5.642391136701252,2.3,1,2026-09-17T22:42:15.070668,B
2024,8,00-0038951,S.Tucker,RB,TB,8.749409860750067,2.5,1,2026-09-17T22:42:15.070668,B
2024,8,00-0039021,R.Johnson,RB,CHI,5.569994050947642,6.6,1,2026-09-17T22:42:15.070668,B
2024,8,00-0039040,D.Achane,RB,MIA,12.478772544981274,26.7,1,2026-09-17T22:42:15.070668,B
2024,8,00-0039139,J.Gibbs,RB,DET,16.233836334303824,20.3,1,2026-09-17T22:42:15.070668,B
2024,8,00-0039165,Z.Charbonnet,RB,SEA,8.1703008521881,11.4,1,2026-09-17T22:42:15.070668,B
2024,8,00-0039325,C.Steele,RB,KC,5.721388733734882,2.4,1,2026-09-17T22:42:15.070668,B
2024,8,00-0039361,B.Irving,RB,TB,8.79069879435992,15.4,1,2026-09-17T22:42:15.070668,B
2024,8,00-0039363,I.Guerendo,RB,SF,8.671134280888902,19.2,1,2026-09-17T22:42:15.070668,B
2024,8,00-0039364,S.Vaki,RB,DET,3.0856016224523852,0.0,1,2026-09-17T22:42:15.070668,B
2024,8,00-0039373,A.Estime,RB,DEN,4.197005952805638,0.4,1,2026-09-17T22:42:15.070668,B
2024,8,00-0039384,T.Tracy,RB,NYG,11.944855062924129,23.0,1,2026-09-17T22:42:15.070668,B
2024,8,00-0039391,K.Vidal,RB,LAC,7.165791378032474,1.6,1,2026-09-17T22:42:15.070668,B
2024,8,00-0039738,B.Corum,RB,LA,6.678233795953394,2.8,1,2026-09-17T22:42:15.070668,B
2024,8,00-0039746,W.Shipley,RB,PHI,1.3889895594637371,-0.3,1,2026-09-17T22:42:15.070668,B
2024,8,00-0039794,B.Allen,RB,NYJ,3.9620693387740618,9.2,1,2026-09-17T22:42:15.070668,B
2024,8,00-0039874,J.Wright,RB,MIA,7.244997345863337,1.8,1,2026-09-17T22:42:15.070668,B
2024,8,00-0039875,R.Davis,RB,BUF,7.352872737247428,2.9,1,2026-09-17T22:42:15.070668,B
2024,8,00-0039921,T.Benson,RB,ARI,4.510629093507013,1.0,1,2026-09-17T22:42:15.070668,B
2024,8,00-0030279,K.Allen,WR,CHI,13.314912817102813,5.9,1,2026-09-17T22:42:15.070668,B
2024,8,00-0030431,R.Woods,WR,HOU,3.8563602793692393,3.8,1,2026-09-17T22:42:15.070668,B
2024,8,00-0030564,D.Hopkins,WR,KC,8.453254356972169,4.9,1,2026-09-17T22:42:15.070668,B
2024,8,00-0031235,O.Beckham,WR,MIA,2.8691311444486702,0.0,1,2026-09-17T22:42:15.070668,B
2024,8,00-0031381,D.Adams,WR,NYJ,13.985785293181255,9.4,1,2026-09-17T22:42:15.070668,B
2024,8,00-0031428,A.Robinson,WR,DET,1.610166964887961,0.0,1,2026-09-17T22:42:15.070668,B
2024,8,00-0031544,A.Cooper,WR,BUF,10.522671734146641,1.3,1,2026-09-17T22:42:15.070668,B
2024,8,00-0031549,N.Agholor,WR,BAL,4.749416003471968,12.6,1,2026-09-17T22:42:15.070668,B
2024,8,00-0031588,S.Diggs,WR,HOU,14.821970788361734,12.7,1,2026-09-17T22:42:15.070668,B
2024,8,00-0031763,D.Carter,WR,CHI,2.515614013371869,1.7,1,2026-09-17T22:42:15.070668,B
2024,8,00-0032128,C.Conley,WR,SF,2.8649933818206836,0.0,1,2026-09-17T22:42:15.070668,B
2024,8,00-0032211,T.Lockett,WR,SEA,9.355437217080349,1.9,1,2026-09-17T22:42:15.070668,B
2024,8,00-0032385,S.Shepard,WR,TB,3.893276216350627,4.8,1,2026-09-17T22:42:15.070668,B
2024,8,00-0032464,K.Raymond,WR,DET,6.144488248955355,9.4,1,2026-09-17T22:42:15.070668,B
2024,8,00-0032775,D.Robinson,WR,LA,6.159247159867449,17.5,1,2026-09-17T22:42:15.070668,B
2024,8,00-0033009,T.Boyd,WR,TEN,7.9669341153606705,4.4,1,2026-09-17T22:42:15.070668,B
2024,8,00-0033040,T.Hill,WR,MIA,13.743708254691668,13.2,1,2026-09-17T22:42:15.070668,B
2024,8,00-0033251,Z.Pascal,WR,ARI,-0.4312314972159905,0.0,1,2026-09-17T22:42:15.070668,B
2024,8,00-0033307,K.Bourne,WR,NE,5.492482108578452,0.0,1,2026-09-17T22:42:15.070668,B
2024,8,00-0033375,T.Patrick,WR,DET,5.91378671468652,0.0,1,2026-09-17T22:42:15.070668,B
2024,8,00-0033536,M.Williams,WR,NYJ,7.503457619201391,0.0,1,2026-09-17T22:42:15.070668,B
2024,8,00-0033555,M.Hollins,WR,BUF,4.214888322140213,0.0,1,2026-09-17T22:42:15.070668,B
2024,8,00-0033589,D.Moore,WR,CAR,2.128648441387093,7.9,1,2026-09-17T22:42:15.070668,B
2024,8,00-0033591,N.Brown,WR,WAS,6.055906562602402,16.3,1,2026-09-17T22:42:15.070668,B
2024,8,00-0033891,Z.Jones,WR,ARI,5.665631432764995,1.3,1,2026-09-17T22:42:15.070668,B
2024,8,00-0033908,C.Kupp,WR,LA,13.971353537663044,16.1,1,2026-09-17T22:42:15.070668,B
2024,8,00-0034279,E.St. Brown,WR,NO,0.10978829707511295,0.0,1,2026-09-17T22:42:15.070668,B
2024,8,00-0034348,C.Sutton,WR,DEN,11.035502827029017,17.1,1,2026-09-17T22:42:15.070668,B
2024,8,00-0034386,J.Watson,WR,KC,5.314646867172083,6.3,1,2026-09-17T22:42:15.070668,B
2024,8,00-0034407,R.McCloud,WR,ATL,6.987704064056677,5.6,1,2026-09-17T22:42:15.070668,B
2024,8,00-0034487,T.Sherfield,WR,MIN,-0.32015854032447866,8.0,1,2026-09-17T22:42:15.070668,B
2024,8,00-0034646,B.Powell,WR,MIN,1.7220624711330892,0.0,1,2026-09-17T22:42:15.070668,B
2024,8,00-0034775,C.Kirk,WR,JAX,9.910610374822335,7.9,1,2026-09-17T22:42:15.070668,B
2024,8,00-0034827,D.Moore,WR,CHI,14.443269132904057,5.4,1,2026-09-17T22:42:15.070668,B
2024,8,00-0034837,C.Ridley,WR,TEN,11.708511721411528,22.6,1,2026-09-17T22:42:15.070668,B
2024,8,00-0034854,K.Hodge,WR,ATL,2.5597096647695903,0.0,1,2026-09-17T22:42:15.070668,B
2024,8,00-0034960,J.Meyers,WR,LV,13.02513001837574,17.2,1,2026-09-17T22:42:15.070668,B
2024,8,00-0035021,A.Dulin,WR,IND,1.7126937479899658,0.0,1,2026-09-17T22:42:15.070668,B
2024,8,00-0035140,M.Hardman,WR,KC,4.869218948470923,1.8,1,2026-09-17T22:42:15.070668,B
2024,8,00-0035208,O.Zaccheaus,WR,WAS,5.358284599753949,0.0,1,2026-09-17T22:42:15.070668,B
2024,8,00-0035298,S.Miller,WR,PIT,0.46041594570831457,0.0,1,2026-09-17T22:42:15.070668,B
2024,8,00-0035341,T.Irwin,WR,CIN,0.8619218454170259,1.4,1,2026-09-17T22:42:15.070668,B
2024,8,00-0035406,L.Humphrey,WR,DEN,3.7440473257851394,4.2,1,2026-09-17T22:42:15.070668,B
2024,8,00-0035500,G.Dortch,WR,ARI,3.681501001472932,1.9,1,2026-09-17T22:42:15.070668,B
2024,8,00-0035535,D.Slayton,WR,NYG,12.219080938253985,14.8,1,2026-09-17T22:42:15.070668,B
2024,8,00-0035602,A.Bachman,WR,LV,1.9007654680874841,0.0,1,2026-09-17T22:42:15.070668,B
2024,8,00-0035659,T.McLaurin,WR,WAS,12.356526983172301,17.5,1,2026-09-17T22:42:15.070668,B
2024,8,00-0035676,A.Brown,WR,PHI,18.222062479015758,13.4,1,2026-09-17T22:42:15.070668,B
2024,8,00-0035719,D.Samuel,WR,SF,9.992951647733129,12.6,1,2026-09-17T22:42:15.070668,B
2024,8,00-0036176,M.Kinsey,WR,TEN,0.5839860610693206,0.0,1,2026-09-17T22:42:15.070668,B
2024,8,00-0036182,N.Westbrook-Ikhine,WR,TEN,4.497428486525402,11.9,1,2026-09-17T22:42:15.070668,B
2024,8,00-0036196,G.Davis,WR,JAX,9.29354288088744,0.0,1,2026-09-17T22:42:15.070668,B
2024,8,00-0036252,M.Pittman,WR,IND,11.467862162043545,2.6,1,2026-09-17T22:42:15.070668,B
2024,8,00-0036268,L.Shenault,WR,SEA,0.8105779683532601,2.0,1,2026-09-17T22:42:15.070668,B
2024,8,00-0036309,D.Mooney,WR,ATL,11.202370743972246,18.6,1,2026-09-17T22:42:15.070668,B
2024,8,00-0036322,J.Jefferson,WR,MIN,17.925503867724043,19.5,1,2026-09-17T22:42:15.070668,B
2024,8,00-0036345,K.Osborn,WR,NE,3.499960506411931,0.0,1,2026-09-17T22:42:15.070668,B
2024,8,00-0036358,C.Lamb,WR,DAL,17.45262649181633,39.6,1,2026-09-17T22:42:15.070668,B
2024,8,00-0036387,J.Reagor,WR,LAC,2.6594146540276364,5.5,1,2026-09-17T22:42:15.070668,B
2024,8,00-0036407,J.Jeudy,WR,CLE,8.257641677566287,12.9,1,2026-09-17T22:42:15.070668,B
2024,8,00-0036415,V.Jefferson,WR,PIT,4.549627511378624,10.2,1,2026-09-17T22:42:15.070668,B
2024,8,00-0036427,T.Johnson,WR,LA,7.655330257863279,1.6,1,2026-09-17T22:42:15.070668,B
2024,8,00-0036497,T.Jones,WR,JAX,-0.8374253510564786,3.0,1,2026-09-17T22:42:15.070668,B
2024,8,00-0036527,D.Turner,WR,LV,4.9796274788480295,13.2,1,2026-09-17T22:42:15.070668,B
2024,8,00-0036550,R.Bateman,WR,BAL,10.105162238374449,3.8,1,2026-09-17T22:42:15.070668,B
2024,8,00-0036613,J.Waddle,WR,MIA,10.759445864606972,8.5,1,2026-09-17T22:42:15.070668,B
2024,8,00-0036620,D.Eskridge,WR,MIA,0.014812866526274782,1.6,1,2026-09-17T22:42:15.070668,B
2024,8,00-0036626,D.Brown,WR,WAS,3.31128173541879,1.6,1,2026-09-17T22:42:15.070668,B
2024,8,00-0036630,T.Wallace,WR,BAL,1.2123797620051802,0.0,1,2026-09-17T22:42:15.070668,B
2024,8,00-0036646,S.Fehoko,WR,LAC,5.529442081133484,0.0,1,2026-09-17T22:42:15.070668,B
2024,8,00-0036849,T.Atwell,WR,LA,9.677831977385427,2.8,1,2026-09-17T22:42:15.070668,B
2024,8,00-0036877,J.Darden,WR,CLE,0.24817730739335797,0.0,1,2026-09-17T22:42:15.070668,B
2024,8,00-0036900,J.Chase,WR,CIN,17.577306319183506,20.4,1,2026-09-17T22:42:15.070668,B
2024,8,00-0036912,D.Smith,WR,PHI,12.081255167567653,20.5,1,2026-09-17T22:42:15.070668,B
2024,8,00-0036963,A.St. Brown,WR,DET,16.398149901532538,8.7,1,2026-09-17T22:42:15.070668,B
2024,8,00-0036980,E.Moore,WR,CLE,6.867795151487633,16.5,1,2026-09-17T22:42:15.070668,B
2024,8,00-0036988,J.Palmer,WR,LAC,8.541501455191513,9.2,1,2026-09-17T22:42:15.070668,B
2024,8,00-0037091,B.Melton,WR,GB,3.5429119176282935,0.0,1,2026-09-17T22:42:15.070668,B
2024,8,00-0037093,D.Young,WR,SEA,-0.20778651304601237,0.0,1,2026-09-17T22:42:15.070668,B
2024,8,00-0037156,I.Charles,WR,NYJ,-0.06700704017001513,0.0,1,2026-09-17T22:42:15.070668,B
2024,8,00-0037238,D.London,WR,ATL,15.560904236589423,7.4,1,2026-09-17T22:42:15.070668,B
2024,8,00-0037239,C.Olave,WR,NO,8.039327328593211,18.7,1,2026-09-17T22:42:15.070668,B
2024,8,00-0037247,G.Pickens,WR,PIT,12.60182203941833,11.4,1,2026-09-17T22:42:15.070668,B
2024,8,00-0037261,K.Shakir,WR,BUF,7.66358086964008,19.9,1,2026-09-17T22:42:15.070668,B
2024,8,00-0037272,M.Washington,WR,KC,-0.6061459718948496,0.0,1,2026-09-17T22:42:15.070668,B
2024,8,00-0037291,J.Nailor,WR,MIN,5.307517582961216,3.6,1,2026-09-17T22:42:15.070668,B
2024,8,00-0037382,B.Johnson,WR,PIT,1.1859510285005026,0.0,1,2026-09-17T22:42:15.070668,B
2024,8,00-0037387,J.Virgil,WR,BUF,-1.3718760415353985,0.0,1,2026-09-17T22:42:15.070668,B
2024,8,00-0037614,J.Metchie,WR,HOU,3.475410283204435,5.9,1,2026-09-17T22:42:15.070668,B
2024,8,00-0037664,A.Pierce,WR,IND,7.899671234408556,2.1,1,2026-09-17T22:42:15.070668,B
2024,8,00-0037666,J.Tolbert,WR,DAL,9.081063672968638,7.4,1,2026-09-17T22:42:15.070668,B
2024,8,00-0037740,G.Wilson,WR,NYJ,16.472506395669388,16.3,1,2026-09-17T22:42:15.070668,B
2024,8,00-0037741,J.Dotson,WR,PHI,7.087397619438683,0.0,1,2026-09-17T22:42:15.070668,B
2024,8,00-0037801,K.Turpin,WR,DAL,5.548904092345535,3.7,1,2026-09-17T22:42:15.070668,B
2024,8,00-0037816,R.Doubs,WR,GB,11.756840825128569,10.2,1,2026-09-17T22:42:15.070668,B
2024,8,00-0037837,C.Austin,WR,PIT,5.443367291201291,14.4,1,2026-09-17T22:42:15.070668,B
2024,8,00-0038104,T.Thornton,WR,NE,-1.3829744694013053,4.0,1,2026-09-17T22:42:15.070668,B
2024,8,00-0038117,W.Robinson,WR,NYG,11.575399157311912,8.0,1,2026-09-17T22:42:15.070668,B
2024,8,00-0038124,C.Watson,WR,GB,7.705284161793013,7.9,1,2026-09-17T22:42:15.070668,B
2024,8,00-0038359,X.Smith,WR,LA,1.7869992942159518,0.0,1,2026-09-17T22:42:15.070668,B
2024,8,00-0038393,D.Wicks,WR,GB,7.221832810253774,3.1,1,2026-09-17T22:42:15.070668,B
2024,8,00-0038465,M.Heath,WR,GB,2.043323026409479,0.0,1,2026-09-17T22:42:15.070668,B
2024,8,00-0038496,X.Gipson,WR,NYJ,1.0903619507900721,7.1,1,2026-09-17T22:42:15.070668,B
2024,8,00-0038543,J.Smith-Njigba,WR,SEA,9.149292640766589,12.9,1,2026-09-17T22:42:15.070668,B
2024,8,00-0038559,Mi.Wilson,WR,ARI,8.372010085200841,14.1,1,2026-09-17T22:42:15.070668,B
2024,8,00-0038563,T.Tucker,WR,LV,7.185944167043304,5.3,1,2026-09-17T22:42:15.070668,B
2024,8,00-0038576,C.Jones,WR,CIN,1.7281368187252335,0.0,1,2026-09-17T22:42:15.070668,B
2024,8,00-0038590,Justin Shorter,WR,LV,-0.18734378918958594,0.0,1,2026-09-17T22:42:15.070668,B
2024,8,00-0038606,P.Washington,WR,JAX,2.100117895258345,7.6,1,2026-09-17T22:42:15.070668,B
2024,8,00-0038608,K.Boutte,WR,NE,6.0785221052774085,7.6,1,2026-09-17T22:42:15.070668,B
2024,8,00-0038618,X.Hutchinson,WR,HOU,5.280963810828467,2.9,1,2026-09-17T22:42:15.070668,B
2024,8,00-0038619,A.Iosivas,WR,CIN,6.065845317833864,0.0,1,2026-09-17T22:42:15.070668,B
2024,8,00-0038621,D.Douglas,WR,NE,8.094609075847911,3.2,1,2026-09-17T22:42:15.070668,B
2024,8,00-0038640,J.Brooks,WR,DAL,4.645757414430184,0.0,1,2026-09-17T22:42:15.070668,B
2024,8,00-0038647,R.Bell,WR,SF,2.0480734724640133,0.0,1,2026-09-17T22:42:15.070668,B
2024,8,00-0038752,J.Bobo,WR,SEA,2.775510029036277,2.5,1,2026-09-17T22:42:15.070668,B
2024,8,00-0038821,R.Jarrett,WR,TB,1.0017478163438227,8.8,1,2026-09-17T22:42:15.070668,B
2024,8,00-0038824,R.Miller,WR,TB,1.888921886035134,4.9,1,2026-09-17T22:42:15.070668,B
2024,8,00-0038976,M.Mims,WR,DEN,4.942867342753281,1.8,1,2026-09-17T22:42:15.070668,B
2024,8,00-0038977,T.Dell,WR,HOU,12.78643391242051,13.5,1,2026-09-17T22:42:15.070668,B
2024,8,00-0038979,C.Tillman,WR,CLE,6.4005024439432425,28.9,1,2026-09-17T22:42:15.070668,B
2024,8,00-0038994,J.Addison,WR,MIN,11.517782169713966,4.2,1,2026-09-17T22:42:15.070668,B
2024,8,00-0038997,J.Downs,WR,IND,11.332702790285005,20.9,1,2026-09-17T22:42:15.070668,B
2024,8,00-0039052,T.Palmer,WR,TB,6.187915114289808,4.9,1,2026-09-17T22:42:15.070668,B
2024,8,00-0039062,J.Mingo,WR,CAR,1.7647854556220706,0.0,1,2026-09-17T22:42:15.070668,B
2024,8,00-0039064,Z.Flowers,WR,BAL,12.960910897660423,18.5,1,2026-09-17T22:42:15.070668,B
2024,8,00-0039075,P.Nacua,WR,LA,11.771897447672613,18.1,1,2026-09-17T22:42:15.070668,B
2024,8,00-0039146,J.Reed,WR,GB,11.852250404479614,7.5,1,2026-09-17T22:42:15.070668,B
2024,8,00-0039236,J.Wilson,WR,PHI,1.5534677886214965,0.0,1,2026-09-17T22:42:15.070668,B
2024,8,00-0039337,M.Nabers,WR,NYG,17.189454909875337,14.1,1,2026-09-17T22:42:15.070668,B
2024,8,00-0039342,X.Legette,WR,CAR,7.333350132052894,13.4,1,2026-09-17T22:42:15.070668,B
2024,8,00-0039355,L.McCaffrey,WR,WAS,2.928517714719865,1.8,1,2026-09-17T22:42:15.070668,B
2024,8,00-0039365,J.Cowing,WR,SF,4.314713855977611,0.0,1,2026-09-17T22:42:15.070668,B
2024,8,00-0039386,B.Means,WR,NO,7.758535520569407,4.6,1,2026-09-17T22:42:15.070668,B
2024,8,00-0039392,J.Jackson,WR,TEN,1.5749853988695115,0.0,1,2026-09-17T22:42:15.070668,B
2024,8,00-0039410,R.Flournoy,WR,DAL,0.670097745353547,0.0,1,2026-09-17T22:42:15.070668,B
2024,8,00-0039424,D.Vele,WR,DEN,7.254679085319092,5.8,1,2026-09-17T22:42:15.070668,B
2024,8,00-0039451,I.Williams,WR,DET,4.2670249271707075,2.6,1,2026-09-17T22:42:15.070668,B
2024,8,00-0039491,J.Coker,WR,CAR,2.724738503269248,17.8,1,2026-09-17T22:42:15.070668,B
2024,8,00-0039623,M.Tipton,WR,NO,7.28644833527289,3.4,1,2026-09-17T22:42:15.070668,B
2024,8,00-0039747,A.Smith,WR,PHI,3.7358163152198145,0.0,1,2026-09-17T22:42:15.070668,B
2024,8,00-0039810,J.Burton,WR,CIN,1.679662129384556,5.1,1,2026-09-17T22:42:15.070668,B
2024,8,00-0039849,M.Harrison,WR,ARI,10.553872555290212,23.1,1,2026-09-17T22:42:15.070668,B
2024,8,00-0039855,J.McMillan,WR,TB,4.461600815894853,9.2,1,2026-09-17T22:42:15.070668,B
2024,8,00-0039868,T.Franklin,WR,DEN,8.103478209436274,1.9,1,2026-09-17T22:42:15.070668,B
2024,8,00-0039880,M.Washington,WR,MIA,2.2586275051917823,0.0,1,2026-09-17T22:42:15.070668,B
2024,8,00-0039890,A.Mitchell,WR,IND,5.726057832615249,1.9,1,2026-09-17T22:42:15.070668,B
2024,8,00-0039893,Bri.Thomas,WR,JAX,12.342289115342613,15.0,1,2026-09-17T22:42:15.070668,B
2024,8,00-0039894,X.Worthy,WR,KC,10.210597343772257,13.7,1,2026-09-17T22:42:15.070668,B
2024,8,00-0039901,K.Coleman,WR,BUF,10.007198989855613,18.0,1,2026-09-17T22:42:15.070668,B
2024,8,00-0039915,L.McConkey,WR,LAC,11.56436627349944,29.1,1,2026-09-17T22:42:15.070668,B
2024,8,00-0039916,R.Pearsall,WR,SF,8.172914714155041,11.7,1,2026-09-17T22:42:15.070668,B
2024,8,00-0039919,R.Odunze,WR,CHI,8.96364241221779,8.4,1,2026-09-17T22:42:15.070668,B
2024,8,00-0039920,M.Corley,WR,NYJ,2.0947998511560506,0.0,1,2026-09-17T22:42:15.070668,B
2024,8,00-0024243,M.Lewis,TE,CHI,0.33418243793890934,0.0,1,2026-09-17T22:42:15.070668,B
2024,8,00-0030061,Z.Ertz,TE,WAS,8.645604789669957,14.7,1,2026-09-17T22:42:15.070668,B
2024,8,00-0030506,T.Kelce,TE,KC,14.575745233176681,25.0,1,2026-09-17T22:42:15.070668,B
2024,8,00-0031484,C.Manhertz,TE,NYG,-0.3129147341231482,0.0,1,2026-09-17T22:42:15.070668,B
2024,8,00-0031585,M.Pruitt,TE,PIT,2.0451942336848523,2.0,1,2026-09-17T22:42:15.070668,B
2024,8,00-0031690,E.Tomlinson,TE,LAC,0.7609366483033906,0.0,1,2026-09-17T22:42:15.070668,B
2024,8,00-0032141,G.Swaim,TE,CLE,-0.8314812302646937,1.7,1,2026-09-17T22:42:15.070668,B
2024,8,00-0032392,A.Hooper,TE,NE,2.7091979750118025,4.5,1,2026-09-17T22:42:15.070668,B
2024,8,00-0032394,N.Vannett,TE,TEN,1.7729375080827197,0.0,1,2026-09-17T22:42:15.070668,B
2024,8,00-0033090,H.Henry,TE,NE,9.225388763470654,9.5,1,2026-09-17T22:42:15.070668,B
2024,8,00-0033217,M.Alie-Cox,TE,IND,4.841980091630523,0.0,1,2026-09-17T22:42:15.070668,B
2024,8,00-0033246,J.Mundt,TE,MIN,3.4198197863822046,2.0,1,2026-09-17T22:42:15.070668,B
2024,8,00-0033288,G.Kittle,TE,SF,13.14591658093582,24.8,1,2026-09-17T22:42:15.070668,B
2024,8,00-0033439,P.Brown,TE,SEA,0.8158898719027654,0.0,1,2026-09-17T22:42:15.070668,B
2024,8,00-0033455,A.Firkser,TE,NYJ,-0.23525545105496626,0.0,1,2026-09-17T22:42:15.070668,B
2024,8,00-0033576,E.Saubert,TE,SF,0.6004364817850432,0.0,1,2026-09-17T22:42:15.070668,B
2024,8,00-0033757,R.Tonyan,TE,MIN,0.0306753795258361,0.0,1,2026-09-17T22:42:15.070668,B
2024,8,00-0033858,J.Smith,TE,MIA,8.796616040304315,6.0,1,2026-09-17T22:42:15.070668,B
2024,8,00-0033881,E.Engram,TE,JAX,12.263221092437178,13.6,1,2026-09-17T22:42:15.070668,B
2024,8,00-0033885,D.Njoku,TE,CLE,12.326898951432334,17.1,1,2026-09-17T22:42:15.070668,B
2024,8,00-0033895,G.Everett,TE,CHI,3.7891167167701054,1.3,1,2026-09-17T22:42:15.070668,B
2024,8,00-0034073,R.Dwelley,TE,ATL,0.16446766161007886,0.0,1,2026-09-17T22:42:15.070668,B
2024,8,00-0034159,W.Dissly,TE,LAC,7.970859669775075,9.1,1,2026-09-17T22:42:15.070668,B
2024,8,00-0034270,T.Conklin,TE,NYJ,6.779292853185241,13.2,1,2026-09-17T22:42:15.070668,B
2024,8,00-0034364,J.Akins,TE,CLE,2.3105807317516693,0.0,1,2026-09-17T22:42:15.070668,B
2024,8,00-0034365,I.Thomas,TE,CAR,2.6218806751889403,0.0,1,2026-09-17T22:42:15.070668,B
2024,8,00-0034383,D.Schultz,TE,HOU,9.040580507847366,9.2,1,2026-09-17T22:42:15.070668,B
2024,8,00-0034613,T.Hudson,TE,CIN,2.1199386343462225,0.0,1,2026-09-17T22:42:15.070668,B
2024,8,00-0034753,M.Andrews,TE,BAL,9.824310453809144,14.6,1,2026-09-17T22:42:15.070668,B
2024,8,00-0034798,D.Smythe,TE,MIA,1.7045093739322272,0.0,1,2026-09-17T22:42:15.070668,B
2024,8,00-0034829,M.Gesicki,TE,CIN,3.278258896599014,12.3,1,2026-09-17T22:42:15.070668,B
2024,8,00-0034981,F.Moreau,TE,NO,4.701509656355333,0.0,1,2026-09-17T22:42:15.070668,B
2024,8,00-0035249,J.Oliver,TE,MIN,3.331721801931799,11.0,1,2026-09-17T22:42:15.070668,B
2024,8,00-0035547,J.Fortson,TE,KC,0.5046664041839071,0.0,1,2026-09-17T22:42:15.070668,B
2024,8,00-0035631,D.Sample,TE,CIN,2.4507928083925012,0.0,1,2026-09-17T22:42:15.070668,B
2024,8,00-0035644,N.Fant,TE,SEA,6.26858628813522,5.2,1,2026-09-17T22:42:15.070668,B
2024,8,00-0035689,D.Knox,TE,BUF,3.49214131411844,7.0,1,2026-09-17T22:42:15.070668,B
2024,8,00-0036040,J.Johnson,TE,NO,6.828382070577129,7.8,1,2026-09-17T22:42:15.070668,B
2024,8,00-0036244,C.Parkinson,TE,LA,7.170901539916333,3.7,1,2026-09-17T22:42:15.070668,B
2024,8,00-0036290,C.Kmet,TE,CHI,9.581443207038308,4.4,1,2026-09-17T22:42:15.070668,B
2024,8,00-0036332,J.Deguara,TE,JAX,0.24281500609118556,0.0,1,2026-09-17T22:42:15.070668,B
2024,8,00-0036422,A.Trautman,TE,DEN,4.469148044862026,18.5,1,2026-09-17T22:42:15.070668,B
2024,8,00-0036429,C.Woerner,TE,ATL,0.4267453785753812,2.3,1,2026-09-17T22:42:15.070668,B
2024,8,00-0036534,S.Zylstra,TE,DET,2.745519339192342,0.0,1,2026-09-17T22:42:15.070668,B
2024,8,00-0036590,Q.Morris,TE,BUF,-0.6209571421995284,0.0,1,2026-09-17T22:42:15.070668,B
2024,8,00-0036628,J.Bates,TE,WAS,0.9133011985675923,3.0,1,2026-09-17T22:42:15.070668,B
2024,8,00-0036637,N.Gray,TE,KC,5.778370415544795,5.3,1,2026-09-17T22:42:15.070668,B
2024,8,00-0036741,J.Stoll,TE,PHI,1.5074805617294817,1.6,1,2026-09-17T22:42:15.070668,B
2024,8,00-0036754,B.Wright,TE,DET,3.00318062201112,7.8,1,2026-09-17T22:42:15.070668,B
2024,8,00-0036876,K.Granson,TE,IND,2.816094551483967,1.4,1,2026-09-17T22:42:15.070668,B
2024,8,00-0036887,L.Farrell,TE,JAX,2.0618605653854862,0.0,1,2026-09-17T22:42:15.070668,B
2024,8,00-0036894,P.Freiermuth,TE,PIT,7.691298972398078,3.9,1,2026-09-17T22:42:15.070668,B
2024,8,00-0036970,K.Pitts,TE,ATL,10.969965184239024,25.1,1,2026-09-17T22:42:15.070668,B
2024,8,00-0037004,H.Long,TE,LA,0.9652480273461488,2.8,1,2026-09-17T22:42:15.070668,B
2024,8,00-0037005,T.Tremble,TE,CAR,2.615546164543929,3.3,1,2026-09-17T22:42:15.070668,B
2024,8,00-0037086,G.Calcaterra,TE,PHI,4.3368814513359935,8.8,1,2026-09-17T22:42:15.070668,B
2024,8,00-0037112,J.Tonges,TE,SF,0.43633726664187034,0.0,1,2026-09-17T22:42:15.070668,B
2024,8,00-0037277,T.Quitoriano,TE,HOU,0.5242849289848781,0.0,1,2026-09-17T22:42:15.070668,B
2024,8,00-0037292,A.Ogletree,TE,IND,2.8088081216590908,0.0,1,2026-09-17T22:42:15.070668,B
2024,8,00-0037306,J.FitzPatrick,TE,GB,-0.21336595776548695,0.0,1,2026-09-17T22:42:15.070668,B
2024,8,00-0037311,K.Kieft,TE,TB,-0.631306142721602,0.0,1,2026-09-17T22:42:15.070668,B
2024,8,00-0037475,S.Smartt,TE,LAC,1.1229010135686885,0.0,1,2026-09-17T22:42:15.070668,B
2024,8,00-0037539,L.Krull,TE,DEN,4.414364215110227,3.8,1,2026-09-17T22:42:15.070668,B
2024,8,00-0037744,T.McBride,TE,ARI,12.710542762061557,21.4,1,2026-09-17T22:42:15.070668,B
2024,8,00-0037805,J.Ruckert,TE,NYJ,1.542908101935914,4.4,1,2026-09-17T22:42:15.070668,B
2024,8,00-0037809,C.Okonkwo,TE,TEN,6.252336551749261,1.4,1,2026-09-17T22:42:15.070668,B
2024,8,00-0037838,I.Likely,TE,BAL,6.3198897930286755,8.7,1,2026-09-17T22:42:15.070668,B
2024,8,00-0038041,J.Ferguson,TE,DAL,10.405264171635684,8.3,1,2026-09-17T22:42:15.070668,B
2024,8,00-0038046,C.Kolar,TE,BAL,2.4365915124399207,1.9,1,2026-09-17T22:42:15.070668,B
2024,8,00-0038115,D.Bellinger,TE,NYG,1.7505339835127933,0.0,1,2026-09-17T22:42:15.070668,B
2024,8,00-0038129,C.Otton,TE,TB,9.587677538611892,29.1,1,2026-09-17T22:42:15.070668,B
2024,8,00-0038394,W.Mallory,TE,IND,1.429883192542968,0.0,1,2026-09-17T22:42:15.070668,B
2024,8,00-0038547,L.Schoonmaker,TE,DAL,2.6246631075538036,0.0,1,2026-09-17T22:42:15.070668,B
2024,8,00-0038558,D.Washington,TE,PIT,4.325006719410156,3.9,1,2026-09-17T22:42:15.070668,B
2024,8,00-0038589,J.Whyle,TE,TEN,2.6303862069095514,5.3,1,2026-09-17T22:42:15.070668,B
2024,8,00-0038643,B.Willis,TE,SF,0.347820927067942,0.0,1,2026-09-17T22:42:15.070668,B
2024,8,00-0038720,J.Hill,TE,MIA,1.719835773572087,4.1,1,2026-09-17T22:42:15.070668,B
2024,8,00-0038783,N.Adkins,TE,DEN,1.7730042215686606,7.3,1,2026-09-17T22:42:15.070668,B
2024,8,00-0038809,B.Sims,TE,GB,2.3216877605227273,0.0,1,2026-09-17T22:42:15.070668,B
2024,8,00-0038920,J.Shenker,TE,LV,1.0817251623950157,1.7,1,2026-09-17T22:42:15.070668,B
2024,8,00-0038933,D.Kincaid,TE,BUF,10.239856325937188,13.1,1,2026-09-17T22:42:15.070668,B
2024,8,00-0038935,B.Strange,TE,JAX,3.651130190458127,10.9,1,2026-09-17T22:42:15.070668,B
2024,8,00-0038996,T.Kraft,TE,GB,8.747084020411608,16.8,1,2026-09-17T22:42:15.070668,B
2024,8,00-0039041,E.Higgins,TE,ARI,1.1535333169432285,3.3,1,2026-09-17T22:42:15.070668,B
2024,8,00-0039050,P.Durham,TE,TB,0.9618222213995931,0.0,1,2026-09-17T22:42:15.070668,B
2024,8,00-0039065,S.LaPorta,TE,DET,10.35689676055727,16.8,1,2026-09-17T22:42:15.070668,B
2024,8,00-0039074,D.Allen,TE,LA,0.9783101432904289,0.0,1,2026-09-17T22:42:15.070668,B
2024,8,00-0039338,B.Bowers,TE,LV,15.125435066390432,10.8,1,2026-09-17T22:42:15.070668,B
2024,8,00-0039356,J.Sanders,TE,CAR,8.493102312047926,1.7,1,2026-09-17T22:42:15.070668,B
2024,8,00-0039359,C.Stover,TE,HOU,3.102214050377901,3.9,1,2026-09-17T22:42:15.070668,B
2024,8,00-0039420,J.Bell,TE,NE,-1.3596846925153452,0.0,1,2026-09-17T22:42:15.070668,B
2024,8,00-0039530,B.Spann-Ford,TE,DAL,1.5912803813627425,0.0,1,2026-09-17T22:42:15.070668,B
2024,8,00-0039737,T.Reiman,TE,ARI,1.913393304878109,0.0,1,2026-09-17T22:42:15.070668,B
2024,8,00-0039754,D.Culp,TE,TB,-0.18656374131143938,0.0,1,2026-09-17T22:42:15.070668,B
2024,8,00-0039793,A.Barner,TE,SEA,1.96470076882123,5.4,1,2026-09-17T22:42:15.070668,B
2024,8,00-0039814,E.All,TE,CIN,3.976754020276062,5.2,1,2026-09-17T22:42:15.070668,B
2024,8,00-0039824,J.Wiley,TE,KC,0.27725492009957353,0.0,1,2026-09-17T22:42:15.070668,B
2024,8,00-0039847,T.Johnson,TE,NYG,5.3109830462445675,6.5,1,2026-09-17T22:42:15.070668,B
2024,8,00-0039912,B.Sinnott,TE,WAS,2.5363017596851005,0.0,1,2026-09-17T22:42:15.070668,B
2024,9,00-0031687,R.Mostert,RB,MIA,10.453557644074367,8.8,1,2026-09-17T22:42:15.070668,B
2024,9,00-0032104,A.Abdullah,RB,LV,3.262379948913007,5.6,1,2026-09-17T22:42:15.070668,B
2024,9,00-0032764,D.Henry,RB,BAL,16.163240786005925,26.3,1,2026-09-17T22:42:15.070668,B
2024,9,00-0033293,A.Jones,RB,MIN,14.488411212198251,12.2,1,2026-09-17T22:42:15.070668,B
2024,9,00-0033526,S.Perine,RB,KC,5.420652846383742,13.5,1,2026-09-17T22:42:15.070668,B
2024,9,00-0033553,J.Conner,RB,ARI,15.53048264355185,14.9,1,2026-09-17T22:42:15.070668,B
2024,9,00-0033699,A.Ekeler,RB,WAS,10.295630054790283,17.3,1,2026-09-17T22:42:15.070668,B
2024,9,00-0033854,D.Ogunbowale,RB,HOU,1.2111364073383672,-0.1,1,2026-09-17T22:42:15.070668,B
2024,9,00-0033893,D.Cook,RB,DAL,3.7733877084192295,0.8,1,2026-09-17T22:42:15.070668,B
2024,9,00-0033897,J.Mixon,RB,HOU,17.892781559963645,16.6,1,2026-09-17T22:42:15.070668,B
2024,9,00-0033906,A.Kamara,RB,NO,17.99231171309392,27.5,1,2026-09-17T22:42:15.070668,B
2024,9,00-0033923,K.Hunt,RB,KC,14.397353541761118,18.7,1,2026-09-17T22:42:15.070668,B
2024,9,00-0033955,J.McNichols,RB,WAS,2.7522123006184005,2.0,1,2026-09-17T22:42:15.070668,B
2024,9,00-0034791,N.Chubb,RB,CLE,11.50658906524428,4.5,1,2026-09-17T22:42:15.070668,B
2024,9,00-0034844,S.Barkley,RB,PHI,17.151451873136352,32.9,1,2026-09-17T22:42:15.070668,B
2024,9,00-0034972,A.Mattison,RB,LV,11.97009305276637,3.6,1,2026-09-17T22:42:15.070668,B
2024,9,00-0034975,J.Hill,RB,BAL,7.383521300157612,8.8,1,2026-09-17T22:42:15.070668,B
2024,9,00-0035243,M.Sanders,RB,CAR,6.934566424091687,1.0,1,2026-09-17T22:42:15.070668,B
2024,9,00-0035250,D.Singletary,RB,NYG,7.097772119401052,3.3,1,2026-09-17T22:42:15.070668,B
2024,9,00-0035261,T.Pollard,RB,TEN,14.25220173826075,18.4,1,2026-09-17T22:42:15.070668,B
2024,9,00-0035291,T.Williams,RB,CIN,1.7678356793192043,0.0,1,2026-09-17T22:42:15.070668,B
2024,9,00-0035537,T.Johnson,RB,BUF,3.2714173006237814,2.3,1,2026-09-17T22:42:15.070668,B
2024,9,00-0035567,C.Reynolds,RB,DET,2.91482234649974,0.0,1,2026-09-17T22:42:15.070668,B
2024,9,00-0035628,D.Johnson,RB,JAX,4.885742628537547,0.6,1,2026-09-17T22:42:15.070668,B
2024,9,00-0035685,D.Montgomery,RB,DET,12.523486185549501,12.6,1,2026-09-17T22:42:15.070668,B
2024,9,00-0035700,J.Jacobs,RB,GB,14.170328908710426,12.8,1,2026-09-17T22:42:15.070668,B
2024,9,00-0035806,J.Hasty,RB,NE,5.33263075325055,0.7,1,2026-09-17T22:42:15.070668,B
2024,9,00-0036096,J.Taylor,RB,HOU,3.8160444465250833,2.3,1,2026-09-17T22:42:15.070668,B
2024,9,00-0036139,R.Dowdle,RB,DAL,8.830918957226748,21.7,1,2026-09-17T22:42:15.070668,B
2024,9,00-0036158,J.Dobbins,RB,LAC,15.558773930741088,24.5,1,2026-09-17T22:42:15.070668,B
2024,9,00-0036223,J.Taylor,RB,IND,16.045611400394186,8.9,1,2026-09-17T22:42:15.070668,B
2024,9,00-0036275,D.Swift,RB,CHI,15.380184769054804,14.2,1,2026-09-17T22:42:15.070668,B
2024,9,00-0036328,A.Gibson,RB,NE,7.072939860196098,2.1,1,2026-09-17T22:42:15.070668,B
2024,9,00-0036414,C.Akers,RB,MIN,3.5336845582295817,7.3,1,2026-09-17T22:42:15.070668,B
2024,9,00-0036425,D.Dallas,RB,ARI,1.3879140636240024,0.2,1,2026-09-17T22:42:15.070668,B
2024,9,00-0036555,C.Hubbard,RB,CAR,12.856369608484666,21.2,1,2026-09-17T22:42:15.070668,B
2024,9,00-0036875,R.Stevenson,RB,NE,16.74583562060834,22.4,1,2026-09-17T22:42:15.070668,B
2024,9,00-0036919,K.Gainwell,RB,PHI,5.14424452876864,2.0,1,2026-09-17T22:42:15.070668,B
2024,9,00-0036950,A.Williams,RB,ATL,3.457452475479693,0.0,1,2026-09-17T22:42:15.070668,B
2024,9,00-0036973,T.Etienne,RB,JAX,8.74376295764973,5.0,1,2026-09-17T22:42:15.070668,B
2024,9,00-0036984,T.Sermon,RB,IND,3.820788211298572,2.3,1,2026-09-17T22:42:15.070668,B
2024,9,00-0036997,J.Williams,RB,DEN,12.44412860765615,10.4,1,2026-09-17T22:42:15.070668,B
2024,9,00-0037120,T.Goodson,RB,IND,5.14848686631947,0.0,1,2026-09-17T22:42:15.070668,B
2024,9,00-0037248,J.Cook,RB,BUF,15.092773085805462,11.9,1,2026-09-17T22:42:15.070668,B
2024,9,00-0037256,R.White,RB,TB,11.705190388338794,12.5,1,2026-09-17T22:42:15.070668,B
2024,9,00-0037263,T.Allgeier,RB,ATL,9.221657485310345,7.8,1,2026-09-17T22:42:15.070668,B
2024,9,00-0037267,J.Ford,RB,CLE,7.516149201039303,1.7,1,2026-09-17T22:42:15.070668,B
2024,9,00-0037429,R.Blackshear,RB,CAR,1.5520963069464484,0.0,1,2026-09-17T22:42:15.070668,B
2024,9,00-0037594,J.Chestnut,RB,TEN,3.3854457377972667,2.2,1,2026-09-17T22:42:15.070668,B
2024,9,00-0037840,K.Williams,RB,LA,16.988726414966948,10.5,1,2026-09-17T22:42:15.070668,B
2024,9,00-0038040,Z.White,RB,LV,2.497434642986309,7.0,1,2026-09-17T22:42:15.070668,B
2024,9,00-0038098,P.Strong,RB,CLE,4.912936985538629,0.8,1,2026-09-17T22:42:15.070668,B
2024,9,00-0038120,B.Hall,RB,NYJ,16.858161970045032,10.5,1,2026-09-17T22:42:15.070668,B
2024,9,00-0038134,K.Walker,RB,SEA,14.914452138627631,13.7,1,2026-09-17T22:42:15.070668,B
2024,9,00-0038542,Bi.Robinson,RB,ATL,18.267855529424974,21.5,1,2026-09-17T22:42:15.070668,B
2024,9,00-0038555,T.Bigsby,RB,JAX,10.446270394714176,2.2,1,2026-09-17T22:42:15.070668,B
2024,9,00-0038597,C.Brown,RB,CIN,12.40980013166644,26.7,1,2026-09-17T22:42:15.070668,B
2024,9,00-0038611,C.Rodriguez,RB,WAS,7.406557013994493,5.2,1,2026-09-17T22:42:15.070668,B
2024,9,00-0038678,J.Mims,RB,NO,3.474303155243259,4.8,1,2026-09-17T22:42:15.070668,B
2024,9,00-0038685,C.Brooks,RB,GB,2.5828973553277947,7.1,1,2026-09-17T22:42:15.070668,B
2024,9,00-0038705,E.Demercado,RB,ARI,4.5035533341881635,16.0,1,2026-09-17T22:42:15.070668,B
2024,9,00-0038794,J.McLaughlin,RB,DEN,4.603807353993178,5.0,1,2026-09-17T22:42:15.070668,B
2024,9,00-0038797,E.Wilson,RB,GB,4.273043370990279,9.9,1,2026-09-17T22:42:15.070668,B
2024,9,00-0038951,S.Tucker,RB,TB,7.073481449401544,2.7,1,2026-09-17T22:42:15.070668,B
2024,9,00-0039021,R.Johnson,RB,CHI,5.670587186207422,4.1,1,2026-09-17T22:42:15.070668,B
2024,9,00-0039040,D.Achane,RB,MIA,14.560956302515699,32.1,1,2026-09-17T22:42:15.070668,B
2024,9,00-0039139,J.Gibbs,RB,DET,14.469341290428346,14.6,1,2026-09-17T22:42:15.070668,B
2024,9,00-0039165,Z.Charbonnet,RB,SEA,7.471153892034846,5.3,1,2026-09-17T22:42:15.070668,B
2024,9,00-0039244,C.Collier,RB,BAL,3.5965043154629823,0.0,1,2026-09-17T22:42:15.070668,B
2024,9,00-0039266,K.Milton,RB,CIN,3.391166472563028,0.0,1,2026-09-17T22:42:15.070668,B
2024,9,00-0039325,C.Steele,RB,KC,5.299514562597811,0.9,1,2026-09-17T22:42:15.070668,B
2024,9,00-0039361,B.Irving,RB,TB,9.253236391637788,6.4,1,2026-09-17T22:42:15.070668,B
2024,9,00-0039373,A.Estime,RB,DEN,1.183020312105592,3.5,1,2026-09-17T22:42:15.070668,B
2024,9,00-0039384,T.Tracy,RB,NYG,12.076365070666782,7.9,1,2026-09-17T22:42:15.070668,B
2024,9,00-0039391,K.Vidal,RB,LAC,4.690274198677983,0.7,1,2026-09-17T22:42:15.070668,B
2024,9,00-0039738,B.Corum,RB,LA,6.578297497749864,-0.1,1,2026-09-17T22:42:15.070668,B
2024,9,00-0039746,W.Shipley,RB,PHI,2.2637886544515835,0.0,1,2026-09-17T22:42:15.070668,B
2024,9,00-0039794,B.Allen,RB,NYJ,4.422695835582398,0.9,1,2026-09-17T22:42:15.070668,B
2024,9,00-0039874,J.Wright,RB,MIA,5.198586962054426,1.8,1,2026-09-17T22:42:15.070668,B
2024,9,00-0039875,R.Davis,RB,BUF,8.407646764835762,17.0,1,2026-09-17T22:42:15.070668,B
2024,9,00-0039921,T.Benson,RB,ARI,4.045172392696564,12.5,1,2026-09-17T22:42:15.070668,B
2024,9,00-0030279,K.Allen,WR,CHI,14.289933630907235,7.6,1,2026-09-17T22:42:15.070668,B
2024,9,00-0030431,R.Woods,WR,HOU,3.3100593636825923,6.4,1,2026-09-17T22:42:15.070668,B
2024,9,00-0030564,D.Hopkins,WR,KC,7.901965790604682,28.6,1,2026-09-17T22:42:15.070668,B
2024,9,00-0031235,O.Beckham,WR,MIA,1.768828192231414,4.5,1,2026-09-17T22:42:15.070668,B
2024,9,00-0031381,D.Adams,WR,NYJ,12.47511873722912,22.1,1,2026-09-17T22:42:15.070668,B
2024,9,00-0031428,A.Robinson,WR,DET,1.3518197632080495,1.2,1,2026-09-17T22:42:15.070668,B
2024,9,00-0031549,N.Agholor,WR,BAL,5.42982852708529,3.9,1,2026-09-17T22:42:15.070668,B
2024,9,00-0032211,T.Lockett,WR,SEA,9.959881015319047,15.3,1,2026-09-17T22:42:15.070668,B
2024,9,00-0032385,S.Shepard,WR,TB,3.1757610183778135,10.9,1,2026-09-17T22:42:15.070668,B
2024,9,00-0032464,K.Raymond,WR,DET,5.6859966824199955,1.0,1,2026-09-17T22:42:15.070668,B
2024,9,00-0032775,D.Robinson,WR,LA,5.821057827688486,27.4,1,2026-09-17T22:42:15.070668,B
2024,9,00-0033009,T.Boyd,WR,TEN,7.315794738117039,0.3,1,2026-09-17T22:42:15.070668,B
2024,9,00-0033040,T.Hill,WR,MIA,13.454656756119999,12.0,1,2026-09-17T22:42:15.070668,B
2024,9,00-0033251,Z.Pascal,WR,ARI,0.3911531386980869,0.0,1,2026-09-17T22:42:15.070668,B
2024,9,00-0033282,C.Samuel,WR,BUF,5.110423150211444,0.0,1,2026-09-17T22:42:15.070668,B
2024,9,00-0033307,K.Bourne,WR,NE,6.317558608817339,8.1,1,2026-09-17T22:42:15.070668,B
2024,9,00-0033375,T.Patrick,WR,DET,4.891208412049155,3.2,1,2026-09-17T22:42:15.070668,B
2024,9,00-0033536,M.Williams,WR,NYJ,7.18153149614812,1.6,1,2026-09-17T22:42:15.070668,B
2024,9,00-0033555,M.Hollins,WR,BUF,3.9171978071569065,14.0,1,2026-09-17T22:42:15.070668,B
2024,9,00-0033589,D.Moore,WR,CAR,4.036921193853832,4.0,1,2026-09-17T22:42:15.070668,B
2024,9,00-0033591,N.Brown,WR,WAS,7.104015656958713,11.0,1,2026-09-17T22:42:15.070668,B
2024,9,00-0033891,Z.Jones,WR,ARI,5.3723486425254094,0.0,1,2026-09-17T22:42:15.070668,B
2024,9,00-0033908,C.Kupp,WR,LA,13.684002192951437,21.4,1,2026-09-17T22:42:15.070668,B
2024,9,00-0034272,M.Valdes-Scantling,WR,NO,0.5134320744821119,1.5,1,2026-09-17T22:42:15.070668,B
2024,9,00-0034348,C.Sutton,WR,DEN,11.492803734163665,23.3,1,2026-09-17T22:42:15.070668,B
2024,9,00-0034386,J.Watson,WR,KC,5.342185136336608,7.3,1,2026-09-17T22:42:15.070668,B
2024,9,00-0034407,R.McCloud,WR,ATL,7.181746573521259,12.5,1,2026-09-17T22:42:15.070668,B
2024,9,00-0034418,C.Wilson,WR,NO,7.652523923546669,5.4,1,2026-09-17T22:42:15.070668,B
2024,9,00-0034487,T.Sherfield,WR,MIN,0.1424945041621264,1.7,1,2026-09-17T22:42:15.070668,B
2024,9,00-0034646,B.Powell,WR,MIN,1.8065728736067106,1.9,1,2026-09-17T22:42:15.070668,B
2024,9,00-0034827,D.Moore,WR,CHI,14.044415346749322,7.3,1,2026-09-17T22:42:15.070668,B
2024,9,00-0034837,C.Ridley,WR,TEN,13.671109739942525,12.3,1,2026-09-17T22:42:15.070668,B
2024,9,00-0034854,K.Hodge,WR,ATL,1.4570526568892115,1.9,1,2026-09-17T22:42:15.070668,B
2024,9,00-0034928,S.Sims,WR,HOU,0.8103024501615836,0.0,1,2026-09-17T22:42:15.070668,B
2024,9,00-0034960,J.Meyers,WR,LV,12.855634751254339,18.5,1,2026-09-17T22:42:15.070668,B
2024,9,00-0035021,A.Dulin,WR,IND,1.3829948868073298,1.7,1,2026-09-17T22:42:15.070668,B
2024,9,00-0035140,M.Hardman,WR,KC,4.826461515598142,4.7,1,2026-09-17T22:42:15.070668,B
2024,9,00-0035208,O.Zaccheaus,WR,WAS,4.4786569062239785,6.8,1,2026-09-17T22:42:15.070668,B
2024,9,00-0035216,D.Johnson,WR,BAL,10.642914376521885,0.0,1,2026-09-17T22:42:15.070668,B
2024,9,00-0035341,T.Irwin,WR,CIN,1.0756247049429621,0.0,1,2026-09-17T22:42:15.070668,B
2024,9,00-0035406,L.Humphrey,WR,DEN,3.0987378414663738,3.1,1,2026-09-17T22:42:15.070668,B
2024,9,00-0035500,G.Dortch,WR,ARI,5.325947566399874,0.0,1,2026-09-17T22:42:15.070668,B
2024,9,00-0035535,D.Slayton,WR,NYG,10.487724685825015,9.0,1,2026-09-17T22:42:15.070668,B
2024,9,00-0035659,T.McLaurin,WR,WAS,11.936824974324487,15.9,1,2026-09-17T22:42:15.070668,B
2024,9,00-0035676,A.Brown,WR,PHI,17.90905285698646,5.6,1,2026-09-17T22:42:15.070668,B
2024,9,00-0035891,C.White,WR,SEA,0.8652851006491806,6.4,1,2026-09-17T22:42:15.070668,B
2024,9,00-0036182,N.Westbrook-Ikhine,WR,TEN,6.299501603912758,16.0,1,2026-09-17T22:42:15.070668,B
2024,9,00-0036219,M.Callaway,WR,TB,-1.3118970841502327,0.0,1,2026-09-17T22:42:15.070668,B
2024,9,00-0036252,M.Pittman,WR,IND,11.340290862065661,2.4,1,2026-09-17T22:42:15.070668,B
2024,9,00-0036268,L.Shenault,WR,SEA,2.1963384343030237,0.0,1,2026-09-17T22:42:15.070668,B
2024,9,00-0036309,D.Mooney,WR,ATL,11.091938980336366,19.8,1,2026-09-17T22:42:15.070668,B
2024,9,00-0036322,J.Jefferson,WR,MIN,18.89683645120929,21.6,1,2026-09-17T22:42:15.070668,B
2024,9,00-0036358,C.Lamb,WR,DAL,20.205785340406372,16.2,1,2026-09-17T22:42:15.070668,B
2024,9,00-0036387,J.Reagor,WR,LAC,2.1891272917210403,1.0,1,2026-09-17T22:42:15.070668,B
2024,9,00-0036407,J.Jeudy,WR,CLE,9.301569189628882,14.3,1,2026-09-17T22:42:15.070668,B
2024,9,00-0036427,T.Johnson,WR,LA,5.597149683066197,6.8,1,2026-09-17T22:42:15.070668,B
2024,9,00-0036497,T.Jones,WR,JAX,0.5570108190729721,2.0,1,2026-09-17T22:42:15.070668,B
2024,9,00-0036527,D.Turner,WR,LV,4.656745944663162,0.0,1,2026-09-17T22:42:15.070668,B
2024,9,00-0036550,R.Bateman,WR,BAL,10.30015618707807,5.5,1,2026-09-17T22:42:15.070668,B
2024,9,00-0036613,J.Waddle,WR,MIA,10.165943726135865,7.6,1,2026-09-17T22:42:15.070668,B
2024,9,00-0036620,D.Eskridge,WR,MIA,-0.7532965318866713,0.0,1,2026-09-17T22:42:15.070668,B
2024,9,00-0036626,D.Brown,WR,WAS,2.1049865089232025,3.4,1,2026-09-17T22:42:15.070668,B
2024,9,00-0036630,T.Wallace,WR,BAL,0.7507941906334654,0.0,1,2026-09-17T22:42:15.070668,B
2024,9,00-0036635,I.Smith-Marsette,WR,NYG,2.487807562107096,0.0,1,2026-09-17T22:42:15.070668,B
2024,9,00-0036646,S.Fehoko,WR,LAC,5.0220610067672204,0.0,1,2026-09-17T22:42:15.070668,B
2024,9,00-0036841,A.Trammell,WR,JAX,-0.1494565698680672,6.0,1,2026-09-17T22:42:15.070668,B
2024,9,00-0036849,T.Atwell,WR,LA,5.647266081266636,2.6,1,2026-09-17T22:42:15.070668,B
2024,9,00-0036900,J.Chase,WR,CIN,17.224042064229113,11.3,1,2026-09-17T22:42:15.070668,B
2024,9,00-0036912,D.Smith,WR,PHI,13.640740093699401,18.7,1,2026-09-17T22:42:15.070668,B
2024,9,00-0036963,A.St. Brown,WR,DET,13.2716967106308,18.6,1,2026-09-17T22:42:15.070668,B
2024,9,00-0036980,E.Moore,WR,CLE,8.786978700040315,5.8,1,2026-09-17T22:42:15.070668,B
2024,9,00-0036988,J.Palmer,WR,LAC,7.990045874600715,14.3,1,2026-09-17T22:42:15.070668,B
2024,9,00-0037091,B.Melton,WR,GB,1.788311015844065,2.9,1,2026-09-17T22:42:15.070668,B
2024,9,00-0037093,D.Young,WR,SEA,1.020645124944103,0.0,1,2026-09-17T22:42:15.070668,B
2024,9,00-0037216,J.Ross,WR,KC,3.119181890539136,0.0,1,2026-09-17T22:42:15.070668,B
2024,9,00-0037238,D.London,WR,ATL,14.914281561086355,10.7,1,2026-09-17T22:42:15.070668,B
2024,9,00-0037239,C.Olave,WR,NO,11.151523777016823,2.3,1,2026-09-17T22:42:15.070668,B
2024,9,00-0037261,K.Shakir,WR,BUF,9.861293954426515,11.0,1,2026-09-17T22:42:15.070668,B
2024,9,00-0037291,J.Nailor,WR,MIN,5.019663281832353,7.7,1,2026-09-17T22:42:15.070668,B
2024,9,00-0037387,J.Virgil,WR,BUF,0.4151554536977047,0.0,1,2026-09-17T22:42:15.070668,B
2024,9,00-0037422,K.Pryor,WR,CIN,2.4011592531050248,1.9,1,2026-09-17T22:42:15.070668,B
2024,9,00-0037487,D.Thompkins,WR,CAR,-0.7951852160541568,-0.2,1,2026-09-17T22:42:15.070668,B
2024,9,00-0037614,J.Metchie,WR,HOU,2.8768516299381517,0.0,1,2026-09-17T22:42:15.070668,B
2024,9,00-0037664,A.Pierce,WR,IND,7.492685527761644,7.1,1,2026-09-17T22:42:15.070668,B
2024,9,00-0037666,J.Tolbert,WR,DAL,9.281919309382252,10.9,1,2026-09-17T22:42:15.070668,B
2024,9,00-0037740,G.Wilson,WR,NYJ,15.195822859432115,30.0,1,2026-09-17T22:42:15.070668,B
2024,9,00-0037741,J.Dotson,WR,PHI,5.988552893421468,4.6,1,2026-09-17T22:42:15.070668,B
2024,9,00-0037801,K.Turpin,WR,DAL,6.007984025110751,6.6,1,2026-09-17T22:42:15.070668,B
2024,9,00-0037816,R.Doubs,WR,GB,10.942164109390443,6.8,1,2026-09-17T22:42:15.070668,B
2024,9,00-0038117,W.Robinson,WR,NYG,10.654515035426526,4.0,1,2026-09-17T22:42:15.070668,B
2024,9,00-0038124,C.Watson,WR,GB,8.992795098077387,8.7,1,2026-09-17T22:42:15.070668,B
2024,9,00-0038359,X.Smith,WR,LA,0.9768773944829974,0.0,1,2026-09-17T22:42:15.070668,B
2024,9,00-0038393,D.Wicks,WR,GB,4.733555827002695,0.0,1,2026-09-17T22:42:15.070668,B
2024,9,00-0038496,X.Gipson,WR,NYJ,2.0637460641621326,0.0,1,2026-09-17T22:42:15.070668,B
2024,9,00-0038543,J.Smith-Njigba,WR,SEA,10.95634673577784,37.0,1,2026-09-17T22:42:15.070668,B
2024,9,00-0038544,Q.Johnston,WR,LAC,6.532144720067956,22.0,1,2026-09-17T22:42:15.070668,B
2024,9,00-0038559,Mi.Wilson,WR,ARI,9.041504642876893,0.0,1,2026-09-17T22:42:15.070668,B
2024,9,00-0038563,T.Tucker,WR,LV,6.807724186964983,2.5,1,2026-09-17T22:42:15.070668,B
2024,9,00-0038573,D.Davis,WR,LAC,2.7720073047842098,0.0,1,2026-09-17T22:42:15.070668,B
2024,9,00-0038590,Justin Shorter,WR,LV,0.03866989241240404,0.0,1,2026-09-17T22:42:15.070668,B
2024,9,00-0038606,P.Washington,WR,JAX,4.728440313231234,7.1,1,2026-09-17T22:42:15.070668,B
2024,9,00-0038608,K.Boutte,WR,NE,5.742643841492981,3.8,1,2026-09-17T22:42:15.070668,B
2024,9,00-0038618,X.Hutchinson,WR,HOU,3.357226981363195,0.0,1,2026-09-17T22:42:15.070668,B
2024,9,00-0038619,A.Iosivas,WR,CIN,6.032633766783574,8.0,1,2026-09-17T22:42:15.070668,B
2024,9,00-0038621,D.Douglas,WR,NE,7.120927046551447,10.5,1,2026-09-17T22:42:15.070668,B
2024,9,00-0038640,J.Brooks,WR,DAL,4.863165234223002,4.6,1,2026-09-17T22:42:15.070668,B
2024,9,00-0038667,E.Cooks,WR,JAX,1.5038324478833722,0.0,1,2026-09-17T22:42:15.070668,B
2024,9,00-0038752,J.Bobo,WR,SEA,5.020146821570459,0.0,1,2026-09-17T22:42:15.070668,B
2024,9,00-0038821,R.Jarrett,WR,TB,2.305714127131112,1.9,1,2026-09-17T22:42:15.070668,B
2024,9,00-0038824,R.Miller,WR,TB,1.826845095222481,7.1,1,2026-09-17T22:42:15.070668,B
2024,9,00-0038938,J.Hyatt,WR,NYG,2.3792475058879443,0.0,1,2026-09-17T22:42:15.070668,B
2024,9,00-0038941,T.Scott,WR,CHI,0.3831232087152685,0.0,1,2026-09-17T22:42:15.070668,B
2024,9,00-0038976,M.Mims,WR,DEN,4.5104317746150215,1.4,1,2026-09-17T22:42:15.070668,B
2024,9,00-0038977,T.Dell,WR,HOU,11.659190921312703,18.6,1,2026-09-17T22:42:15.070668,B
2024,9,00-0038979,C.Tillman,WR,CLE,9.425774856327648,19.5,1,2026-09-17T22:42:15.070668,B
2024,9,00-0038994,J.Addison,WR,MIN,11.096172172756356,16.1,1,2026-09-17T22:42:15.070668,B
2024,9,00-0038997,J.Downs,WR,IND,10.843576182932022,12.0,1,2026-09-17T22:42:15.070668,B
2024,9,00-0039052,T.Palmer,WR,TB,6.457181793657186,5.3,1,2026-09-17T22:42:15.070668,B
2024,9,00-0039062,J.Mingo,WR,CAR,3.161016556159348,0.0,1,2026-09-17T22:42:15.070668,B
2024,9,00-0039064,Z.Flowers,WR,BAL,14.134840554650246,29.7,1,2026-09-17T22:42:15.070668,B
2024,9,00-0039075,P.Nacua,WR,LA,12.357717517517731,2.1,1,2026-09-17T22:42:15.070668,B
2024,9,00-0039146,J.Reed,WR,GB,9.03892991368829,16.3,1,2026-09-17T22:42:15.070668,B
2024,9,00-0039236,J.Wilson,WR,PHI,0.9960065752746434,0.0,1,2026-09-17T22:42:15.070668,B
2024,9,00-0039337,M.Nabers,WR,NYG,16.755509451525988,14.9,1,2026-09-17T22:42:15.070668,B
2024,9,00-0039342,X.Legette,WR,CAR,7.973058822096868,13.9,1,2026-09-17T22:42:15.070668,B
2024,9,00-0039355,L.McCaffrey,WR,WAS,1.8339123030310338,0.0,1,2026-09-17T22:42:15.070668,B
2024,9,00-0039379,J.Thrash,WR,CLE,0.4667436732123571,0.0,1,2026-09-17T22:42:15.070668,B
2024,9,00-0039392,J.Jackson,WR,TEN,1.0989978795484792,1.3,1,2026-09-17T22:42:15.070668,B
2024,9,00-0039410,R.Flournoy,WR,DAL,1.20273224356606,2.3,1,2026-09-17T22:42:15.070668,B
2024,9,00-0039424,D.Vele,WR,DEN,4.782855763567333,3.1,1,2026-09-17T22:42:15.070668,B
2024,9,00-0039451,I.Williams,WR,DET,3.5138794208309116,0.0,1,2026-09-17T22:42:15.070668,B
2024,9,00-0039491,J.Coker,WR,CAR,3.292503448764676,5.6,1,2026-09-17T22:42:15.070668,B
2024,9,00-0039543,R.Keyton,WR,LV,1.867529958145142,1.7,1,2026-09-17T22:42:15.070668,B
2024,9,00-0039614,J.Jackson,WR,NO,1.8870970312295867,-0.1,1,2026-09-17T22:42:15.070668,B
2024,9,00-0039623,M.Tipton,WR,NO,6.961794146356523,0.0,1,2026-09-17T22:42:15.070668,B
2024,9,00-0039650,B.Oliver,WR,TEN,1.5400086427995827,0.0,1,2026-09-17T22:42:15.070668,B
2024,9,00-0039747,A.Smith,WR,PHI,1.4977923565905673,1.2,1,2026-09-17T22:42:15.070668,B
2024,9,00-0039792,D.Walker,WR,BAL,4.627638627784648,0.0,1,2026-09-17T22:42:15.070668,B
2024,9,00-0039849,M.Harrison,WR,ARI,12.878644122000892,3.4,1,2026-09-17T22:42:15.070668,B
2024,9,00-0039853,J.Baker,WR,NE,-0.33034744128763993,0.0,1,2026-09-17T22:42:15.070668,B
2024,9,00-0039868,T.Franklin,WR,DEN,6.6987798304882915,2.9,1,2026-09-17T22:42:15.070668,B
2024,9,00-0039880,M.Washington,WR,MIA,2.244006832339637,0.9,1,2026-09-17T22:42:15.070668,B
2024,9,00-0039890,A.Mitchell,WR,IND,5.620070240917119,3.2,1,2026-09-17T22:42:15.070668,B
2024,9,00-0039893,Bri.Thomas,WR,JAX,10.448869052509513,4.2,1,2026-09-17T22:42:15.070668,B
2024,9,00-0039894,X.Worthy,WR,KC,10.225609772510015,-1.0,1,2026-09-17T22:42:15.070668,B
2024,9,00-0039901,K.Coleman,WR,BUF,11.066507265688392,3.1,1,2026-09-17T22:42:15.070668,B
2024,9,00-0039907,J.Polk,WR,NE,4.342086927593096,0.0,1,2026-09-17T22:42:15.070668,B
2024,9,00-0039915,L.McConkey,WR,LAC,10.859864534514099,11.4,1,2026-09-17T22:42:15.070668,B
2024,9,00-0039919,R.Odunze,WR,CHI,10.01267700510545,15.4,1,2026-09-17T22:42:15.070668,B
2024,9,00-0039920,M.Corley,WR,NYJ,1.8154490565210795,1.8,1,2026-09-17T22:42:15.070668,B
2024,9,00-0024243,M.Lewis,TE,CHI,0.13780103632885332,0.0,1,2026-09-17T22:42:15.070668,B
2024,9,00-0030061,Z.Ertz,TE,WAS,9.94062942337947,1.5,1,2026-09-17T22:42:15.070668,B
2024,9,00-0030506,T.Kelce,TE,KC,15.558608042973287,22.0,1,2026-09-17T22:42:15.070668,B
2024,9,00-0031299,J.Matthews,TE,CAR,1.5831720334901287,0.0,1,2026-09-17T22:42:15.070668,B
2024,9,00-0031484,C.Manhertz,TE,NYG,-0.08143847929706549,7.2,1,2026-09-17T22:42:15.070668,B
2024,9,00-0031690,E.Tomlinson,TE,LAC,0.31014396015288703,1.2,1,2026-09-17T22:42:15.070668,B
2024,9,00-0032141,G.Swaim,TE,CLE,-0.2552449544893678,0.0,1,2026-09-17T22:42:15.070668,B
2024,9,00-0032392,A.Hooper,TE,NE,3.560779437059826,1.8,1,2026-09-17T22:42:15.070668,B
2024,9,00-0032394,N.Vannett,TE,TEN,1.434864891955356,11.3,1,2026-09-17T22:42:15.070668,B
2024,9,00-0033090,H.Henry,TE,NE,10.033116211293892,12.6,1,2026-09-17T22:42:15.070668,B
2024,9,00-0033217,M.Alie-Cox,TE,IND,4.123900523897633,0.0,1,2026-09-17T22:42:15.070668,B
2024,9,00-0033246,J.Mundt,TE,MIN,3.8591302796474665,0.0,1,2026-09-17T22:42:15.070668,B
2024,9,00-0033439,P.Brown,TE,SEA,1.5362163457495588,0.0,1,2026-09-17T22:42:15.070668,B
2024,9,00-0033858,J.Smith,TE,MIA,10.540540792199673,9.6,1,2026-09-17T22:42:15.070668,B
2024,9,00-0033881,E.Engram,TE,JAX,12.641156299358325,11.5,1,2026-09-17T22:42:15.070668,B
2024,9,00-0033885,D.Njoku,TE,CLE,13.321829235594613,7.9,1,2026-09-17T22:42:15.070668,B
2024,9,00-0033895,G.Everett,TE,CHI,4.369367365980409,1.5,1,2026-09-17T22:42:15.070668,B
2024,9,00-0034073,R.Dwelley,TE,ATL,0.13511915271264296,0.0,1,2026-09-17T22:42:15.070668,B
2024,9,00-0034159,W.Dissly,TE,LAC,8.524896255199296,2.9,1,2026-09-17T22:42:15.070668,B
2024,9,00-0034270,T.Conklin,TE,NYJ,6.484761824523128,0.7,1,2026-09-17T22:42:15.070668,B
2024,9,00-0034364,J.Akins,TE,CLE,1.9186855028394643,6.2,1,2026-09-17T22:42:15.070668,B
2024,9,00-0034365,I.Thomas,TE,CAR,1.140517991988098,0.0,1,2026-09-17T22:42:15.070668,B
2024,9,00-0034383,D.Schultz,TE,HOU,8.293046873404629,5.1,1,2026-09-17T22:42:15.070668,B
2024,9,00-0034613,T.Hudson,TE,CIN,1.5377758165485238,3.4,1,2026-09-17T22:42:15.070668,B
2024,9,00-0034753,M.Andrews,TE,BAL,10.551351306185545,4.6,1,2026-09-17T22:42:15.070668,B
2024,9,00-0034798,D.Smythe,TE,MIA,1.7830832678336224,1.4,1,2026-09-17T22:42:15.070668,B
2024,9,00-0034829,M.Gesicki,TE,CIN,5.068902731981285,27.0,1,2026-09-17T22:42:15.070668,B
2024,9,00-0034830,H.Hurst,TE,LAC,2.962533320764172,1.6,1,2026-09-17T22:42:15.070668,B
2024,9,00-0034981,F.Moreau,TE,NO,5.109199370178271,8.7,1,2026-09-17T22:42:15.070668,B
2024,9,00-0035229,T.Hockenson,TE,MIN,11.269028792571483,5.7,1,2026-09-17T22:42:15.070668,B
2024,9,00-0035249,J.Oliver,TE,MIN,4.208111187745214,16.8,1,2026-09-17T22:42:15.070668,B
2024,9,00-0035631,D.Sample,TE,CIN,1.94919393496003,11.4,1,2026-09-17T22:42:15.070668,B
2024,9,00-0035689,D.Knox,TE,BUF,4.701600104943706,1.5,1,2026-09-17T22:42:15.070668,B
2024,9,00-0036040,J.Johnson,TE,NO,5.852267196897341,6.1,1,2026-09-17T22:42:15.070668,B
2024,9,00-0036232,H.Bryant,TE,LV,1.8409268457153787,4.2,1,2026-09-17T22:42:15.070668,B
2024,9,00-0036244,C.Parkinson,TE,LA,6.134394488033232,0.0,1,2026-09-17T22:42:15.070668,B
2024,9,00-0036290,C.Kmet,TE,CHI,8.444769123976588,0.0,1,2026-09-17T22:42:15.070668,B
2024,9,00-0036332,J.Deguara,TE,JAX,-0.5284137397895501,0.0,1,2026-09-17T22:42:15.070668,B
2024,9,00-0036422,A.Trautman,TE,DEN,5.435060479149748,1.4,1,2026-09-17T22:42:15.070668,B
2024,9,00-0036429,C.Woerner,TE,ATL,1.931957769746516,0.0,1,2026-09-17T22:42:15.070668,B
2024,9,00-0036510,K.Yeboah,TE,NYJ,2.6393184489569874,2.2,1,2026-09-17T22:42:15.070668,B
2024,9,00-0036534,S.Zylstra,TE,DET,1.9651765569997637,0.0,1,2026-09-17T22:42:15.070668,B
2024,9,00-0036590,Q.Morris,TE,BUF,0.04140456853745089,7.2,1,2026-09-17T22:42:15.070668,B
2024,9,00-0036628,J.Bates,TE,WAS,1.0715061356259126,0.0,1,2026-09-17T22:42:15.070668,B
2024,9,00-0036637,N.Gray,TE,KC,5.725088109843713,0.0,1,2026-09-17T22:42:15.070668,B
2024,9,00-0036741,J.Stoll,TE,PHI,1.416157665038539,0.0,1,2026-09-17T22:42:15.070668,B
2024,9,00-0036754,B.Wright,TE,DET,1.874335834789088,1.1,1,2026-09-17T22:42:15.070668,B
2024,9,00-0036876,K.Granson,TE,IND,3.3608223716961483,3.2,1,2026-09-17T22:42:15.070668,B
2024,9,00-0036887,L.Farrell,TE,JAX,0.41561868370341415,1.5,1,2026-09-17T22:42:15.070668,B
2024,9,00-0036970,K.Pitts,TE,ATL,10.615856527177012,2.1,1,2026-09-17T22:42:15.070668,B
2024,9,00-0037004,H.Long,TE,LA,1.7806926983376177,1.4,1,2026-09-17T22:42:15.070668,B
2024,9,00-0037086,G.Calcaterra,TE,PHI,6.117943018321129,8.0,1,2026-09-17T22:42:15.070668,B
2024,9,00-0037277,T.Quitoriano,TE,HOU,0.1397015720391268,0.0,1,2026-09-17T22:42:15.070668,B
2024,9,00-0037292,A.Ogletree,TE,IND,2.6721280329902375,0.0,1,2026-09-17T22:42:15.070668,B
2024,9,00-0037306,J.FitzPatrick,TE,GB,-0.33625520283443855,0.0,1,2026-09-17T22:42:15.070668,B
2024,9,00-0037311,K.Kieft,TE,TB,-0.5853814925613188,0.0,1,2026-09-17T22:42:15.070668,B
2024,9,00-0037539,L.Krull,TE,DEN,4.10211553864427,0.0,1,2026-09-17T22:42:15.070668,B
2024,9,00-0037569,P.Hendershot,TE,KC,-0.4869080440103861,1.9,1,2026-09-17T22:42:15.070668,B
2024,9,00-0037744,T.McBride,TE,ARI,14.056337945154949,12.7,1,2026-09-17T22:42:15.070668,B
2024,9,00-0037805,J.Ruckert,TE,NYJ,2.513213427238222,1.4,1,2026-09-17T22:42:15.070668,B
2024,9,00-0037809,C.Okonkwo,TE,TEN,5.900938363590391,6.8,1,2026-09-17T22:42:15.070668,B
2024,9,00-0037838,I.Likely,TE,BAL,7.527996466332131,0.0,1,2026-09-17T22:42:15.070668,B
2024,9,00-0038041,J.Ferguson,TE,DAL,9.966817329857555,14.1,1,2026-09-17T22:42:15.070668,B
2024,9,00-0038046,C.Kolar,TE,BAL,1.8619171084016557,0.0,1,2026-09-17T22:42:15.070668,B
2024,9,00-0038115,D.Bellinger,TE,NYG,1.3908799754392143,0.0,1,2026-09-17T22:42:15.070668,B
2024,9,00-0038129,C.Otton,TE,TB,11.383879679114216,21.7,1,2026-09-17T22:42:15.070668,B
2024,9,00-0038394,W.Mallory,TE,IND,2.1968678226251774,0.0,1,2026-09-17T22:42:15.070668,B
2024,9,00-0038498,E.Jenkins,TE,PHI,0.6346976783375782,0.0,1,2026-09-17T22:42:15.070668,B
2024,9,00-0038547,L.Schoonmaker,TE,DAL,1.4301059012681447,0.0,1,2026-09-17T22:42:15.070668,B
2024,9,00-0038589,J.Whyle,TE,TEN,3.0038317723151158,2.2,1,2026-09-17T22:42:15.070668,B
2024,9,00-0038783,N.Adkins,TE,DEN,1.8831869090538156,0.0,1,2026-09-17T22:42:15.070668,B
2024,9,00-0038809,B.Sims,TE,GB,1.8038454786010334,0.0,1,2026-09-17T22:42:15.070668,B
2024,9,00-0038933,D.Kincaid,TE,BUF,10.55303645648618,7.2,1,2026-09-17T22:42:15.070668,B
2024,9,00-0038935,B.Strange,TE,JAX,3.29281761907479,0.0,1,2026-09-17T22:42:15.070668,B
2024,9,00-0038996,T.Kraft,TE,GB,7.146056308772081,7.6,1,2026-09-17T22:42:15.070668,B
2024,9,00-0039041,E.Higgins,TE,ARI,1.8259498828586875,5.4,1,2026-09-17T22:42:15.070668,B
2024,9,00-0039050,P.Durham,TE,TB,0.8404742438619337,0.0,1,2026-09-17T22:42:15.070668,B
2024,9,00-0039065,S.LaPorta,TE,DET,9.999383031948522,4.8,1,2026-09-17T22:42:15.070668,B
2024,9,00-0039074,D.Allen,TE,LA,1.5439951327738104,1.5,1,2026-09-17T22:42:15.070668,B
2024,9,00-0039338,B.Bowers,TE,LV,14.026059367886639,15.5,1,2026-09-17T22:42:15.070668,B
2024,9,00-0039356,J.Sanders,TE,CAR,5.753016638866322,12.7,1,2026-09-17T22:42:15.070668,B
2024,9,00-0039359,C.Stover,TE,HOU,2.8401218915441895,0.0,1,2026-09-17T22:42:15.070668,B
2024,9,00-0039420,J.Bell,TE,NE,-0.6389014582837191,1.1,1,2026-09-17T22:42:15.070668,B
2024,9,00-0039530,B.Spann-Ford,TE,DAL,2.0774997659168806,0.0,1,2026-09-17T22:42:15.070668,B
2024,9,00-0039613,D.Holker,TE,NO,1.3935607877237728,0.0,1,2026-09-17T22:42:15.070668,B
2024,9,00-0039737,T.Reiman,TE,ARI,1.9130959637373874,0.0,1,2026-09-17T22:42:15.070668,B
2024,9,00-0039793,A.Barner,TE,SEA,3.298009054060909,6.7,1,2026-09-17T22:42:15.070668,B
2024,9,00-0039814,E.All,TE,CIN,3.8362031415285607,4.4,1,2026-09-17T22:42:15.070668,B
2024,9,00-0039847,T.Johnson,TE,NYG,5.3530669222934115,14.1,1,2026-09-17T22:42:15.070668,B
2024,9,00-0039912,B.Sinnott,TE,WAS,1.7167119554969883,2.2,1,2026-09-17T22:42:15.070668,B
2024,10,00-0030578,C.Patterson,RB,PIT,5.096661800623807,1.4,1,2026-09-17T22:42:15.070668,B
2024,10,00-0031687,R.Mostert,RB,MIA,8.982481517520943,5.4,1,2026-09-17T22:42:15.070668,B
2024,10,00-0032764,D.Henry,RB,BAL,16.268370767287315,14.1,1,2026-09-17T22:42:15.070668,B
2024,10,00-0033045,E.Elliott,RB,DAL,7.519219781126693,0.2,1,2026-09-17T22:42:15.070668,B
2024,10,00-0033280,C.McCaffrey,RB,SF,25.537018798524176,16.7,1,2026-09-17T22:42:15.070668,B
2024,10,00-0033293,A.Jones,RB,MIN,14.85600330376649,12.1,1,2026-09-17T22:42:15.070668,B
2024,10,00-0033526,S.Perine,RB,KC,6.045943748590515,5.7,1,2026-09-17T22:42:15.070668,B
2024,10,00-0033553,J.Conner,RB,ARI,14.194379012936242,22.3,1,2026-09-17T22:42:15.070668,B
2024,10,00-0033699,A.Ekeler,RB,WAS,9.877544152335863,18.1,1,2026-09-17T22:42:15.070668,B
2024,10,00-0033854,D.Ogunbowale,RB,HOU,3.490175947073575,1.1,1,2026-09-17T22:42:15.070668,B
2024,10,00-0033897,J.Mixon,RB,HOU,16.332894543927,17.0,1,2026-09-17T22:42:15.070668,B
2024,10,00-0033906,A.Kamara,RB,NO,20.221293293620533,15.9,1,2026-09-17T22:42:15.070668,B
2024,10,00-0033923,K.Hunt,RB,KC,13.72536640338006,17.0,1,2026-09-17T22:42:15.070668,B
2024,10,00-0033955,J.McNichols,RB,WAS,4.766727154395317,6.7,1,2026-09-17T22:42:15.070668,B
2024,10,00-0034184,G.Edwards,RB,LAC,5.585348521898123,5.5,1,2026-09-17T22:42:15.070668,B
2024,10,00-0034844,S.Barkley,RB,PHI,18.227456974225348,8.8,1,2026-09-17T22:42:15.070668,B
2024,10,00-0034975,J.Hill,RB,BAL,7.232532369477084,1.8,1,2026-09-17T22:42:15.070668,B
2024,10,00-0035243,M.Sanders,RB,CAR,6.263815871838746,0.5,1,2026-09-17T22:42:15.070668,B
2024,10,00-0035250,D.Singletary,RB,NYG,7.59858088003906,5.5,1,2026-09-17T22:42:15.070668,B
2024,10,00-0035261,T.Pollard,RB,TEN,14.02713112522816,10.3,1,2026-09-17T22:42:15.070668,B
2024,10,00-0035291,T.Williams,RB,CIN,0.6328005692982561,0.0,1,2026-09-17T22:42:15.070668,B
2024,10,00-0035537,T.Johnson,RB,BUF,3.639372180566534,6.2,1,2026-09-17T22:42:15.070668,B
2024,10,00-0035628,D.Johnson,RB,JAX,2.2549995472383113,0.0,1,2026-09-17T22:42:15.070668,B
2024,10,00-0035685,D.Montgomery,RB,DET,13.304617910302694,12.6,1,2026-09-17T22:42:15.070668,B
2024,10,00-0035806,J.Hasty,RB,NE,4.300876705936334,3.4,1,2026-09-17T22:42:15.070668,B
2024,10,00-0036096,J.Taylor,RB,HOU,2.6116542371805362,0.0,1,2026-09-17T22:42:15.070668,B
2024,10,00-0036139,R.Dowdle,RB,DAL,11.627605085449275,8.6,1,2026-09-17T22:42:15.070668,B
2024,10,00-0036158,J.Dobbins,RB,LAC,16.62801662563089,8.5,1,2026-09-17T22:42:15.070668,B
2024,10,00-0036223,J.Taylor,RB,IND,15.837063139726231,14.2,1,2026-09-17T22:42:15.070668,B
2024,10,00-0036275,D.Swift,RB,CHI,14.979321253757028,7.5,1,2026-09-17T22:42:15.070668,B
2024,10,00-0036328,A.Gibson,RB,NE,4.343137860613576,2.6,1,2026-09-17T22:42:15.070668,B
2024,10,00-0036414,C.Akers,RB,MIN,5.8607041336599135,5.7,1,2026-09-17T22:42:15.070668,B
2024,10,00-0036425,D.Dallas,RB,ARI,1.4910578708240845,1.0,1,2026-09-17T22:42:15.070668,B
2024,10,00-0036555,C.Hubbard,RB,CAR,12.181417327304107,24.9,1,2026-09-17T22:42:15.070668,B
2024,10,00-0036875,R.Stevenson,RB,NE,14.804517676105704,8.7,1,2026-09-17T22:42:15.070668,B
2024,10,00-0036893,N.Harris,RB,PIT,14.126271924871176,11.3,1,2026-09-17T22:42:15.070668,B
2024,10,00-0036906,K.Herbert,RB,CIN,-0.1754084030450258,0.0,1,2026-09-17T22:42:15.070668,B
2024,10,00-0036919,K.Gainwell,RB,PHI,6.014597852837353,4.9,1,2026-09-17T22:42:15.070668,B
2024,10,00-0036973,T.Etienne,RB,JAX,8.529883212517575,5.3,1,2026-09-17T22:42:15.070668,B
2024,10,00-0036984,T.Sermon,RB,IND,3.876635257243872,1.4,1,2026-09-17T22:42:15.070668,B
2024,10,00-0036997,J.Williams,RB,DEN,11.542542792386888,2.7,1,2026-09-17T22:42:15.070668,B
2024,10,00-0037120,T.Goodson,RB,IND,3.4868434774887076,8.9,1,2026-09-17T22:42:15.070668,B
2024,10,00-0037228,J.Warren,RB,PIT,8.570223165409535,9.5,1,2026-09-17T22:42:15.070668,B
2024,10,00-0037248,J.Cook,RB,BUF,14.572315618022099,15.5,1,2026-09-17T22:42:15.070668,B
2024,10,00-0037256,R.White,RB,TB,10.575397619173618,19.0,1,2026-09-17T22:42:15.070668,B
2024,10,00-0037263,T.Allgeier,RB,ATL,6.740662913256741,5.9,1,2026-09-17T22:42:15.070668,B
2024,10,00-0037276,T.Chandler,RB,MIN,2.946045128094646,1.8,1,2026-09-17T22:42:15.070668,B
2024,10,00-0037304,C.Heyward,RB,PIT,1.7874109931556426,0.0,1,2026-09-17T22:42:15.070668,B
2024,10,00-0037429,R.Blackshear,RB,CAR,0.695553857187754,0.0,1,2026-09-17T22:42:15.070668,B
2024,10,00-0037525,J.Mason,RB,SF,8.837976076638494,0.5,1,2026-09-17T22:42:15.070668,B
2024,10,00-0037617,H.Haskins,RB,LAC,3.349550018255245,6.4,1,2026-09-17T22:42:15.070668,B
2024,10,00-0037840,K.Williams,RB,LA,18.00318984189036,11.2,1,2026-09-17T22:42:15.070668,B
2024,10,00-0038120,B.Hall,RB,NYJ,16.323294315840148,12.3,1,2026-09-17T22:42:15.070668,B
2024,10,00-0038396,E.Gray,RB,NYG,3.1744847638227895,0.0,1,2026-09-17T22:42:15.070668,B
2024,10,00-0038454,K.Mitchell,RB,BAL,9.227586055781462,0.0,1,2026-09-17T22:42:15.070668,B
2024,10,00-0038542,Bi.Robinson,RB,ATL,19.157166424300264,29.4,1,2026-09-17T22:42:15.070668,B
2024,10,00-0038555,T.Bigsby,RB,JAX,9.660444989498323,0.4,1,2026-09-17T22:42:15.070668,B
2024,10,00-0038597,C.Brown,RB,CIN,13.426221333847014,22.4,1,2026-09-17T22:42:15.070668,B
2024,10,00-0038611,C.Rodriguez,RB,WAS,6.881090392514493,0.4,1,2026-09-17T22:42:15.070668,B
2024,10,00-0038678,J.Mims,RB,NO,2.8507256046860423,2.4,1,2026-09-17T22:42:15.070668,B
2024,10,00-0038705,E.Demercado,RB,ARI,4.054904481214839,2.2,1,2026-09-17T22:42:15.070668,B
2024,10,00-0038794,J.McLaughlin,RB,DEN,4.772066115406436,1.2,1,2026-09-17T22:42:15.070668,B
2024,10,00-0039021,R.Johnson,RB,CHI,6.724077608758847,1.1,1,2026-09-17T22:42:15.070668,B
2024,10,00-0039032,T.Spears,RB,TEN,5.576760251277386,8.1,1,2026-09-17T22:42:15.070668,B
2024,10,00-0039040,D.Achane,RB,MIA,19.196810208064754,10.2,1,2026-09-17T22:42:15.070668,B
2024,10,00-0039139,J.Gibbs,RB,DET,14.605056034486186,12.8,1,2026-09-17T22:42:15.070668,B
2024,10,00-0039325,C.Steele,RB,KC,4.830846513669354,0.3,1,2026-09-17T22:42:15.070668,B
2024,10,00-0039361,B.Irving,RB,TB,8.342210039867716,17.7,1,2026-09-17T22:42:15.070668,B
2024,10,00-0039363,I.Guerendo,RB,SF,12.796875226160264,0.0,1,2026-09-17T22:42:15.070668,B
2024,10,00-0039373,A.Estime,RB,DEN,1.3906191673670047,5.3,1,2026-09-17T22:42:15.070668,B
2024,10,00-0039384,T.Tracy,RB,NYG,12.680857547826939,15.4,1,2026-09-17T22:42:15.070668,B
2024,10,00-0039738,B.Corum,RB,LA,6.0322559614601445,2.5,1,2026-09-17T22:42:15.070668,B
2024,10,00-0039746,W.Shipley,RB,PHI,1.972107988400274,3.4,1,2026-09-17T22:42:15.070668,B
2024,10,00-0039794,B.Allen,RB,NYJ,4.660438038750608,4.4,1,2026-09-17T22:42:15.070668,B
2024,10,00-0039798,I.Davis,RB,NYJ,1.9698889308619556,2.0,1,2026-09-17T22:42:15.070668,B
2024,10,00-0039874,J.Wright,RB,MIA,5.056516442402092,0.3,1,2026-09-17T22:42:15.070668,B
2024,10,00-0039875,R.Davis,RB,BUF,4.987063740436272,0.6,1,2026-09-17T22:42:15.070668,B
2024,10,00-0039921,T.Benson,RB,ARI,5.627997730343232,10.7,1,2026-09-17T22:42:15.070668,B
2024,10,00-0030279,K.Allen,WR,CHI,13.408359207237766,9.4,1,2026-09-17T22:42:15.070668,B
2024,10,00-0030431,R.Woods,WR,HOU,5.227787232479196,1.1,1,2026-09-17T22:42:15.070668,B
2024,10,00-0030564,D.Hopkins,WR,KC,8.552322306968298,9.6,1,2026-09-17T22:42:15.070668,B
2024,10,00-0031235,O.Beckham,WR,MIA,4.0057824505506385,3.7,1,2026-09-17T22:42:15.070668,B
2024,10,00-0031381,D.Adams,WR,NYJ,13.870080660795894,9.1,1,2026-09-17T22:42:15.070668,B
2024,10,00-0031428,A.Robinson,WR,DET,1.5704091854723687,0.0,1,2026-09-17T22:42:15.070668,B
2024,10,00-0031549,N.Agholor,WR,BAL,4.955110738858978,7.6,1,2026-09-17T22:42:15.070668,B
2024,10,00-0031763,D.Carter,WR,CHI,0.1357520684252549,1.5,1,2026-09-17T22:42:15.070668,B
2024,10,00-0032385,S.Shepard,WR,TB,4.527694496809534,2.0,1,2026-09-17T22:42:15.070668,B
2024,10,00-0032464,K.Raymond,WR,DET,6.072498326681684,0.0,1,2026-09-17T22:42:15.070668,B
2024,10,00-0032775,D.Robinson,WR,LA,6.913377498281418,3.3,1,2026-09-17T22:42:15.070668,B
2024,10,00-0033009,T.Boyd,WR,TEN,6.290473772269716,0.0,1,2026-09-17T22:42:15.070668,B
2024,10,00-0033040,T.Hill,WR,MIA,14.04740312117881,11.7,1,2026-09-17T22:42:15.070668,B
2024,10,00-0033251,Z.Pascal,WR,ARI,0.3193017761407475,0.0,1,2026-09-17T22:42:15.070668,B
2024,10,00-0033282,C.Samuel,WR,BUF,5.597038899302294,7.5,1,2026-09-17T22:42:15.070668,B
2024,10,00-0033375,T.Patrick,WR,DET,6.854222102589519,0.0,1,2026-09-17T22:42:15.070668,B
2024,10,00-0033536,M.Williams,WR,PIT,5.948716892301444,10.2,1,2026-09-17T22:42:15.070668,B
2024,10,00-0033555,M.Hollins,WR,BUF,5.622733243914039,12.6,1,2026-09-17T22:42:15.070668,B
2024,10,00-0033589,D.Moore,WR,CAR,5.215076863688505,3.8,1,2026-09-17T22:42:15.070668,B
2024,10,00-0033591,N.Brown,WR,WAS,6.764326651083513,6.3,1,2026-09-17T22:42:15.070668,B
2024,10,00-0033891,Z.Jones,WR,ARI,3.41286332819506,0.0,1,2026-09-17T22:42:15.070668,B
2024,10,00-0033908,C.Kupp,WR,LA,13.802108154185937,15.0,1,2026-09-17T22:42:15.070668,B
2024,10,00-0034054,R.Cracraft,WR,MIA,1.8336535714941613,0.0,1,2026-09-17T22:42:15.070668,B
2024,10,00-0034272,M.Valdes-Scantling,WR,NO,2.4917813056567075,25.9,1,2026-09-17T22:42:15.070668,B
2024,10,00-0034348,C.Sutton,WR,DEN,12.254832037025299,19.0,1,2026-09-17T22:42:15.070668,B
2024,10,00-0034386,J.Watson,WR,KC,5.623687649732033,2.6,1,2026-09-17T22:42:15.070668,B
2024,10,00-0034407,R.McCloud,WR,ATL,7.259363617650991,6.6,1,2026-09-17T22:42:15.070668,B
2024,10,00-0034487,T.Sherfield,WR,MIN,-0.18430415134428468,2.1,1,2026-09-17T22:42:15.070668,B
2024,10,00-0034646,B.Powell,WR,MIN,1.7983252561208927,0.0,1,2026-09-17T22:42:15.070668,B
2024,10,00-0034777,D.Chark,WR,LAC,10.094499863328117,0.0,1,2026-09-17T22:42:15.070668,B
2024,10,00-0034827,D.Moore,WR,CHI,12.35097568405546,5.7,1,2026-09-17T22:42:15.070668,B
2024,10,00-0034837,C.Ridley,WR,TEN,15.41549734070512,25.4,1,2026-09-17T22:42:15.070668,B
2024,10,00-0034854,K.Hodge,WR,ATL,4.049575492214564,0.0,1,2026-09-17T22:42:15.070668,B
2024,10,00-0034860,D.Pettis,WR,NO,3.070423545241523,1.8,1,2026-09-17T22:42:15.070668,B
2024,10,00-0034928,S.Sims,WR,HOU,1.6130495290546198,0.0,1,2026-09-17T22:42:15.070668,B
2024,10,00-0035021,A.Dulin,WR,IND,1.2788322063284783,0.7,1,2026-09-17T22:42:15.070668,B
2024,10,00-0035140,M.Hardman,WR,KC,3.4651006920452225,1.3,1,2026-09-17T22:42:15.070668,B
2024,10,00-0035208,O.Zaccheaus,WR,WAS,3.9079680512990014,1.8,1,2026-09-17T22:42:15.070668,B
2024,10,00-0035216,D.Johnson,WR,BAL,9.08095174193273,1.6,1,2026-09-17T22:42:15.070668,B
2024,10,00-0035341,T.Irwin,WR,CIN,0.5053132875936344,0.0,1,2026-09-17T22:42:15.070668,B
2024,10,00-0035406,L.Humphrey,WR,DEN,2.728967799596581,4.3,1,2026-09-17T22:42:15.070668,B
2024,10,00-0035500,G.Dortch,WR,ARI,4.236415962349078,0.9,1,2026-09-17T22:42:15.070668,B
2024,10,00-0035659,T.McLaurin,WR,WAS,10.701245572421758,16.3,1,2026-09-17T22:42:15.070668,B
2024,10,00-0035676,A.Brown,WR,PHI,14.463557882658634,15.9,1,2026-09-17T22:42:15.070668,B
2024,10,00-0035719,D.Samuel,WR,SF,12.223584695836582,12.6,1,2026-09-17T22:42:15.070668,B
2024,10,00-0036165,I.Hodgins,WR,NYG,1.803854157019912,1.7,1,2026-09-17T22:42:15.070668,B
2024,10,00-0036182,N.Westbrook-Ikhine,WR,TEN,8.134764270876268,6.1,1,2026-09-17T22:42:15.070668,B
2024,10,00-0036196,G.Davis,WR,JAX,5.453080622622982,2.9,1,2026-09-17T22:42:15.070668,B
2024,10,00-0036219,M.Callaway,WR,TB,-1.505691408949068,0.0,1,2026-09-17T22:42:15.070668,B
2024,10,00-0036259,J.Jennings,WR,SF,7.4557081527350615,16.3,1,2026-09-17T22:42:15.070668,B
2024,10,00-0036309,D.Mooney,WR,ATL,12.808523485963098,14.6,1,2026-09-17T22:42:15.070668,B
2024,10,00-0036322,J.Jefferson,WR,MIN,17.69571428358696,9.8,1,2026-09-17T22:42:15.070668,B
2024,10,00-0036345,K.Osborn,WR,NE,2.187077928444486,0.0,1,2026-09-17T22:42:15.070668,B
2024,10,00-0036358,C.Lamb,WR,DAL,20.188665831704053,8.4,1,2026-09-17T22:42:15.070668,B
2024,10,00-0036387,J.Reagor,WR,LAC,2.6019317293483537,-0.2,1,2026-09-17T22:42:15.070668,B
2024,10,00-0036415,V.Jefferson,WR,PIT,5.313145497979564,0.0,1,2026-09-17T22:42:15.070668,B
2024,10,00-0036427,T.Johnson,WR,LA,5.886321599691447,5.5,1,2026-09-17T22:42:15.070668,B
2024,10,00-0036497,T.Jones,WR,JAX,-0.5186178492098312,0.0,1,2026-09-17T22:42:15.070668,B
2024,10,00-0036550,R.Bateman,WR,BAL,9.178950382044496,17.4,1,2026-09-17T22:42:15.070668,B
2024,10,00-0036613,J.Waddle,WR,MIA,10.249643272003762,8.6,1,2026-09-17T22:42:15.070668,B
2024,10,00-0036626,D.Brown,WR,WAS,2.623931405253191,0.7,1,2026-09-17T22:42:15.070668,B
2024,10,00-0036630,T.Wallace,WR,BAL,1.5902352213298272,20.5,1,2026-09-17T22:42:15.070668,B
2024,10,00-0036849,T.Atwell,WR,LA,5.149655371473662,1.6,1,2026-09-17T22:42:15.070668,B
2024,10,00-0036862,B.Skowronek,WR,PIT,-0.08862588229567603,0.0,1,2026-09-17T22:42:15.070668,B
2024,10,00-0036900,J.Chase,WR,CIN,16.956372643659385,55.4,1,2026-09-17T22:42:15.070668,B
2024,10,00-0036912,D.Smith,WR,PHI,14.288740147009538,3.4,1,2026-09-17T22:42:15.070668,B
2024,10,00-0036963,A.St. Brown,WR,DET,16.549208958563575,18.0,1,2026-09-17T22:42:15.070668,B
2024,10,00-0036988,J.Palmer,WR,LAC,8.679776902495346,4.6,1,2026-09-17T22:42:15.070668,B
2024,10,00-0037156,I.Charles,WR,NYJ,0.8121060184418116,0.0,1,2026-09-17T22:42:15.070668,B
2024,10,00-0037216,J.Ross,WR,KC,0.7638600454182027,0.0,1,2026-09-17T22:42:15.070668,B
2024,10,00-0037231,K.Austin,WR,NO,1.994705032531562,5.6,1,2026-09-17T22:42:15.070668,B
2024,10,00-0037238,D.London,WR,ATL,9.739346596548916,17.7,1,2026-09-17T22:42:15.070668,B
2024,10,00-0037240,J.Williams,WR,DET,8.478989466031104,8.3,1,2026-09-17T22:42:15.070668,B
2024,10,00-0037247,G.Pickens,WR,PIT,12.588392922178933,20.5,1,2026-09-17T22:42:15.070668,B
2024,10,00-0037261,K.Shakir,WR,BUF,11.18214279233274,11.8,1,2026-09-17T22:42:15.070668,B
2024,10,00-0037291,J.Nailor,WR,MIN,3.7032809654610706,1.4,1,2026-09-17T22:42:15.070668,B
2024,10,00-0037387,J.Virgil,WR,BUF,1.0350170277182311,0.0,1,2026-09-17T22:42:15.070668,B
2024,10,00-0037487,D.Thompkins,WR,CAR,0.32999191656672,0.0,1,2026-09-17T22:42:15.070668,B
2024,10,00-0037614,J.Metchie,WR,HOU,4.650854041780209,18.4,1,2026-09-17T22:42:15.070668,B
2024,10,00-0037664,A.Pierce,WR,IND,7.694062854177268,18.1,1,2026-09-17T22:42:15.070668,B
2024,10,00-0037666,J.Tolbert,WR,DAL,7.212169206134818,4.4,1,2026-09-17T22:42:15.070668,B
2024,10,00-0037740,G.Wilson,WR,NYJ,15.681396943229291,9.1,1,2026-09-17T22:42:15.070668,B
2024,10,00-0037741,J.Dotson,WR,PHI,6.452272417378335,3.7,1,2026-09-17T22:42:15.070668,B
2024,10,00-0037801,K.Turpin,WR,DAL,4.251231962581892,0.0,1,2026-09-17T22:42:15.070668,B
2024,10,00-0037837,C.Austin,WR,PIT,5.795344520104576,4.0,1,2026-09-17T22:42:15.070668,B
2024,10,00-0038117,W.Robinson,WR,NYG,9.687572678585806,10.1,1,2026-09-17T22:42:15.070668,B
2024,10,00-0038496,X.Gipson,WR,NYJ,2.3884753310748223,0.0,1,2026-09-17T22:42:15.070668,B
2024,10,00-0038544,Q.Johnston,WR,LAC,9.394416871611098,10.4,1,2026-09-17T22:42:15.070668,B
2024,10,00-0038559,Mi.Wilson,WR,ARI,8.002310988797163,5.4,1,2026-09-17T22:42:15.070668,B
2024,10,00-0038573,D.Davis,WR,LAC,2.5934482747204646,3.3,1,2026-09-17T22:42:15.070668,B
2024,10,00-0038606,P.Washington,WR,JAX,5.152456186307054,0.0,1,2026-09-17T22:42:15.070668,B
2024,10,00-0038608,K.Boutte,WR,NE,5.0661709300148985,8.7,1,2026-09-17T22:42:15.070668,B
2024,10,00-0038618,X.Hutchinson,WR,HOU,5.022428165005582,2.6,1,2026-09-17T22:42:15.070668,B
2024,10,00-0038619,A.Iosivas,WR,CIN,5.713210547095001,4.9,1,2026-09-17T22:42:15.070668,B
2024,10,00-0038621,D.Douglas,WR,NE,6.5685656616534045,9.0,1,2026-09-17T22:42:15.070668,B
2024,10,00-0038640,J.Brooks,WR,DAL,4.460988613581783,1.4,1,2026-09-17T22:42:15.070668,B
2024,10,00-0038647,R.Bell,WR,SF,0.19610516254783938,0.0,1,2026-09-17T22:42:15.070668,B
2024,10,00-0038679,T.Shavers,WR,BUF,0.8047695145524099,0.0,1,2026-09-17T22:42:15.070668,B
2024,10,00-0038740,Jalen Moreno-Cropper,WR,DAL,1.9196038109558895,0.0,1,2026-09-17T22:42:15.070668,B
2024,10,00-0038821,R.Jarrett,WR,TB,4.841349066118427,3.0,1,2026-09-17T22:42:15.070668,B
2024,10,00-0038824,R.Miller,WR,TB,3.890628426751941,2.1,1,2026-09-17T22:42:15.070668,B
2024,10,00-0038938,J.Hyatt,WR,NYG,1.4896705172767648,7.9,1,2026-09-17T22:42:15.070668,B
2024,10,00-0038976,M.Mims,WR,DEN,3.8716936164508904,7.0,1,2026-09-17T22:42:15.070668,B
2024,10,00-0038977,T.Dell,WR,HOU,11.908574798465086,8.3,1,2026-09-17T22:42:15.070668,B
2024,10,00-0038994,J.Addison,WR,MIN,10.680602039112657,4.9,1,2026-09-17T22:42:15.070668,B
2024,10,00-0038997,J.Downs,WR,IND,9.419839387639476,14.2,1,2026-09-17T22:42:15.070668,B
2024,10,00-0039052,T.Palmer,WR,TB,5.857343735793488,0.0,1,2026-09-17T22:42:15.070668,B
2024,10,00-0039064,Z.Flowers,WR,BAL,12.581814327530552,7.4,1,2026-09-17T22:42:15.070668,B
2024,10,00-0039075,P.Nacua,WR,LA,10.002065224639836,18.8,1,2026-09-17T22:42:15.070668,B
2024,10,00-0039236,J.Wilson,WR,PHI,2.2988209373621142,7.5,1,2026-09-17T22:42:15.070668,B
2024,10,00-0039337,M.Nabers,WR,NYG,16.33675055526531,10.8,1,2026-09-17T22:42:15.070668,B
2024,10,00-0039342,X.Legette,WR,CAR,9.591031982285196,7.0,1,2026-09-17T22:42:15.070668,B
2024,10,00-0039355,L.McCaffrey,WR,WAS,1.9402804922651038,3.3,1,2026-09-17T22:42:15.070668,B
2024,10,00-0039365,J.Cowing,WR,SF,3.704267231227755,0.0,1,2026-09-17T22:42:15.070668,B
2024,10,00-0039392,J.Jackson,WR,TEN,2.912464344674926,0.0,1,2026-09-17T22:42:15.070668,B
2024,10,00-0039410,R.Flournoy,WR,DAL,1.4134116794787985,0.0,1,2026-09-17T22:42:15.070668,B
2024,10,00-0039424,D.Vele,WR,DEN,3.7565845499969805,13.9,1,2026-09-17T22:42:15.070668,B
2024,10,00-0039491,J.Coker,WR,CAR,2.5655350687039054,7.1,1,2026-09-17T22:42:15.070668,B
2024,10,00-0039614,J.Jackson,WR,NO,0.23062807333249058,0.0,1,2026-09-17T22:42:15.070668,B
2024,10,00-0039623,M.Tipton,WR,NO,7.305602482075217,0.0,1,2026-09-17T22:42:15.070668,B
2024,10,00-0039650,B.Oliver,WR,TEN,-0.2769825906407162,4.3,1,2026-09-17T22:42:15.070668,B
2024,10,00-0039747,A.Smith,WR,PHI,1.5804625275559108,2.6,1,2026-09-17T22:42:15.070668,B
2024,10,00-0039751,J.Whittington,WR,LA,6.509879864961466,0.0,1,2026-09-17T22:42:15.070668,B
2024,10,00-0039810,J.Burton,WR,CIN,3.2525798258895193,2.1,1,2026-09-17T22:42:15.070668,B
2024,10,00-0039849,M.Harrison,WR,ARI,14.217398040624008,16.4,1,2026-09-17T22:42:15.070668,B
2024,10,00-0039853,J.Baker,WR,NE,-1.139200901049862,0.0,1,2026-09-17T22:42:15.070668,B
2024,10,00-0039868,T.Franklin,WR,DEN,5.282521979768027,1.9,1,2026-09-17T22:42:15.070668,B
2024,10,00-0039880,M.Washington,WR,MIA,3.5130602411716216,10.5,1,2026-09-17T22:42:15.070668,B
2024,10,00-0039890,A.Mitchell,WR,IND,4.185701163971705,13.1,1,2026-09-17T22:42:15.070668,B
2024,10,00-0039893,Bri.Thomas,WR,JAX,10.392303859650028,3.2,1,2026-09-17T22:42:15.070668,B
2024,10,00-0039894,X.Worthy,WR,KC,9.347546927295555,2.1,1,2026-09-17T22:42:15.070668,B
2024,10,00-0039907,J.Polk,WR,NE,1.6929579926854874,7.2,1,2026-09-17T22:42:15.070668,B
2024,10,00-0039915,L.McConkey,WR,LAC,12.332120697758002,7.2,1,2026-09-17T22:42:15.070668,B
2024,10,00-0039916,R.Pearsall,WR,SF,8.070263175113745,17.3,1,2026-09-17T22:42:15.070668,B
2024,10,00-0039919,R.Odunze,WR,CHI,9.7412935933211,5.3,1,2026-09-17T22:42:15.070668,B
2024,10,00-0039920,M.Corley,WR,NYJ,2.3864517304119897,1.2,1,2026-09-17T22:42:15.070668,B
2024,10,00-0024243,M.Lewis,TE,CHI,-0.18640612988920058,0.0,1,2026-09-17T22:42:15.070668,B
2024,10,00-0030061,Z.Ertz,TE,WAS,7.9936513557382884,7.1,1,2026-09-17T22:42:15.070668,B
2024,10,00-0030506,T.Kelce,TE,KC,16.82151919132382,20.4,1,2026-09-17T22:42:15.070668,B
2024,10,00-0031484,C.Manhertz,TE,NYG,0.8286250787907239,0.0,1,2026-09-17T22:42:15.070668,B
2024,10,00-0031585,M.Pruitt,TE,PIT,0.5510353882763628,0.0,1,2026-09-17T22:42:15.070668,B
2024,10,00-0032392,A.Hooper,TE,NE,2.6039025292474633,9.4,1,2026-09-17T22:42:15.070668,B
2024,10,00-0032394,N.Vannett,TE,TEN,2.2749686688335835,0.0,1,2026-09-17T22:42:15.070668,B
2024,10,00-0033090,H.Henry,TE,NE,10.579452762092178,2.4,1,2026-09-17T22:42:15.070668,B
2024,10,00-0033217,M.Alie-Cox,TE,IND,2.998407628061238,0.0,1,2026-09-17T22:42:15.070668,B
2024,10,00-0033246,J.Mundt,TE,MIN,1.1868735644392139,0.0,1,2026-09-17T22:42:15.070668,B
2024,10,00-0033288,G.Kittle,TE,SF,13.227814599892483,14.7,1,2026-09-17T22:42:15.070668,B
2024,10,00-0033576,E.Saubert,TE,SF,0.5698994916066091,0.0,1,2026-09-17T22:42:15.070668,B
2024,10,00-0033858,J.Smith,TE,MIA,10.49513033000947,7.5,1,2026-09-17T22:42:15.070668,B
2024,10,00-0033881,E.Engram,TE,JAX,11.598090315321365,10.0,1,2026-09-17T22:42:15.070668,B
2024,10,00-0033895,G.Everett,TE,CHI,3.112859613581628,0.0,1,2026-09-17T22:42:15.070668,B
2024,10,00-0034159,W.Dissly,TE,LAC,8.150725155398622,8.0,1,2026-09-17T22:42:15.070668,B
2024,10,00-0034270,T.Conklin,TE,NYJ,6.3089022335763385,1.8,1,2026-09-17T22:42:15.070668,B
2024,10,00-0034351,D.Goedert,TE,PHI,10.054631851104093,10.5,1,2026-09-17T22:42:15.070668,B
2024,10,00-0034365,I.Thomas,TE,CAR,0.9491110099323032,1.3,1,2026-09-17T22:42:15.070668,B
2024,10,00-0034383,D.Schultz,TE,HOU,8.183626197225117,9.6,1,2026-09-17T22:42:15.070668,B
2024,10,00-0034613,T.Hudson,TE,CIN,2.3978085408158254,16.3,1,2026-09-17T22:42:15.070668,B
2024,10,00-0034753,M.Andrews,TE,BAL,9.152402118726265,18.8,1,2026-09-17T22:42:15.070668,B
2024,10,00-0034798,D.Smythe,TE,MIA,2.1247199536455694,1.6,1,2026-09-17T22:42:15.070668,B
2024,10,00-0034829,M.Gesicki,TE,CIN,6.878366693557274,7.0,1,2026-09-17T22:42:15.070668,B
2024,10,00-0034830,H.Hurst,TE,LAC,3.0157540195305703,0.0,1,2026-09-17T22:42:15.070668,B
2024,10,00-0034981,F.Moreau,TE,NO,4.924118924787486,0.0,1,2026-09-17T22:42:15.070668,B
2024,10,00-0035229,T.Hockenson,TE,MIN,9.29778919873451,15.2,1,2026-09-17T22:42:15.070668,B
2024,10,00-0035249,J.Oliver,TE,MIN,3.947361232333454,9.2,1,2026-09-17T22:42:15.070668,B
2024,10,00-0035631,D.Sample,TE,CIN,4.2371026864499735,0.0,1,2026-09-17T22:42:15.070668,B
2024,10,00-0035689,D.Knox,TE,BUF,5.0396708209078245,6.0,1,2026-09-17T22:42:15.070668,B
2024,10,00-0035771,M.Wilcox,TE,NE,-1.4541889467789728,0.0,1,2026-09-17T22:42:15.070668,B
2024,10,00-0036040,J.Johnson,TE,NO,6.128456313047511,4.2,1,2026-09-17T22:42:15.070668,B
2024,10,00-0036244,C.Parkinson,TE,LA,3.6191050243572436,0.0,1,2026-09-17T22:42:15.070668,B
2024,10,00-0036290,C.Kmet,TE,CHI,6.8380158081320825,3.3,1,2026-09-17T22:42:15.070668,B
2024,10,00-0036422,A.Trautman,TE,DEN,5.582506244315186,4.4,1,2026-09-17T22:42:15.070668,B
2024,10,00-0036429,C.Woerner,TE,ATL,1.6607350430104741,0.0,1,2026-09-17T22:42:15.070668,B
2024,10,00-0036510,K.Yeboah,TE,NYJ,0.9366860273012776,1.4,1,2026-09-17T22:42:15.070668,B
2024,10,00-0036534,S.Zylstra,TE,DET,0.4466738592579329,0.0,1,2026-09-17T22:42:15.070668,B
2024,10,00-0036590,Q.Morris,TE,BUF,0.5669614903825018,0.0,1,2026-09-17T22:42:15.070668,B
2024,10,00-0036628,J.Bates,TE,WAS,1.6302046692667984,0.0,1,2026-09-17T22:42:15.070668,B
2024,10,00-0036637,N.Gray,TE,KC,5.085884050489999,3.8,1,2026-09-17T22:42:15.070668,B
2024,10,00-0036741,J.Stoll,TE,PHI,0.49911339704579305,0.0,1,2026-09-17T22:42:15.070668,B
2024,10,00-0036754,B.Wright,TE,DET,2.262154122554583,0.0,1,2026-09-17T22:42:15.070668,B
2024,10,00-0036825,F.Franks,TE,CAR,-1.0733614668786347,0.0,1,2026-09-17T22:42:15.070668,B
2024,10,00-0036876,K.Granson,TE,IND,2.963568143680698,3.5,1,2026-09-17T22:42:15.070668,B
2024,10,00-0036887,L.Farrell,TE,JAX,0.1863165281258885,3.6,1,2026-09-17T22:42:15.070668,B
2024,10,00-0036894,P.Freiermuth,TE,PIT,7.098861613808362,10.7,1,2026-09-17T22:42:15.070668,B
2024,10,00-0036970,K.Pitts,TE,ATL,9.25604708899432,9.5,1,2026-09-17T22:42:15.070668,B
2024,10,00-0037004,H.Long,TE,LA,1.323565886367739,0.0,1,2026-09-17T22:42:15.070668,B
2024,10,00-0037086,G.Calcaterra,TE,PHI,5.170183312815757,0.0,1,2026-09-17T22:42:15.070668,B
2024,10,00-0037112,J.Tonges,TE,SF,0.4897707976326897,0.0,1,2026-09-17T22:42:15.070668,B
2024,10,00-0037277,T.Quitoriano,TE,HOU,-0.1181115163854658,0.0,1,2026-09-17T22:42:15.070668,B
2024,10,00-0037292,A.Ogletree,TE,IND,2.615234702664394,1.2,1,2026-09-17T22:42:15.070668,B
2024,10,00-0037311,K.Kieft,TE,TB,-1.025392410067214,0.0,1,2026-09-17T22:42:15.070668,B
2024,10,00-0037539,L.Krull,TE,DEN,2.7906305429303155,4.1,1,2026-09-17T22:42:15.070668,B
2024,10,00-0037569,P.Hendershot,TE,KC,0.5014286907101493,1.6,1,2026-09-17T22:42:15.070668,B
2024,10,00-0037654,T.Fisk,TE,LAC,-0.5298941515234787,0.0,1,2026-09-17T22:42:15.070668,B
2024,10,00-0037744,T.McBride,TE,ARI,12.496776315842759,11.1,1,2026-09-17T22:42:15.070668,B
2024,10,00-0037805,J.Ruckert,TE,NYJ,1.817557822640754,3.7,1,2026-09-17T22:42:15.070668,B
2024,10,00-0037809,C.Okonkwo,TE,TEN,6.434310315180088,2.4,1,2026-09-17T22:42:15.070668,B
2024,10,00-0038041,J.Ferguson,TE,DAL,9.898943334191468,4.4,1,2026-09-17T22:42:15.070668,B
2024,10,00-0038046,C.Kolar,TE,BAL,2.2164862092049065,1.4,1,2026-09-17T22:42:15.070668,B
2024,10,00-0038115,D.Bellinger,TE,NYG,2.166891898208908,0.0,1,2026-09-17T22:42:15.070668,B
2024,10,00-0038129,C.Otton,TE,TB,13.198360160213316,8.5,1,2026-09-17T22:42:15.070668,B
2024,10,00-0038394,W.Mallory,TE,IND,1.1629042554292552,2.0,1,2026-09-17T22:42:15.070668,B
2024,10,00-0038547,L.Schoonmaker,TE,DAL,0.7024262226146227,0.0,1,2026-09-17T22:42:15.070668,B
2024,10,00-0038558,D.Washington,TE,PIT,3.624934914599998,1.6,1,2026-09-17T22:42:15.070668,B
2024,10,00-0038589,J.Whyle,TE,TEN,2.677604477719871,0.0,1,2026-09-17T22:42:15.070668,B
2024,10,00-0038720,J.Hill,TE,MIA,2.010243310892974,0.0,1,2026-09-17T22:42:15.070668,B
2024,10,00-0038783,N.Adkins,TE,DEN,1.5944796887572603,0.0,1,2026-09-17T22:42:15.070668,B
2024,10,00-0038933,D.Kincaid,TE,BUF,11.095539175729792,4.4,1,2026-09-17T22:42:15.070668,B
2024,10,00-0038935,B.Strange,TE,JAX,2.152529702514448,4.5,1,2026-09-17T22:42:15.070668,B
2024,10,00-0039041,E.Higgins,TE,ARI,2.9869535909966793,3.3,1,2026-09-17T22:42:15.070668,B
2024,10,00-0039050,P.Durham,TE,TB,0.4510563897018658,0.0,1,2026-09-17T22:42:15.070668,B
2024,10,00-0039065,S.LaPorta,TE,DET,10.938560456758395,15.6,1,2026-09-17T22:42:15.070668,B
2024,10,00-0039074,D.Allen,TE,LA,2.308957303524139,8.4,1,2026-09-17T22:42:15.070668,B
2024,10,00-0039356,J.Sanders,TE,CAR,7.451104925429814,8.8,1,2026-09-17T22:42:15.070668,B
2024,10,00-0039359,C.Stover,TE,HOU,2.9963039895267043,1.2,1,2026-09-17T22:42:15.070668,B
2024,10,00-0039420,J.Bell,TE,NE,-1.3011828097372558,0.0,1,2026-09-17T22:42:15.070668,B
2024,10,00-0039530,B.Spann-Ford,TE,DAL,0.7370589416963957,0.0,1,2026-09-17T22:42:15.070668,B
2024,10,00-0039613,D.Holker,TE,NO,1.5820109571429737,0.0,1,2026-09-17T22:42:15.070668,B
2024,10,00-0039631,C.Grandy,TE,CIN,1.2755983377303064,1.0,1,2026-09-17T22:42:15.070668,B
2024,10,00-0039737,T.Reiman,TE,ARI,2.1216284533203673,0.0,1,2026-09-17T22:42:15.070668,B
2024,10,00-0039847,T.Johnson,TE,NYG,6.423319918794623,7.7,1,2026-09-17T22:42:15.070668,B
2024,10,00-0039912,B.Sinnott,TE,WAS,2.6280176550328216,0.0,1,2026-09-17T22:42:15.070668,B
2024,11,00-0030578,C.Patterson,RB,PIT,4.942724393349447,1.0,1,2026-09-17T22:42:15.070668,B
2024,11,00-0031687,R.Mostert,RB,MIA,9.215227477681402,-0.2,1,2026-09-17T22:42:15.070668,B
2024,11,00-0032104,A.Abdullah,RB,LV,4.492690312683461,10.7,1,2026-09-17T22:42:15.070668,B
2024,11,00-0032764,D.Henry,RB,BAL,15.3584296765018,10.5,1,2026-09-17T22:42:15.070668,B
2024,11,00-0033045,E.Elliott,RB,DAL,5.947763554015866,5.4,1,2026-09-17T22:42:15.070668,B
2024,11,00-0033280,C.McCaffrey,RB,SF,21.496925703006568,14.6,1,2026-09-17T22:42:15.070668,B
2024,11,00-0033293,A.Jones,RB,MIN,11.437652047664024,5.3,1,2026-09-17T22:42:15.070668,B
2024,11,00-0033526,S.Perine,RB,KC,4.192015069517082,2.8,1,2026-09-17T22:42:15.070668,B
2024,11,00-0033699,A.Ekeler,RB,WAS,12.200284647668624,17.6,1,2026-09-17T22:42:15.070668,B
2024,11,00-0033854,D.Ogunbowale,RB,HOU,2.4842403240138546,2.1,1,2026-09-17T22:42:15.070668,B
2024,11,00-0033897,J.Mixon,RB,HOU,17.433566455779562,35.3,1,2026-09-17T22:42:15.070668,B
2024,11,00-0033906,A.Kamara,RB,NO,21.58583396004223,12.9,1,2026-09-17T22:42:15.070668,B
2024,11,00-0033923,K.Hunt,RB,KC,13.855102438468922,6.0,1,2026-09-17T22:42:15.070668,B
2024,11,00-0033955,J.McNichols,RB,WAS,3.3002448634246475,1.6,1,2026-09-17T22:42:15.070668,B
2024,11,00-0034184,G.Edwards,RB,LAC,4.954875799565453,2.7,1,2026-09-17T22:42:15.070668,B
2024,11,00-0034791,N.Chubb,RB,CLE,11.949564727091571,5.0,1,2026-09-17T22:42:15.070668,B
2024,11,00-0034844,S.Barkley,RB,PHI,15.35494400060416,33.8,1,2026-09-17T22:42:15.070668,B
2024,11,00-0034972,A.Mattison,RB,LV,9.047014808019629,9.9,1,2026-09-17T22:42:15.070668,B
2024,11,00-0034975,J.Hill,RB,BAL,6.534749349577322,8.1,1,2026-09-17T22:42:15.070668,B
2024,11,00-0035261,T.Pollard,RB,TEN,11.038202171546363,4.9,1,2026-09-17T22:42:15.070668,B
2024,11,00-0035537,T.Johnson,RB,BUF,3.14522356288903,1.8,1,2026-09-17T22:42:15.070668,B
2024,11,00-0035567,C.Reynolds,RB,DET,2.82605488475225,2.1,1,2026-09-17T22:42:15.070668,B
2024,11,00-0035594,T.Homer,RB,CHI,0.9297287466787001,0.0,1,2026-09-17T22:42:15.070668,B
2024,11,00-0035628,D.Johnson,RB,JAX,0.5378471595990906,0.3,1,2026-09-17T22:42:15.070668,B
2024,11,00-0035685,D.Montgomery,RB,DET,13.330612221385216,24.5,1,2026-09-17T22:42:15.070668,B
2024,11,00-0035700,J.Jacobs,RB,GB,15.322367977152824,23.4,1,2026-09-17T22:42:15.070668,B
2024,11,00-0035806,J.Hasty,RB,NE,4.239214173381094,0.2,1,2026-09-17T22:42:15.070668,B
2024,11,00-0036139,R.Dowdle,RB,DAL,9.999926748242968,5.4,1,2026-09-17T22:42:15.070668,B
2024,11,00-0036158,J.Dobbins,RB,LAC,15.475632171843117,18.9,1,2026-09-17T22:42:15.070668,B
2024,11,00-0036223,J.Taylor,RB,IND,15.896789746755516,7.0,1,2026-09-17T22:42:15.070668,B
2024,11,00-0036275,D.Swift,RB,CHI,13.02391267753839,16.4,1,2026-09-17T22:42:15.070668,B
2024,11,00-0036328,A.Gibson,RB,NE,4.209137165336229,3.0,1,2026-09-17T22:42:15.070668,B
2024,11,00-0036414,C.Akers,RB,MIN,4.821945936138365,11.6,1,2026-09-17T22:42:15.070668,B
2024,11,00-0036875,R.Stevenson,RB,NE,14.720822007380928,12.9,1,2026-09-17T22:42:15.070668,B
2024,11,00-0036893,N.Harris,RB,PIT,12.054265159460856,13.3,1,2026-09-17T22:42:15.070668,B
2024,11,00-0036906,K.Herbert,RB,CIN,1.0575092787190634,0.0,1,2026-09-17T22:42:15.070668,B
2024,11,00-0036919,K.Gainwell,RB,PHI,5.4935275673368,5.9,1,2026-09-17T22:42:15.070668,B
2024,11,00-0036973,T.Etienne,RB,JAX,10.756326842835236,6.3,1,2026-09-17T22:42:15.070668,B
2024,11,00-0036984,T.Sermon,RB,IND,0.7643422095800743,1.3,1,2026-09-17T22:42:15.070668,B
2024,11,00-0036997,J.Williams,RB,DEN,9.086770802638123,18.7,1,2026-09-17T22:42:15.070668,B
2024,11,00-0037120,T.Goodson,RB,IND,2.268338329493427,0.0,1,2026-09-17T22:42:15.070668,B
2024,11,00-0037228,J.Warren,RB,PIT,8.403494930902273,10.8,1,2026-09-17T22:42:15.070668,B
2024,11,00-0037248,J.Cook,RB,BUF,14.76060571673908,19.7,1,2026-09-17T22:42:15.070668,B
2024,11,00-0037258,D.Pierce,RB,HOU,5.571756333598486,0.2,1,2026-09-17T22:42:15.070668,B
2024,11,00-0037263,T.Allgeier,RB,ATL,6.183683689298054,0.9,1,2026-09-17T22:42:15.070668,B
2024,11,00-0037267,J.Ford,RB,CLE,7.196413416375334,7.9,1,2026-09-17T22:42:15.070668,B
2024,11,00-0037276,T.Chandler,RB,MIN,2.0149851872019964,0.0,1,2026-09-17T22:42:15.070668,B
2024,11,00-0037304,C.Heyward,RB,PIT,0.346234671532029,0.0,1,2026-09-17T22:42:15.070668,B
2024,11,00-0037525,J.Mason,RB,SF,6.417182248207208,1.3,1,2026-09-17T22:42:15.070668,B
2024,11,00-0037617,H.Haskins,RB,LAC,3.219192126891908,0.1,1,2026-09-17T22:42:15.070668,B
2024,11,00-0037746,Br.Robinson,RB,WAS,10.075157367390897,14.2,1,2026-09-17T22:42:15.070668,B
2024,11,00-0037840,K.Williams,RB,LA,17.398839029934322,8.6,1,2026-09-17T22:42:15.070668,B
2024,11,00-0038040,Z.White,RB,LV,2.6464742628427267,0.9,1,2026-09-17T22:42:15.070668,B
2024,11,00-0038098,P.Strong,RB,CLE,3.633096392140935,0.5,1,2026-09-17T22:42:15.070668,B
2024,11,00-0038120,B.Hall,RB,NYJ,15.33920169280583,31.1,1,2026-09-17T22:42:15.070668,B
2024,11,00-0038134,K.Walker,RB,SEA,15.29886167525292,13.9,1,2026-09-17T22:42:15.070668,B
2024,11,00-0038454,K.Mitchell,RB,BAL,5.5649721514147945,0.0,1,2026-09-17T22:42:15.070668,B
2024,11,00-0038542,Bi.Robinson,RB,ATL,18.255317276731432,10.3,1,2026-09-17T22:42:15.070668,B
2024,11,00-0038597,C.Brown,RB,CIN,16.12975866653035,19.3,1,2026-09-17T22:42:15.070668,B
2024,11,00-0038622,D.Vaughn,RB,DAL,2.193386456880633,2.7,1,2026-09-17T22:42:15.070668,B
2024,11,00-0038678,J.Mims,RB,NO,3.819895327057348,0.3,1,2026-09-17T22:42:15.070668,B
2024,11,00-0038685,C.Brooks,RB,GB,4.055812515266668,3.3,1,2026-09-17T22:42:15.070668,B
2024,11,00-0038794,J.McLaughlin,RB,DEN,4.625487469648183,1.9,1,2026-09-17T22:42:15.070668,B
2024,11,00-0038797,E.Wilson,RB,GB,4.797952136239793,1.7,1,2026-09-17T22:42:15.070668,B
2024,11,00-0039021,R.Johnson,RB,CHI,4.489082166939575,11.1,1,2026-09-17T22:42:15.070668,B
2024,11,00-0039032,T.Spears,RB,TEN,6.772022761646596,2.8,1,2026-09-17T22:42:15.070668,B
2024,11,00-0039040,D.Achane,RB,MIA,18.978616798555976,20.5,1,2026-09-17T22:42:15.070668,B
2024,11,00-0039139,J.Gibbs,RB,DET,16.25280647813839,19.3,1,2026-09-17T22:42:15.070668,B
2024,11,00-0039165,Z.Charbonnet,RB,SEA,6.2378518067879645,2.5,1,2026-09-17T22:42:15.070668,B
2024,11,00-0039325,C.Steele,RB,KC,3.4482470136531456,1.7,1,2026-09-17T22:42:15.070668,B
2024,11,00-0039363,I.Guerendo,RB,SF,6.768688169285771,0.0,1,2026-09-17T22:42:15.070668,B
2024,11,00-0039364,S.Vaki,RB,DET,3.365173677430744,0.9,1,2026-09-17T22:42:15.070668,B
2024,11,00-0039373,A.Estime,RB,DEN,4.901896650351672,5.5,1,2026-09-17T22:42:15.070668,B
2024,11,00-0039393,J.McClellan,RB,ATL,2.1156089920496024,1.5,1,2026-09-17T22:42:15.070668,B
2024,11,00-0039738,B.Corum,RB,LA,5.529413555717532,3.8,1,2026-09-17T22:42:15.070668,B
2024,11,00-0039794,B.Allen,RB,NYJ,5.321615556334402,0.6,1,2026-09-17T22:42:15.070668,B
2024,11,00-0039874,J.Wright,RB,MIA,5.711798999107934,1.6,1,2026-09-17T22:42:15.070668,B
2024,11,00-0039875,R.Davis,RB,BUF,3.4232116018655816,1.1,1,2026-09-17T22:42:15.070668,B
2024,11,00-0030279,K.Allen,WR,CHI,13.159108101640385,8.1,1,2026-09-17T22:42:15.070668,B
2024,11,00-0030431,R.Woods,WR,HOU,5.62784166334822,3.3,1,2026-09-17T22:42:15.070668,B
2024,11,00-0030564,D.Hopkins,WR,KC,9.752675492970909,5.9,1,2026-09-17T22:42:15.070668,B
2024,11,00-0031235,O.Beckham,WR,MIA,4.58449221980956,3.3,1,2026-09-17T22:42:15.070668,B
2024,11,00-0031381,D.Adams,WR,NYJ,15.149273515391933,13.2,1,2026-09-17T22:42:15.070668,B
2024,11,00-0031428,A.Robinson,WR,DET,1.6267566553493253,1.7,1,2026-09-17T22:42:15.070668,B
2024,11,00-0031544,A.Cooper,WR,BUF,8.297658169735774,7.5,1,2026-09-17T22:42:15.070668,B
2024,11,00-0031549,N.Agholor,WR,BAL,5.147020558045468,0.0,1,2026-09-17T22:42:15.070668,B
2024,11,00-0031763,D.Carter,WR,CHI,-0.39940847475489605,0.0,1,2026-09-17T22:42:15.070668,B
2024,11,00-0032128,C.Conley,WR,SF,3.150229474922291,0.0,1,2026-09-17T22:42:15.070668,B
2024,11,00-0032211,T.Lockett,WR,SEA,10.10550163987359,3.9,1,2026-09-17T22:42:15.070668,B
2024,11,00-0032464,K.Raymond,WR,DET,5.065782029512965,5.0,1,2026-09-17T22:42:15.070668,B
2024,11,00-0032775,D.Robinson,WR,LA,6.995499183542297,3.9,1,2026-09-17T22:42:15.070668,B
2024,11,00-0033009,T.Boyd,WR,TEN,5.211501565526477,5.4,1,2026-09-17T22:42:15.070668,B
2024,11,00-0033040,T.Hill,WR,MIA,14.500245672540924,19.1,1,2026-09-17T22:42:15.070668,B
2024,11,00-0033282,C.Samuel,WR,BUF,7.591845138444335,16.8,1,2026-09-17T22:42:15.070668,B
2024,11,00-0033307,K.Bourne,WR,NE,6.668715458549546,18.0,1,2026-09-17T22:42:15.070668,B
2024,11,00-0033375,T.Patrick,WR,DET,6.007095200892091,5.6,1,2026-09-17T22:42:15.070668,B
2024,11,00-0033536,M.Williams,WR,PIT,6.2231139462017815,0.0,1,2026-09-17T22:42:15.070668,B
2024,11,00-0033555,M.Hollins,WR,BUF,7.626947651998621,4.7,1,2026-09-17T22:42:15.070668,B
2024,11,00-0033591,N.Brown,WR,WAS,8.725977854373623,1.4,1,2026-09-17T22:42:15.070668,B
2024,11,00-0033857,J.Smith-Schuster,WR,KC,4.196433550213628,1.8,1,2026-09-17T22:42:15.070668,B
2024,11,00-0033908,C.Kupp,WR,LA,13.828729713619738,28.6,1,2026-09-17T22:42:15.070668,B
2024,11,00-0034054,R.Cracraft,WR,MIA,0.19337399143291378,0.0,1,2026-09-17T22:42:15.070668,B
2024,11,00-0034272,M.Valdes-Scantling,WR,NO,6.271435092236703,16.7,1,2026-09-17T22:42:15.070668,B
2024,11,00-0034348,C.Sutton,WR,DEN,15.690858205512546,14.8,1,2026-09-17T22:42:15.070668,B
2024,11,00-0034386,J.Watson,WR,KC,5.793052253380241,4.6,1,2026-09-17T22:42:15.070668,B
2024,11,00-0034407,R.McCloud,WR,ATL,7.053648930871901,10.6,1,2026-09-17T22:42:15.070668,B
2024,11,00-0034418,C.Wilson,WR,NO,8.036198019106953,0.0,1,2026-09-17T22:42:15.070668,B
2024,11,00-0034487,T.Sherfield,WR,MIN,0.3618039365220449,2.6,1,2026-09-17T22:42:15.070668,B
2024,11,00-0034646,B.Powell,WR,MIN,1.7232375835398202,2.3,1,2026-09-17T22:42:15.070668,B
2024,11,00-0034827,D.Moore,WR,CHI,12.363575043047915,13.7,1,2026-09-17T22:42:15.070668,B
2024,11,00-0034837,C.Ridley,WR,TEN,16.552939779676947,9.8,1,2026-09-17T22:42:15.070668,B
2024,11,00-0034854,K.Hodge,WR,ATL,0.08825097999862663,4.2,1,2026-09-17T22:42:15.070668,B
2024,11,00-0034860,D.Pettis,WR,NO,1.8624792626404245,1.9,1,2026-09-17T22:42:15.070668,B
2024,11,00-0034960,J.Meyers,WR,LV,13.252597143093405,8.8,1,2026-09-17T22:42:15.070668,B
2024,11,00-0035021,A.Dulin,WR,IND,1.8034298434721103,0.0,1,2026-09-17T22:42:15.070668,B
2024,11,00-0035140,M.Hardman,WR,KC,2.4454897542253775,4.1,1,2026-09-17T22:42:15.070668,B
2024,11,00-0035208,O.Zaccheaus,WR,WAS,2.2921044906195176,2.0,1,2026-09-17T22:42:15.070668,B
2024,11,00-0035216,D.Johnson,WR,BAL,6.253707230983597,0.0,1,2026-09-17T22:42:15.070668,B
2024,11,00-0035298,S.Miller,WR,PIT,0.701823334206078,0.0,1,2026-09-17T22:42:15.070668,B
2024,11,00-0035341,T.Irwin,WR,CIN,0.8023760967111224,0.0,1,2026-09-17T22:42:15.070668,B
2024,11,00-0035406,L.Humphrey,WR,DEN,3.3439712288919354,15.2,1,2026-09-17T22:42:15.070668,B
2024,11,00-0035640,D.Metcalf,WR,SEA,12.253156260372684,14.0,1,2026-09-17T22:42:15.070668,B
2024,11,00-0035659,T.McLaurin,WR,WAS,10.879293800970913,2.0,1,2026-09-17T22:42:15.070668,B
2024,11,00-0035676,A.Brown,WR,PHI,14.656785708896262,11.5,1,2026-09-17T22:42:15.070668,B
2024,11,00-0035719,D.Samuel,WR,SF,12.993695486686828,6.1,1,2026-09-17T22:42:15.070668,B
2024,11,00-0036182,N.Westbrook-Ikhine,WR,TEN,7.677504773122955,19.7,1,2026-09-17T22:42:15.070668,B
2024,11,00-0036196,G.Davis,WR,JAX,8.665313186825117,1.3,1,2026-09-17T22:42:15.070668,B
2024,11,00-0036252,M.Pittman,WR,IND,8.95627359421717,9.6,1,2026-09-17T22:42:15.070668,B
2024,11,00-0036259,J.Jennings,WR,SF,10.463965813091974,25.1,1,2026-09-17T22:42:15.070668,B
2024,11,00-0036268,L.Shenault,WR,SEA,1.678333003636478,0.0,1,2026-09-17T22:42:15.070668,B
2024,11,00-0036309,D.Mooney,WR,ATL,11.83169120412769,4.7,1,2026-09-17T22:42:15.070668,B
2024,11,00-0036322,J.Jefferson,WR,MIN,16.91594782048888,14.1,1,2026-09-17T22:42:15.070668,B
2024,11,00-0036331,D.Duvernay,WR,JAX,1.7764128893416142,0.0,1,2026-09-17T22:42:15.070668,B
2024,11,00-0036358,C.Lamb,WR,DAL,20.38427746852781,18.6,1,2026-09-17T22:42:15.070668,B
2024,11,00-0036387,J.Reagor,WR,LAC,3.5328683900995568,0.0,1,2026-09-17T22:42:15.070668,B
2024,11,00-0036407,J.Jeudy,WR,CLE,10.985534103668762,26.2,1,2026-09-17T22:42:15.070668,B
2024,11,00-0036410,T.Higgins,WR,CIN,15.83368205742847,29.8,1,2026-09-17T22:42:15.070668,B
2024,11,00-0036415,V.Jefferson,WR,PIT,5.820372087472863,0.0,1,2026-09-17T22:42:15.070668,B
2024,11,00-0036427,T.Johnson,WR,LA,2.4987214772131567,0.0,1,2026-09-17T22:42:15.070668,B
2024,11,00-0036497,T.Jones,WR,JAX,0.150550961687415,0.0,1,2026-09-17T22:42:15.070668,B
2024,11,00-0036527,D.Turner,WR,LV,3.1535051031589134,5.9,1,2026-09-17T22:42:15.070668,B
2024,11,00-0036550,R.Bateman,WR,BAL,9.427142823482136,5.0,1,2026-09-17T22:42:15.070668,B
2024,11,00-0036554,N.Collins,WR,HOU,12.77403934897982,9.4,1,2026-09-17T22:42:15.070668,B
2024,11,00-0036613,J.Waddle,WR,MIA,11.213723056154915,5.7,1,2026-09-17T22:42:15.070668,B
2024,11,00-0036626,D.Brown,WR,WAS,0.7197543054300963,1.4,1,2026-09-17T22:42:15.070668,B
2024,11,00-0036630,T.Wallace,WR,BAL,3.4782246046100607,1.8,1,2026-09-17T22:42:15.070668,B
2024,11,00-0036849,T.Atwell,WR,LA,2.4283522346438104,3.1,1,2026-09-17T22:42:15.070668,B
2024,11,00-0036862,B.Skowronek,WR,PIT,-0.9154111167806409,1.4,1,2026-09-17T22:42:15.070668,B
2024,11,00-0036900,J.Chase,WR,CIN,19.645278936511673,26.5,1,2026-09-17T22:42:15.070668,B
2024,11,00-0036912,D.Smith,WR,PHI,14.070936898418125,6.9,1,2026-09-17T22:42:15.070668,B
2024,11,00-0036913,K.Toney,WR,CLE,2.955052268154989,-0.7,1,2026-09-17T22:42:15.070668,B
2024,11,00-0036955,T.Marshall,WR,LV,2.9986086762363025,0.0,1,2026-09-17T22:42:15.070668,B
2024,11,00-0036963,A.St. Brown,WR,DET,16.521764455330757,38.7,1,2026-09-17T22:42:15.070668,B
2024,11,00-0036980,E.Moore,WR,CLE,10.57867695712367,18.6,1,2026-09-17T22:42:15.070668,B
2024,11,00-0036988,J.Palmer,WR,LAC,8.499521380073631,4.3,1,2026-09-17T22:42:15.070668,B
2024,11,00-0037091,B.Melton,WR,GB,2.443053090042265,0.0,1,2026-09-17T22:42:15.070668,B
2024,11,00-0037231,K.Austin,WR,NO,4.043306803335496,2.8,1,2026-09-17T22:42:15.070668,B
2024,11,00-0037238,D.London,WR,ATL,12.016144078019277,9.1,1,2026-09-17T22:42:15.070668,B
2024,11,00-0037240,J.Williams,WR,DET,8.747524778833052,22.6,1,2026-09-17T22:42:15.070668,B
2024,11,00-0037247,G.Pickens,WR,PIT,13.274747655496467,16.9,1,2026-09-17T22:42:15.070668,B
2024,11,00-0037261,K.Shakir,WR,BUF,11.161835402309851,15.0,1,2026-09-17T22:42:15.070668,B
2024,11,00-0037291,J.Nailor,WR,MIN,3.6491091539250746,0.0,1,2026-09-17T22:42:15.070668,B
2024,11,00-0037387,J.Virgil,WR,BUF,0.9267062330332152,0.0,1,2026-09-17T22:42:15.070668,B
2024,11,00-0037614,J.Metchie,WR,HOU,6.880493941324607,6.3,1,2026-09-17T22:42:15.070668,B
2024,11,00-0037664,A.Pierce,WR,IND,7.859375988236095,10.4,1,2026-09-17T22:42:15.070668,B
2024,11,00-0037666,J.Tolbert,WR,DAL,7.243146772609034,4.1,1,2026-09-17T22:42:15.070668,B
2024,11,00-0037740,G.Wilson,WR,NYJ,15.468980917121552,5.8,1,2026-09-17T22:42:15.070668,B
2024,11,00-0037741,J.Dotson,WR,PHI,5.9436983960622065,1.8,1,2026-09-17T22:42:15.070668,B
2024,11,00-0037801,K.Turpin,WR,DAL,3.225161734593228,17.6,1,2026-09-17T22:42:15.070668,B
2024,11,00-0037816,R.Doubs,WR,GB,10.952297191120273,2.7,1,2026-09-17T22:42:15.070668,B
2024,11,00-0037837,C.Austin,WR,PIT,6.298629787482642,0.9,1,2026-09-17T22:42:15.070668,B
2024,11,00-0038124,C.Watson,WR,GB,8.179762718179603,19.0,1,2026-09-17T22:42:15.070668,B
2024,11,00-0038359,X.Smith,WR,LA,0.26160690792784447,0.0,1,2026-09-17T22:42:15.070668,B
2024,11,00-0038393,D.Wicks,WR,GB,5.4659360551353835,0.0,1,2026-09-17T22:42:15.070668,B
2024,11,00-0038465,M.Heath,WR,GB,0.002821306668933765,0.0,1,2026-09-17T22:42:15.070668,B
2024,11,00-0038496,X.Gipson,WR,NYJ,3.3953481157997984,2.7,1,2026-09-17T22:42:15.070668,B
2024,11,00-0038543,J.Smith-Njigba,WR,SEA,13.687303155927957,21.8,1,2026-09-17T22:42:15.070668,B
2024,11,00-0038544,Q.Johnston,WR,LAC,9.833524249304112,12.8,1,2026-09-17T22:42:15.070668,B
2024,11,00-0038563,T.Tucker,WR,LV,6.924692474392347,6.5,1,2026-09-17T22:42:15.070668,B
2024,11,00-0038573,D.Davis,WR,LAC,3.249904375219641,3.0,1,2026-09-17T22:42:15.070668,B
2024,11,00-0038590,Justin Shorter,WR,LV,0.5225812385510773,0.0,1,2026-09-17T22:42:15.070668,B
2024,11,00-0038606,P.Washington,WR,JAX,5.138136735069869,2.0,1,2026-09-17T22:42:15.070668,B
2024,11,00-0038608,K.Boutte,WR,NE,8.361951625690645,7.3,1,2026-09-17T22:42:15.070668,B
2024,11,00-0038618,X.Hutchinson,WR,HOU,5.558519785431452,0.0,1,2026-09-17T22:42:15.070668,B
2024,11,00-0038619,A.Iosivas,WR,CIN,6.407052959242977,7.6,1,2026-09-17T22:42:15.070668,B
2024,11,00-0038621,D.Douglas,WR,NE,7.829816392223046,9.9,1,2026-09-17T22:42:15.070668,B
2024,11,00-0038752,J.Bobo,WR,SEA,3.4886441228114506,0.0,1,2026-09-17T22:42:15.070668,B
2024,11,00-0038941,T.Scott,WR,CHI,-0.7369042367633316,0.0,1,2026-09-17T22:42:15.070668,B
2024,11,00-0038976,M.Mims,WR,DEN,4.963813916341257,13.3,1,2026-09-17T22:42:15.070668,B
2024,11,00-0038977,T.Dell,WR,HOU,13.612690976808267,9.8,1,2026-09-17T22:42:15.070668,B
2024,11,00-0038979,C.Tillman,WR,CLE,12.85850963820986,7.7,1,2026-09-17T22:42:15.070668,B
2024,11,00-0038994,J.Addison,WR,MIN,9.59193898392311,15.1,1,2026-09-17T22:42:15.070668,B
2024,11,00-0038997,J.Downs,WR,IND,11.852455964238395,19.4,1,2026-09-17T22:42:15.070668,B
2024,11,00-0039062,J.Mingo,WR,DAL,2.9701819760678116,0.0,1,2026-09-17T22:42:15.070668,B
2024,11,00-0039064,Z.Flowers,WR,BAL,14.476218705299164,11.9,1,2026-09-17T22:42:15.070668,B
2024,11,00-0039075,P.Nacua,WR,LA,13.545273138637132,25.3,1,2026-09-17T22:42:15.070668,B
2024,11,00-0039146,J.Reed,WR,GB,9.279805992015524,9.8,1,2026-09-17T22:42:15.070668,B
2024,11,00-0039236,J.Wilson,WR,PHI,2.2946713614412486,0.0,1,2026-09-17T22:42:15.070668,B
2024,11,00-0039355,L.McCaffrey,WR,WAS,2.3150486034126248,0.0,1,2026-09-17T22:42:15.070668,B
2024,11,00-0039365,J.Cowing,WR,SF,3.644726351831742,0.0,1,2026-09-17T22:42:15.070668,B
2024,11,00-0039379,J.Thrash,WR,CLE,1.0548143873718425,2.1,1,2026-09-17T22:42:15.070668,B
2024,11,00-0039392,J.Jackson,WR,TEN,2.134942072493864,0.0,1,2026-09-17T22:42:15.070668,B
2024,11,00-0039394,C.Washington,WR,ATL,1.380953008079616,0.0,1,2026-09-17T22:42:15.070668,B
2024,11,00-0039410,R.Flournoy,WR,DAL,2.1536194034433187,3.9,1,2026-09-17T22:42:15.070668,B
2024,11,00-0039424,D.Vele,WR,DEN,6.100813324899038,10.6,1,2026-09-17T22:42:15.070668,B
2024,11,00-0039543,R.Keyton,WR,LV,1.6541973841356938,0.0,1,2026-09-17T22:42:15.070668,B
2024,11,00-0039650,B.Oliver,WR,TEN,0.4296614305854485,4.3,1,2026-09-17T22:42:15.070668,B
2024,11,00-0039747,A.Smith,WR,PHI,2.4725737080197474,0.0,1,2026-09-17T22:42:15.070668,B
2024,11,00-0039751,J.Whittington,WR,LA,2.9876124223503657,0.0,1,2026-09-17T22:42:15.070668,B
2024,11,00-0039810,J.Burton,WR,CIN,4.001898026169723,1.8,1,2026-09-17T22:42:15.070668,B
2024,11,00-0039853,J.Baker,WR,NE,1.2682933223104076,0.0,1,2026-09-17T22:42:15.070668,B
2024,11,00-0039868,T.Franklin,WR,DEN,5.177952747468488,9.5,1,2026-09-17T22:42:15.070668,B
2024,11,00-0039880,M.Washington,WR,MIA,3.3191017071388282,4.8,1,2026-09-17T22:42:15.070668,B
2024,11,00-0039890,A.Mitchell,WR,IND,7.396302355211378,4.5,1,2026-09-17T22:42:15.070668,B
2024,11,00-0039893,Bri.Thomas,WR,JAX,10.584896836500139,13.6,1,2026-09-17T22:42:15.070668,B
2024,11,00-0039894,X.Worthy,WR,KC,8.005385420579085,16.8,1,2026-09-17T22:42:15.070668,B
2024,11,00-0039907,J.Polk,WR,NE,2.9421961751593875,0.0,1,2026-09-17T22:42:15.070668,B
2024,11,00-0039915,L.McConkey,WR,LAC,11.303837589946403,18.3,1,2026-09-17T22:42:15.070668,B
2024,11,00-0039916,R.Pearsall,WR,SF,9.190473322884262,0.0,1,2026-09-17T22:42:15.070668,B
2024,11,00-0039919,R.Odunze,WR,CHI,9.95149592946759,12.5,1,2026-09-17T22:42:15.070668,B
2024,11,00-0039920,M.Corley,WR,NYJ,3.8199170553607686,2.0,1,2026-09-17T22:42:15.070668,B
2024,11,00-0024243,M.Lewis,TE,CHI,0.13195435509907227,0.0,1,2026-09-17T22:42:15.070668,B
2024,11,00-0030061,Z.Ertz,TE,WAS,9.10931169279506,18.7,1,2026-09-17T22:42:15.070668,B
2024,11,00-0030506,T.Kelce,TE,KC,17.896086720605584,2.8,1,2026-09-17T22:42:15.070668,B
2024,11,00-0032134,C.Uzomah,TE,PHI,0.40999985756394874,0.0,1,2026-09-17T22:42:15.070668,B
2024,11,00-0032141,G.Swaim,TE,CLE,-0.8936952890650538,0.0,1,2026-09-17T22:42:15.070668,B
2024,11,00-0032392,A.Hooper,TE,NE,4.836396279155249,7.5,1,2026-09-17T22:42:15.070668,B
2024,11,00-0032394,N.Vannett,TE,TEN,0.6530901907266777,1.6,1,2026-09-17T22:42:15.070668,B
2024,11,00-0033090,H.Henry,TE,NE,9.634239425859672,12.3,1,2026-09-17T22:42:15.070668,B
2024,11,00-0033217,M.Alie-Cox,TE,IND,2.3671168508747082,3.7,1,2026-09-17T22:42:15.070668,B
2024,11,00-0033246,J.Mundt,TE,MIN,0.1402408551174137,2.3,1,2026-09-17T22:42:15.070668,B
2024,11,00-0033439,P.Brown,TE,SEA,0.8356611471559372,0.0,1,2026-09-17T22:42:15.070668,B
2024,11,00-0033576,E.Saubert,TE,SF,0.9092708465178774,1.7,1,2026-09-17T22:42:15.070668,B
2024,11,00-0033858,J.Smith,TE,MIA,8.681850827969654,28.1,1,2026-09-17T22:42:15.070668,B
2024,11,00-0033881,E.Engram,TE,JAX,12.500925984028774,7.8,1,2026-09-17T22:42:15.070668,B
2024,11,00-0033885,D.Njoku,TE,CLE,12.24605794667914,19.1,1,2026-09-17T22:42:15.070668,B
2024,11,00-0033895,G.Everett,TE,CHI,3.1601657168122923,0.0,1,2026-09-17T22:42:15.070668,B
2024,11,00-0034073,R.Dwelley,TE,ATL,-0.10132629067667498,1.5,1,2026-09-17T22:42:15.070668,B
2024,11,00-0034159,W.Dissly,TE,LAC,7.246927715347356,18.0,1,2026-09-17T22:42:15.070668,B
2024,11,00-0034270,T.Conklin,TE,NYJ,6.091622216156527,1.7,1,2026-09-17T22:42:15.070668,B
2024,11,00-0034351,D.Goedert,TE,PHI,9.111055703038637,11.1,1,2026-09-17T22:42:15.070668,B
2024,11,00-0034364,J.Akins,TE,CLE,3.440040122244202,2.9,1,2026-09-17T22:42:15.070668,B
2024,11,00-0034383,D.Schultz,TE,HOU,8.925369966024775,8.3,1,2026-09-17T22:42:15.070668,B
2024,11,00-0034613,T.Hudson,TE,CIN,3.9737527411042706,3.3,1,2026-09-17T22:42:15.070668,B
2024,11,00-0034753,M.Andrews,TE,BAL,10.688834524349272,4.2,1,2026-09-17T22:42:15.070668,B
2024,11,00-0034798,D.Smythe,TE,MIA,2.834675347680156,1.3,1,2026-09-17T22:42:15.070668,B
2024,11,00-0034829,M.Gesicki,TE,CIN,9.388224762132204,0.0,1,2026-09-17T22:42:15.070668,B
2024,11,00-0034981,F.Moreau,TE,NO,4.851041394828734,8.0,1,2026-09-17T22:42:15.070668,B
2024,11,00-0035229,T.Hockenson,TE,MIN,10.110234400453294,3.3,1,2026-09-17T22:42:15.070668,B
2024,11,00-0035249,J.Oliver,TE,MIN,5.859771583597741,6.4,1,2026-09-17T22:42:15.070668,B
2024,11,00-0035631,D.Sample,TE,CIN,3.5826308982669612,1.5,1,2026-09-17T22:42:15.070668,B
2024,11,00-0035689,D.Knox,TE,BUF,5.437969984189084,8.0,1,2026-09-17T22:42:15.070668,B
2024,11,00-0036040,J.Johnson,TE,NO,6.0030437060550454,12.0,1,2026-09-17T22:42:15.070668,B
2024,11,00-0036059,T.Mabry,TE,SEA,1.0644841085836076,0.0,1,2026-09-17T22:42:15.070668,B
2024,11,00-0036244,C.Parkinson,TE,LA,2.524417488554631,8.9,1,2026-09-17T22:42:15.070668,B
2024,11,00-0036290,C.Kmet,TE,CHI,7.619450851077573,7.2,1,2026-09-17T22:42:15.070668,B
2024,11,00-0036422,A.Trautman,TE,DEN,5.710554750317975,0.0,1,2026-09-17T22:42:15.070668,B
2024,11,00-0036510,K.Yeboah,TE,NYJ,0.5300605362422406,8.1,1,2026-09-17T22:42:15.070668,B
2024,11,00-0036534,S.Zylstra,TE,DET,1.3586014933595463,3.2,1,2026-09-17T22:42:15.070668,B
2024,11,00-0036590,Q.Morris,TE,BUF,1.259988837430869,0.0,1,2026-09-17T22:42:15.070668,B
2024,11,00-0036628,J.Bates,TE,WAS,1.166453492012292,3.7,1,2026-09-17T22:42:15.070668,B
2024,11,00-0036637,N.Gray,TE,KC,3.333966208032367,18.3,1,2026-09-17T22:42:15.070668,B
2024,11,00-0036640,Z.Davidson,TE,BUF,2.004069245723579,1.5,1,2026-09-17T22:42:15.070668,B
2024,11,00-0036754,B.Wright,TE,DET,2.653130239477711,7.5,1,2026-09-17T22:42:15.070668,B
2024,11,00-0036876,K.Granson,TE,IND,3.66254315352064,1.4,1,2026-09-17T22:42:15.070668,B
2024,11,00-0036887,L.Farrell,TE,JAX,0.9996539719623483,1.3,1,2026-09-17T22:42:15.070668,B
2024,11,00-0036894,P.Freiermuth,TE,PIT,6.558200223045622,3.4,1,2026-09-17T22:42:15.070668,B
2024,11,00-0036970,K.Pitts,TE,ATL,8.076845708562962,1.9,1,2026-09-17T22:42:15.070668,B
2024,11,00-0037004,H.Long,TE,LA,0.6730288910678075,0.0,1,2026-09-17T22:42:15.070668,B
2024,11,00-0037086,G.Calcaterra,TE,PHI,4.509926256633507,0.0,1,2026-09-17T22:42:15.070668,B
2024,11,00-0037277,T.Quitoriano,TE,HOU,0.2424475221435367,0.0,1,2026-09-17T22:42:15.070668,B
2024,11,00-0037282,J.Mitchell,TE,DET,2.528126507617565,0.0,1,2026-09-17T22:42:15.070668,B
2024,11,00-0037292,A.Ogletree,TE,IND,1.7042248656356622,1.8,1,2026-09-17T22:42:15.070668,B
2024,11,00-0037306,J.FitzPatrick,TE,GB,0.22569793294468354,0.0,1,2026-09-17T22:42:15.070668,B
2024,11,00-0037475,S.Smartt,TE,LAC,0.6653170908741126,0.0,1,2026-09-17T22:42:15.070668,B
2024,11,00-0037539,L.Krull,TE,DEN,2.318390477666757,0.0,1,2026-09-17T22:42:15.070668,B
2024,11,00-0037569,P.Hendershot,TE,KC,-0.031139214961028117,2.1,1,2026-09-17T22:42:15.070668,B
2024,11,00-0037654,T.Fisk,TE,LAC,0.9452937002444859,1.6,1,2026-09-17T22:42:15.070668,B
2024,11,00-0037805,J.Ruckert,TE,NYJ,2.583300581851067,1.6,1,2026-09-17T22:42:15.070668,B
2024,11,00-0037809,C.Okonkwo,TE,TEN,4.885569387322304,3.9,1,2026-09-17T22:42:15.070668,B
2024,11,00-0037838,I.Likely,TE,BAL,5.430874346177557,9.5,1,2026-09-17T22:42:15.070668,B
2024,11,00-0038041,J.Ferguson,TE,DAL,10.213035973853664,2.1,1,2026-09-17T22:42:15.070668,B
2024,11,00-0038046,C.Kolar,TE,BAL,1.3348345695019828,0.0,1,2026-09-17T22:42:15.070668,B
2024,11,00-0038547,L.Schoonmaker,TE,DAL,1.1015678401018159,11.6,1,2026-09-17T22:42:15.070668,B
2024,11,00-0038558,D.Washington,TE,PIT,4.48862288304057,6.2,1,2026-09-17T22:42:15.070668,B
2024,11,00-0038589,J.Whyle,TE,TEN,2.4464726016456506,1.6,1,2026-09-17T22:42:15.070668,B
2024,11,00-0038720,J.Hill,TE,MIA,3.078136707511427,4.8,1,2026-09-17T22:42:15.070668,B
2024,11,00-0038735,Princeton Fant,TE,DAL,1.0391799441695269,0.0,1,2026-09-17T22:42:15.070668,B
2024,11,00-0038783,N.Adkins,TE,DEN,2.0677103582505283,8.2,1,2026-09-17T22:42:15.070668,B
2024,11,00-0038809,B.Sims,TE,GB,1.2488867855043728,0.0,1,2026-09-17T22:42:15.070668,B
2024,11,00-0038935,B.Strange,TE,JAX,3.590364544896152,1.6,1,2026-09-17T22:42:15.070668,B
2024,11,00-0038996,T.Kraft,TE,GB,8.401613697385814,0.0,1,2026-09-17T22:42:15.070668,B
2024,11,00-0039066,M.Mayer,TE,LV,4.387876918943569,1.5,1,2026-09-17T22:42:15.070668,B
2024,11,00-0039074,D.Allen,TE,LA,4.2492976374963725,0.0,1,2026-09-17T22:42:15.070668,B
2024,11,00-0039338,B.Bowers,TE,LV,12.695102596036836,31.3,1,2026-09-17T22:42:15.070668,B
2024,11,00-0039359,C.Stover,TE,HOU,3.284946999338131,3.5,1,2026-09-17T22:42:15.070668,B
2024,11,00-0039420,J.Bell,TE,NE,-0.6849376345504732,0.0,1,2026-09-17T22:42:15.070668,B
2024,11,00-0039530,B.Spann-Ford,TE,DAL,0.3198057138999033,8.2,1,2026-09-17T22:42:15.070668,B
2024,11,00-0039613,D.Holker,TE,NO,0.854075478469885,0.0,1,2026-09-17T22:42:15.070668,B
2024,11,00-0039631,C.Grandy,TE,CIN,-0.38986844415270294,0.0,1,2026-09-17T22:42:15.070668,B
2024,11,00-0039793,A.Barner,TE,SEA,5.404432675052568,3.5,1,2026-09-17T22:42:15.070668,B
2024,11,00-0039912,B.Sinnott,TE,WAS,1.6120705255686718,0.0,1,2026-09-17T22:42:15.070668,B
2024,12,00-0030578,C.Patterson,RB,PIT,3.309196779027088,-0.2,1,2026-09-17T22:42:15.070668,B
2024,12,00-0031687,R.Mostert,RB,MIA,6.990567590341596,1.2,1,2026-09-17T22:42:15.070668,B
2024,12,00-0032104,A.Abdullah,RB,LV,4.499954074910524,17.5,1,2026-09-17T22:42:15.070668,B
2024,12,00-0032764,D.Henry,RB,BAL,14.093933906017718,14.0,1,2026-09-17T22:42:15.070668,B
2024,12,00-0033045,E.Elliott,RB,DAL,6.122787818030014,0.6,1,2026-09-17T22:42:15.070668,B
2024,12,00-0033280,C.McCaffrey,RB,SF,20.225999665346905,7.8,1,2026-09-17T22:42:15.070668,B
2024,12,00-0033293,A.Jones,RB,MIN,10.485786413030542,19.9,1,2026-09-17T22:42:15.070668,B
2024,12,00-0033526,S.Perine,RB,KC,5.489191609114278,4.4,1,2026-09-17T22:42:15.070668,B
2024,12,00-0033553,J.Conner,RB,ARI,13.559502881056881,9.9,1,2026-09-17T22:42:15.070668,B
2024,12,00-0033699,A.Ekeler,RB,WAS,13.544093959438701,4.4,1,2026-09-17T22:42:15.070668,B
2024,12,00-0033854,D.Ogunbowale,RB,HOU,1.9247111560794332,0.0,1,2026-09-17T22:42:15.070668,B
2024,12,00-0033897,J.Mixon,RB,HOU,18.233160371742116,9.5,1,2026-09-17T22:42:15.070668,B
2024,12,00-0033923,K.Hunt,RB,KC,14.253567426030763,11.7,1,2026-09-17T22:42:15.070668,B
2024,12,00-0033955,J.McNichols,RB,WAS,5.116171532963106,2.2,1,2026-09-17T22:42:15.070668,B
2024,12,00-0034184,G.Edwards,RB,LAC,5.102749862268684,7.1,1,2026-09-17T22:42:15.070668,B
2024,12,00-0034791,N.Chubb,RB,CLE,8.983828276898896,19.0,1,2026-09-17T22:42:15.070668,B
2024,12,00-0034844,S.Barkley,RB,PHI,18.128171932199223,46.2,1,2026-09-17T22:42:15.070668,B
2024,12,00-0034975,J.Hill,RB,BAL,8.920504357501393,14.2,1,2026-09-17T22:42:15.070668,B
2024,12,00-0035250,D.Singletary,RB,NYG,5.6320474151510185,9.0,1,2026-09-17T22:42:15.070668,B
2024,12,00-0035261,T.Pollard,RB,TEN,12.20951945020375,21.9,1,2026-09-17T22:42:15.070668,B
2024,12,00-0035567,C.Reynolds,RB,DET,2.471658469466325,0.6,1,2026-09-17T22:42:15.070668,B
2024,12,00-0035685,D.Montgomery,RB,DET,13.497087800156926,16.3,1,2026-09-17T22:42:15.070668,B
2024,12,00-0035700,J.Jacobs,RB,GB,17.89431812184335,28.6,1,2026-09-17T22:42:15.070668,B
2024,12,00-0035806,J.Hasty,RB,NE,2.4628588322457743,3.5,1,2026-09-17T22:42:15.070668,B
2024,12,00-0036139,R.Dowdle,RB,DAL,10.635939715120868,10.8,1,2026-09-17T22:42:15.070668,B
2024,12,00-0036158,J.Dobbins,RB,LAC,14.206240898793087,8.9,1,2026-09-17T22:42:15.070668,B
2024,12,00-0036223,J.Taylor,RB,IND,15.39706616918771,3.5,1,2026-09-17T22:42:15.070668,B
2024,12,00-0036275,D.Swift,RB,CHI,12.260150597462289,9.5,1,2026-09-17T22:42:15.070668,B
2024,12,00-0036328,A.Gibson,RB,NE,4.678072883486611,5.5,1,2026-09-17T22:42:15.070668,B
2024,12,00-0036370,J.Kelley,RB,TEN,0.3540884396533581,0.0,1,2026-09-17T22:42:15.070668,B
2024,12,00-0036414,C.Akers,RB,MIN,7.211850613171642,3.5,1,2026-09-17T22:42:15.070668,B
2024,12,00-0036555,C.Hubbard,RB,CAR,14.789518004465787,15.0,1,2026-09-17T22:42:15.070668,B
2024,12,00-0036875,R.Stevenson,RB,NE,14.27231505525284,3.3,1,2026-09-17T22:42:15.070668,B
2024,12,00-0036893,N.Harris,RB,PIT,12.763410443580998,7.4,1,2026-09-17T22:42:15.070668,B
2024,12,00-0036919,K.Gainwell,RB,PHI,4.768663173298364,8.2,1,2026-09-17T22:42:15.070668,B
2024,12,00-0036984,T.Sermon,RB,IND,1.316109695693898,0.0,1,2026-09-17T22:42:15.070668,B
2024,12,00-0036997,J.Williams,RB,DEN,11.286676760003559,2.4,1,2026-09-17T22:42:15.070668,B
2024,12,00-0037228,J.Warren,RB,PIT,8.139280814504728,15.4,1,2026-09-17T22:42:15.070668,B
2024,12,00-0037256,R.White,RB,TB,12.011856748280339,11.7,1,2026-09-17T22:42:15.070668,B
2024,12,00-0037267,J.Ford,RB,CLE,6.350672243919907,3.7,1,2026-09-17T22:42:15.070668,B
2024,12,00-0037304,C.Heyward,RB,PIT,1.0213808815426066,0.0,1,2026-09-17T22:42:15.070668,B
2024,12,00-0037429,R.Blackshear,RB,CAR,-0.3248931104919457,0.0,1,2026-09-17T22:42:15.070668,B
2024,12,00-0037509,S.McCormick,RB,LV,2.175508784206417,3.3,1,2026-09-17T22:42:15.070668,B
2024,12,00-0037525,J.Mason,RB,SF,2.3652372282018366,2.3,1,2026-09-17T22:42:15.070668,B
2024,12,00-0037594,J.Chestnut,RB,TEN,2.680069228653534,1.5,1,2026-09-17T22:42:15.070668,B
2024,12,00-0037617,H.Haskins,RB,LAC,2.6682487740660843,0.3,1,2026-09-17T22:42:15.070668,B
2024,12,00-0037746,Br.Robinson,RB,WAS,13.022409273904795,3.4,1,2026-09-17T22:42:15.070668,B
2024,12,00-0037840,K.Williams,RB,LA,14.466546264709088,11.2,1,2026-09-17T22:42:15.070668,B
2024,12,00-0038134,K.Walker,RB,SEA,14.891144858012932,13.3,1,2026-09-17T22:42:15.070668,B
2024,12,00-0038396,E.Gray,RB,NYG,1.5274228844712683,2.6,1,2026-09-17T22:42:15.070668,B
2024,12,00-0038685,C.Brooks,RB,GB,4.747788120799897,3.6,1,2026-09-17T22:42:15.070668,B
2024,12,00-0038705,E.Demercado,RB,ARI,4.750278914646618,1.4,1,2026-09-17T22:42:15.070668,B
2024,12,00-0038794,J.McLaughlin,RB,DEN,4.734678406759053,4.4,1,2026-09-17T22:42:15.070668,B
2024,12,00-0038797,E.Wilson,RB,GB,4.321881911706247,4.1,1,2026-09-17T22:42:15.070668,B
2024,12,00-0038951,S.Tucker,RB,TB,5.056056486417193,8.0,1,2026-09-17T22:42:15.070668,B
2024,12,00-0039021,R.Johnson,RB,CHI,6.337115917840887,8.2,1,2026-09-17T22:42:15.070668,B
2024,12,00-0039040,D.Achane,RB,MIA,16.908471145719894,20.6,1,2026-09-17T22:42:15.070668,B
2024,12,00-0039139,J.Gibbs,RB,DET,13.125323726955536,24.9,1,2026-09-17T22:42:15.070668,B
2024,12,00-0039165,Z.Charbonnet,RB,SEA,6.7149393476726615,2.2,1,2026-09-17T22:42:15.070668,B
2024,12,00-0039325,C.Steele,RB,KC,4.135338573982218,2.3,1,2026-09-17T22:42:15.070668,B
2024,12,00-0039344,J.Brooks,RB,CAR,3.1688090355488114,0.7,1,2026-09-17T22:42:15.070668,B
2024,12,00-0039361,B.Irving,RB,TB,11.912132193913006,27.2,1,2026-09-17T22:42:15.070668,B
2024,12,00-0039364,S.Vaki,RB,DET,3.4589530645462405,0.0,1,2026-09-17T22:42:15.070668,B
2024,12,00-0039373,A.Estime,RB,DEN,5.628292837007651,1.5,1,2026-09-17T22:42:15.070668,B
2024,12,00-0039384,T.Tracy,RB,NYG,12.847853674272473,9.0,1,2026-09-17T22:42:15.070668,B
2024,12,00-0039738,B.Corum,RB,LA,6.0997937053793745,0.5,1,2026-09-17T22:42:15.070668,B
2024,12,00-0039874,J.Wright,RB,MIA,5.831275145064309,0.8,1,2026-09-17T22:42:15.070668,B
2024,12,00-0039921,T.Benson,RB,ARI,8.545559882294494,1.8,1,2026-09-17T22:42:15.070668,B
2024,12,00-0030035,A.Thielen,WR,CAR,6.54071716627978,8.7,1,2026-09-17T22:42:15.070668,B
2024,12,00-0030279,K.Allen,WR,CHI,13.263304472266311,23.6,1,2026-09-17T22:42:15.070668,B
2024,12,00-0030431,R.Woods,WR,HOU,5.44525079051353,1.8,1,2026-09-17T22:42:15.070668,B
2024,12,00-0030564,D.Hopkins,WR,KC,11.781700688477617,14.5,1,2026-09-17T22:42:15.070668,B
2024,12,00-0031235,O.Beckham,WR,MIA,5.363161701484611,0.0,1,2026-09-17T22:42:15.070668,B
2024,12,00-0031408,M.Evans,WR,TB,10.712035900876595,11.8,1,2026-09-17T22:42:15.070668,B
2024,12,00-0031428,A.Robinson,WR,DET,0.9016155560404258,0.0,1,2026-09-17T22:42:15.070668,B
2024,12,00-0031549,N.Agholor,WR,BAL,4.937060394921553,0.0,1,2026-09-17T22:42:15.070668,B
2024,12,00-0031763,D.Carter,WR,CHI,0.6240662912259252,0.0,1,2026-09-17T22:42:15.070668,B
2024,12,00-0032128,C.Conley,WR,SF,-0.3158340305418683,0.0,1,2026-09-17T22:42:15.070668,B
2024,12,00-0032211,T.Lockett,WR,SEA,9.336616573207099,4.0,1,2026-09-17T22:42:15.070668,B
2024,12,00-0032385,S.Shepard,WR,TB,5.7281144941851165,6.6,1,2026-09-17T22:42:15.070668,B
2024,12,00-0032464,K.Raymond,WR,DET,4.1365105484488325,0.0,1,2026-09-17T22:42:15.070668,B
2024,12,00-0032775,D.Robinson,WR,LA,6.889908145794036,9.5,1,2026-09-17T22:42:15.070668,B
2024,12,00-0033009,T.Boyd,WR,TEN,6.07834956042902,11.5,1,2026-09-17T22:42:15.070668,B
2024,12,00-0033040,T.Hill,WR,MIA,14.835728606958517,9.8,1,2026-09-17T22:42:15.070668,B
2024,12,00-0033251,Z.Pascal,WR,ARI,0.2359756241628892,0.0,1,2026-09-17T22:42:15.070668,B
2024,12,00-0033307,K.Bourne,WR,NE,7.8795368162152775,6.0,1,2026-09-17T22:42:15.070668,B
2024,12,00-0033375,T.Patrick,WR,DET,6.27034222503754,9.5,1,2026-09-17T22:42:15.070668,B
2024,12,00-0033536,M.Williams,WR,PIT,5.622449807853842,0.0,1,2026-09-17T22:42:15.070668,B
2024,12,00-0033589,D.Moore,WR,CAR,5.7873275202962535,20.1,1,2026-09-17T22:42:15.070668,B
2024,12,00-0033591,N.Brown,WR,WAS,8.647334525939073,13.1,1,2026-09-17T22:42:15.070668,B
2024,12,00-0033857,J.Smith-Schuster,WR,KC,5.753523273620038,1.6,1,2026-09-17T22:42:15.070668,B
2024,12,00-0033891,Z.Jones,WR,ARI,4.059406267723121,0.0,1,2026-09-17T22:42:15.070668,B
2024,12,00-0033908,C.Kupp,WR,LA,14.163055767663076,20.0,1,2026-09-17T22:42:15.070668,B
2024,12,00-0034054,R.Cracraft,WR,MIA,1.0478719403288839,0.0,1,2026-09-17T22:42:15.070668,B
2024,12,00-0034348,C.Sutton,WR,DEN,15.728970624880336,29.7,1,2026-09-17T22:42:15.070668,B
2024,12,00-0034386,J.Watson,WR,KC,4.6210387474886865,2.5,1,2026-09-17T22:42:15.070668,B
2024,12,00-0034487,T.Sherfield,WR,MIN,0.5913740662013236,0.0,1,2026-09-17T22:42:15.070668,B
2024,12,00-0034646,B.Powell,WR,MIN,2.38148880867029,0.0,1,2026-09-17T22:42:15.070668,B
2024,12,00-0034827,D.Moore,WR,CHI,13.078379956074155,26.9,1,2026-09-17T22:42:15.070668,B
2024,12,00-0034837,C.Ridley,WR,TEN,14.812179942842736,14.3,1,2026-09-17T22:42:15.070668,B
2024,12,00-0034960,J.Meyers,WR,LV,12.434606471699517,22.1,1,2026-09-17T22:42:15.070668,B
2024,12,00-0035021,A.Dulin,WR,IND,2.233916874754086,0.0,1,2026-09-17T22:42:15.070668,B
2024,12,00-0035140,M.Hardman,WR,KC,3.931159326344097,1.5,1,2026-09-17T22:42:15.070668,B
2024,12,00-0035208,O.Zaccheaus,WR,WAS,4.3380275735500575,1.8,1,2026-09-17T22:42:15.070668,B
2024,12,00-0035216,D.Johnson,WR,BAL,6.34497402593422,0.0,1,2026-09-17T22:42:15.070668,B
2024,12,00-0035406,L.Humphrey,WR,DEN,3.773154456334141,2.4,1,2026-09-17T22:42:15.070668,B
2024,12,00-0035500,G.Dortch,WR,ARI,3.2322227099441436,1.5,1,2026-09-17T22:42:15.070668,B
2024,12,00-0035535,D.Slayton,WR,NYG,8.820130391821788,0.0,1,2026-09-17T22:42:15.070668,B
2024,12,00-0035640,D.Metcalf,WR,SEA,12.810027352296846,9.9,1,2026-09-17T22:42:15.070668,B
2024,12,00-0035659,T.McLaurin,WR,WAS,10.50959868910661,21.2,1,2026-09-17T22:42:15.070668,B
2024,12,00-0035676,A.Brown,WR,PHI,15.454117747927711,22.9,1,2026-09-17T22:42:15.070668,B
2024,12,00-0035719,D.Samuel,WR,SF,14.540441469417075,3.1,1,2026-09-17T22:42:15.070668,B
2024,12,00-0035976,D.Chisena,WR,CAR,-2.8154894538816038,0.0,1,2026-09-17T22:42:15.070668,B
2024,12,00-0036182,N.Westbrook-Ikhine,WR,TEN,9.14936096603535,12.8,1,2026-09-17T22:42:15.070668,B
2024,12,00-0036252,M.Pittman,WR,IND,9.778363481298072,15.6,1,2026-09-17T22:42:15.070668,B
2024,12,00-0036259,J.Jennings,WR,SF,12.023584184862163,9.0,1,2026-09-17T22:42:15.070668,B
2024,12,00-0036322,J.Jefferson,WR,MIN,16.13601413786911,4.7,1,2026-09-17T22:42:15.070668,B
2024,12,00-0036358,C.Lamb,WR,DAL,18.051023368259095,16.8,1,2026-09-17T22:42:15.070668,B
2024,12,00-0036387,J.Reagor,WR,LAC,2.230043876474853,4.0,1,2026-09-17T22:42:15.070668,B
2024,12,00-0036407,J.Jeudy,WR,CLE,11.4466065278546,14.5,1,2026-09-17T22:42:15.070668,B
2024,12,00-0036415,V.Jefferson,WR,PIT,3.796324755685907,5.9,1,2026-09-17T22:42:15.070668,B
2024,12,00-0036427,T.Johnson,WR,LA,2.980380112136589,2.1,1,2026-09-17T22:42:15.070668,B
2024,12,00-0036527,D.Turner,WR,LV,3.2708261298856183,2.5,1,2026-09-17T22:42:15.070668,B
2024,12,00-0036550,R.Bateman,WR,BAL,10.146494565187513,12.3,1,2026-09-17T22:42:15.070668,B
2024,12,00-0036554,N.Collins,WR,HOU,13.884051180234405,20.2,1,2026-09-17T22:42:15.070668,B
2024,12,00-0036613,J.Waddle,WR,MIA,10.405899277792582,28.4,1,2026-09-17T22:42:15.070668,B
2024,12,00-0036626,D.Brown,WR,WAS,2.704793881039426,5.6,1,2026-09-17T22:42:15.070668,B
2024,12,00-0036630,T.Wallace,WR,BAL,4.024513363506725,2.5,1,2026-09-17T22:42:15.070668,B
2024,12,00-0036849,T.Atwell,WR,LA,2.707209330500838,6.0,1,2026-09-17T22:42:15.070668,B
2024,12,00-0036862,B.Skowronek,WR,PIT,-1.3045429639126684,0.0,1,2026-09-17T22:42:15.070668,B
2024,12,00-0036963,A.St. Brown,WR,DET,18.98446078772725,12.2,1,2026-09-17T22:42:15.070668,B
2024,12,00-0036980,E.Moore,WR,CLE,9.783780324293874,5.1,1,2026-09-17T22:42:15.070668,B
2024,12,00-0036988,J.Palmer,WR,LAC,8.498320241240304,6.8,1,2026-09-17T22:42:15.070668,B
2024,12,00-0037091,B.Melton,WR,GB,2.4330457008665904,0.5,1,2026-09-17T22:42:15.070668,B
2024,12,00-0037132,B.Covey,WR,PHI,2.0545203919438144,0.0,1,2026-09-17T22:42:15.070668,B
2024,12,00-0037240,J.Williams,WR,DET,8.491943412898591,11.8,1,2026-09-17T22:42:15.070668,B
2024,12,00-0037247,G.Pickens,WR,PIT,13.056222683434587,8.8,1,2026-09-17T22:42:15.070668,B
2024,12,00-0037291,J.Nailor,WR,MIN,3.0426229836655585,7.5,1,2026-09-17T22:42:15.070668,B
2024,12,00-0037487,D.Thompkins,WR,CAR,-0.20031604494212374,4.3,1,2026-09-17T22:42:15.070668,B
2024,12,00-0037614,J.Metchie,WR,HOU,6.866809097864841,1.6,1,2026-09-17T22:42:15.070668,B
2024,12,00-0037664,A.Pierce,WR,IND,8.418584826316092,4.9,1,2026-09-17T22:42:15.070668,B
2024,12,00-0037666,J.Tolbert,WR,DAL,5.876760773902736,10.2,1,2026-09-17T22:42:15.070668,B
2024,12,00-0037741,J.Dotson,WR,PHI,6.610331806342959,1.4,1,2026-09-17T22:42:15.070668,B
2024,12,00-0037801,K.Turpin,WR,DAL,4.315838838982648,1.8,1,2026-09-17T22:42:15.070668,B
2024,12,00-0037816,R.Doubs,WR,GB,9.003614041674046,8.4,1,2026-09-17T22:42:15.070668,B
2024,12,00-0037837,C.Austin,WR,PIT,4.657825656318106,16.8,1,2026-09-17T22:42:15.070668,B
2024,12,00-0038117,W.Robinson,WR,NYG,7.822097408352635,9.7,1,2026-09-17T22:42:15.070668,B
2024,12,00-0038124,C.Watson,WR,GB,11.222347309072301,0.4,1,2026-09-17T22:42:15.070668,B
2024,12,00-0038393,D.Wicks,WR,GB,4.225033497662883,3.5,1,2026-09-17T22:42:15.070668,B
2024,12,00-0038465,M.Heath,WR,GB,0.8437595562535884,9.5,1,2026-09-17T22:42:15.070668,B
2024,12,00-0038543,J.Smith-Njigba,WR,SEA,15.670867344078921,19.7,1,2026-09-17T22:42:15.070668,B
2024,12,00-0038544,Q.Johnston,WR,LAC,10.041498818034958,0.0,1,2026-09-17T22:42:15.070668,B
2024,12,00-0038559,Mi.Wilson,WR,ARI,8.250802843241265,7.4,1,2026-09-17T22:42:15.070668,B
2024,12,00-0038563,T.Tucker,WR,LV,6.588386981838504,15.2,1,2026-09-17T22:42:15.070668,B
2024,12,00-0038573,D.Davis,WR,LAC,3.041613950183291,2.4,1,2026-09-17T22:42:15.070668,B
2024,12,00-0038590,Justin Shorter,WR,LV,0.9208493539845017,0.0,1,2026-09-17T22:42:15.070668,B
2024,12,00-0038608,K.Boutte,WR,NE,8.201643433121788,1.6,1,2026-09-17T22:42:15.070668,B
2024,12,00-0038618,X.Hutchinson,WR,HOU,3.8785224197492534,0.0,1,2026-09-17T22:42:15.070668,B
2024,12,00-0038621,D.Douglas,WR,NE,8.657012301599545,11.3,1,2026-09-17T22:42:15.070668,B
2024,12,00-0038640,J.Brooks,WR,DAL,3.546094476530243,5.1,1,2026-09-17T22:42:15.070668,B
2024,12,00-0038647,R.Bell,WR,SF,-0.25744868462732207,0.0,1,2026-09-17T22:42:15.070668,B
2024,12,00-0038752,J.Bobo,WR,SEA,1.409110460085789,1.8,1,2026-09-17T22:42:15.070668,B
2024,12,00-0038821,R.Jarrett,WR,TB,5.497806190246135,4.0,1,2026-09-17T22:42:15.070668,B
2024,12,00-0038824,R.Miller,WR,TB,4.8543451927513,2.4,1,2026-09-17T22:42:15.070668,B
2024,12,00-0038938,J.Hyatt,WR,NYG,3.5260008231440105,0.0,1,2026-09-17T22:42:15.070668,B
2024,12,00-0038976,M.Mims,WR,DEN,6.468970633871725,7.2,1,2026-09-17T22:42:15.070668,B
2024,12,00-0038977,T.Dell,WR,HOU,13.819081823047963,10.2,1,2026-09-17T22:42:15.070668,B
2024,12,00-0038979,C.Tillman,WR,CLE,9.742655109604673,2.8,1,2026-09-17T22:42:15.070668,B
2024,12,00-0038994,J.Addison,WR,MIN,10.070496200963792,30.2,1,2026-09-17T22:42:15.070668,B
2024,12,00-0038997,J.Downs,WR,IND,12.046987347533173,5.7,1,2026-09-17T22:42:15.070668,B
2024,12,00-0039052,T.Palmer,WR,TB,4.385236163489173,2.8,1,2026-09-17T22:42:15.070668,B
2024,12,00-0039062,J.Mingo,WR,DAL,3.846205434437744,1.8,1,2026-09-17T22:42:15.070668,B
2024,12,00-0039064,Z.Flowers,WR,BAL,13.528914545198246,11.2,1,2026-09-17T22:42:15.070668,B
2024,12,00-0039075,P.Nacua,WR,LA,13.37616302890763,20.7,1,2026-09-17T22:42:15.070668,B
2024,12,00-0039146,J.Reed,WR,GB,9.177057777823492,5.6,1,2026-09-17T22:42:15.070668,B
2024,12,00-0039236,J.Wilson,WR,PHI,2.4818018445852346,0.0,1,2026-09-17T22:42:15.070668,B
2024,12,00-0039337,M.Nabers,WR,NYG,14.94519644369026,12.4,1,2026-09-17T22:42:15.070668,B
2024,12,00-0039342,X.Legette,WR,CAR,9.734978135591158,9.6,1,2026-09-17T22:42:15.070668,B
2024,12,00-0039355,L.McCaffrey,WR,WAS,2.8191073654347,1.8,1,2026-09-17T22:42:15.070668,B
2024,12,00-0039379,J.Thrash,WR,CLE,0.40464198981541877,0.0,1,2026-09-17T22:42:15.070668,B
2024,12,00-0039392,J.Jackson,WR,TEN,2.0925579455357095,0.0,1,2026-09-17T22:42:15.070668,B
2024,12,00-0039410,R.Flournoy,WR,DAL,3.8202109617005204,0.0,1,2026-09-17T22:42:15.070668,B
2024,12,00-0039424,D.Vele,WR,DEN,7.0206330021066865,14.0,1,2026-09-17T22:42:15.070668,B
2024,12,00-0039543,R.Keyton,WR,LV,0.43757067229057256,0.0,1,2026-09-17T22:42:15.070668,B
2024,12,00-0039650,B.Oliver,WR,TEN,1.1391695564144335,0.0,1,2026-09-17T22:42:15.070668,B
2024,12,00-0039747,A.Smith,WR,PHI,2.3097295935475826,0.0,1,2026-09-17T22:42:15.070668,B
2024,12,00-0039792,D.Walker,WR,BAL,2.446187961724654,0.0,1,2026-09-17T22:42:15.070668,B
2024,12,00-0039849,M.Harrison,WR,ARI,13.704606934240005,7.7,1,2026-09-17T22:42:15.070668,B
2024,12,00-0039853,J.Baker,WR,NE,1.3800257477799427,0.0,1,2026-09-17T22:42:15.070668,B
2024,12,00-0039855,J.McMillan,WR,TB,5.88736895884589,2.1,1,2026-09-17T22:42:15.070668,B
2024,12,00-0039868,T.Franklin,WR,DEN,5.98964145540566,5.1,1,2026-09-17T22:42:15.070668,B
2024,12,00-0039880,M.Washington,WR,MIA,4.589228375074992,1.3,1,2026-09-17T22:42:15.070668,B
2024,12,00-0039890,A.Mitchell,WR,IND,5.039539042007885,2.0,1,2026-09-17T22:42:15.070668,B
2024,12,00-0039894,X.Worthy,WR,KC,8.551865152023767,9.1,1,2026-09-17T22:42:15.070668,B
2024,12,00-0039907,J.Polk,WR,NE,2.809463582100519,1.7,1,2026-09-17T22:42:15.070668,B
2024,12,00-0039915,L.McConkey,WR,LAC,10.601498505973971,14.3,1,2026-09-17T22:42:15.070668,B
2024,12,00-0039916,R.Pearsall,WR,SF,7.225290363205548,0.0,1,2026-09-17T22:42:15.070668,B
2024,12,00-0039919,R.Odunze,WR,CHI,11.473169672167746,8.9,1,2026-09-17T22:42:15.070668,B
2024,12,00-0024243,M.Lewis,TE,CHI,0.23074491009675846,0.0,1,2026-09-17T22:42:15.070668,B
2024,12,00-0030061,Z.Ertz,TE,WAS,9.004480153854683,15.8,1,2026-09-17T22:42:15.070668,B
2024,12,00-0030506,T.Kelce,TE,KC,15.967207545350819,12.2,1,2026-09-17T22:42:15.070668,B
2024,12,00-0031484,C.Manhertz,TE,NYG,0.24426371480232234,0.0,1,2026-09-17T22:42:15.070668,B
2024,12,00-0031585,M.Pruitt,TE,PIT,1.0363901959158128,0.0,1,2026-09-17T22:42:15.070668,B
2024,12,00-0032134,C.Uzomah,TE,PHI,0.9981190836884353,0.0,1,2026-09-17T22:42:15.070668,B
2024,12,00-0032392,A.Hooper,TE,NE,4.146927813198829,15.9,1,2026-09-17T22:42:15.070668,B
2024,12,00-0032394,N.Vannett,TE,TEN,1.9394889122561252,0.0,1,2026-09-17T22:42:15.070668,B
2024,12,00-0033090,H.Henry,TE,NE,10.12840606880794,9.4,1,2026-09-17T22:42:15.070668,B
2024,12,00-0033217,M.Alie-Cox,TE,IND,2.5310784371200663,0.0,1,2026-09-17T22:42:15.070668,B
2024,12,00-0033246,J.Mundt,TE,MIN,-0.09159487235678476,1.7,1,2026-09-17T22:42:15.070668,B
2024,12,00-0033288,G.Kittle,TE,SF,12.055748043362753,20.2,1,2026-09-17T22:42:15.070668,B
2024,12,00-0033439,P.Brown,TE,SEA,0.7554651088822153,3.9,1,2026-09-17T22:42:15.070668,B
2024,12,00-0033576,E.Saubert,TE,SF,2.8182839398797346,0.0,1,2026-09-17T22:42:15.070668,B
2024,12,00-0033858,J.Smith,TE,MIA,10.268196641285497,23.7,1,2026-09-17T22:42:15.070668,B
2024,12,00-0033885,D.Njoku,TE,CLE,10.941449560253975,3.9,1,2026-09-17T22:42:15.070668,B
2024,12,00-0033895,G.Everett,TE,CHI,2.4969883659989827,0.0,1,2026-09-17T22:42:15.070668,B
2024,12,00-0034159,W.Dissly,TE,LAC,7.0480321868592775,8.7,1,2026-09-17T22:42:15.070668,B
2024,12,00-0034351,D.Goedert,TE,PHI,8.703795202229996,5.9,1,2026-09-17T22:42:15.070668,B
2024,12,00-0034364,J.Akins,TE,CLE,2.1324624127092537,6.8,1,2026-09-17T22:42:15.070668,B
2024,12,00-0034383,D.Schultz,TE,HOU,9.838633234920835,4.0,1,2026-09-17T22:42:15.070668,B
2024,12,00-0034753,M.Andrews,TE,BAL,9.56079371467596,15.6,1,2026-09-17T22:42:15.070668,B
2024,12,00-0034798,D.Smythe,TE,MIA,2.684855267244324,1.8,1,2026-09-17T22:42:15.070668,B
2024,12,00-0035229,T.Hockenson,TE,MIN,10.16037921085682,18.4,1,2026-09-17T22:42:15.070668,B
2024,12,00-0036059,T.Mabry,TE,SEA,0.7046138678609228,0.0,1,2026-09-17T22:42:15.070668,B
2024,12,00-0036244,C.Parkinson,TE,LA,2.432069310868983,2.0,1,2026-09-17T22:42:15.070668,B
2024,12,00-0036290,C.Kmet,TE,CHI,8.673462776362724,13.4,1,2026-09-17T22:42:15.070668,B
2024,12,00-0036422,A.Trautman,TE,DEN,4.67374371677629,1.3,1,2026-09-17T22:42:15.070668,B
2024,12,00-0036534,S.Zylstra,TE,DET,1.5571953438011623,0.0,1,2026-09-17T22:42:15.070668,B
2024,12,00-0036628,J.Bates,TE,WAS,1.9724483604147554,0.3,1,2026-09-17T22:42:15.070668,B
2024,12,00-0036637,N.Gray,TE,KC,4.600245109134047,22.6,1,2026-09-17T22:42:15.070668,B
2024,12,00-0036754,B.Wright,TE,DET,3.1645647842117723,4.4,1,2026-09-17T22:42:15.070668,B
2024,12,00-0036825,F.Franks,TE,CAR,-1.0095473805596304,0.0,1,2026-09-17T22:42:15.070668,B
2024,12,00-0036876,K.Granson,TE,IND,3.668146894315477,0.0,1,2026-09-17T22:42:15.070668,B
2024,12,00-0036894,P.Freiermuth,TE,PIT,5.539410455301439,9.9,1,2026-09-17T22:42:15.070668,B
2024,12,00-0037004,H.Long,TE,LA,0.6886032869988234,0.0,1,2026-09-17T22:42:15.070668,B
2024,12,00-0037005,T.Tremble,TE,CAR,2.9129476929622156,1.5,1,2026-09-17T22:42:15.070668,B
2024,12,00-0037086,G.Calcaterra,TE,PHI,2.5750673361176113,0.0,1,2026-09-17T22:42:15.070668,B
2024,12,00-0037112,J.Tonges,TE,SF,0.5563865751157007,0.0,1,2026-09-17T22:42:15.070668,B
2024,12,00-0037277,T.Quitoriano,TE,HOU,0.6235837380882874,0.0,1,2026-09-17T22:42:15.070668,B
2024,12,00-0037292,A.Ogletree,TE,IND,1.6202974029101145,0.0,1,2026-09-17T22:42:15.070668,B
2024,12,00-0037306,J.FitzPatrick,TE,GB,0.3540428315889841,1.2,1,2026-09-17T22:42:15.070668,B
2024,12,00-0037311,K.Kieft,TE,TB,-1.0519325803681356,0.0,1,2026-09-17T22:42:15.070668,B
2024,12,00-0037317,N.Muse,TE,MIN,0.8871690006287416,0.0,1,2026-09-17T22:42:15.070668,B
2024,12,00-0037475,S.Smartt,TE,LAC,0.39250390038038496,0.0,1,2026-09-17T22:42:15.070668,B
2024,12,00-0037539,L.Krull,TE,DEN,2.2225026512032664,0.0,1,2026-09-17T22:42:15.070668,B
2024,12,00-0037569,P.Hendershot,TE,KC,0.23203241977464195,0.0,1,2026-09-17T22:42:15.070668,B
2024,12,00-0037654,T.Fisk,TE,LAC,1.1237581291403025,1.7,1,2026-09-17T22:42:15.070668,B
2024,12,00-0037744,T.McBride,TE,ARI,11.610431726970583,25.3,1,2026-09-17T22:42:15.070668,B
2024,12,00-0037809,C.Okonkwo,TE,TEN,5.984306525680381,14.0,1,2026-09-17T22:42:15.070668,B
2024,12,00-0037838,I.Likely,TE,BAL,5.669904832787548,0.0,1,2026-09-17T22:42:15.070668,B
2024,12,00-0038046,C.Kolar,TE,BAL,0.4189295438090923,1.6,1,2026-09-17T22:42:15.070668,B
2024,12,00-0038115,D.Bellinger,TE,NYG,0.9259924302968257,0.0,1,2026-09-17T22:42:15.070668,B
2024,12,00-0038129,C.Otton,TE,TB,12.639192198432458,4.0,1,2026-09-17T22:42:15.070668,B
2024,12,00-0038547,L.Schoonmaker,TE,DAL,5.038750706793742,14.5,1,2026-09-17T22:42:15.070668,B
2024,12,00-0038558,D.Washington,TE,PIT,3.669896490642138,4.4,1,2026-09-17T22:42:15.070668,B
2024,12,00-0038589,J.Whyle,TE,TEN,1.6854979152498673,0.0,1,2026-09-17T22:42:15.070668,B
2024,12,00-0038643,B.Willis,TE,SF,0.2515090202850008,0.0,1,2026-09-17T22:42:15.070668,B
2024,12,00-0038710,B.Whiteheart,TE,CLE,0.9034981185300142,3.9,1,2026-09-17T22:42:15.070668,B
2024,12,00-0038720,J.Hill,TE,MIA,3.768026528673535,1.8,1,2026-09-17T22:42:15.070668,B
2024,12,00-0038783,N.Adkins,TE,DEN,2.4274045683769776,0.0,1,2026-09-17T22:42:15.070668,B
2024,12,00-0038809,B.Sims,TE,GB,2.097896089224105,0.0,1,2026-09-17T22:42:15.070668,B
2024,12,00-0038996,T.Kraft,TE,GB,7.316936521462782,10.6,1,2026-09-17T22:42:15.070668,B
2024,12,00-0039041,E.Higgins,TE,ARI,3.378816321737372,1.5,1,2026-09-17T22:42:15.070668,B
2024,12,00-0039050,P.Durham,TE,TB,0.428116516002925,3.6,1,2026-09-17T22:42:15.070668,B
2024,12,00-0039065,S.LaPorta,TE,DET,11.605895333011109,4.9,1,2026-09-17T22:42:15.070668,B
2024,12,00-0039066,M.Mayer,TE,LV,4.287496473655791,3.1,1,2026-09-17T22:42:15.070668,B
2024,12,00-0039074,D.Allen,TE,LA,3.5429827075714524,0.0,1,2026-09-17T22:42:15.070668,B
2024,12,00-0039338,B.Bowers,TE,LV,13.91664792523264,7.8,1,2026-09-17T22:42:15.070668,B
2024,12,00-0039356,J.Sanders,TE,CAR,5.820799388470815,7.9,1,2026-09-17T22:42:15.070668,B
2024,12,00-0039359,C.Stover,TE,HOU,3.4382236742476016,11.6,1,2026-09-17T22:42:15.070668,B
2024,12,00-0039420,J.Bell,TE,NE,-0.6921485978403084,0.0,1,2026-09-17T22:42:15.070668,B
2024,12,00-0039530,B.Spann-Ford,TE,DAL,1.9007855231868334,4.4,1,2026-09-17T22:42:15.070668,B
2024,12,00-0039737,T.Reiman,TE,ARI,1.9677978948424872,0.0,1,2026-09-17T22:42:15.070668,B
2024,12,00-0039793,A.Barner,TE,SEA,5.494421550806964,4.9,1,2026-09-17T22:42:15.070668,B
2024,12,00-0039847,T.Johnson,TE,NYG,7.342870069348937,6.9,1,2026-09-17T22:42:15.070668,B
2024,12,00-0039912,B.Sinnott,TE,WAS,2.0746688641797917,0.0,1,2026-09-17T22:42:15.070668,B
2024,13,00-0030578,C.Patterson,RB,PIT,2.241942236537878,8.3,1,2026-09-17T22:42:15.070668,B
2024,13,00-0031687,R.Mostert,RB,MIA,6.025120163956816,5.4,1,2026-09-17T22:42:15.070668,B
2024,13,00-0032104,A.Abdullah,RB,LV,9.026091067996672,7.3,1,2026-09-17T22:42:15.070668,B
2024,13,00-0032764,D.Henry,RB,BAL,13.490582427553768,14.1,1,2026-09-17T22:42:15.070668,B
2024,13,00-0033045,E.Elliott,RB,DAL,4.854469729223939,0.4,1,2026-09-17T22:42:15.070668,B
2024,13,00-0033280,C.McCaffrey,RB,SF,18.485865153679242,8.7,1,2026-09-17T22:42:15.070668,B
2024,13,00-0033293,A.Jones,RB,MIN,13.424322152925512,9.8,1,2026-09-17T22:42:15.070668,B
2024,13,00-0033526,S.Perine,RB,KC,6.102981423565619,2.5,1,2026-09-17T22:42:15.070668,B
2024,13,00-0033553,J.Conner,RB,ARI,13.294983238890644,11.1,1,2026-09-17T22:42:15.070668,B
2024,13,00-0033854,D.Ogunbowale,RB,HOU,0.4050109989599644,0.0,1,2026-09-17T22:42:15.070668,B
2024,13,00-0033897,J.Mixon,RB,HOU,18.398965417724348,21.9,1,2026-09-17T22:42:15.070668,B
2024,13,00-0033906,A.Kamara,RB,NO,19.898160808597485,15.9,1,2026-09-17T22:42:15.070668,B
2024,13,00-0033923,K.Hunt,RB,KC,13.932424156922856,3.5,1,2026-09-17T22:42:15.070668,B
2024,13,00-0033948,J.Williams,RB,NO,3.5356632261939023,1.7,1,2026-09-17T22:42:15.070668,B
2024,13,00-0033955,J.McNichols,RB,WAS,3.8287539400042077,3.2,1,2026-09-17T22:42:15.070668,B
2024,13,00-0034115,J.Wilson,RB,MIA,2.344032975530384,0.0,1,2026-09-17T22:42:15.070668,B
2024,13,00-0034184,G.Edwards,RB,LAC,6.951426490880303,4.3,1,2026-09-17T22:42:15.070668,B
2024,13,00-0034791,N.Chubb,RB,CLE,11.838731394699867,12.5,1,2026-09-17T22:42:15.070668,B
2024,13,00-0034844,S.Barkley,RB,PHI,18.380032695680953,19.7,1,2026-09-17T22:42:15.070668,B
2024,13,00-0034975,J.Hill,RB,BAL,8.654683634211937,6.1,1,2026-09-17T22:42:15.070668,B
2024,13,00-0035250,D.Singletary,RB,NYG,6.957736663249063,2.3,1,2026-09-17T22:42:15.070668,B
2024,13,00-0035261,T.Pollard,RB,TEN,15.033738766859633,8.8,1,2026-09-17T22:42:15.070668,B
2024,13,00-0035537,T.Johnson,RB,BUF,5.915211934475369,4.7,1,2026-09-17T22:42:15.070668,B
2024,13,00-0035594,T.Homer,RB,CHI,-0.21563061342857637,0.0,1,2026-09-17T22:42:15.070668,B
2024,13,00-0035685,D.Montgomery,RB,DET,11.802950167701233,15.4,1,2026-09-17T22:42:15.070668,B
2024,13,00-0035700,J.Jacobs,RB,GB,16.29021287871221,21.7,1,2026-09-17T22:42:15.070668,B
2024,13,00-0035806,J.Hasty,RB,NE,4.156744572478447,0.0,1,2026-09-17T22:42:15.070668,B
2024,13,00-0036139,R.Dowdle,RB,DAL,11.725117314256995,21.3,1,2026-09-17T22:42:15.070668,B
2024,13,00-0036223,J.Taylor,RB,IND,15.18051448773967,17.3,1,2026-09-17T22:42:15.070668,B
2024,13,00-0036275,D.Swift,RB,CHI,11.889184225291617,9.4,1,2026-09-17T22:42:15.070668,B
2024,13,00-0036328,A.Gibson,RB,NE,7.603033639062117,12.2,1,2026-09-17T22:42:15.070668,B
2024,13,00-0036414,C.Akers,RB,MIN,5.920832130121874,2.2,1,2026-09-17T22:42:15.070668,B
2024,13,00-0036555,C.Hubbard,RB,CAR,17.042867763216787,2.3,1,2026-09-17T22:42:15.070668,B
2024,13,00-0036842,K.Nwangwu,RB,NYJ,-0.7339393820993294,0.0,1,2026-09-17T22:42:15.070668,B
2024,13,00-0036875,R.Stevenson,RB,NE,12.313143800994986,12.4,1,2026-09-17T22:42:15.070668,B
2024,13,00-0036893,N.Harris,RB,PIT,11.049322380312692,24.9,1,2026-09-17T22:42:15.070668,B
2024,13,00-0036906,K.Herbert,RB,CIN,1.2153448273085585,1.4,1,2026-09-17T22:42:15.070668,B
2024,13,00-0036919,K.Gainwell,RB,PHI,4.9411913749804945,0.0,1,2026-09-17T22:42:15.070668,B
2024,13,00-0036973,T.Etienne,RB,JAX,12.54382782043357,8.8,1,2026-09-17T22:42:15.070668,B
2024,13,00-0036984,T.Sermon,RB,IND,1.077258344323166,0.0,1,2026-09-17T22:42:15.070668,B
2024,13,00-0036997,J.Williams,RB,DEN,11.360129009227137,7.4,1,2026-09-17T22:42:15.070668,B
2024,13,00-0037120,T.Goodson,RB,IND,2.5469562660610245,0.0,1,2026-09-17T22:42:15.070668,B
2024,13,00-0037197,I.Pacheco,RB,KC,16.00913121767656,5.9,1,2026-09-17T22:42:15.070668,B
2024,13,00-0037228,J.Warren,RB,PIT,10.595869824640594,10.4,1,2026-09-17T22:42:15.070668,B
2024,13,00-0037248,J.Cook,RB,BUF,14.795024452510113,19.0,1,2026-09-17T22:42:15.070668,B
2024,13,00-0037256,R.White,RB,TB,11.964094573530666,8.8,1,2026-09-17T22:42:15.070668,B
2024,13,00-0037258,D.Pierce,RB,HOU,3.3158093230975227,1.1,1,2026-09-17T22:42:15.070668,B
2024,13,00-0037263,T.Allgeier,RB,ATL,3.7708704970303453,3.2,1,2026-09-17T22:42:15.070668,B
2024,13,00-0037267,J.Ford,RB,CLE,6.028386409731338,7.2,1,2026-09-17T22:42:15.070668,B
2024,13,00-0037276,T.Chandler,RB,MIN,2.3729506922710693,0.2,1,2026-09-17T22:42:15.070668,B
2024,13,00-0037304,C.Heyward,RB,PIT,0.7698572772748546,0.0,1,2026-09-17T22:42:15.070668,B
2024,13,00-0037429,R.Blackshear,RB,CAR,0.8600542720598003,0.0,1,2026-09-17T22:42:15.070668,B
2024,13,00-0037509,S.McCormick,RB,LV,2.7719441430891854,8.5,1,2026-09-17T22:42:15.070668,B
2024,13,00-0037525,J.Mason,RB,SF,4.6211863085985705,7.8,1,2026-09-17T22:42:15.070668,B
2024,13,00-0037594,J.Chestnut,RB,TEN,1.958573260762262,0.0,1,2026-09-17T22:42:15.070668,B
2024,13,00-0037617,H.Haskins,RB,LAC,4.809670121421301,-2.0,1,2026-09-17T22:42:15.070668,B
2024,13,00-0037746,Br.Robinson,RB,WAS,9.315326627834045,17.9,1,2026-09-17T22:42:15.070668,B
2024,13,00-0037840,K.Williams,RB,LA,15.391717407151003,18.3,1,2026-09-17T22:42:15.070668,B
2024,13,00-0038120,B.Hall,RB,NYJ,16.663895788884396,6.0,1,2026-09-17T22:42:15.070668,B
2024,13,00-0038134,K.Walker,RB,SEA,14.557122630039764,6.6,1,2026-09-17T22:42:15.070668,B
2024,13,00-0038396,E.Gray,RB,NYG,3.3695482112533366,0.0,1,2026-09-17T22:42:15.070668,B
2024,13,00-0038542,Bi.Robinson,RB,ATL,16.751515048286677,25.5,1,2026-09-17T22:42:15.070668,B
2024,13,00-0038555,T.Bigsby,RB,JAX,5.434737136974578,4.5,1,2026-09-17T22:42:15.070668,B
2024,13,00-0038597,C.Brown,RB,CIN,17.409113708399673,19.0,1,2026-09-17T22:42:15.070668,B
2024,13,00-0038611,C.Rodriguez,RB,WAS,4.955546384264673,15.4,1,2026-09-17T22:42:15.070668,B
2024,13,00-0038685,C.Brooks,RB,GB,5.2452386897772065,4.9,1,2026-09-17T22:42:15.070668,B
2024,13,00-0038705,E.Demercado,RB,ARI,4.15014128344736,2.5,1,2026-09-17T22:42:15.070668,B
2024,13,00-0038794,J.McLaughlin,RB,DEN,5.351766682158855,9.4,1,2026-09-17T22:42:15.070668,B
2024,13,00-0038797,E.Wilson,RB,GB,4.800562176975223,2.0,1,2026-09-17T22:42:15.070668,B
2024,13,00-0039021,R.Johnson,RB,CHI,5.430257720052338,0.0,1,2026-09-17T22:42:15.070668,B
2024,13,00-0039032,T.Spears,RB,TEN,6.284292438111416,0.3,1,2026-09-17T22:42:15.070668,B
2024,13,00-0039040,D.Achane,RB,MIA,13.663116396432862,21.0,1,2026-09-17T22:42:15.070668,B
2024,13,00-0039139,J.Gibbs,RB,DET,15.226808252631562,10.4,1,2026-09-17T22:42:15.070668,B
2024,13,00-0039165,Z.Charbonnet,RB,SEA,5.526639225276956,12.1,1,2026-09-17T22:42:15.070668,B
2024,13,00-0039325,C.Steele,RB,KC,4.962216877470468,0.0,1,2026-09-17T22:42:15.070668,B
2024,13,00-0039344,J.Brooks,RB,CAR,4.681635965066915,7.1,1,2026-09-17T22:42:15.070668,B
2024,13,00-0039361,B.Irving,RB,TB,14.52971845416713,27.5,1,2026-09-17T22:42:15.070668,B
2024,13,00-0039363,I.Guerendo,RB,SF,5.377584787716714,8.6,1,2026-09-17T22:42:15.070668,B
2024,13,00-0039373,A.Estime,RB,DEN,4.350395119577897,1.2,1,2026-09-17T22:42:15.070668,B
2024,13,00-0039384,T.Tracy,RB,NYG,10.023507445300329,14.5,1,2026-09-17T22:42:15.070668,B
2024,13,00-0039391,K.Vidal,RB,LAC,4.55394297627006,2.0,1,2026-09-17T22:42:15.070668,B
2024,13,00-0039738,B.Corum,RB,LA,6.61708650094767,4.2,1,2026-09-17T22:42:15.070668,B
2024,13,00-0039746,W.Shipley,RB,PHI,2.06919903173916,0.4,1,2026-09-17T22:42:15.070668,B
2024,13,00-0039794,B.Allen,RB,NYJ,3.519820337553658,4.7,1,2026-09-17T22:42:15.070668,B
2024,13,00-0039798,I.Davis,RB,NYJ,1.6536716467502703,12.2,1,2026-09-17T22:42:15.070668,B
2024,13,00-0039874,J.Wright,RB,MIA,4.852256792646874,0.0,1,2026-09-17T22:42:15.070668,B
2024,13,00-0039875,R.Davis,RB,BUF,4.906089445200918,13.7,1,2026-09-17T22:42:15.070668,B
2024,13,00-0039921,T.Benson,RB,ARI,7.869885440282671,2.0,1,2026-09-17T22:42:15.070668,B
2024,13,00-0030035,A.Thielen,WR,CAR,8.312769980767303,23.9,1,2026-09-17T22:42:15.070668,B
2024,13,00-0030279,K.Allen,WR,CHI,15.054250636064893,24.3,1,2026-09-17T22:42:15.070668,B
2024,13,00-0030431,R.Woods,WR,HOU,3.9468494463344155,0.0,1,2026-09-17T22:42:15.070668,B
2024,13,00-0030564,D.Hopkins,WR,KC,10.935541586542008,13.0,1,2026-09-17T22:42:15.070668,B
2024,13,00-0031235,O.Beckham,WR,MIA,3.6908984414919317,1.9,1,2026-09-17T22:42:15.070668,B
2024,13,00-0031236,B.Cooks,WR,DAL,9.06762243274375,10.6,1,2026-09-17T22:42:15.070668,B
2024,13,00-0031381,D.Adams,WR,NYJ,15.066816764386449,17.6,1,2026-09-17T22:42:15.070668,B
2024,13,00-0031408,M.Evans,WR,TB,11.544497328886505,25.8,1,2026-09-17T22:42:15.070668,B
2024,13,00-0031428,A.Robinson,WR,DET,0.7879708998384514,0.0,1,2026-09-17T22:42:15.070668,B
2024,13,00-0031544,A.Cooper,WR,BUF,7.733658788916264,4.2,1,2026-09-17T22:42:15.070668,B
2024,13,00-0031549,N.Agholor,WR,BAL,4.028577222926131,0.0,1,2026-09-17T22:42:15.070668,B
2024,13,00-0031763,D.Carter,WR,CHI,0.5134296665402962,0.0,1,2026-09-17T22:42:15.070668,B
2024,13,00-0032128,C.Conley,WR,SF,-1.1142772648965442,0.0,1,2026-09-17T22:42:15.070668,B
2024,13,00-0032211,T.Lockett,WR,SEA,8.723127269172869,4.6,1,2026-09-17T22:42:15.070668,B
2024,13,00-0032385,S.Shepard,WR,TB,6.360772031078503,8.2,1,2026-09-17T22:42:15.070668,B
2024,13,00-0032775,D.Robinson,WR,LA,6.200702876067101,12.9,1,2026-09-17T22:42:15.070668,B
2024,13,00-0032951,L.Treadwell,WR,IND,1.3014741970463586,0.0,1,2026-09-17T22:42:15.070668,B
2024,13,00-0033009,T.Boyd,WR,TEN,7.075492100437211,6.7,1,2026-09-17T22:42:15.070668,B
2024,13,00-0033040,T.Hill,WR,MIA,12.96808248084969,20.3,1,2026-09-17T22:42:15.070668,B
2024,13,00-0033282,C.Samuel,WR,BUF,8.702406404758394,0.7,1,2026-09-17T22:42:15.070668,B
2024,13,00-0033307,K.Bourne,WR,NE,8.5546042061243,7.5,1,2026-09-17T22:42:15.070668,B
2024,13,00-0033375,T.Patrick,WR,DET,6.559439994118619,6.8,1,2026-09-17T22:42:15.070668,B
2024,13,00-0033536,M.Williams,WR,PIT,5.818792352978782,0.0,1,2026-09-17T22:42:15.070668,B
2024,13,00-0033555,M.Hollins,WR,BUF,7.086133797029202,7.7,1,2026-09-17T22:42:15.070668,B
2024,13,00-0033589,D.Moore,WR,CAR,7.790255564135192,9.0,1,2026-09-17T22:42:15.070668,B
2024,13,00-0033591,N.Brown,WR,WAS,8.829785715983684,5.7,1,2026-09-17T22:42:15.070668,B
2024,13,00-0033857,J.Smith-Schuster,WR,KC,4.930824448800104,2.0,1,2026-09-17T22:42:15.070668,B
2024,13,00-0033891,Z.Jones,WR,ARI,4.002250095795197,0.0,1,2026-09-17T22:42:15.070668,B
2024,13,00-0033908,C.Kupp,WR,LA,14.234349943399987,4.7,1,2026-09-17T22:42:15.070668,B
2024,13,00-0034054,R.Cracraft,WR,MIA,-0.21045489183832,0.0,1,2026-09-17T22:42:15.070668,B
2024,13,00-0034272,M.Valdes-Scantling,WR,NO,9.215520134780595,11.6,1,2026-09-17T22:42:15.070668,B
2024,13,00-0034348,C.Sutton,WR,DEN,15.742111449319122,16.2,1,2026-09-17T22:42:15.070668,B
2024,13,00-0034386,J.Watson,WR,KC,4.780876706065189,7.6,1,2026-09-17T22:42:15.070668,B
2024,13,00-0034407,R.McCloud,WR,ATL,8.005796150724754,13.3,1,2026-09-17T22:42:15.070668,B
2024,13,00-0034418,C.Wilson,WR,NO,6.305888521276188,2.9,1,2026-09-17T22:42:15.070668,B
2024,13,00-0034487,T.Sherfield,WR,MIN,0.8966650029070333,0.0,1,2026-09-17T22:42:15.070668,B
2024,13,00-0034646,B.Powell,WR,MIN,2.2573938932903577,1.8,1,2026-09-17T22:42:15.070668,B
2024,13,00-0034777,D.Chark,WR,LAC,6.413945325504209,0.0,1,2026-09-17T22:42:15.070668,B
2024,13,00-0034827,D.Moore,WR,CHI,14.945378381610663,23.7,1,2026-09-17T22:42:15.070668,B
2024,13,00-0034837,C.Ridley,WR,TEN,13.58261326120319,6.5,1,2026-09-17T22:42:15.070668,B
2024,13,00-0034854,K.Hodge,WR,ATL,2.7006770668659543,0.0,1,2026-09-17T22:42:15.070668,B
2024,13,00-0034860,D.Pettis,WR,NO,3.157354736564044,3.5,1,2026-09-17T22:42:15.070668,B
2024,13,00-0034960,J.Meyers,WR,LV,13.987954255927528,15.7,1,2026-09-17T22:42:15.070668,B
2024,13,00-0035140,M.Hardman,WR,KC,3.257027823679355,0.0,1,2026-09-17T22:42:15.070668,B
2024,13,00-0035208,O.Zaccheaus,WR,WAS,2.8069872920022494,4.4,1,2026-09-17T22:42:15.070668,B
2024,13,00-0035406,L.Humphrey,WR,DEN,4.67071510327005,0.0,1,2026-09-17T22:42:15.070668,B
2024,13,00-0035500,G.Dortch,WR,ARI,3.507303469662258,2.7,1,2026-09-17T22:42:15.070668,B
2024,13,00-0035535,D.Slayton,WR,NYG,7.880936178257825,2.8,1,2026-09-17T22:42:15.070668,B
2024,13,00-0035639,P.Campbell,WR,PHI,3.4167557561075697,0.0,1,2026-09-17T22:42:15.070668,B
2024,13,00-0035640,D.Metcalf,WR,SEA,12.796688950976833,10.6,1,2026-09-17T22:42:15.070668,B
2024,13,00-0035659,T.McLaurin,WR,WAS,10.907461703698214,27.3,1,2026-09-17T22:42:15.070668,B
2024,13,00-0035676,A.Brown,WR,PHI,17.416238013102053,11.6,1,2026-09-17T22:42:15.070668,B
2024,13,00-0035719,D.Samuel,WR,SF,11.130373530799822,6.0,1,2026-09-17T22:42:15.070668,B
2024,13,00-0035976,D.Chisena,WR,CAR,-1.122384590917041,1.6,1,2026-09-17T22:42:15.070668,B
2024,13,00-0036182,N.Westbrook-Ikhine,WR,TEN,7.825723186228378,21.1,1,2026-09-17T22:42:15.070668,B
2024,13,00-0036252,M.Pittman,WR,IND,10.840876975827568,9.2,1,2026-09-17T22:42:15.070668,B
2024,13,00-0036254,C.Johnson,WR,CHI,-1.153575271413314,0.0,1,2026-09-17T22:42:15.070668,B
2024,13,00-0036259,J.Jennings,WR,SF,12.981140127110695,8.6,1,2026-09-17T22:42:15.070668,B
2024,13,00-0036268,L.Shenault,WR,SEA,0.8907888583079879,0.0,1,2026-09-17T22:42:15.070668,B
2024,13,00-0036309,D.Mooney,WR,ATL,9.615462544074127,5.0,1,2026-09-17T22:42:15.070668,B
2024,13,00-0036322,J.Jefferson,WR,MIN,15.403589623471383,16.9,1,2026-09-17T22:42:15.070668,B
2024,13,00-0036331,D.Duvernay,WR,JAX,2.251316221628553,4.3,1,2026-09-17T22:42:15.070668,B
2024,13,00-0036358,C.Lamb,WR,DAL,20.001186959707432,5.9,1,2026-09-17T22:42:15.070668,B
2024,13,00-0036387,J.Reagor,WR,LAC,2.9227524808614733,0.0,1,2026-09-17T22:42:15.070668,B
2024,13,00-0036407,J.Jeudy,WR,CLE,12.739617629018156,40.5,1,2026-09-17T22:42:15.070668,B
2024,13,00-0036410,T.Higgins,WR,CIN,15.313095790553994,17.9,1,2026-09-17T22:42:15.070668,B
2024,13,00-0036415,V.Jefferson,WR,PIT,2.908232347296222,5.3,1,2026-09-17T22:42:15.070668,B
2024,13,00-0036427,T.Johnson,WR,LA,3.126757795956971,0.0,1,2026-09-17T22:42:15.070668,B
2024,13,00-0036497,T.Jones,WR,JAX,-0.9286559067977853,0.0,1,2026-09-17T22:42:15.070668,B
2024,13,00-0036527,D.Turner,WR,LV,2.968290813450994,3.5,1,2026-09-17T22:42:15.070668,B
2024,13,00-0036550,R.Bateman,WR,BAL,8.518808168086808,0.0,1,2026-09-17T22:42:15.070668,B
2024,13,00-0036554,N.Collins,WR,HOU,12.632273357119416,19.9,1,2026-09-17T22:42:15.070668,B
2024,13,00-0036613,J.Waddle,WR,MIA,12.128230090969488,11.3,1,2026-09-17T22:42:15.070668,B
2024,13,00-0036626,D.Brown,WR,WAS,2.526760672971297,7.9,1,2026-09-17T22:42:15.070668,B
2024,13,00-0036630,T.Wallace,WR,BAL,3.3444229887513846,3.4,1,2026-09-17T22:42:15.070668,B
2024,13,00-0036635,I.Smith-Marsette,WR,NYG,2.0408234444444355,0.0,1,2026-09-17T22:42:15.070668,B
2024,13,00-0036849,T.Atwell,WR,LA,3.650412695053477,5.9,1,2026-09-17T22:42:15.070668,B
2024,13,00-0036862,B.Skowronek,WR,PIT,-1.3562790690636808,3.3,1,2026-09-17T22:42:15.070668,B
2024,13,00-0036900,J.Chase,WR,CIN,18.889256378405612,20.6,1,2026-09-17T22:42:15.070668,B
2024,13,00-0036913,K.Toney,WR,CLE,2.915150520870342,0.3,1,2026-09-17T22:42:15.070668,B
2024,13,00-0036955,T.Marshall,WR,LV,1.2505734349557072,0.0,1,2026-09-17T22:42:15.070668,B
2024,13,00-0036963,A.St. Brown,WR,DET,18.469446064491038,12.3,1,2026-09-17T22:42:15.070668,B
2024,13,00-0036980,E.Moore,WR,CLE,9.027097470027817,19.2,1,2026-09-17T22:42:15.070668,B
2024,13,00-0036988,J.Palmer,WR,LAC,8.469691514616764,4.1,1,2026-09-17T22:42:15.070668,B
2024,13,00-0037091,B.Melton,WR,GB,2.9936645581663095,0.0,1,2026-09-17T22:42:15.070668,B
2024,13,00-0037132,B.Covey,WR,PHI,2.041004093887727,0.0,1,2026-09-17T22:42:15.070668,B
2024,13,00-0037231,K.Austin,WR,NO,4.309671263278447,7.0,1,2026-09-17T22:42:15.070668,B
2024,13,00-0037238,D.London,WR,ATL,11.321788850052124,17.3,1,2026-09-17T22:42:15.070668,B
2024,13,00-0037240,J.Williams,WR,DET,11.338254783183173,9.6,1,2026-09-17T22:42:15.070668,B
2024,13,00-0037247,G.Pickens,WR,PIT,14.293297419222178,16.4,1,2026-09-17T22:42:15.070668,B
2024,13,00-0037261,K.Shakir,WR,BUF,10.338071061557827,7.0,1,2026-09-17T22:42:15.070668,B
2024,13,00-0037291,J.Nailor,WR,MIN,3.48109953437936,2.8,1,2026-09-17T22:42:15.070668,B
2024,13,00-0037300,M.Woods,WR,CLE,0.8072843785752291,7.3,1,2026-09-17T22:42:15.070668,B
2024,13,00-0037387,J.Virgil,WR,BUF,0.42986164107263747,0.0,1,2026-09-17T22:42:15.070668,B
2024,13,00-0037487,D.Thompkins,WR,CAR,0.8290002692775662,0.0,1,2026-09-17T22:42:15.070668,B
2024,13,00-0037614,J.Metchie,WR,HOU,6.70832767418219,3.6,1,2026-09-17T22:42:15.070668,B
2024,13,00-0037664,A.Pierce,WR,IND,7.2955450555464605,9.6,1,2026-09-17T22:42:15.070668,B
2024,13,00-0037666,J.Tolbert,WR,DAL,7.0370441520185105,6.1,1,2026-09-17T22:42:15.070668,B
2024,13,00-0037740,G.Wilson,WR,NYJ,14.36985849494641,9.1,1,2026-09-17T22:42:15.070668,B
2024,13,00-0037741,J.Dotson,WR,PHI,6.576918207147946,1.7,1,2026-09-17T22:42:15.070668,B
2024,13,00-0037801,K.Turpin,WR,DAL,4.1014230167790515,9.5,1,2026-09-17T22:42:15.070668,B
2024,13,00-0037837,C.Austin,WR,PIT,6.446899972005658,10.9,1,2026-09-17T22:42:15.070668,B
2024,13,00-0038117,W.Robinson,WR,NYG,9.469796146910605,2.6,1,2026-09-17T22:42:15.070668,B
2024,13,00-0038124,C.Watson,WR,GB,9.52253214745853,8.7,1,2026-09-17T22:42:15.070668,B
2024,13,00-0038359,X.Smith,WR,LA,0.8102812124739502,0.0,1,2026-09-17T22:42:15.070668,B
2024,13,00-0038393,D.Wicks,WR,GB,4.112955202633714,7.0,1,2026-09-17T22:42:15.070668,B
2024,13,00-0038465,M.Heath,WR,GB,2.243334245459687,0.0,1,2026-09-17T22:42:15.070668,B
2024,13,00-0038496,X.Gipson,WR,NYJ,3.304371841734344,0.9,1,2026-09-17T22:42:15.070668,B
2024,13,00-0038543,J.Smith-Njigba,WR,SEA,14.76482988761891,11.9,1,2026-09-17T22:42:15.070668,B
2024,13,00-0038544,Q.Johnston,WR,LAC,7.699837656910367,3.2,1,2026-09-17T22:42:15.070668,B
2024,13,00-0038559,Mi.Wilson,WR,ARI,8.841077177115078,10.5,1,2026-09-17T22:42:15.070668,B
2024,13,00-0038563,T.Tucker,WR,LV,7.813883469704097,13.9,1,2026-09-17T22:42:15.070668,B
2024,13,00-0038573,D.Davis,WR,LAC,3.312969050522697,1.6,1,2026-09-17T22:42:15.070668,B
2024,13,00-0038590,Justin Shorter,WR,LV,0.5795676892122694,0.0,1,2026-09-17T22:42:15.070668,B
2024,13,00-0038606,P.Washington,WR,JAX,4.0295600533155245,24.3,1,2026-09-17T22:42:15.070668,B
2024,13,00-0038608,K.Boutte,WR,NE,7.368868098302005,9.1,1,2026-09-17T22:42:15.070668,B
2024,13,00-0038619,A.Iosivas,WR,CIN,5.926727240692862,12.5,1,2026-09-17T22:42:15.070668,B
2024,13,00-0038621,D.Douglas,WR,NE,8.275180263007469,6.0,1,2026-09-17T22:42:15.070668,B
2024,13,00-0038640,J.Brooks,WR,DAL,4.174144015390215,1.0,1,2026-09-17T22:42:15.070668,B
2024,13,00-0038667,E.Cooks,WR,JAX,0.3421857496445231,0.0,1,2026-09-17T22:42:15.070668,B
2024,13,00-0038728,J.Wayne,WR,HOU,2.1141915208009294,0.0,1,2026-09-17T22:42:15.070668,B
2024,13,00-0038752,J.Bobo,WR,SEA,1.1572662540433427,0.0,1,2026-09-17T22:42:15.070668,B
2024,13,00-0038821,R.Jarrett,WR,TB,3.8973846607813454,0.0,1,2026-09-17T22:42:15.070668,B
2024,13,00-0038824,R.Miller,WR,TB,3.3114506720929873,0.0,1,2026-09-17T22:42:15.070668,B
2024,13,00-0038938,J.Hyatt,WR,NYG,3.919245265134194,2.8,1,2026-09-17T22:42:15.070668,B
2024,13,00-0038976,M.Mims,WR,DEN,7.533625099109972,19.9,1,2026-09-17T22:42:15.070668,B
2024,13,00-0038977,T.Dell,WR,HOU,12.652901145603863,3.3,1,2026-09-17T22:42:15.070668,B
2024,13,00-0038994,J.Addison,WR,MIN,13.908459293075786,9.4,1,2026-09-17T22:42:15.070668,B
2024,13,00-0039052,T.Palmer,WR,TB,4.560907932805732,0.0,1,2026-09-17T22:42:15.070668,B
2024,13,00-0039062,J.Mingo,WR,DAL,3.505449061001859,1.2,1,2026-09-17T22:42:15.070668,B
2024,13,00-0039064,Z.Flowers,WR,BAL,12.58445536174048,10.1,1,2026-09-17T22:42:15.070668,B
2024,13,00-0039075,P.Nacua,WR,LA,17.022438508343896,17.3,1,2026-09-17T22:42:15.070668,B
2024,13,00-0039146,J.Reed,WR,GB,8.844970629752808,19.7,1,2026-09-17T22:42:15.070668,B
2024,13,00-0039337,M.Nabers,WR,NYG,15.279304927623212,15.3,1,2026-09-17T22:42:15.070668,B
2024,13,00-0039342,X.Legette,WR,CAR,9.882479641098481,9.3,1,2026-09-17T22:42:15.070668,B
2024,13,00-0039355,L.McCaffrey,WR,WAS,2.381136474818528,3.3,1,2026-09-17T22:42:15.070668,B
2024,13,00-0039365,J.Cowing,WR,SF,1.0405335112035212,0.0,1,2026-09-17T22:42:15.070668,B
2024,13,00-0039379,J.Thrash,WR,CLE,1.3153195521377974,3.1,1,2026-09-17T22:42:15.070668,B
2024,13,00-0039392,J.Jackson,WR,TEN,0.8275520471344411,0.0,1,2026-09-17T22:42:15.070668,B
2024,13,00-0039424,D.Vele,WR,DEN,8.361728463752709,2.6,1,2026-09-17T22:42:15.070668,B
2024,13,00-0039451,I.Williams,WR,CIN,1.999204385758448,0.0,1,2026-09-17T22:42:15.070668,B
2024,13,00-0039751,J.Whittington,WR,LA,1.5298724997968156,0.0,1,2026-09-17T22:42:15.070668,B
2024,13,00-0039810,J.Burton,WR,CIN,3.1840688682023535,0.0,1,2026-09-17T22:42:15.070668,B
2024,13,00-0039849,M.Harrison,WR,ARI,13.918619948023867,17.0,1,2026-09-17T22:42:15.070668,B
2024,13,00-0039853,J.Baker,WR,NE,1.6174058636883224,0.0,1,2026-09-17T22:42:15.070668,B
2024,13,00-0039855,J.McMillan,WR,TB,7.477051268360466,4.5,1,2026-09-17T22:42:15.070668,B
2024,13,00-0039868,T.Franklin,WR,DEN,6.029349122235594,4.8,1,2026-09-17T22:42:15.070668,B
2024,13,00-0039880,M.Washington,WR,MIA,3.4301451034789823,2.8,1,2026-09-17T22:42:15.070668,B
2024,13,00-0039890,A.Mitchell,WR,IND,5.226933455121877,0.0,1,2026-09-17T22:42:15.070668,B
2024,13,00-0039893,Bri.Thomas,WR,JAX,11.333393006520845,18.7,1,2026-09-17T22:42:15.070668,B
2024,13,00-0039894,X.Worthy,WR,KC,10.427314239397862,10.4,1,2026-09-17T22:42:15.070668,B
2024,13,00-0039907,J.Polk,WR,NE,3.4940679107632997,0.0,1,2026-09-17T22:42:15.070668,B
2024,13,00-0039915,L.McConkey,WR,LAC,10.684910998525933,20.7,1,2026-09-17T22:42:15.070668,B
2024,13,00-0039916,R.Pearsall,WR,SF,6.5684413212232675,0.0,1,2026-09-17T22:42:15.070668,B
2024,13,00-0039919,R.Odunze,WR,CHI,11.710078923845721,4.5,1,2026-09-17T22:42:15.070668,B
2024,13,00-0039920,M.Corley,WR,NYJ,3.143853682531054,0.8,1,2026-09-17T22:42:15.070668,B
2024,13,00-0024243,M.Lewis,TE,CHI,0.15920305191283646,0.0,1,2026-09-17T22:42:15.070668,B
2024,13,00-0030061,Z.Ertz,TE,WAS,10.8540329595223,12.5,1,2026-09-17T22:42:15.070668,B
2024,13,00-0030506,T.Kelce,TE,KC,14.820184521584967,13.8,1,2026-09-17T22:42:15.070668,B
2024,13,00-0031484,C.Manhertz,TE,NYG,-0.038382655011532485,0.0,1,2026-09-17T22:42:15.070668,B
2024,13,00-0031585,M.Pruitt,TE,PIT,1.650311178517922,4.1,1,2026-09-17T22:42:15.070668,B
2024,13,00-0032134,C.Uzomah,TE,PHI,0.3135431423327626,0.0,1,2026-09-17T22:42:15.070668,B
2024,13,00-0032392,A.Hooper,TE,NE,5.494135645367485,14.2,1,2026-09-17T22:42:15.070668,B
2024,13,00-0032394,N.Vannett,TE,TEN,1.3797734960390509,1.6,1,2026-09-17T22:42:15.070668,B
2024,13,00-0033090,H.Henry,TE,NE,10.015235785623137,14.5,1,2026-09-17T22:42:15.070668,B
2024,13,00-0033217,M.Alie-Cox,TE,IND,2.5897394957053237,3.5,1,2026-09-17T22:42:15.070668,B
2024,13,00-0033246,J.Mundt,TE,MIN,0.6282849315781593,10.2,1,2026-09-17T22:42:15.070668,B
2024,13,00-0033288,G.Kittle,TE,SF,11.295286095726091,1.7,1,2026-09-17T22:42:15.070668,B
2024,13,00-0033439,P.Brown,TE,SEA,1.8283313901563183,0.0,1,2026-09-17T22:42:15.070668,B
2024,13,00-0033455,A.Firkser,TE,KC,-0.5856084021556311,0.0,1,2026-09-17T22:42:15.070668,B
2024,13,00-0033576,E.Saubert,TE,SF,0.7328441072410081,0.0,1,2026-09-17T22:42:15.070668,B
2024,13,00-0033858,J.Smith,TE,MIA,10.350489800181338,21.3,1,2026-09-17T22:42:15.070668,B
2024,13,00-0033881,E.Engram,TE,JAX,12.705728542863557,11.1,1,2026-09-17T22:42:15.070668,B
2024,13,00-0033885,D.Njoku,TE,CLE,11.538105892655544,26.2,1,2026-09-17T22:42:15.070668,B
2024,13,00-0033895,G.Everett,TE,CHI,2.326573096386827,0.0,1,2026-09-17T22:42:15.070668,B
2024,13,00-0034073,R.Dwelley,TE,ATL,1.356228791287907,0.0,1,2026-09-17T22:42:15.070668,B
2024,13,00-0034159,W.Dissly,TE,LAC,7.806236252466126,0.0,1,2026-09-17T22:42:15.070668,B
2024,13,00-0034270,T.Conklin,TE,NYJ,5.19823488067284,7.2,1,2026-09-17T22:42:15.070668,B
2024,13,00-0034351,D.Goedert,TE,PHI,10.073359794781538,12.5,1,2026-09-17T22:42:15.070668,B
2024,13,00-0034364,J.Akins,TE,CLE,4.280316417676953,0.0,1,2026-09-17T22:42:15.070668,B
2024,13,00-0034383,D.Schultz,TE,HOU,8.568464869406686,17.1,1,2026-09-17T22:42:15.070668,B
2024,13,00-0034613,T.Hudson,TE,CIN,3.8117627868118835,6.8,1,2026-09-17T22:42:15.070668,B
2024,13,00-0034753,M.Andrews,TE,BAL,10.334335228631153,18.9,1,2026-09-17T22:42:15.070668,B
2024,13,00-0034798,D.Smythe,TE,MIA,2.2007075530467612,1.8,1,2026-09-17T22:42:15.070668,B
2024,13,00-0034829,M.Gesicki,TE,CIN,7.262264778012458,10.3,1,2026-09-17T22:42:15.070668,B
2024,13,00-0034970,I.Smith,TE,HOU,1.787822698844956,0.0,1,2026-09-17T22:42:15.070668,B
2024,13,00-0034981,F.Moreau,TE,NO,6.866235239174491,2.6,1,2026-09-17T22:42:15.070668,B
2024,13,00-0035229,T.Hockenson,TE,MIN,12.818583593809054,5.8,1,2026-09-17T22:42:15.070668,B
2024,13,00-0035631,D.Sample,TE,CIN,4.381700242644614,2.8,1,2026-09-17T22:42:15.070668,B
2024,13,00-0035644,N.Fant,TE,SEA,6.924061313656919,5.6,1,2026-09-17T22:42:15.070668,B
2024,13,00-0035689,D.Knox,TE,BUF,6.148031854043615,7.6,1,2026-09-17T22:42:15.070668,B
2024,13,00-0036040,J.Johnson,TE,NO,6.594778474775156,8.6,1,2026-09-17T22:42:15.070668,B
2024,13,00-0036244,C.Parkinson,TE,LA,3.057833116030276,2.3,1,2026-09-17T22:42:15.070668,B
2024,13,00-0036290,C.Kmet,TE,CHI,10.01381520815632,5.6,1,2026-09-17T22:42:15.070668,B
2024,13,00-0036422,A.Trautman,TE,DEN,4.993358473817407,0.0,1,2026-09-17T22:42:15.070668,B
2024,13,00-0036429,C.Woerner,TE,ATL,1.6996225407971424,1.5,1,2026-09-17T22:42:15.070668,B
2024,13,00-0036438,S.Sullivan,TE,CAR,1.16934050069026,0.0,1,2026-09-17T22:42:15.070668,B
2024,13,00-0036510,K.Yeboah,TE,NYJ,0.015161300930353505,0.0,1,2026-09-17T22:42:15.070668,B
2024,13,00-0036534,S.Zylstra,TE,DET,1.3925256560338304,0.0,1,2026-09-17T22:42:15.070668,B
2024,13,00-0036590,Q.Morris,TE,BUF,1.720923463218146,2.4,1,2026-09-17T22:42:15.070668,B
2024,13,00-0036628,J.Bates,TE,WAS,1.7186431112675726,0.0,1,2026-09-17T22:42:15.070668,B
2024,13,00-0036637,N.Gray,TE,KC,6.376862917504768,9.8,1,2026-09-17T22:42:15.070668,B
2024,13,00-0036640,Z.Davidson,TE,BUF,1.0074278741914355,0.0,1,2026-09-17T22:42:15.070668,B
2024,13,00-0036754,B.Wright,TE,DET,2.749894030395506,2.3,1,2026-09-17T22:42:15.070668,B
2024,13,00-0036825,F.Franks,TE,CAR,-0.2737640701648756,0.0,1,2026-09-17T22:42:15.070668,B
2024,13,00-0036876,K.Granson,TE,IND,4.272268410069208,0.0,1,2026-09-17T22:42:15.070668,B
2024,13,00-0036887,L.Farrell,TE,JAX,1.4250528967719087,0.0,1,2026-09-17T22:42:15.070668,B
2024,13,00-0036894,P.Freiermuth,TE,PIT,7.307023461221847,18.8,1,2026-09-17T22:42:15.070668,B
2024,13,00-0036970,K.Pitts,TE,ATL,7.898188137962453,0.0,1,2026-09-17T22:42:15.070668,B
2024,13,00-0037004,H.Long,TE,LA,0.7173906466316735,0.0,1,2026-09-17T22:42:15.070668,B
2024,13,00-0037005,T.Tremble,TE,CAR,3.8680601183434478,12.7,1,2026-09-17T22:42:15.070668,B
2024,13,00-0037086,G.Calcaterra,TE,PHI,1.5372949261602096,0.0,1,2026-09-17T22:42:15.070668,B
2024,13,00-0037292,A.Ogletree,TE,IND,2.1186170648989293,3.2,1,2026-09-17T22:42:15.070668,B
2024,13,00-0037311,K.Kieft,TE,TB,-0.4402901326961759,0.0,1,2026-09-17T22:42:15.070668,B
2024,13,00-0037317,N.Muse,TE,MIN,0.7322802940127513,0.0,1,2026-09-17T22:42:15.070668,B
2024,13,00-0037475,S.Smartt,TE,LAC,-0.10726071699783457,1.3,1,2026-09-17T22:42:15.070668,B
2024,13,00-0037539,L.Krull,TE,DEN,2.3119335210283074,5.4,1,2026-09-17T22:42:15.070668,B
2024,13,00-0037654,T.Fisk,TE,LAC,0.9128678875802203,1.1,1,2026-09-17T22:42:15.070668,B
2024,13,00-0037744,T.McBride,TE,ARI,13.39617361859651,21.6,1,2026-09-17T22:42:15.070668,B
2024,13,00-0037805,J.Ruckert,TE,NYJ,1.4726184439702945,1.3,1,2026-09-17T22:42:15.070668,B
2024,13,00-0037809,C.Okonkwo,TE,TEN,6.188280783428668,5.7,1,2026-09-17T22:42:15.070668,B
2024,13,00-0037838,I.Likely,TE,BAL,4.684909225601789,14.8,1,2026-09-17T22:42:15.070668,B
2024,13,00-0038115,D.Bellinger,TE,NYG,1.6302515849004249,0.0,1,2026-09-17T22:42:15.070668,B
2024,13,00-0038129,C.Otton,TE,TB,11.412468699760947,6.0,1,2026-09-17T22:42:15.070668,B
2024,13,00-0038394,W.Mallory,TE,IND,2.0111111068140977,1.7,1,2026-09-17T22:42:15.070668,B
2024,13,00-0038547,L.Schoonmaker,TE,DAL,7.013450389085279,8.3,1,2026-09-17T22:42:15.070668,B
2024,13,00-0038558,D.Washington,TE,PIT,4.641907980449496,2.0,1,2026-09-17T22:42:15.070668,B
2024,13,00-0038589,J.Whyle,TE,TEN,1.7679589196433638,1.3,1,2026-09-17T22:42:15.070668,B
2024,13,00-0038710,B.Whiteheart,TE,CLE,1.7430022443348907,0.0,1,2026-09-17T22:42:15.070668,B
2024,13,00-0038720,J.Hill,TE,MIA,2.699224419439036,1.5,1,2026-09-17T22:42:15.070668,B
2024,13,00-0038735,Princeton Fant,TE,DAL,0.24558879524508814,0.0,1,2026-09-17T22:42:15.070668,B
2024,13,00-0038783,N.Adkins,TE,DEN,2.2476152955768725,2.6,1,2026-09-17T22:42:15.070668,B
2024,13,00-0038809,B.Sims,TE,GB,1.1975214688701459,0.0,1,2026-09-17T22:42:15.070668,B
2024,13,00-0038935,B.Strange,TE,JAX,2.666109171738614,2.4,1,2026-09-17T22:42:15.070668,B
2024,13,00-0038996,T.Kraft,TE,GB,6.366563923110723,13.8,1,2026-09-17T22:42:15.070668,B
2024,13,00-0039041,E.Higgins,TE,ARI,2.68519924898489,4.3,1,2026-09-17T22:42:15.070668,B
2024,13,00-0039050,P.Durham,TE,TB,1.8320227478070814,0.0,1,2026-09-17T22:42:15.070668,B
2024,13,00-0039065,S.LaPorta,TE,DET,11.778532386254373,15.6,1,2026-09-17T22:42:15.070668,B
2024,13,00-0039066,M.Mayer,TE,LV,4.028083102299152,1.5,1,2026-09-17T22:42:15.070668,B
2024,13,00-0039074,D.Allen,TE,LA,2.985221432741069,0.0,1,2026-09-17T22:42:15.070668,B
2024,13,00-0039338,B.Bowers,TE,LV,14.415243293835115,30.2,1,2026-09-17T22:42:15.070668,B
2024,13,00-0039359,C.Stover,TE,HOU,4.051342208733319,1.4,1,2026-09-17T22:42:15.070668,B
2024,13,00-0039420,J.Bell,TE,NE,-0.17440513921089895,0.0,1,2026-09-17T22:42:15.070668,B
2024,13,00-0039530,B.Spann-Ford,TE,DAL,2.8263446254094275,0.0,1,2026-09-17T22:42:15.070668,B
2024,13,00-0039613,D.Holker,TE,NO,1.1290899805170098,0.0,1,2026-09-17T22:42:15.070668,B
2024,13,00-0039631,C.Grandy,TE,CIN,0.10005059992244725,0.0,1,2026-09-17T22:42:15.070668,B
2024,13,00-0039737,T.Reiman,TE,ARI,1.2739375275499816,1.9,1,2026-09-17T22:42:15.070668,B
2024,13,00-0039793,A.Barner,TE,SEA,5.920466092429881,9.4,1,2026-09-17T22:42:15.070668,B
2024,13,00-0039847,T.Johnson,TE,NYG,7.4667798741830165,10.4,1,2026-09-17T22:42:15.070668,B
2024,13,00-0039912,B.Sinnott,TE,WAS,1.5827135477531642,1.3,1,2026-09-17T22:42:15.070668,B
2024,14,00-0030578,C.Patterson,RB,PIT,3.5567514331048677,-0.9,1,2026-09-17T22:42:15.070668,B
2024,14,00-0032104,A.Abdullah,RB,LV,7.428612722414542,0.8,1,2026-09-17T22:42:15.070668,B
2024,14,00-0033045,E.Elliott,RB,DAL,3.3154212970074504,1.6,1,2026-09-17T22:42:15.070668,B
2024,14,00-0033293,A.Jones,RB,MIN,12.375666533543669,16.4,1,2026-09-17T22:42:15.070668,B
2024,14,00-0033526,S.Perine,RB,KC,4.334654441882191,2.9,1,2026-09-17T22:42:15.070668,B
2024,14,00-0033553,J.Conner,RB,ARI,13.781573421144262,22.2,1,2026-09-17T22:42:15.070668,B
2024,14,00-0033906,A.Kamara,RB,NO,18.595744092678682,12.9,1,2026-09-17T22:42:15.070668,B
2024,14,00-0033923,K.Hunt,RB,KC,10.180550541236316,3.9,1,2026-09-17T22:42:15.070668,B
2024,14,00-0033948,J.Williams,RB,NO,2.4702834785467473,3.5,1,2026-09-17T22:42:15.070668,B
2024,14,00-0034115,J.Wilson,RB,MIA,1.8978948435521001,2.1,1,2026-09-17T22:42:15.070668,B
2024,14,00-0034184,G.Edwards,RB,LAC,7.904559180081579,9.6,1,2026-09-17T22:42:15.070668,B
2024,14,00-0034791,N.Chubb,RB,CLE,9.947167589366915,4.8,1,2026-09-17T22:42:15.070668,B
2024,14,00-0034844,S.Barkley,RB,PHI,23.63150739291141,14.4,1,2026-09-17T22:42:15.070668,B
2024,14,00-0035250,D.Singletary,RB,NYG,6.18997606092509,0.8,1,2026-09-17T22:42:15.070668,B
2024,14,00-0035261,T.Pollard,RB,TEN,15.469801763642618,14.4,1,2026-09-17T22:42:15.070668,B
2024,14,00-0035537,T.Johnson,RB,BUF,4.7954806080141115,13.5,1,2026-09-17T22:42:15.070668,B
2024,14,00-0035567,C.Reynolds,RB,DET,1.3932117827720125,0.0,1,2026-09-17T22:42:15.070668,B
2024,14,00-0035594,T.Homer,RB,CHI,0.9185541527271708,4.1,1,2026-09-17T22:42:15.070668,B
2024,14,00-0035685,D.Montgomery,RB,DET,14.052245577096404,19.4,1,2026-09-17T22:42:15.070668,B
2024,14,00-0035700,J.Jacobs,RB,GB,17.00522866850737,24.6,1,2026-09-17T22:42:15.070668,B
2024,14,00-0035973,P.Taylor,RB,SF,3.5593176666143647,8.5,1,2026-09-17T22:42:15.070668,B
2024,14,00-0036139,R.Dowdle,RB,DAL,13.14045850616086,15.1,1,2026-09-17T22:42:15.070668,B
2024,14,00-0036275,D.Swift,RB,CHI,12.96182054404996,5.0,1,2026-09-17T22:42:15.070668,B
2024,14,00-0036297,D.Evans,RB,CHI,0.9001358595084481,0.3,1,2026-09-17T22:42:15.070668,B
2024,14,00-0036414,C.Akers,RB,MIN,6.349337676349249,3.7,1,2026-09-17T22:42:15.070668,B
2024,14,00-0036450,K.Vaughn,RB,SF,1.2122931112425235,0.4,1,2026-09-17T22:42:15.070668,B
2024,14,00-0036555,C.Hubbard,RB,CAR,14.093837072459865,20.7,1,2026-09-17T22:42:15.070668,B
2024,14,00-0036842,K.Nwangwu,RB,NYJ,0.0608827665321261,0.0,1,2026-09-17T22:42:15.070668,B
2024,14,00-0036893,N.Harris,RB,PIT,14.562428178610872,11.3,1,2026-09-17T22:42:15.070668,B
2024,14,00-0036906,K.Herbert,RB,CIN,1.8844216066117117,2.1,1,2026-09-17T22:42:15.070668,B
2024,14,00-0036919,K.Gainwell,RB,PHI,4.456199641910743,5.3,1,2026-09-17T22:42:15.070668,B
2024,14,00-0036973,T.Etienne,RB,JAX,12.029803554624078,11.0,1,2026-09-17T22:42:15.070668,B
2024,14,00-0037197,I.Pacheco,RB,KC,11.691025617200118,8.1,1,2026-09-17T22:42:15.070668,B
2024,14,00-0037228,J.Warren,RB,PIT,9.426758826571204,9.2,1,2026-09-17T22:42:15.070668,B
2024,14,00-0037248,J.Cook,RB,BUF,14.524169144586285,4.9,1,2026-09-17T22:42:15.070668,B
2024,14,00-0037256,R.White,RB,TB,11.774468442681224,24.9,1,2026-09-17T22:42:15.070668,B
2024,14,00-0037263,T.Allgeier,RB,ATL,4.631859518619948,12.3,1,2026-09-17T22:42:15.070668,B
2024,14,00-0037267,J.Ford,RB,CLE,7.81262748172058,7.7,1,2026-09-17T22:42:15.070668,B
2024,14,00-0037304,C.Heyward,RB,PIT,0.33491662259674726,0.0,1,2026-09-17T22:42:15.070668,B
2024,14,00-0037509,S.McCormick,RB,LV,6.422562679763673,10.9,1,2026-09-17T22:42:15.070668,B
2024,14,00-0037594,J.Chestnut,RB,TEN,1.597356126168214,0.0,1,2026-09-17T22:42:15.070668,B
2024,14,00-0037617,H.Haskins,RB,LAC,1.2241664506730974,0.0,1,2026-09-17T22:42:15.070668,B
2024,14,00-0037840,K.Williams,RB,LA,12.879887589818884,23.7,1,2026-09-17T22:42:15.070668,B
2024,14,00-0038098,P.Strong,RB,CLE,1.9833069418030371,2.9,1,2026-09-17T22:42:15.070668,B
2024,14,00-0038542,Bi.Robinson,RB,ATL,15.75247508140597,20.1,1,2026-09-17T22:42:15.070668,B
2024,14,00-0038551,K.Miller,RB,NO,5.871394187742467,9.2,1,2026-09-17T22:42:15.070668,B
2024,14,00-0038555,T.Bigsby,RB,JAX,5.48166399425293,13.2,1,2026-09-17T22:42:15.070668,B
2024,14,00-0038597,C.Brown,RB,CIN,15.999461461603252,24.3,1,2026-09-17T22:42:15.070668,B
2024,14,00-0038636,K.McIntosh,RB,SEA,1.00995636446937,6.5,1,2026-09-17T22:42:15.070668,B
2024,14,00-0038685,C.Brooks,RB,GB,3.316118171741203,0.3,1,2026-09-17T22:42:15.070668,B
2024,14,00-0038705,E.Demercado,RB,ARI,4.914419716142921,5.5,1,2026-09-17T22:42:15.070668,B
2024,14,00-0038797,E.Wilson,RB,GB,2.395625829728682,0.7,1,2026-09-17T22:42:15.070668,B
2024,14,00-0038951,S.Tucker,RB,TB,5.594203974626329,4.7,1,2026-09-17T22:42:15.070668,B
2024,14,00-0039032,T.Spears,RB,TEN,5.944251542060314,3.3,1,2026-09-17T22:42:15.070668,B
2024,14,00-0039040,D.Achane,RB,MIA,15.461892305752961,18.9,1,2026-09-17T22:42:15.070668,B
2024,14,00-0039139,J.Gibbs,RB,DET,12.668716330663436,19.3,1,2026-09-17T22:42:15.070668,B
2024,14,00-0039165,Z.Charbonnet,RB,SEA,6.980681150488413,38.3,1,2026-09-17T22:42:15.070668,B
2024,14,00-0039299,G.Holani,RB,SEA,2.2712246180289197,0.9,1,2026-09-17T22:42:15.070668,B
2024,14,00-0039325,C.Steele,RB,KC,3.458483216244251,0.0,1,2026-09-17T22:42:15.070668,B
2024,14,00-0039344,J.Brooks,RB,CAR,5.633362504694444,-0.3,1,2026-09-17T22:42:15.070668,B
2024,14,00-0039361,B.Irving,RB,TB,15.20368672642817,2.8,1,2026-09-17T22:42:15.070668,B
2024,14,00-0039363,I.Guerendo,RB,SF,4.668494366493581,26.8,1,2026-09-17T22:42:15.070668,B
2024,14,00-0039384,T.Tracy,RB,NYG,11.128498268848386,19.3,1,2026-09-17T22:42:15.070668,B
2024,14,00-0039385,Keilan Robinson,RB,JAX,2.846064849801947,0.0,1,2026-09-17T22:42:15.070668,B
2024,14,00-0039391,K.Vidal,RB,LAC,4.1818787324400475,3.4,1,2026-09-17T22:42:15.070668,B
2024,14,00-0039738,B.Corum,RB,LA,7.467458091573846,3.4,1,2026-09-17T22:42:15.070668,B
2024,14,00-0039794,B.Allen,RB,NYJ,4.23894454901366,12.1,1,2026-09-17T22:42:15.070668,B
2024,14,00-0039798,I.Davis,RB,NYJ,3.0892970932647605,15.7,1,2026-09-17T22:42:15.070668,B
2024,14,00-0039874,J.Wright,RB,MIA,3.9346499412659224,3.3,1,2026-09-17T22:42:15.070668,B
2024,14,00-0039875,R.Davis,RB,BUF,6.630588403366369,0.0,1,2026-09-17T22:42:15.070668,B
2024,14,00-0039921,T.Benson,RB,ARI,7.615955020456016,2.9,1,2026-09-17T22:42:15.070668,B
2024,14,00-0030035,A.Thielen,WR,CAR,9.706697181103944,19.2,1,2026-09-17T22:42:15.070668,B
2024,14,00-0030279,K.Allen,WR,CHI,15.141856987395004,6.0,1,2026-09-17T22:42:15.070668,B
2024,14,00-0030564,D.Hopkins,WR,KC,10.194202537829986,13.2,1,2026-09-17T22:42:15.070668,B
2024,14,00-0031235,O.Beckham,WR,MIA,3.7732589530975185,1.1,1,2026-09-17T22:42:15.070668,B
2024,14,00-0031236,B.Cooks,WR,DAL,8.109715570602846,7.3,1,2026-09-17T22:42:15.070668,B
2024,14,00-0031381,D.Adams,WR,NYJ,14.516840629278285,25.9,1,2026-09-17T22:42:15.070668,B
2024,14,00-0031408,M.Evans,WR,TB,15.126123429049066,10.9,1,2026-09-17T22:42:15.070668,B
2024,14,00-0031428,A.Robinson,WR,DET,0.7400601423199351,0.0,1,2026-09-17T22:42:15.070668,B
2024,14,00-0031544,A.Cooper,WR,BUF,9.176342139187259,15.5,1,2026-09-17T22:42:15.070668,B
2024,14,00-0032128,C.Conley,WR,SF,-0.37055249078812924,0.0,1,2026-09-17T22:42:15.070668,B
2024,14,00-0032211,T.Lockett,WR,SEA,8.25069204018264,0.0,1,2026-09-17T22:42:15.070668,B
2024,14,00-0032385,S.Shepard,WR,TB,6.253168016377557,10.3,1,2026-09-17T22:42:15.070668,B
2024,14,00-0032775,D.Robinson,WR,LA,5.922770809593251,0.0,1,2026-09-17T22:42:15.070668,B
2024,14,00-0033009,T.Boyd,WR,TEN,9.35368619836548,1.7,1,2026-09-17T22:42:15.070668,B
2024,14,00-0033040,T.Hill,WR,MIA,14.812919148794283,28.1,1,2026-09-17T22:42:15.070668,B
2024,14,00-0033251,Z.Pascal,WR,ARI,0.5940599950912988,0.0,1,2026-09-17T22:42:15.070668,B
2024,14,00-0033282,C.Samuel,WR,BUF,8.609453831477662,3.6,1,2026-09-17T22:42:15.070668,B
2024,14,00-0033375,T.Patrick,WR,DET,7.969734530185348,22.3,1,2026-09-17T22:42:15.070668,B
2024,14,00-0033536,M.Williams,WR,PIT,5.652598966133598,6.6,1,2026-09-17T22:42:15.070668,B
2024,14,00-0033555,M.Hollins,WR,BUF,7.359119327429087,15.7,1,2026-09-17T22:42:15.070668,B
2024,14,00-0033589,D.Moore,WR,CAR,7.615689693225464,4.5,1,2026-09-17T22:42:15.070668,B
2024,14,00-0033857,J.Smith-Schuster,WR,KC,4.50109623429428,5.1,1,2026-09-17T22:42:15.070668,B
2024,14,00-0033891,Z.Jones,WR,ARI,4.188955541570996,2.3,1,2026-09-17T22:42:15.070668,B
2024,14,00-0033908,C.Kupp,WR,LA,13.493950545638068,20.2,1,2026-09-17T22:42:15.070668,B
2024,14,00-0034272,M.Valdes-Scantling,WR,NO,9.653848810513388,9.1,1,2026-09-17T22:42:15.070668,B
2024,14,00-0034386,J.Watson,WR,KC,3.2395296905999125,0.0,1,2026-09-17T22:42:15.070668,B
2024,14,00-0034407,R.McCloud,WR,ATL,8.540077985882679,18.1,1,2026-09-17T22:42:15.070668,B
2024,14,00-0034418,C.Wilson,WR,NO,4.62811862479385,2.8,1,2026-09-17T22:42:15.070668,B
2024,14,00-0034487,T.Sherfield,WR,MIN,0.387738202039114,0.0,1,2026-09-17T22:42:15.070668,B
2024,14,00-0034521,A.Lazard,WR,NYJ,8.370156497999425,2.8,1,2026-09-17T22:42:15.070668,B
2024,14,00-0034646,B.Powell,WR,MIN,2.6489262484841385,0.0,1,2026-09-17T22:42:15.070668,B
2024,14,00-0034777,D.Chark,WR,LAC,4.764034730051691,1.9,1,2026-09-17T22:42:15.070668,B
2024,14,00-0034827,D.Moore,WR,CHI,16.083110118637187,10.9,1,2026-09-17T22:42:15.070668,B
2024,14,00-0034837,C.Ridley,WR,TEN,12.914139333520612,12.9,1,2026-09-17T22:42:15.070668,B
2024,14,00-0034854,K.Hodge,WR,ATL,0.5313779268823104,0.0,1,2026-09-17T22:42:15.070668,B
2024,14,00-0034860,D.Pettis,WR,NO,1.7448299055272711,0.0,1,2026-09-17T22:42:15.070668,B
2024,14,00-0034960,J.Meyers,WR,LV,13.344444786220055,13.7,1,2026-09-17T22:42:15.070668,B
2024,14,00-0035298,S.Miller,WR,PIT,0.454007038113299,6.8,1,2026-09-17T22:42:15.070668,B
2024,14,00-0035500,G.Dortch,WR,ARI,3.6798605546743657,1.5,1,2026-09-17T22:42:15.070668,B
2024,14,00-0035535,D.Slayton,WR,NYG,6.0567420128923946,4.7,1,2026-09-17T22:42:15.070668,B
2024,14,00-0035640,D.Metcalf,WR,SEA,13.633263273006296,8.9,1,2026-09-17T22:42:15.070668,B
2024,14,00-0035676,A.Brown,WR,PHI,17.71579807253178,8.3,1,2026-09-17T22:42:15.070668,B
2024,14,00-0035719,D.Samuel,WR,SF,11.267556582323868,5.5,1,2026-09-17T22:42:15.070668,B
2024,14,00-0035976,D.Chisena,WR,CAR,-1.3178138909018768,0.0,1,2026-09-17T22:42:15.070668,B
2024,14,00-0036133,J.Proche,WR,CLE,-0.25917912626985373,3.8,1,2026-09-17T22:42:15.070668,B
2024,14,00-0036176,M.Kinsey,WR,TEN,0.13863094680098875,0.0,1,2026-09-17T22:42:15.070668,B
2024,14,00-0036182,N.Westbrook-Ikhine,WR,TEN,9.839241255656187,2.9,1,2026-09-17T22:42:15.070668,B
2024,14,00-0036254,C.Johnson,WR,CHI,-1.6789595277757146,1.6,1,2026-09-17T22:42:15.070668,B
2024,14,00-0036259,J.Jennings,WR,SF,13.144330769721062,28.0,1,2026-09-17T22:42:15.070668,B
2024,14,00-0036309,D.Mooney,WR,ATL,8.770514333517106,20.2,1,2026-09-17T22:42:15.070668,B
2024,14,00-0036322,J.Jefferson,WR,MIN,16.515403057937334,32.2,1,2026-09-17T22:42:15.070668,B
2024,14,00-0036331,D.Duvernay,WR,JAX,3.734874557632753,3.1,1,2026-09-17T22:42:15.070668,B
2024,14,00-0036358,C.Lamb,WR,DAL,16.600628657960712,21.4,1,2026-09-17T22:42:15.070668,B
2024,14,00-0036387,J.Reagor,WR,LAC,1.1971945677445746,1.4,1,2026-09-17T22:42:15.070668,B
2024,14,00-0036407,J.Jeudy,WR,CLE,13.574917906390196,17.4,1,2026-09-17T22:42:15.070668,B
2024,14,00-0036410,T.Higgins,WR,CIN,15.140022033015192,4.3,1,2026-09-17T22:42:15.070668,B
2024,14,00-0036415,V.Jefferson,WR,PIT,4.549724289881123,8.0,1,2026-09-17T22:42:15.070668,B
2024,14,00-0036427,T.Johnson,WR,LA,1.9394031418640925,0.0,1,2026-09-17T22:42:15.070668,B
2024,14,00-0036497,T.Jones,WR,JAX,-0.7715454752683,0.0,1,2026-09-17T22:42:15.070668,B
2024,14,00-0036613,J.Waddle,WR,MIA,12.996712813090637,20.9,1,2026-09-17T22:42:15.070668,B
2024,14,00-0036620,D.Eskridge,WR,MIA,-0.9262495155036765,0.0,1,2026-09-17T22:42:15.070668,B
2024,14,00-0036849,T.Atwell,WR,LA,4.5233472638233945,7.5,1,2026-09-17T22:42:15.070668,B
2024,14,00-0036862,B.Skowronek,WR,PIT,0.35704139769027066,0.0,1,2026-09-17T22:42:15.070668,B
2024,14,00-0036900,J.Chase,WR,CIN,19.445602622912794,45.1,1,2026-09-17T22:42:15.070668,B
2024,14,00-0036912,D.Smith,WR,PHI,13.472206359570327,13.7,1,2026-09-17T22:42:15.070668,B
2024,14,00-0036913,K.Toney,WR,CLE,1.2066249749882338,0.0,1,2026-09-17T22:42:15.070668,B
2024,14,00-0036955,T.Marshall,WR,LV,0.4605473366692934,1.6,1,2026-09-17T22:42:15.070668,B
2024,14,00-0036963,A.St. Brown,WR,DET,17.74141594828851,10.3,1,2026-09-17T22:42:15.070668,B
2024,14,00-0036980,E.Moore,WR,CLE,10.091235017420468,6.4,1,2026-09-17T22:42:15.070668,B
2024,14,00-0036988,J.Palmer,WR,LAC,6.21856677496044,13.8,1,2026-09-17T22:42:15.070668,B
2024,14,00-0037091,B.Melton,WR,GB,2.352201763640677,0.0,1,2026-09-17T22:42:15.070668,B
2024,14,00-0037231,K.Austin,WR,NO,3.7570379720268274,1.5,1,2026-09-17T22:42:15.070668,B
2024,14,00-0037238,D.London,WR,ATL,15.365225724760379,12.0,1,2026-09-17T22:42:15.070668,B
2024,14,00-0037240,J.Williams,WR,DET,11.166001617294835,13.0,1,2026-09-17T22:42:15.070668,B
2024,14,00-0037261,K.Shakir,WR,BUF,11.191254626774489,21.6,1,2026-09-17T22:42:15.070668,B
2024,14,00-0037291,J.Nailor,WR,MIN,4.05992998215109,0.0,1,2026-09-17T22:42:15.070668,B
2024,14,00-0037300,M.Woods,WR,CLE,3.0003677626077954,2.2,1,2026-09-17T22:42:15.070668,B
2024,14,00-0037387,J.Virgil,WR,BUF,1.9227756906465174,0.0,1,2026-09-17T22:42:15.070668,B
2024,14,00-0037487,D.Thompkins,WR,CAR,0.14484348000368286,1.7,1,2026-09-17T22:42:15.070668,B
2024,14,00-0037666,J.Tolbert,WR,DAL,5.568663266645766,0.0,1,2026-09-17T22:42:15.070668,B
2024,14,00-0037740,G.Wilson,WR,NYJ,12.923873458176033,18.4,1,2026-09-17T22:42:15.070668,B
2024,14,00-0037741,J.Dotson,WR,PHI,6.44720285014732,1.5,1,2026-09-17T22:42:15.070668,B
2024,14,00-0037801,K.Turpin,WR,DAL,5.025267088410931,4.1,1,2026-09-17T22:42:15.070668,B
2024,14,00-0037837,C.Austin,WR,PIT,5.250814769877435,1.4,1,2026-09-17T22:42:15.070668,B
2024,14,00-0038117,W.Robinson,WR,NYG,7.834716222049784,7.8,1,2026-09-17T22:42:15.070668,B
2024,14,00-0038124,C.Watson,WR,GB,11.590827865884622,13.4,1,2026-09-17T22:42:15.070668,B
2024,14,00-0038393,D.Wicks,WR,GB,6.683529447396622,8.9,1,2026-09-17T22:42:15.070668,B
2024,14,00-0038465,M.Heath,WR,GB,1.8801661115374193,0.0,1,2026-09-17T22:42:15.070668,B
2024,14,00-0038496,X.Gipson,WR,NYJ,2.3635461296092606,0.0,1,2026-09-17T22:42:15.070668,B
2024,14,00-0038543,J.Smith-Njigba,WR,SEA,14.109434087225853,19.6,1,2026-09-17T22:42:15.070668,B
2024,14,00-0038544,Q.Johnston,WR,LAC,6.407355141561637,15.8,1,2026-09-17T22:42:15.070668,B
2024,14,00-0038559,Mi.Wilson,WR,ARI,9.900123835971439,13.7,1,2026-09-17T22:42:15.070668,B
2024,14,00-0038563,T.Tucker,WR,LV,8.562076644934447,2.7,1,2026-09-17T22:42:15.070668,B
2024,14,00-0038573,D.Davis,WR,LAC,2.3610961392344185,2.1,1,2026-09-17T22:42:15.070668,B
2024,14,00-0038606,P.Washington,WR,JAX,6.198124064055103,3.5,1,2026-09-17T22:42:15.070668,B
2024,14,00-0038619,A.Iosivas,WR,CIN,6.798619910021051,8.1,1,2026-09-17T22:42:15.070668,B
2024,14,00-0038752,J.Bobo,WR,SEA,2.0399916539357097,0.0,1,2026-09-17T22:42:15.070668,B
2024,14,00-0038821,R.Jarrett,WR,TB,2.863191240116514,0.0,1,2026-09-17T22:42:15.070668,B
2024,14,00-0038824,R.Miller,WR,TB,2.37261405114029,0.0,1,2026-09-17T22:42:15.070668,B
2024,14,00-0038938,J.Hyatt,WR,NYG,2.8530814801794193,0.0,1,2026-09-17T22:42:15.070668,B
2024,14,00-0038994,J.Addison,WR,MIN,15.024396841614186,39.3,1,2026-09-17T22:42:15.070668,B
2024,14,00-0039052,T.Palmer,WR,TB,3.483403367883959,0.0,1,2026-09-17T22:42:15.070668,B
2024,14,00-0039062,J.Mingo,WR,DAL,4.284759607388795,0.0,1,2026-09-17T22:42:15.070668,B
2024,14,00-0039075,P.Nacua,WR,LA,15.717550083651169,41.8,1,2026-09-17T22:42:15.070668,B
2024,14,00-0039146,J.Reed,WR,GB,10.289763949666394,0.0,1,2026-09-17T22:42:15.070668,B
2024,14,00-0039236,J.Wilson,WR,PHI,3.7649076513194677,0.0,1,2026-09-17T22:42:15.070668,B
2024,14,00-0039337,M.Nabers,WR,NYG,13.868696577036888,12.9,1,2026-09-17T22:42:15.070668,B
2024,14,00-0039342,X.Legette,WR,CAR,8.367381586591664,5.9,1,2026-09-17T22:42:15.070668,B
2024,14,00-0039365,J.Cowing,WR,SF,1.9792365211499687,0.0,1,2026-09-17T22:42:15.070668,B
2024,14,00-0039410,R.Flournoy,WR,DAL,2.3216249401535762,0.0,1,2026-09-17T22:42:15.070668,B
2024,14,00-0039451,I.Williams,WR,CIN,2.815949788048667,0.0,1,2026-09-17T22:42:15.070668,B
2024,14,00-0039552,Joshua Cephus,WR,JAX,1.4686796611360906,0.0,1,2026-09-17T22:42:15.070668,B
2024,14,00-0039650,B.Oliver,WR,TEN,2.064418283644324,2.6,1,2026-09-17T22:42:15.070668,B
2024,14,00-0039751,J.Whittington,WR,LA,1.705273424642277,0.0,1,2026-09-17T22:42:15.070668,B
2024,14,00-0039810,J.Burton,WR,CIN,2.2054757048306897,0.0,1,2026-09-17T22:42:15.070668,B
2024,14,00-0039849,M.Harrison,WR,ARI,14.35705045582999,8.9,1,2026-09-17T22:42:15.070668,B
2024,14,00-0039855,J.McMillan,WR,TB,6.868215749225798,21.9,1,2026-09-17T22:42:15.070668,B
2024,14,00-0039880,M.Washington,WR,MIA,4.279619939669385,0.0,1,2026-09-17T22:42:15.070668,B
2024,14,00-0039893,Bri.Thomas,WR,JAX,11.826319870810092,16.6,1,2026-09-17T22:42:15.070668,B
2024,14,00-0039894,X.Worthy,WR,KC,9.89934691379562,9.6,1,2026-09-17T22:42:15.070668,B
2024,14,00-0039916,R.Pearsall,WR,SF,6.645799856765277,1.5,1,2026-09-17T22:42:15.070668,B
2024,14,00-0039919,R.Odunze,WR,CHI,10.560173744422723,20.2,1,2026-09-17T22:42:15.070668,B
2024,14,00-0024243,M.Lewis,TE,CHI,0.23705745723118454,0.0,1,2026-09-17T22:42:15.070668,B
2024,14,00-0030506,T.Kelce,TE,KC,13.710563353288478,9.5,1,2026-09-17T22:42:15.070668,B
2024,14,00-0031484,C.Manhertz,TE,NYG,0.23913863392615742,0.0,1,2026-09-17T22:42:15.070668,B
2024,14,00-0031585,M.Pruitt,TE,PIT,2.2308173065580768,0.9,1,2026-09-17T22:42:15.070668,B
2024,14,00-0032134,C.Uzomah,TE,PHI,1.2289834907679902,0.0,1,2026-09-17T22:42:15.070668,B
2024,14,00-0032394,N.Vannett,TE,TEN,1.527325527089726,1.4,1,2026-09-17T22:42:15.070668,B
2024,14,00-0033246,J.Mundt,TE,MIN,2.1129902130987013,0.0,1,2026-09-17T22:42:15.070668,B
2024,14,00-0033288,G.Kittle,TE,SF,10.83416831575172,21.1,1,2026-09-17T22:42:15.070668,B
2024,14,00-0033439,P.Brown,TE,SEA,2.237438459476799,1.6,1,2026-09-17T22:42:15.070668,B
2024,14,00-0033576,E.Saubert,TE,SF,0.9589921725606758,1.4,1,2026-09-17T22:42:15.070668,B
2024,14,00-0033858,J.Smith,TE,MIA,12.450688983163278,13.4,1,2026-09-17T22:42:15.070668,B
2024,14,00-0033881,E.Engram,TE,JAX,12.268553468206036,7.3,1,2026-09-17T22:42:15.070668,B
2024,14,00-0033885,D.Njoku,TE,CLE,12.794915796141634,17.2,1,2026-09-17T22:42:15.070668,B
2024,14,00-0033895,G.Everett,TE,CHI,2.347781817842603,0.0,1,2026-09-17T22:42:15.070668,B
2024,14,00-0034073,R.Dwelley,TE,ATL,0.24589088339557374,0.0,1,2026-09-17T22:42:15.070668,B
2024,14,00-0034159,W.Dissly,TE,LAC,5.342575889765459,3.9,1,2026-09-17T22:42:15.070668,B
2024,14,00-0034270,T.Conklin,TE,NYJ,5.282863885669383,6.3,1,2026-09-17T22:42:15.070668,B
2024,14,00-0034364,J.Akins,TE,CLE,1.9250971279385647,2.4,1,2026-09-17T22:42:15.070668,B
2024,14,00-0034613,T.Hudson,TE,CIN,4.3966546144909655,2.9,1,2026-09-17T22:42:15.070668,B
2024,14,00-0034798,D.Smythe,TE,MIA,1.9476347627031436,0.0,1,2026-09-17T22:42:15.070668,B
2024,14,00-0034829,M.Gesicki,TE,CIN,6.6551847300000055,5.4,1,2026-09-17T22:42:15.070668,B
2024,14,00-0034981,F.Moreau,TE,NO,6.340795086748651,6.0,1,2026-09-17T22:42:15.070668,B
2024,14,00-0035229,T.Hockenson,TE,MIN,11.972037573388562,8.5,1,2026-09-17T22:42:15.070668,B
2024,14,00-0035249,J.Oliver,TE,MIN,6.004094414228905,3.6,1,2026-09-17T22:42:15.070668,B
2024,14,00-0035631,D.Sample,TE,CIN,3.6978999411425777,3.3,1,2026-09-17T22:42:15.070668,B
2024,14,00-0035644,N.Fant,TE,SEA,7.5737380437448145,4.8,1,2026-09-17T22:42:15.070668,B
2024,14,00-0035689,D.Knox,TE,BUF,6.360806934066947,1.5,1,2026-09-17T22:42:15.070668,B
2024,14,00-0036040,J.Johnson,TE,NO,7.364865244282408,15.0,1,2026-09-17T22:42:15.070668,B
2024,14,00-0036232,H.Bryant,TE,LV,2.6490328206168585,0.0,1,2026-09-17T22:42:15.070668,B
2024,14,00-0036244,C.Parkinson,TE,LA,3.555477975978972,2.1,1,2026-09-17T22:42:15.070668,B
2024,14,00-0036290,C.Kmet,TE,CHI,9.548465966246159,0.0,1,2026-09-17T22:42:15.070668,B
2024,14,00-0036332,J.Deguara,TE,JAX,-0.31156293715133554,0.0,1,2026-09-17T22:42:15.070668,B
2024,14,00-0036429,C.Woerner,TE,ATL,1.4097514784872955,2.1,1,2026-09-17T22:42:15.070668,B
2024,14,00-0036510,K.Yeboah,TE,NYJ,0.25379726999751373,0.0,1,2026-09-17T22:42:15.070668,B
2024,14,00-0036534,S.Zylstra,TE,DET,1.2719165236500802,0.0,1,2026-09-17T22:42:15.070668,B
2024,14,00-0036637,N.Gray,TE,KC,6.57730744863019,6.6,1,2026-09-17T22:42:15.070668,B
2024,14,00-0036640,Z.Davidson,TE,BUF,2.0409278646178093,0.0,1,2026-09-17T22:42:15.070668,B
2024,14,00-0036754,B.Wright,TE,DET,2.758916976344315,0.0,1,2026-09-17T22:42:15.070668,B
2024,14,00-0036825,F.Franks,TE,CAR,-0.7144113733888542,0.0,1,2026-09-17T22:42:15.070668,B
2024,14,00-0036887,L.Farrell,TE,JAX,1.5609870712988272,0.0,1,2026-09-17T22:42:15.070668,B
2024,14,00-0036894,P.Freiermuth,TE,PIT,8.57568330836691,13.8,1,2026-09-17T22:42:15.070668,B
2024,14,00-0036970,K.Pitts,TE,ATL,7.095764906972391,2.4,1,2026-09-17T22:42:15.070668,B
2024,14,00-0037004,H.Long,TE,LA,1.3108234264331604,0.0,1,2026-09-17T22:42:15.070668,B
2024,14,00-0037005,T.Tremble,TE,CAR,5.900165557304563,7.3,1,2026-09-17T22:42:15.070668,B
2024,14,00-0037086,G.Calcaterra,TE,PHI,1.7305988495835578,10.6,1,2026-09-17T22:42:15.070668,B
2024,14,00-0037112,J.Tonges,TE,SF,0.7461716514280434,0.0,1,2026-09-17T22:42:15.070668,B
2024,14,00-0037252,G.Dulcich,TE,NYG,2.8989491895984356,0.0,1,2026-09-17T22:42:15.070668,B
2024,14,00-0037306,J.FitzPatrick,TE,GB,0.48703994973148657,0.0,1,2026-09-17T22:42:15.070668,B
2024,14,00-0037311,K.Kieft,TE,TB,-0.005807453362718817,0.0,1,2026-09-17T22:42:15.070668,B
2024,14,00-0037475,S.Smartt,TE,LAC,0.39090839242988373,8.4,1,2026-09-17T22:42:15.070668,B
2024,14,00-0037654,T.Fisk,TE,LAC,1.0521328441867723,1.0,1,2026-09-17T22:42:15.070668,B
2024,14,00-0037744,T.McBride,TE,ARI,15.134379885786743,14.0,1,2026-09-17T22:42:15.070668,B
2024,14,00-0037805,J.Ruckert,TE,NYJ,1.7669760442929032,0.0,1,2026-09-17T22:42:15.070668,B
2024,14,00-0037809,C.Okonkwo,TE,TEN,6.970016680931404,3.8,1,2026-09-17T22:42:15.070668,B
2024,14,00-0038041,J.Ferguson,TE,DAL,7.107591161696292,6.2,1,2026-09-17T22:42:15.070668,B
2024,14,00-0038115,D.Bellinger,TE,NYG,0.9332746011692654,9.5,1,2026-09-17T22:42:15.070668,B
2024,14,00-0038129,C.Otton,TE,TB,10.618285200603435,10.0,1,2026-09-17T22:42:15.070668,B
2024,14,00-0038498,E.Jenkins,TE,PHI,0.9114541957434144,0.0,1,2026-09-17T22:42:15.070668,B
2024,14,00-0038547,L.Schoonmaker,TE,DAL,8.04686220499,4.2,1,2026-09-17T22:42:15.070668,B
2024,14,00-0038558,D.Washington,TE,PIT,3.787216645159294,0.0,1,2026-09-17T22:42:15.070668,B
2024,14,00-0038589,J.Whyle,TE,TEN,1.9126487056140595,5.1,1,2026-09-17T22:42:15.070668,B
2024,14,00-0038643,B.Willis,TE,SF,-0.025216578944591284,0.0,1,2026-09-17T22:42:15.070668,B
2024,14,00-0038710,B.Whiteheart,TE,CLE,0.7910735042488772,0.0,1,2026-09-17T22:42:15.070668,B
2024,14,00-0038720,J.Hill,TE,MIA,2.260609465384837,2.4,1,2026-09-17T22:42:15.070668,B
2024,14,00-0038809,B.Sims,TE,GB,0.9231727882218683,1.2,1,2026-09-17T22:42:15.070668,B
2024,14,00-0038935,B.Strange,TE,JAX,3.0492453622969276,3.1,1,2026-09-17T22:42:15.070668,B
2024,14,00-0038996,T.Kraft,TE,GB,7.224859980822815,13.1,1,2026-09-17T22:42:15.070668,B
2024,14,00-0039041,E.Higgins,TE,ARI,2.3499964467425087,0.0,1,2026-09-17T22:42:15.070668,B
2024,14,00-0039050,P.Durham,TE,TB,2.091021310176719,0.0,1,2026-09-17T22:42:15.070668,B
2024,14,00-0039065,S.LaPorta,TE,DET,11.91220729890387,10.4,1,2026-09-17T22:42:15.070668,B
2024,14,00-0039066,M.Mayer,TE,LV,4.3732140602166325,13.8,1,2026-09-17T22:42:15.070668,B
2024,14,00-0039074,D.Allen,TE,LA,1.480283435124056,0.0,1,2026-09-17T22:42:15.070668,B
2024,14,00-0039316,B.Cupp,TE,KC,1.5806829690315842,0.0,1,2026-09-17T22:42:15.070668,B
2024,14,00-0039338,B.Bowers,TE,LV,16.669695473966858,8.2,1,2026-09-17T22:42:15.070668,B
2024,14,00-0039356,J.Sanders,TE,CAR,4.981469368712089,0.0,1,2026-09-17T22:42:15.070668,B
2024,14,00-0039530,B.Spann-Ford,TE,DAL,2.5554959979913163,0.0,1,2026-09-17T22:42:15.070668,B
2024,14,00-0039613,D.Holker,TE,NO,0.4201682594598344,2.0,1,2026-09-17T22:42:15.070668,B
2024,14,00-0039631,C.Grandy,TE,CIN,0.3285559551946484,0.0,1,2026-09-17T22:42:15.070668,B
2024,14,00-0039648,D.Martin-Robinson,TE,TEN,1.3189048474716802,0.0,1,2026-09-17T22:42:15.070668,B
2024,14,00-0039737,T.Reiman,TE,ARI,1.7958078347563,2.4,1,2026-09-17T22:42:15.070668,B
2024,14,00-0039793,A.Barner,TE,SEA,3.864547602131927,2.3,1,2026-09-17T22:42:15.070668,B
2024,15,00-0030578,C.Patterson,RB,PIT,3.0173223521999883,1.8,1,2026-09-17T22:42:15.070668,B
2024,15,00-0031687,R.Mostert,RB,MIA,7.060113176355337,5.1,1,2026-09-17T22:42:15.070668,B
2024,15,00-0032104,A.Abdullah,RB,LV,5.7827265843175155,19.6,1,2026-09-17T22:42:15.070668,B
2024,15,00-0032764,D.Henry,RB,BAL,13.995221429686179,6.7,1,2026-09-17T22:42:15.070668,B
2024,15,00-0033045,E.Elliott,RB,DAL,3.125204344360533,5.1,1,2026-09-17T22:42:15.070668,B
2024,15,00-0033293,A.Jones,RB,MIN,15.04449587557792,18.6,1,2026-09-17T22:42:15.070668,B
2024,15,00-0033526,S.Perine,RB,KC,3.364403557066467,4.4,1,2026-09-17T22:42:15.070668,B
2024,15,00-0033553,J.Conner,RB,ARI,15.3134191892774,30.8,1,2026-09-17T22:42:15.070668,B
2024,15,00-0033854,D.Ogunbowale,RB,HOU,0.49178949189152377,3.5,1,2026-09-17T22:42:15.070668,B
2024,15,00-0033897,J.Mixon,RB,HOU,19.04537284078182,10.6,1,2026-09-17T22:42:15.070668,B
2024,15,00-0033906,A.Kamara,RB,NO,16.04682023815912,17.0,1,2026-09-17T22:42:15.070668,B
2024,15,00-0033923,K.Hunt,RB,KC,8.064255367279127,5.9,1,2026-09-17T22:42:15.070668,B
2024,15,00-0033948,J.Williams,RB,NO,2.3987686374371897,0.0,1,2026-09-17T22:42:15.070668,B
2024,15,00-0033955,J.McNichols,RB,WAS,4.825588311765928,1.4,1,2026-09-17T22:42:15.070668,B
2024,15,00-0034184,G.Edwards,RB,LAC,10.08059810540665,2.3,1,2026-09-17T22:42:15.070668,B
2024,15,00-0034208,M.Boone,RB,CAR,1.6459123926916872,1.4,1,2026-09-17T22:42:15.070668,B
2024,15,00-0034791,N.Chubb,RB,CLE,9.94042545162287,2.1,1,2026-09-17T22:42:15.070668,B
2024,15,00-0034844,S.Barkley,RB,PHI,20.18337901992634,9.4,1,2026-09-17T22:42:15.070668,B
2024,15,00-0034972,A.Mattison,RB,LV,6.714651493619456,2.4,1,2026-09-17T22:42:15.070668,B
2024,15,00-0034975,J.Hill,RB,BAL,10.974573631453936,17.8,1,2026-09-17T22:42:15.070668,B
2024,15,00-0035250,D.Singletary,RB,NYG,4.007121795066521,13.1,1,2026-09-17T22:42:15.070668,B
2024,15,00-0035261,T.Pollard,RB,TEN,13.376916494887974,8.5,1,2026-09-17T22:42:15.070668,B
2024,15,00-0035537,T.Johnson,RB,BUF,4.837602293070905,17.3,1,2026-09-17T22:42:15.070668,B
2024,15,00-0035594,T.Homer,RB,CHI,0.6693823065775097,0.7,1,2026-09-17T22:42:15.070668,B
2024,15,00-0035685,D.Montgomery,RB,DET,13.45992082506786,7.5,1,2026-09-17T22:42:15.070668,B
2024,15,00-0035700,J.Jacobs,RB,GB,16.53775935206777,21.6,1,2026-09-17T22:42:15.070668,B
2024,15,00-0035806,J.Hasty,RB,NE,1.7785697324950664,0.0,1,2026-09-17T22:42:15.070668,B
2024,15,00-0035973,P.Taylor,RB,SF,6.295378627107105,0.0,1,2026-09-17T22:42:15.070668,B
2024,15,00-0036139,R.Dowdle,RB,DAL,14.064853006081341,14.9,1,2026-09-17T22:42:15.070668,B
2024,15,00-0036223,J.Taylor,RB,IND,13.687323293170007,12.1,1,2026-09-17T22:42:15.070668,B
2024,15,00-0036275,D.Swift,RB,CHI,12.75483477952724,9.9,1,2026-09-17T22:42:15.070668,B
2024,15,00-0036328,A.Gibson,RB,NE,7.241964752204908,8.4,1,2026-09-17T22:42:15.070668,B
2024,15,00-0036414,C.Akers,RB,MIN,6.577195824873446,8.4,1,2026-09-17T22:42:15.070668,B
2024,15,00-0036425,D.Dallas,RB,ARI,2.9950199843667207,1.5,1,2026-09-17T22:42:15.070668,B
2024,15,00-0036555,C.Hubbard,RB,CAR,16.096445954037403,8.9,1,2026-09-17T22:42:15.070668,B
2024,15,00-0036875,R.Stevenson,RB,NE,14.834169358697688,9.5,1,2026-09-17T22:42:15.070668,B
2024,15,00-0036893,N.Harris,RB,PIT,12.136722365493736,3.1,1,2026-09-17T22:42:15.070668,B
2024,15,00-0036906,K.Herbert,RB,CIN,2.4705877849160975,0.4,1,2026-09-17T22:42:15.070668,B
2024,15,00-0036919,K.Gainwell,RB,PHI,4.608970186092044,9.0,1,2026-09-17T22:42:15.070668,B
2024,15,00-0036973,T.Etienne,RB,JAX,9.858410481644272,12.5,1,2026-09-17T22:42:15.070668,B
2024,15,00-0036984,T.Sermon,RB,IND,1.1008317667183025,3.2,1,2026-09-17T22:42:15.070668,B
2024,15,00-0036997,J.Williams,RB,DEN,11.574281617880679,4.3,1,2026-09-17T22:42:15.070668,B
2024,15,00-0037120,T.Goodson,RB,IND,2.1026325962013193,0.3,1,2026-09-17T22:42:15.070668,B
2024,15,00-0037197,I.Pacheco,RB,KC,12.501631656857668,5.7,1,2026-09-17T22:42:15.070668,B
2024,15,00-0037228,J.Warren,RB,PIT,10.272739201604695,2.5,1,2026-09-17T22:42:15.070668,B
2024,15,00-0037248,J.Cook,RB,BUF,13.447634787456662,26.3,1,2026-09-17T22:42:15.070668,B
2024,15,00-0037256,R.White,RB,TB,12.62908412632071,14.1,1,2026-09-17T22:42:15.070668,B
2024,15,00-0037258,D.Pierce,RB,HOU,4.248617561506745,0.0,1,2026-09-17T22:42:15.070668,B
2024,15,00-0037263,T.Allgeier,RB,ATL,5.805800908591102,4.3,1,2026-09-17T22:42:15.070668,B
2024,15,00-0037267,J.Ford,RB,CLE,6.786709490249131,18.4,1,2026-09-17T22:42:15.070668,B
2024,15,00-0037276,T.Chandler,RB,MIN,3.931145398200318,0.4,1,2026-09-17T22:42:15.070668,B
2024,15,00-0037304,C.Heyward,RB,PIT,0.08315240111998179,0.0,1,2026-09-17T22:42:15.070668,B
2024,15,00-0037509,S.McCormick,RB,LV,8.876445248939866,4.5,1,2026-09-17T22:42:15.070668,B
2024,15,00-0037617,H.Haskins,RB,LAC,2.3154873001966374,0.0,1,2026-09-17T22:42:15.070668,B
2024,15,00-0037746,Br.Robinson,RB,WAS,11.8131795756617,11.7,1,2026-09-17T22:42:15.070668,B
2024,15,00-0037840,K.Williams,RB,LA,15.360940777761689,13.2,1,2026-09-17T22:42:15.070668,B
2024,15,00-0038098,P.Strong,RB,CLE,1.3586076146070134,0.0,1,2026-09-17T22:42:15.070668,B
2024,15,00-0038120,B.Hall,RB,NYJ,14.325230219089903,13.1,1,2026-09-17T22:42:15.070668,B
2024,15,00-0038396,E.Gray,RB,NYG,0.36991665510424454,0.0,1,2026-09-17T22:42:15.070668,B
2024,15,00-0038542,Bi.Robinson,RB,ATL,16.606964423882452,14.5,1,2026-09-17T22:42:15.070668,B
2024,15,00-0038551,K.Miller,RB,NO,5.511197581645906,4.6,1,2026-09-17T22:42:15.070668,B
2024,15,00-0038555,T.Bigsby,RB,JAX,6.833875284816981,4.2,1,2026-09-17T22:42:15.070668,B
2024,15,00-0038597,C.Brown,RB,CIN,15.060727240576345,26.3,1,2026-09-17T22:42:15.070668,B
2024,15,00-0038611,C.Rodriguez,RB,WAS,6.038493261614051,0.2,1,2026-09-17T22:42:15.070668,B
2024,15,00-0038636,K.McIntosh,RB,SEA,4.642175679720459,0.9,1,2026-09-17T22:42:15.070668,B
2024,15,00-0038685,C.Brooks,RB,GB,3.8869115758304353,2.5,1,2026-09-17T22:42:15.070668,B
2024,15,00-0038794,J.McLaughlin,RB,DEN,7.861176343177128,6.4,1,2026-09-17T22:42:15.070668,B
2024,15,00-0038797,E.Wilson,RB,GB,3.32487583587743,0.9,1,2026-09-17T22:42:15.070668,B
2024,15,00-0038951,S.Tucker,RB,TB,5.30123290886416,1.7,1,2026-09-17T22:42:15.070668,B
2024,15,00-0039032,T.Spears,RB,TEN,4.338422170728294,27.2,1,2026-09-17T22:42:15.070668,B
2024,15,00-0039040,D.Achane,RB,MIA,15.742055993930945,14.6,1,2026-09-17T22:42:15.070668,B
2024,15,00-0039139,J.Gibbs,RB,DET,14.531213177828938,28.4,1,2026-09-17T22:42:15.070668,B
2024,15,00-0039165,Z.Charbonnet,RB,SEA,13.463597316182923,13.6,1,2026-09-17T22:42:15.070668,B
2024,15,00-0039299,G.Holani,RB,SEA,0.5395097604387837,1.0,1,2026-09-17T22:42:15.070668,B
2024,15,00-0039325,C.Steele,RB,KC,2.953076114445776,0.0,1,2026-09-17T22:42:15.070668,B
2024,15,00-0039361,B.Irving,RB,TB,10.48214189727645,13.3,1,2026-09-17T22:42:15.070668,B
2024,15,00-0039363,I.Guerendo,RB,SF,9.857656702931012,11.5,1,2026-09-17T22:42:15.070668,B
2024,15,00-0039373,A.Estime,RB,DEN,3.6627162133224127,2.8,1,2026-09-17T22:42:15.070668,B
2024,15,00-0039384,T.Tracy,RB,NYG,10.827197321035973,4.5,1,2026-09-17T22:42:15.070668,B
2024,15,00-0039391,K.Vidal,RB,LAC,7.052127271883546,4.2,1,2026-09-17T22:42:15.070668,B
2024,15,00-0039738,B.Corum,RB,LA,5.854376542114762,4.0,1,2026-09-17T22:42:15.070668,B
2024,15,00-0039794,B.Allen,RB,NYJ,7.395964665602456,0.5,1,2026-09-17T22:42:15.070668,B
2024,15,00-0039796,R.Ali,RB,BAL,4.299971373627707,3.2,1,2026-09-17T22:42:15.070668,B
2024,15,00-0039798,I.Davis,RB,NYJ,8.830310034485095,3.6,1,2026-09-17T22:42:15.070668,B
2024,15,00-0039874,J.Wright,RB,MIA,4.708759149794556,0.3,1,2026-09-17T22:42:15.070668,B
2024,15,00-0039875,R.Davis,RB,BUF,4.744529659363565,10.9,1,2026-09-17T22:42:15.070668,B
2024,15,00-0039921,T.Benson,RB,ARI,6.050359364462745,2.2,1,2026-09-17T22:42:15.070668,B
2024,15,00-0030035,A.Thielen,WR,CAR,13.337509503696456,10.1,1,2026-09-17T22:42:15.070668,B
2024,15,00-0030279,K.Allen,WR,CHI,15.183964047426928,20.2,1,2026-09-17T22:42:15.070668,B
2024,15,00-0030431,R.Woods,WR,HOU,4.444461072100763,3.2,1,2026-09-17T22:42:15.070668,B
2024,15,00-0030564,D.Hopkins,WR,KC,10.271713221072307,8.6,1,2026-09-17T22:42:15.070668,B
2024,15,00-0031236,B.Cooks,WR,DAL,8.037558728021779,6.4,1,2026-09-17T22:42:15.070668,B
2024,15,00-0031381,D.Adams,WR,NYJ,14.533321668391373,42.8,1,2026-09-17T22:42:15.070668,B
2024,15,00-0031408,M.Evans,WR,TB,16.01895344196953,36.9,1,2026-09-17T22:42:15.070668,B
2024,15,00-0031428,A.Robinson,WR,DET,0.3753471663767769,0.0,1,2026-09-17T22:42:15.070668,B
2024,15,00-0031544,A.Cooper,WR,BUF,10.994921283222512,0.0,1,2026-09-17T22:42:15.070668,B
2024,15,00-0031549,N.Agholor,WR,BAL,4.119104328666184,3.6,1,2026-09-17T22:42:15.070668,B
2024,15,00-0031941,J.Crowder,WR,WAS,2.0458821511658423,5.7,1,2026-09-17T22:42:15.070668,B
2024,15,00-0032128,C.Conley,WR,SF,1.1400431906301458,0.0,1,2026-09-17T22:42:15.070668,B
2024,15,00-0032211,T.Lockett,WR,SEA,8.071134951295054,3.2,1,2026-09-17T22:42:15.070668,B
2024,15,00-0032385,S.Shepard,WR,TB,6.506038282903489,2.6,1,2026-09-17T22:42:15.070668,B
2024,15,00-0032775,D.Robinson,WR,LA,4.402039851691905,0.0,1,2026-09-17T22:42:15.070668,B
2024,15,00-0033009,T.Boyd,WR,TEN,7.719132556605333,5.9,1,2026-09-17T22:42:15.070668,B
2024,15,00-0033040,T.Hill,WR,MIA,16.970964013164274,5.6,1,2026-09-17T22:42:15.070668,B
2024,15,00-0033251,Z.Pascal,WR,ARI,0.7897351346991082,0.0,1,2026-09-17T22:42:15.070668,B
2024,15,00-0033282,C.Samuel,WR,BUF,7.5496096403401,1.1,1,2026-09-17T22:42:15.070668,B
2024,15,00-0033307,K.Bourne,WR,NE,9.217366479506055,7.4,1,2026-09-17T22:42:15.070668,B
2024,15,00-0033375,T.Patrick,WR,DET,8.818080343938556,13.0,1,2026-09-17T22:42:15.070668,B
2024,15,00-0033536,M.Williams,WR,PIT,6.941207723586393,2.5,1,2026-09-17T22:42:15.070668,B
2024,15,00-0033555,M.Hollins,WR,BUF,6.241216928842601,1.7,1,2026-09-17T22:42:15.070668,B
2024,15,00-0033589,D.Moore,WR,CAR,9.162032018403679,3.9,1,2026-09-17T22:42:15.070668,B
2024,15,00-0033857,J.Smith-Schuster,WR,KC,3.34731574932138,7.7,1,2026-09-17T22:42:15.070668,B
2024,15,00-0033891,Z.Jones,WR,ARI,4.590786443552252,1.3,1,2026-09-17T22:42:15.070668,B
2024,15,00-0033908,C.Kupp,WR,LA,12.536547550208756,0.0,1,2026-09-17T22:42:15.070668,B
2024,15,00-0033943,J.Reynolds,WR,JAX,3.4997641974790783,0.0,1,2026-09-17T22:42:15.070668,B
2024,15,00-0034054,R.Cracraft,WR,MIA,0.7601974361549866,1.6,1,2026-09-17T22:42:15.070668,B
2024,15,00-0034272,M.Valdes-Scantling,WR,NO,8.67049486757652,8.8,1,2026-09-17T22:42:15.070668,B
2024,15,00-0034348,C.Sutton,WR,DEN,15.692155597684334,12.2,1,2026-09-17T22:42:15.070668,B
2024,15,00-0034386,J.Watson,WR,KC,2.805718988508409,0.0,1,2026-09-17T22:42:15.070668,B
2024,15,00-0034407,R.McCloud,WR,ATL,9.015824418469622,2.4,1,2026-09-17T22:42:15.070668,B
2024,15,00-0034418,C.Wilson,WR,NO,4.718867999029964,4.8,1,2026-09-17T22:42:15.070668,B
2024,15,00-0034487,T.Sherfield,WR,MIN,0.20977786506291274,1.6,1,2026-09-17T22:42:15.070668,B
2024,15,00-0034521,A.Lazard,WR,NYJ,7.925858859025674,0.0,1,2026-09-17T22:42:15.070668,B
2024,15,00-0034646,B.Powell,WR,MIN,2.4266391138933834,2.2,1,2026-09-17T22:42:15.070668,B
2024,15,00-0034777,D.Chark,WR,LAC,3.3267273448284627,3.6,1,2026-09-17T22:42:15.070668,B
2024,15,00-0034827,D.Moore,WR,CHI,16.910884587853687,15.0,1,2026-09-17T22:42:15.070668,B
2024,15,00-0034837,C.Ridley,WR,TEN,12.798556135414685,9.0,1,2026-09-17T22:42:15.070668,B
2024,15,00-0034854,K.Hodge,WR,ATL,0.8915557835417589,0.0,1,2026-09-17T22:42:15.070668,B
2024,15,00-0034860,D.Pettis,WR,NO,2.9149819928019847,4.4,1,2026-09-17T22:42:15.070668,B
2024,15,00-0034960,J.Meyers,WR,LV,14.513933629001734,10.9,1,2026-09-17T22:42:15.070668,B
2024,15,00-0035208,O.Zaccheaus,WR,WAS,3.9750948633390872,6.6,1,2026-09-17T22:42:15.070668,B
2024,15,00-0035298,S.Miller,WR,PIT,3.5184672975478364,0.0,1,2026-09-17T22:42:15.070668,B
2024,15,00-0035406,L.Humphrey,WR,DEN,3.0556759802898963,0.0,1,2026-09-17T22:42:15.070668,B
2024,15,00-0035500,G.Dortch,WR,ARI,4.6582647310605765,9.6,1,2026-09-17T22:42:15.070668,B
2024,15,00-0035535,D.Slayton,WR,NYG,6.405853686269692,2.6,1,2026-09-17T22:42:15.070668,B
2024,15,00-0035640,D.Metcalf,WR,SEA,12.410956872211468,5.8,1,2026-09-17T22:42:15.070668,B
2024,15,00-0035659,T.McLaurin,WR,WAS,12.278676515347277,26.3,1,2026-09-17T22:42:15.070668,B
2024,15,00-0035676,A.Brown,WR,PHI,16.935726154459342,25.0,1,2026-09-17T22:42:15.070668,B
2024,15,00-0035719,D.Samuel,WR,SF,10.924003067380948,4.9,1,2026-09-17T22:42:15.070668,B
2024,15,00-0036133,J.Proche,WR,CLE,-0.03730631623463321,0.0,1,2026-09-17T22:42:15.070668,B
2024,15,00-0036176,M.Kinsey,WR,TEN,-0.9734002224556102,2.1,1,2026-09-17T22:42:15.070668,B
2024,15,00-0036182,N.Westbrook-Ikhine,WR,TEN,7.302382481630207,2.9,1,2026-09-17T22:42:15.070668,B
2024,15,00-0036252,M.Pittman,WR,IND,13.606910035061283,9.8,1,2026-09-17T22:42:15.070668,B
2024,15,00-0036254,C.Johnson,WR,CHI,-0.6620018970100388,0.0,1,2026-09-17T22:42:15.070668,B
2024,15,00-0036259,J.Jennings,WR,SF,11.846707785792113,5.1,1,2026-09-17T22:42:15.070668,B
2024,15,00-0036268,L.Shenault,WR,LAC,0.4095543285585288,0.0,1,2026-09-17T22:42:15.070668,B
2024,15,00-0036309,D.Mooney,WR,ATL,8.954996023458932,0.0,1,2026-09-17T22:42:15.070668,B
2024,15,00-0036322,J.Jefferson,WR,MIN,17.092330110079285,20.3,1,2026-09-17T22:42:15.070668,B
2024,15,00-0036331,D.Duvernay,WR,JAX,3.689958656252755,7.2,1,2026-09-17T22:42:15.070668,B
2024,15,00-0036358,C.Lamb,WR,DAL,17.50220037785323,26.6,1,2026-09-17T22:42:15.070668,B
2024,15,00-0036407,J.Jeudy,WR,CLE,12.6925544186293,21.8,1,2026-09-17T22:42:15.070668,B
2024,15,00-0036410,T.Higgins,WR,CIN,12.734756514472922,19.8,1,2026-09-17T22:42:15.070668,B
2024,15,00-0036415,V.Jefferson,WR,PIT,5.397932603835595,1.0,1,2026-09-17T22:42:15.070668,B
2024,15,00-0036427,T.Johnson,WR,LA,2.007331470852672,0.0,1,2026-09-17T22:42:15.070668,B
2024,15,00-0036497,T.Jones,WR,JAX,-1.378433815778469,0.0,1,2026-09-17T22:42:15.070668,B
2024,15,00-0036550,R.Bateman,WR,BAL,6.175873228756904,23.0,1,2026-09-17T22:42:15.070668,B
2024,15,00-0036554,N.Collins,WR,HOU,14.99790820684935,17.7,1,2026-09-17T22:42:15.070668,B
2024,15,00-0036613,J.Waddle,WR,MIA,15.301739918505627,0.0,1,2026-09-17T22:42:15.070668,B
2024,15,00-0036626,D.Brown,WR,WAS,4.813141434291348,6.0,1,2026-09-17T22:42:15.070668,B
2024,15,00-0036630,T.Wallace,WR,BAL,4.669976064815167,1.8,1,2026-09-17T22:42:15.070668,B
2024,15,00-0036635,I.Smith-Marsette,WR,NYG,-0.3642275253946048,0.0,1,2026-09-17T22:42:15.070668,B
2024,15,00-0036775,Brandon Smith,WR,NYJ,1.5411219648882506,0.0,1,2026-09-17T22:42:15.070668,B
2024,15,00-0036849,T.Atwell,WR,LA,5.385538694385362,1.6,1,2026-09-17T22:42:15.070668,B
2024,15,00-0036862,B.Skowronek,WR,PIT,-0.01120426314904499,2.7,1,2026-09-17T22:42:15.070668,B
2024,15,00-0036900,J.Chase,WR,CIN,19.55637383155572,18.4,1,2026-09-17T22:42:15.070668,B
2024,15,00-0036912,D.Smith,WR,PHI,13.516060469689549,28.0,1,2026-09-17T22:42:15.070668,B
2024,15,00-0036955,T.Marshall,WR,LV,-0.2099770508010712,1.7,1,2026-09-17T22:42:15.070668,B
2024,15,00-0036963,A.St. Brown,WR,DET,15.426996570383086,37.3,1,2026-09-17T22:42:15.070668,B
2024,15,00-0036980,E.Moore,WR,CLE,9.279615606154456,1.9,1,2026-09-17T22:42:15.070668,B
2024,15,00-0036988,J.Palmer,WR,LAC,9.997685048536923,3.0,1,2026-09-17T22:42:15.070668,B
2024,15,00-0037091,B.Melton,WR,GB,1.8438228186819412,0.0,1,2026-09-17T22:42:15.070668,B
2024,15,00-0037093,D.Young,WR,SEA,0.4403441170974558,0.0,1,2026-09-17T22:42:15.070668,B
2024,15,00-0037231,K.Austin,WR,NO,3.446076033624749,1.8,1,2026-09-17T22:42:15.070668,B
2024,15,00-0037238,D.London,WR,ATL,13.594131063274688,14.3,1,2026-09-17T22:42:15.070668,B
2024,15,00-0037240,J.Williams,WR,DET,10.69485396636312,12.7,1,2026-09-17T22:42:15.070668,B
2024,15,00-0037261,K.Shakir,WR,BUF,11.45282681889785,15.9,1,2026-09-17T22:42:15.070668,B
2024,15,00-0037291,J.Nailor,WR,MIN,3.013021794529103,1.5,1,2026-09-17T22:42:15.070668,B
2024,15,00-0037300,M.Woods,WR,CLE,4.0070887943884035,2.7,1,2026-09-17T22:42:15.070668,B
2024,15,00-0037487,D.Thompkins,WR,CAR,1.5924380074795668,0.0,1,2026-09-17T22:42:15.070668,B
2024,15,00-0037614,J.Metchie,WR,HOU,5.488840984194063,3.7,1,2026-09-17T22:42:15.070668,B
2024,15,00-0037664,A.Pierce,WR,IND,7.112560419264231,0.0,1,2026-09-17T22:42:15.070668,B
2024,15,00-0037666,J.Tolbert,WR,DAL,5.19799682162726,8.1,1,2026-09-17T22:42:15.070668,B
2024,15,00-0037740,G.Wilson,WR,NYJ,13.736668893686346,14.6,1,2026-09-17T22:42:15.070668,B
2024,15,00-0037741,J.Dotson,WR,PHI,5.851547217361498,0.0,1,2026-09-17T22:42:15.070668,B
2024,15,00-0037801,K.Turpin,WR,DAL,4.453407820756125,2.7,1,2026-09-17T22:42:15.070668,B
2024,15,00-0037816,R.Doubs,WR,GB,7.72207298805839,19.0,1,2026-09-17T22:42:15.070668,B
2024,15,00-0037837,C.Austin,WR,PIT,6.1845008560490795,11.5,1,2026-09-17T22:42:15.070668,B
2024,15,00-0038117,W.Robinson,WR,NYG,8.594412087378208,7.8,1,2026-09-17T22:42:15.070668,B
2024,15,00-0038124,C.Watson,WR,GB,10.48372742529449,8.6,1,2026-09-17T22:42:15.070668,B
2024,15,00-0038393,D.Wicks,WR,GB,7.807667568788339,3.4,1,2026-09-17T22:42:15.070668,B
2024,15,00-0038496,X.Gipson,WR,NYJ,0.9176703132968891,0.0,1,2026-09-17T22:42:15.070668,B
2024,15,00-0038507,G.DuBose,WR,MIA,2.2527278146583294,0.8,1,2026-09-17T22:42:15.070668,B
2024,15,00-0038519,N.Remigio,WR,KC,1.564459926236851,0.0,1,2026-09-17T22:42:15.070668,B
2024,15,00-0038543,J.Smith-Njigba,WR,SEA,12.812073004428779,18.3,1,2026-09-17T22:42:15.070668,B
2024,15,00-0038544,Q.Johnston,WR,LAC,8.723413072135259,15.5,1,2026-09-17T22:42:15.070668,B
2024,15,00-0038559,Mi.Wilson,WR,ARI,9.955639247663903,2.9,1,2026-09-17T22:42:15.070668,B
2024,15,00-0038563,T.Tucker,WR,LV,7.832361323579942,3.8,1,2026-09-17T22:42:15.070668,B
2024,15,00-0038573,D.Davis,WR,LAC,4.392515545110866,0.0,1,2026-09-17T22:42:15.070668,B
2024,15,00-0038606,P.Washington,WR,JAX,6.314503846778862,8.4,1,2026-09-17T22:42:15.070668,B
2024,15,00-0038608,K.Boutte,WR,NE,7.953009928367795,3.9,1,2026-09-17T22:42:15.070668,B
2024,15,00-0038618,X.Hutchinson,WR,HOU,1.9727306301798455,2.3,1,2026-09-17T22:42:15.070668,B
2024,15,00-0038619,A.Iosivas,WR,CIN,5.813792684715763,1.5,1,2026-09-17T22:42:15.070668,B
2024,15,00-0038621,D.Douglas,WR,NE,8.87293856764425,10.1,1,2026-09-17T22:42:15.070668,B
2024,15,00-0038640,J.Brooks,WR,DAL,3.0951165646763172,8.7,1,2026-09-17T22:42:15.070668,B
2024,15,00-0038752,J.Bobo,WR,SEA,1.791152235741821,1.8,1,2026-09-17T22:42:15.070668,B
2024,15,00-0038821,R.Jarrett,WR,TB,1.33401283914952,0.0,1,2026-09-17T22:42:15.070668,B
2024,15,00-0038824,R.Miller,WR,TB,0.804983669373768,1.1,1,2026-09-17T22:42:15.070668,B
2024,15,00-0038938,J.Hyatt,WR,NYG,1.2201757078408946,0.0,1,2026-09-17T22:42:15.070668,B
2024,15,00-0038941,T.Scott,WR,CHI,0.19199647910651851,1.5,1,2026-09-17T22:42:15.070668,B
2024,15,00-0038976,M.Mims,WR,DEN,8.212401627036282,6.0,1,2026-09-17T22:42:15.070668,B
2024,15,00-0038977,T.Dell,WR,HOU,11.30907187883664,6.1,1,2026-09-17T22:42:15.070668,B
2024,15,00-0038994,J.Addison,WR,MIN,16.78896583025135,13.3,1,2026-09-17T22:42:15.070668,B
2024,15,00-0038997,J.Downs,WR,IND,10.19895533951857,6.2,1,2026-09-17T22:42:15.070668,B
2024,15,00-0039052,T.Palmer,WR,TB,3.0544756397978823,0.0,1,2026-09-17T22:42:15.070668,B
2024,15,00-0039062,J.Mingo,WR,DAL,3.2944957790387743,0.0,1,2026-09-17T22:42:15.070668,B
2024,15,00-0039064,Z.Flowers,WR,BAL,13.612156092639196,11.3,1,2026-09-17T22:42:15.070668,B
2024,15,00-0039075,P.Nacua,WR,LA,17.680716675115217,17.8,1,2026-09-17T22:42:15.070668,B
2024,15,00-0039146,J.Reed,WR,GB,8.63493345769394,11.1,1,2026-09-17T22:42:15.070668,B
2024,15,00-0039236,J.Wilson,WR,PHI,2.798993189170784,0.0,1,2026-09-17T22:42:15.070668,B
2024,15,00-0039337,M.Nabers,WR,NYG,13.966619567451836,24.2,1,2026-09-17T22:42:15.070668,B
2024,15,00-0039342,X.Legette,WR,CAR,9.781780129774504,2.9,1,2026-09-17T22:42:15.070668,B
2024,15,00-0039355,L.McCaffrey,WR,WAS,2.8591181251114195,1.0,1,2026-09-17T22:42:15.070668,B
2024,15,00-0039365,J.Cowing,WR,SF,2.0313696450343626,0.0,1,2026-09-17T22:42:15.070668,B
2024,15,00-0039379,J.Thrash,WR,CLE,0.7320144689674102,0.0,1,2026-09-17T22:42:15.070668,B
2024,15,00-0039424,D.Vele,WR,DEN,6.81866494963265,0.0,1,2026-09-17T22:42:15.070668,B
2024,15,00-0039491,J.Coker,WR,CAR,7.01745323952068,21.0,1,2026-09-17T22:42:15.070668,B
2024,15,00-0039543,R.Keyton,WR,LV,0.42715546533644755,0.0,1,2026-09-17T22:42:15.070668,B
2024,15,00-0039650,B.Oliver,WR,TEN,0.7451793110367442,1.8,1,2026-09-17T22:42:15.070668,B
2024,15,00-0039751,J.Whittington,WR,LA,0.4022613576232459,0.0,1,2026-09-17T22:42:15.070668,B
2024,15,00-0039792,D.Walker,WR,BAL,2.0107398019062765,9.1,1,2026-09-17T22:42:15.070668,B
2024,15,00-0039810,J.Burton,WR,CIN,1.4111580941646356,0.0,1,2026-09-17T22:42:15.070668,B
2024,15,00-0039816,A.Gould,WR,IND,1.7616221867639394,3.3,1,2026-09-17T22:42:15.070668,B
2024,15,00-0039849,M.Harrison,WR,ARI,14.17006443767241,5.2,1,2026-09-17T22:42:15.070668,B
2024,15,00-0039855,J.McMillan,WR,TB,8.099354902030923,18.5,1,2026-09-17T22:42:15.070668,B
2024,15,00-0039868,T.Franklin,WR,DEN,6.1322737516542105,2.9,1,2026-09-17T22:42:15.070668,B
2024,15,00-0039880,M.Washington,WR,MIA,3.917635423764827,10.2,1,2026-09-17T22:42:15.070668,B
2024,15,00-0039890,A.Mitchell,WR,IND,4.806617023371505,-3.0,1,2026-09-17T22:42:15.070668,B
2024,15,00-0039893,Bri.Thomas,WR,JAX,13.643460173590434,32.5,1,2026-09-17T22:42:15.070668,B
2024,15,00-0039894,X.Worthy,WR,KC,10.223934462542864,19.6,1,2026-09-17T22:42:15.070668,B
2024,15,00-0039901,K.Coleman,WR,BUF,10.647260342428158,7.4,1,2026-09-17T22:42:15.070668,B
2024,15,00-0039907,J.Polk,WR,NE,3.213376620713311,0.0,1,2026-09-17T22:42:15.070668,B
2024,15,00-0039915,L.McConkey,WR,LAC,12.61432383503469,16.8,1,2026-09-17T22:42:15.070668,B
2024,15,00-0039916,R.Pearsall,WR,SF,6.414962257117229,2.6,1,2026-09-17T22:42:15.070668,B
2024,15,00-0039919,R.Odunze,WR,CHI,11.19865842461212,5.9,1,2026-09-17T22:42:15.070668,B
2024,15,00-0024243,M.Lewis,TE,CHI,0.07312136983337947,0.0,1,2026-09-17T22:42:15.070668,B
2024,15,00-0030061,Z.Ertz,TE,WAS,10.180822451154633,4.5,1,2026-09-17T22:42:15.070668,B
2024,15,00-0030506,T.Kelce,TE,KC,13.549353345360988,6.7,1,2026-09-17T22:42:15.070668,B
2024,15,00-0031484,C.Manhertz,TE,NYG,-0.07542780966482265,0.0,1,2026-09-17T22:42:15.070668,B
2024,15,00-0031585,M.Pruitt,TE,PIT,1.55193009492652,0.0,1,2026-09-17T22:42:15.070668,B
2024,15,00-0031690,E.Tomlinson,TE,LAC,0.46750772440597377,0.0,1,2026-09-17T22:42:15.070668,B
2024,15,00-0032134,C.Uzomah,TE,PHI,1.0016514146102975,0.0,1,2026-09-17T22:42:15.070668,B
2024,15,00-0032392,A.Hooper,TE,NE,5.306472563656458,6.8,1,2026-09-17T22:42:15.070668,B
2024,15,00-0032394,N.Vannett,TE,TEN,1.104584846915286,1.7,1,2026-09-17T22:42:15.070668,B
2024,15,00-0033090,H.Henry,TE,NE,11.620719531254625,6.5,1,2026-09-17T22:42:15.070668,B
2024,15,00-0033217,M.Alie-Cox,TE,IND,3.670109444768788,0.0,1,2026-09-17T22:42:15.070668,B
2024,15,00-0033246,J.Mundt,TE,MIN,0.5401290072170974,0.0,1,2026-09-17T22:42:15.070668,B
2024,15,00-0033288,G.Kittle,TE,SF,12.431993737346458,10.1,1,2026-09-17T22:42:15.070668,B
2024,15,00-0033439,P.Brown,TE,SEA,2.095361662781461,0.0,1,2026-09-17T22:42:15.070668,B
2024,15,00-0033455,A.Firkser,TE,KC,-0.26260940554778767,0.0,1,2026-09-17T22:42:15.070668,B
2024,15,00-0033576,E.Saubert,TE,SF,1.209319220464438,0.0,1,2026-09-17T22:42:15.070668,B
2024,15,00-0033858,J.Smith,TE,MIA,10.755455697239377,19.8,1,2026-09-17T22:42:15.070668,B
2024,15,00-0033895,G.Everett,TE,CHI,2.7106154272763496,0.0,1,2026-09-17T22:42:15.070668,B
2024,15,00-0034073,R.Dwelley,TE,ATL,0.33240046695827097,0.0,1,2026-09-17T22:42:15.070668,B
2024,15,00-0034364,J.Akins,TE,CLE,1.2459730677591034,6.0,1,2026-09-17T22:42:15.070668,B
2024,15,00-0034383,D.Schultz,TE,HOU,9.452069882381885,3.3,1,2026-09-17T22:42:15.070668,B
2024,15,00-0034613,T.Hudson,TE,CIN,3.555024257925176,1.9,1,2026-09-17T22:42:15.070668,B
2024,15,00-0034753,M.Andrews,TE,BAL,10.71251050229262,10.4,1,2026-09-17T22:42:15.070668,B
2024,15,00-0034798,D.Smythe,TE,MIA,1.458960088281497,1.8,1,2026-09-17T22:42:15.070668,B
2024,15,00-0034829,M.Gesicki,TE,CIN,4.901337411476097,6.7,1,2026-09-17T22:42:15.070668,B
2024,15,00-0034970,I.Smith,TE,HOU,2.750088403431435,0.0,1,2026-09-17T22:42:15.070668,B
2024,15,00-0034981,F.Moreau,TE,NO,6.070005842518258,13.9,1,2026-09-17T22:42:15.070668,B
2024,15,00-0035229,T.Hockenson,TE,MIN,12.37098221523858,10.2,1,2026-09-17T22:42:15.070668,B
2024,15,00-0035249,J.Oliver,TE,MIN,4.697148619638166,0.0,1,2026-09-17T22:42:15.070668,B
2024,15,00-0035631,D.Sample,TE,CIN,4.166361892883489,1.8,1,2026-09-17T22:42:15.070668,B
2024,15,00-0035644,N.Fant,TE,SEA,7.340190393753956,4.5,1,2026-09-17T22:42:15.070668,B
2024,15,00-0035689,D.Knox,TE,BUF,6.1320241852850295,6.2,1,2026-09-17T22:42:15.070668,B
2024,15,00-0036040,J.Johnson,TE,NO,7.243511541790717,3.2,1,2026-09-17T22:42:15.070668,B
2024,15,00-0036232,H.Bryant,TE,LV,1.064775307552691,0.0,1,2026-09-17T22:42:15.070668,B
2024,15,00-0036244,C.Parkinson,TE,LA,3.5940251730643986,4.1,1,2026-09-17T22:42:15.070668,B
2024,15,00-0036290,C.Kmet,TE,CHI,8.482482021389606,2.4,1,2026-09-17T22:42:15.070668,B
2024,15,00-0036332,J.Deguara,TE,JAX,-0.8285747820972258,0.0,1,2026-09-17T22:42:15.070668,B
2024,15,00-0036422,A.Trautman,TE,DEN,3.994609268449449,10.0,1,2026-09-17T22:42:15.070668,B
2024,15,00-0036429,C.Woerner,TE,ATL,1.3514992889019948,2.7,1,2026-09-17T22:42:15.070668,B
2024,15,00-0036510,K.Yeboah,TE,NYJ,0.4687522664461081,0.0,1,2026-09-17T22:42:15.070668,B
2024,15,00-0036534,S.Zylstra,TE,DET,1.4309369724361196,0.0,1,2026-09-17T22:42:15.070668,B
2024,15,00-0036590,Q.Morris,TE,BUF,2.184675633451365,0.0,1,2026-09-17T22:42:15.070668,B
2024,15,00-0036628,J.Bates,TE,WAS,2.4022894744829077,1.6,1,2026-09-17T22:42:15.070668,B
2024,15,00-0036637,N.Gray,TE,KC,5.8754536734052385,10.1,1,2026-09-17T22:42:15.070668,B
2024,15,00-0036754,B.Wright,TE,DET,3.3737280397746154,0.0,1,2026-09-17T22:42:15.070668,B
2024,15,00-0036825,F.Franks,TE,CAR,-0.3298675511140621,0.0,1,2026-09-17T22:42:15.070668,B
2024,15,00-0036876,K.Granson,TE,IND,4.444396954217441,7.7,1,2026-09-17T22:42:15.070668,B
2024,15,00-0036887,L.Farrell,TE,JAX,0.9272195644669639,0.0,1,2026-09-17T22:42:15.070668,B
2024,15,00-0036894,P.Freiermuth,TE,PIT,8.899491559474601,11.2,1,2026-09-17T22:42:15.070668,B
2024,15,00-0036970,K.Pitts,TE,ATL,7.598979406718515,6.8,1,2026-09-17T22:42:15.070668,B
2024,15,00-0037004,H.Long,TE,LA,0.8721441791447626,3.7,1,2026-09-17T22:42:15.070668,B
2024,15,00-0037005,T.Tremble,TE,CAR,5.242066338096211,3.5,1,2026-09-17T22:42:15.070668,B
2024,15,00-0037086,G.Calcaterra,TE,PHI,4.2789481291020355,3.2,1,2026-09-17T22:42:15.070668,B
2024,15,00-0037252,G.Dulcich,TE,NYG,0.28734933191520096,0.0,1,2026-09-17T22:42:15.070668,B
2024,15,00-0037292,A.Ogletree,TE,IND,2.8229107591249534,0.0,1,2026-09-17T22:42:15.070668,B
2024,15,00-0037306,J.FitzPatrick,TE,GB,0.07197068437950538,0.0,1,2026-09-17T22:42:15.070668,B
2024,15,00-0037311,K.Kieft,TE,TB,-0.5543602292206558,0.0,1,2026-09-17T22:42:15.070668,B
2024,15,00-0037475,S.Smartt,TE,LAC,3.046217203180289,8.0,1,2026-09-17T22:42:15.070668,B
2024,15,00-0037539,L.Krull,TE,DEN,3.151955369342964,2.8,1,2026-09-17T22:42:15.070668,B
2024,15,00-0037654,T.Fisk,TE,LAC,0.8926788281821523,1.7,1,2026-09-17T22:42:15.070668,B
2024,15,00-0037744,T.McBride,TE,ARI,16.53892588484594,17.7,1,2026-09-17T22:42:15.070668,B
2024,15,00-0037805,J.Ruckert,TE,NYJ,1.3618445918092088,2.2,1,2026-09-17T22:42:15.070668,B
2024,15,00-0037809,C.Okonkwo,TE,TEN,6.547415373352777,13.9,1,2026-09-17T22:42:15.070668,B
2024,15,00-0037838,I.Likely,TE,BAL,6.470908967606107,3.7,1,2026-09-17T22:42:15.070668,B
2024,15,00-0038041,J.Ferguson,TE,DAL,8.440691531883889,4.3,1,2026-09-17T22:42:15.070668,B
2024,15,00-0038115,D.Bellinger,TE,NYG,4.451901411227092,6.5,1,2026-09-17T22:42:15.070668,B
2024,15,00-0038129,C.Otton,TE,TB,8.600400387967781,4.4,1,2026-09-17T22:42:15.070668,B
2024,15,00-0038394,W.Mallory,TE,IND,1.2666567522053223,0.0,1,2026-09-17T22:42:15.070668,B
2024,15,00-0038406,Zack Kuntz,TE,NYJ,-0.24430088137512218,0.0,1,2026-09-17T22:42:15.070668,B
2024,15,00-0038498,E.Jenkins,TE,PHI,0.3001523452913766,0.0,1,2026-09-17T22:42:15.070668,B
2024,15,00-0038547,L.Schoonmaker,TE,DAL,5.3990766887796955,0.0,1,2026-09-17T22:42:15.070668,B
2024,15,00-0038558,D.Washington,TE,PIT,3.2509420543888634,0.0,1,2026-09-17T22:42:15.070668,B
2024,15,00-0038589,J.Whyle,TE,TEN,1.7690226052193485,14.7,1,2026-09-17T22:42:15.070668,B
2024,15,00-0038710,B.Whiteheart,TE,CLE,0.9245928316276366,0.0,1,2026-09-17T22:42:15.070668,B
2024,15,00-0038720,J.Hill,TE,MIA,1.0933950456231876,0.0,1,2026-09-17T22:42:15.070668,B
2024,15,00-0038735,Princeton Fant,TE,DAL,0.3533994289843658,0.0,1,2026-09-17T22:42:15.070668,B
2024,15,00-0038783,N.Adkins,TE,DEN,2.583046777863741,8.5,1,2026-09-17T22:42:15.070668,B
2024,15,00-0038809,B.Sims,TE,GB,1.0523481349617598,0.0,1,2026-09-17T22:42:15.070668,B
2024,15,00-0038933,D.Kincaid,TE,BUF,8.160795101768517,9.3,1,2026-09-17T22:42:15.070668,B
2024,15,00-0038935,B.Strange,TE,JAX,1.7821824130301547,18.3,1,2026-09-17T22:42:15.070668,B
2024,15,00-0038996,T.Kraft,TE,GB,8.637251760560538,5.4,1,2026-09-17T22:42:15.070668,B
2024,15,00-0039041,E.Higgins,TE,ARI,1.6556375035087614,1.5,1,2026-09-17T22:42:15.070668,B
2024,15,00-0039050,P.Durham,TE,TB,1.6048524302424654,0.0,1,2026-09-17T22:42:15.070668,B
2024,15,00-0039065,S.LaPorta,TE,DET,12.094686926805391,18.1,1,2026-09-17T22:42:15.070668,B
2024,15,00-0039066,M.Mayer,TE,LV,6.454682938212292,2.1,1,2026-09-17T22:42:15.070668,B
2024,15,00-0039074,D.Allen,TE,LA,1.4715561009506501,0.0,1,2026-09-17T22:42:15.070668,B
2024,15,00-0039338,B.Bowers,TE,LV,12.846088615373194,6.5,1,2026-09-17T22:42:15.070668,B
2024,15,00-0039356,J.Sanders,TE,CAR,4.769378634672162,0.0,1,2026-09-17T22:42:15.070668,B
2024,15,00-0039420,J.Bell,TE,NE,-0.4082893290332361,0.0,1,2026-09-17T22:42:15.070668,B
2024,15,00-0039530,B.Spann-Ford,TE,DAL,1.5088785239449738,1.2,1,2026-09-17T22:42:15.070668,B
2024,15,00-0039613,D.Holker,TE,NO,0.9061870431237757,0.0,1,2026-09-17T22:42:15.070668,B
2024,15,00-0039631,C.Grandy,TE,CIN,0.6282394837150456,3.2,1,2026-09-17T22:42:15.070668,B
2024,15,00-0039648,D.Martin-Robinson,TE,TEN,0.2507560399408071,0.0,1,2026-09-17T22:42:15.070668,B
2024,15,00-0039737,T.Reiman,TE,ARI,1.6753637280246068,2.8,1,2026-09-17T22:42:15.070668,B
2024,15,00-0039793,A.Barner,TE,SEA,3.030237118303062,1.5,1,2026-09-17T22:42:15.070668,B
2024,15,00-0039912,B.Sinnott,TE,WAS,1.811437061996644,1.7,1,2026-09-17T22:42:15.070668,B
2024,16,00-0030578,C.Patterson,RB,PIT,3.502068977504929,8.2,1,2026-09-17T22:42:15.070668,B
2024,16,00-0031687,R.Mostert,RB,MIA,8.122201186939606,6.6,1,2026-09-17T22:42:15.070668,B
2024,16,00-0032104,A.Abdullah,RB,LV,6.916022828306124,19.5,1,2026-09-17T22:42:15.070668,B
2024,16,00-0032764,D.Henry,RB,BAL,12.502891677620156,20.9,1,2026-09-17T22:42:15.070668,B
2024,16,00-0033045,E.Elliott,RB,DAL,4.399738756658325,6.1,1,2026-09-17T22:42:15.070668,B
2024,16,00-0033293,A.Jones,RB,MIN,13.088167525124035,12.3,1,2026-09-17T22:42:15.070668,B
2024,16,00-0033526,S.Perine,RB,KC,3.543211324819369,8.0,1,2026-09-17T22:42:15.070668,B
2024,16,00-0033553,J.Conner,RB,ARI,16.70851598919669,26.6,1,2026-09-17T22:42:15.070668,B
2024,16,00-0033854,D.Ogunbowale,RB,HOU,-1.0954521062344522,0.0,1,2026-09-17T22:42:15.070668,B
2024,16,00-0033897,J.Mixon,RB,HOU,16.336346428760287,8.1,1,2026-09-17T22:42:15.070668,B
2024,16,00-0033923,K.Hunt,RB,KC,8.002306932192615,15.9,1,2026-09-17T22:42:15.070668,B
2024,16,00-0033925,D.Foreman,RB,CLE,3.410532217852481,-1.9,1,2026-09-17T22:42:15.070668,B
2024,16,00-0033948,J.Williams,RB,NO,1.9984941485417913,0.8,1,2026-09-17T22:42:15.070668,B
2024,16,00-0033955,J.McNichols,RB,WAS,3.7358470086970357,7.8,1,2026-09-17T22:42:15.070668,B
2024,16,00-0034115,J.Wilson,RB,MIA,1.6790710717833104,1.2,1,2026-09-17T22:42:15.070668,B
2024,16,00-0034184,G.Edwards,RB,LAC,8.735912316502786,20.1,1,2026-09-17T22:42:15.070668,B
2024,16,00-0034208,M.Boone,RB,CAR,0.3938966746108008,0.1,1,2026-09-17T22:42:15.070668,B
2024,16,00-0034844,S.Barkley,RB,PHI,16.348984131312054,27.0,1,2026-09-17T22:42:15.070668,B
2024,16,00-0034972,A.Mattison,RB,LV,7.785950356486569,15.6,1,2026-09-17T22:42:15.070668,B
2024,16,00-0034975,J.Hill,RB,BAL,9.404250235386383,3.0,1,2026-09-17T22:42:15.070668,B
2024,16,00-0035250,D.Singletary,RB,NYG,7.379678599408264,1.2,1,2026-09-17T22:42:15.070668,B
2024,16,00-0035261,T.Pollard,RB,TEN,10.794817108660213,8.0,1,2026-09-17T22:42:15.070668,B
2024,16,00-0035537,T.Johnson,RB,BUF,7.684459536690748,3.0,1,2026-09-17T22:42:15.070668,B
2024,16,00-0035567,C.Reynolds,RB,DET,1.4720082643476156,3.3,1,2026-09-17T22:42:15.070668,B
2024,16,00-0035628,D.Johnson,RB,JAX,2.2608184488331453,1.8,1,2026-09-17T22:42:15.070668,B
2024,16,00-0035700,J.Jacobs,RB,GB,17.79577540452555,20.7,1,2026-09-17T22:42:15.070668,B
2024,16,00-0035973,P.Taylor,RB,SF,3.132527904078679,3.5,1,2026-09-17T22:42:15.070668,B
2024,16,00-0036139,R.Dowdle,RB,DAL,12.598462078287064,8.1,1,2026-09-17T22:42:15.070668,B
2024,16,00-0036223,J.Taylor,RB,IND,13.615915802328665,39.8,1,2026-09-17T22:42:15.070668,B
2024,16,00-0036275,D.Swift,RB,CHI,12.502570154304454,8.3,1,2026-09-17T22:42:15.070668,B
2024,16,00-0036328,A.Gibson,RB,NE,8.21413089357892,5.6,1,2026-09-17T22:42:15.070668,B
2024,16,00-0036414,C.Akers,RB,MIN,6.083610060089843,0.3,1,2026-09-17T22:42:15.070668,B
2024,16,00-0036425,D.Dallas,RB,ARI,3.5476990499670995,7.1,1,2026-09-17T22:42:15.070668,B
2024,16,00-0036555,C.Hubbard,RB,CAR,13.707289301335159,32.5,1,2026-09-17T22:42:15.070668,B
2024,16,00-0036670,J.Jefferson,RB,DET,3.9234805888773163,3.3,1,2026-09-17T22:42:15.070668,B
2024,16,00-0036875,R.Stevenson,RB,NE,12.588207983506646,12.3,1,2026-09-17T22:42:15.070668,B
2024,16,00-0036893,N.Harris,RB,PIT,11.246250374874855,4.2,1,2026-09-17T22:42:15.070668,B
2024,16,00-0036906,K.Herbert,RB,CIN,3.4840335010987022,0.0,1,2026-09-17T22:42:15.070668,B
2024,16,00-0036919,K.Gainwell,RB,PHI,6.354523812496935,2.3,1,2026-09-17T22:42:15.070668,B
2024,16,00-0036924,M.Carter,RB,ARI,3.3385172496698727,9.8,1,2026-09-17T22:42:15.070668,B
2024,16,00-0036950,A.Williams,RB,ATL,2.735557695936322,0.0,1,2026-09-17T22:42:15.070668,B
2024,16,00-0036973,T.Etienne,RB,JAX,12.796185251464163,5.7,1,2026-09-17T22:42:15.070668,B
2024,16,00-0036984,T.Sermon,RB,IND,3.1062453371969365,2.5,1,2026-09-17T22:42:15.070668,B
2024,16,00-0036997,J.Williams,RB,DEN,9.644243879827064,12.3,1,2026-09-17T22:42:15.070668,B
2024,16,00-0037120,T.Goodson,RB,IND,2.727220671128644,2.2,1,2026-09-17T22:42:15.070668,B
2024,16,00-0037197,I.Pacheco,RB,KC,10.594175800820398,3.5,1,2026-09-17T22:42:15.070668,B
2024,16,00-0037228,J.Warren,RB,PIT,8.649045581679376,14.2,1,2026-09-17T22:42:15.070668,B
2024,16,00-0037248,J.Cook,RB,BUF,14.954110411691737,27.6,1,2026-09-17T22:42:15.070668,B
2024,16,00-0037256,R.White,RB,TB,12.631502331147825,11.0,1,2026-09-17T22:42:15.070668,B
2024,16,00-0037258,D.Pierce,RB,HOU,2.767317185048891,0.4,1,2026-09-17T22:42:15.070668,B
2024,16,00-0037263,T.Allgeier,RB,ATL,7.95390738259374,4.1,1,2026-09-17T22:42:15.070668,B
2024,16,00-0037267,J.Ford,RB,CLE,9.265799884515486,24.1,1,2026-09-17T22:42:15.070668,B
2024,16,00-0037304,C.Heyward,RB,PIT,-0.05472966570431481,1.3,1,2026-09-17T22:42:15.070668,B
2024,16,00-0037429,R.Blackshear,RB,CAR,1.1637699487311481,1.3,1,2026-09-17T22:42:15.070668,B
2024,16,00-0037617,H.Haskins,RB,LAC,1.6893580470011536,11.9,1,2026-09-17T22:42:15.070668,B
2024,16,00-0037746,Br.Robinson,RB,WAS,12.409687333769082,2.1,1,2026-09-17T22:42:15.070668,B
2024,16,00-0037840,K.Williams,RB,LA,16.5113404649614,19.9,1,2026-09-17T22:42:15.070668,B
2024,16,00-0038098,P.Strong,RB,CLE,1.994901363004514,2.9,1,2026-09-17T22:42:15.070668,B
2024,16,00-0038120,B.Hall,RB,NYJ,13.741671030858184,14.0,1,2026-09-17T22:42:15.070668,B
2024,16,00-0038134,K.Walker,RB,SEA,13.07205115474181,13.9,1,2026-09-17T22:42:15.070668,B
2024,16,00-0038396,E.Gray,RB,NYG,1.6601031407660516,1.2,1,2026-09-17T22:42:15.070668,B
2024,16,00-0038542,Bi.Robinson,RB,ATL,17.304092637561034,24.3,1,2026-09-17T22:42:15.070668,B
2024,16,00-0038551,K.Miller,RB,NO,6.2728436910047956,5.1,1,2026-09-17T22:42:15.070668,B
2024,16,00-0038555,T.Bigsby,RB,JAX,7.4531461544854425,10.1,1,2026-09-17T22:42:15.070668,B
2024,16,00-0038597,C.Brown,RB,CIN,16.075488339847624,13.9,1,2026-09-17T22:42:15.070668,B
2024,16,00-0038611,C.Rodriguez,RB,WAS,2.854240842284912,0.5,1,2026-09-17T22:42:15.070668,B
2024,16,00-0038636,K.McIntosh,RB,SEA,3.148664617259329,3.9,1,2026-09-17T22:42:15.070668,B
2024,16,00-0038678,J.Mims,RB,NO,1.8694819742071207,8.2,1,2026-09-17T22:42:15.070668,B
2024,16,00-0038685,C.Brooks,RB,GB,4.6008320553312645,9.5,1,2026-09-17T22:42:15.070668,B
2024,16,00-0038797,E.Wilson,RB,GB,3.990866064176032,12.6,1,2026-09-17T22:42:15.070668,B
2024,16,00-0039021,R.Johnson,RB,CHI,3.4548216655893906,0.3,1,2026-09-17T22:42:15.070668,B
2024,16,00-0039032,T.Spears,RB,TEN,8.025623602625503,21.6,1,2026-09-17T22:42:15.070668,B
2024,16,00-0039040,D.Achane,RB,MIA,14.805033052086877,31.0,1,2026-09-17T22:42:15.070668,B
2024,16,00-0039139,J.Gibbs,RB,DET,14.835482089481673,25.4,1,2026-09-17T22:42:15.070668,B
2024,16,00-0039165,Z.Charbonnet,RB,SEA,14.657406429232449,3.3,1,2026-09-17T22:42:15.070668,B
2024,16,00-0039325,C.Steele,RB,KC,2.5241758788526214,0.0,1,2026-09-17T22:42:15.070668,B
2024,16,00-0039361,B.Irving,RB,TB,11.473569578527654,18.2,1,2026-09-17T22:42:15.070668,B
2024,16,00-0039364,S.Vaki,RB,DET,2.3913629073085723,4.0,1,2026-09-17T22:42:15.070668,B
2024,16,00-0039373,A.Estime,RB,DEN,3.087466715320435,10.8,1,2026-09-17T22:42:15.070668,B
2024,16,00-0039384,T.Tracy,RB,NYG,11.230140554006018,16.9,1,2026-09-17T22:42:15.070668,B
2024,16,00-0039391,K.Vidal,RB,LAC,7.928491602120898,2.4,1,2026-09-17T22:42:15.070668,B
2024,16,00-0039573,B.Watson,RB,DEN,-0.7305246457832286,3.3,1,2026-09-17T22:42:15.070668,B
2024,16,00-0039738,B.Corum,RB,LA,6.90956671169284,1.4,1,2026-09-17T22:42:15.070668,B
2024,16,00-0039794,B.Allen,RB,NYJ,5.20120486089286,2.0,1,2026-09-17T22:42:15.070668,B
2024,16,00-0039796,R.Ali,RB,BAL,6.730473010931705,0.2,1,2026-09-17T22:42:15.070668,B
2024,16,00-0039798,I.Davis,RB,NYJ,8.558744574028287,1.2,1,2026-09-17T22:42:15.070668,B
2024,16,00-0039875,R.Davis,RB,BUF,7.805173850090538,3.9,1,2026-09-17T22:42:15.070668,B
2024,16,00-0030035,A.Thielen,WR,CAR,13.695896823420775,15.3,1,2026-09-17T22:42:15.070668,B
2024,16,00-0030279,K.Allen,WR,CHI,14.367196674852877,29.1,1,2026-09-17T22:42:15.070668,B
2024,16,00-0030431,R.Woods,WR,HOU,4.611444789085617,4.9,1,2026-09-17T22:42:15.070668,B
2024,16,00-0030564,D.Hopkins,WR,KC,10.791126380630995,7.7,1,2026-09-17T22:42:15.070668,B
2024,16,00-0031236,B.Cooks,WR,DAL,8.610183699070058,7.8,1,2026-09-17T22:42:15.070668,B
2024,16,00-0031381,D.Adams,WR,NYJ,17.65846483800222,19.8,1,2026-09-17T22:42:15.070668,B
2024,16,00-0031408,M.Evans,WR,TB,17.942880175386218,11.9,1,2026-09-17T22:42:15.070668,B
2024,16,00-0031428,A.Robinson,WR,DET,-0.15675321688975075,0.0,1,2026-09-17T22:42:15.070668,B
2024,16,00-0031544,A.Cooper,WR,BUF,10.578028317189775,2.0,1,2026-09-17T22:42:15.070668,B
2024,16,00-0031941,J.Crowder,WR,WAS,2.634289523121268,15.5,1,2026-09-17T22:42:15.070668,B
2024,16,00-0032128,C.Conley,WR,SF,-0.3935998410453214,0.0,1,2026-09-17T22:42:15.070668,B
2024,16,00-0032211,T.Lockett,WR,SEA,7.745193463989759,3.9,1,2026-09-17T22:42:15.070668,B
2024,16,00-0032385,S.Shepard,WR,TB,5.812744731469346,4.4,1,2026-09-17T22:42:15.070668,B
2024,16,00-0032775,D.Robinson,WR,LA,4.3581722609344755,0.0,1,2026-09-17T22:42:15.070668,B
2024,16,00-0033009,T.Boyd,WR,TEN,7.633264640384321,4.0,1,2026-09-17T22:42:15.070668,B
2024,16,00-0033040,T.Hill,WR,MIA,15.75942939394745,11.9,1,2026-09-17T22:42:15.070668,B
2024,16,00-0033307,K.Bourne,WR,NE,7.973002913922584,3.8,1,2026-09-17T22:42:15.070668,B
2024,16,00-0033375,T.Patrick,WR,DET,8.617386166192421,0.0,1,2026-09-17T22:42:15.070668,B
2024,16,00-0033536,M.Williams,WR,PIT,7.094529475418831,5.4,1,2026-09-17T22:42:15.070668,B
2024,16,00-0033555,M.Hollins,WR,BUF,6.406423302749722,4.5,1,2026-09-17T22:42:15.070668,B
2024,16,00-0033589,D.Moore,WR,CAR,5.69648659050156,11.9,1,2026-09-17T22:42:15.070668,B
2024,16,00-0033857,J.Smith-Schuster,WR,KC,4.377077217002832,0.0,1,2026-09-17T22:42:15.070668,B
2024,16,00-0033891,Z.Jones,WR,ARI,3.9883812114554154,0.0,1,2026-09-17T22:42:15.070668,B
2024,16,00-0033908,C.Kupp,WR,LA,10.271583155424509,5.4,1,2026-09-17T22:42:15.070668,B
2024,16,00-0033943,J.Reynolds,WR,JAX,4.64223059294056,0.0,1,2026-09-17T22:42:15.070668,B
2024,16,00-0034054,R.Cracraft,WR,MIA,0.6292055738837803,1.6,1,2026-09-17T22:42:15.070668,B
2024,16,00-0034348,C.Sutton,WR,DEN,14.748439665834594,10.0,1,2026-09-17T22:42:15.070668,B
2024,16,00-0034353,A.Miller,WR,BAL,2.4798006874589156,0.0,1,2026-09-17T22:42:15.070668,B
2024,16,00-0034386,J.Watson,WR,KC,3.517336916343611,0.0,1,2026-09-17T22:42:15.070668,B
2024,16,00-0034407,R.McCloud,WR,ATL,8.31262996438973,5.7,1,2026-09-17T22:42:15.070668,B
2024,16,00-0034418,C.Wilson,WR,NO,4.286079471107691,2.3,1,2026-09-17T22:42:15.070668,B
2024,16,00-0034487,T.Sherfield,WR,MIN,-0.42558343130552867,0.0,1,2026-09-17T22:42:15.070668,B
2024,16,00-0034521,A.Lazard,WR,NYJ,6.918348817643716,4.0,1,2026-09-17T22:42:15.070668,B
2024,16,00-0034646,B.Powell,WR,MIN,1.7894481726698581,0.0,1,2026-09-17T22:42:15.070668,B
2024,16,00-0034777,D.Chark,WR,LAC,3.508216930276282,0.0,1,2026-09-17T22:42:15.070668,B
2024,16,00-0034827,D.Moore,WR,CHI,16.14270763250098,14.0,1,2026-09-17T22:42:15.070668,B
2024,16,00-0034837,C.Ridley,WR,TEN,12.430705235439838,16.8,1,2026-09-17T22:42:15.070668,B
2024,16,00-0034860,D.Pettis,WR,NO,3.3590455266573276,5.1,1,2026-09-17T22:42:15.070668,B
2024,16,00-0034960,J.Meyers,WR,LV,13.490891806522466,6.1,1,2026-09-17T22:42:15.070668,B
2024,16,00-0035021,A.Dulin,WR,IND,1.0142484328025336,0.0,1,2026-09-17T22:42:15.070668,B
2024,16,00-0035208,O.Zaccheaus,WR,WAS,3.6920196264771894,24.0,1,2026-09-17T22:42:15.070668,B
2024,16,00-0035298,S.Miller,WR,PIT,2.140105708155792,0.0,1,2026-09-17T22:42:15.070668,B
2024,16,00-0035406,L.Humphrey,WR,DEN,1.2780784696123835,0.0,1,2026-09-17T22:42:15.070668,B
2024,16,00-0035500,G.Dortch,WR,ARI,4.8710996744496375,3.7,1,2026-09-17T22:42:15.070668,B
2024,16,00-0035535,D.Slayton,WR,NYG,6.947215896039207,3.7,1,2026-09-17T22:42:15.070668,B
2024,16,00-0035544,T.Kennedy,WR,DET,-0.34593662719079976,0.0,1,2026-09-17T22:42:15.070668,B
2024,16,00-0035640,D.Metcalf,WR,SEA,11.941068607463919,14.7,1,2026-09-17T22:42:15.070668,B
2024,16,00-0035659,T.McLaurin,WR,WAS,14.458730339934291,17.0,1,2026-09-17T22:42:15.070668,B
2024,16,00-0035662,M.Brown,WR,KC,6.110270292043217,9.5,1,2026-09-17T22:42:15.070668,B
2024,16,00-0035676,A.Brown,WR,PHI,16.53613002580708,23.7,1,2026-09-17T22:42:15.070668,B
2024,16,00-0035719,D.Samuel,WR,SF,10.996318196455004,25.1,1,2026-09-17T22:42:15.070668,B
2024,16,00-0035976,D.Chisena,WR,CAR,-0.5597075699701763,3.3,1,2026-09-17T22:42:15.070668,B
2024,16,00-0036176,M.Kinsey,WR,TEN,0.18935114916786588,1.6,1,2026-09-17T22:42:15.070668,B
2024,16,00-0036182,N.Westbrook-Ikhine,WR,TEN,7.606987380054076,9.7,1,2026-09-17T22:42:15.070668,B
2024,16,00-0036252,M.Pittman,WR,IND,13.636058630919715,3.9,1,2026-09-17T22:42:15.070668,B
2024,16,00-0036254,C.Johnson,WR,CHI,-1.4064580448410107,0.0,1,2026-09-17T22:42:15.070668,B
2024,16,00-0036259,J.Jennings,WR,SF,11.402146513407727,9.1,1,2026-09-17T22:42:15.070668,B
2024,16,00-0036309,D.Mooney,WR,ATL,8.82063003492147,13.2,1,2026-09-17T22:42:15.070668,B
2024,16,00-0036322,J.Jefferson,WR,MIN,17.9237957412078,36.4,1,2026-09-17T22:42:15.070668,B
2024,16,00-0036331,D.Duvernay,WR,JAX,5.360792977524065,1.3,1,2026-09-17T22:42:15.070668,B
2024,16,00-0036358,C.Lamb,WR,DAL,17.16679714180539,17.5,1,2026-09-17T22:42:15.070668,B
2024,16,00-0036407,J.Jeudy,WR,CLE,15.255571036448824,4.0,1,2026-09-17T22:42:15.070668,B
2024,16,00-0036410,T.Higgins,WR,CIN,13.091110833535659,19.8,1,2026-09-17T22:42:15.070668,B
2024,16,00-0036415,V.Jefferson,WR,PIT,5.417442258654319,4.7,1,2026-09-17T22:42:15.070668,B
2024,16,00-0036463,C.Blair,WR,ATL,1.7169123761492955,2.7,1,2026-09-17T22:42:15.070668,B
2024,16,00-0036497,T.Jones,WR,JAX,-0.6492821233719708,0.0,1,2026-09-17T22:42:15.070668,B
2024,16,00-0036550,R.Bateman,WR,BAL,7.476794698830251,8.4,1,2026-09-17T22:42:15.070668,B
2024,16,00-0036554,N.Collins,WR,HOU,14.768810564429433,13.0,1,2026-09-17T22:42:15.070668,B
2024,16,00-0036626,D.Brown,WR,WAS,5.038840460024865,7.6,1,2026-09-17T22:42:15.070668,B
2024,16,00-0036630,T.Wallace,WR,BAL,3.1367160930497127,0.0,1,2026-09-17T22:42:15.070668,B
2024,16,00-0036635,I.Smith-Marsette,WR,NYG,0.7444522659719084,0.0,1,2026-09-17T22:42:15.070668,B
2024,16,00-0036849,T.Atwell,WR,LA,4.060188947746177,2.2,1,2026-09-17T22:42:15.070668,B
2024,16,00-0036862,B.Skowronek,WR,PIT,-0.07384755689145006,4.5,1,2026-09-17T22:42:15.070668,B
2024,16,00-0036900,J.Chase,WR,CIN,21.246732552732432,22.4,1,2026-09-17T22:42:15.070668,B
2024,16,00-0036912,D.Smith,WR,PHI,16.66793658533855,11.1,1,2026-09-17T22:42:15.070668,B
2024,16,00-0036955,T.Marshall,WR,LV,1.480629719581577,0.0,1,2026-09-17T22:42:15.070668,B
2024,16,00-0036963,A.St. Brown,WR,DET,17.29242043501711,19.0,1,2026-09-17T22:42:15.070668,B
2024,16,00-0036980,E.Moore,WR,CLE,9.892406471757843,4.1,1,2026-09-17T22:42:15.070668,B
2024,16,00-0036988,J.Palmer,WR,LAC,8.32852294063657,9.1,1,2026-09-17T22:42:15.070668,B
2024,16,00-0037091,B.Melton,WR,GB,1.966407834455743,1.4,1,2026-09-17T22:42:15.070668,B
2024,16,00-0037231,K.Austin,WR,NO,3.487749703298734,2.7,1,2026-09-17T22:42:15.070668,B
2024,16,00-0037238,D.London,WR,ATL,14.290038864276458,10.9,1,2026-09-17T22:42:15.070668,B
2024,16,00-0037240,J.Williams,WR,DET,9.443757821434971,26.0,1,2026-09-17T22:42:15.070668,B
2024,16,00-0037261,K.Shakir,WR,BUF,10.903095907030078,4.2,1,2026-09-17T22:42:15.070668,B
2024,16,00-0037291,J.Nailor,WR,MIN,2.2709970482609103,1.5,1,2026-09-17T22:42:15.070668,B
2024,16,00-0037300,M.Woods,WR,CLE,5.505512176227918,0.0,1,2026-09-17T22:42:15.070668,B
2024,16,00-0037487,D.Thompkins,WR,CAR,0.1996259836881551,0.9,1,2026-09-17T22:42:15.070668,B
2024,16,00-0037666,J.Tolbert,WR,DAL,4.256517094467131,10.0,1,2026-09-17T22:42:15.070668,B
2024,16,00-0037740,G.Wilson,WR,NYJ,13.121767898270239,11.4,1,2026-09-17T22:42:15.070668,B
2024,16,00-0037741,J.Dotson,WR,PHI,5.213627255209353,0.0,1,2026-09-17T22:42:15.070668,B
2024,16,00-0037801,K.Turpin,WR,DAL,4.739589119204157,2.8,1,2026-09-17T22:42:15.070668,B
2024,16,00-0037816,R.Doubs,WR,GB,10.371909025120203,4.0,1,2026-09-17T22:42:15.070668,B
2024,16,00-0037837,C.Austin,WR,PIT,7.2350978798819625,10.5,1,2026-09-17T22:42:15.070668,B
2024,16,00-0038092,E.Ezukanma,WR,MIA,0.7227711588216961,0.0,1,2026-09-17T22:42:15.070668,B
2024,16,00-0038117,W.Robinson,WR,NYG,8.625919939666964,13.2,1,2026-09-17T22:42:15.070668,B
2024,16,00-0038124,C.Watson,WR,GB,12.146597581722027,2.3,1,2026-09-17T22:42:15.070668,B
2024,16,00-0038359,X.Smith,WR,LA,0.2763143114759341,0.0,1,2026-09-17T22:42:15.070668,B
2024,16,00-0038393,D.Wicks,WR,GB,7.820723832704656,10.3,1,2026-09-17T22:42:15.070668,B
2024,16,00-0038519,N.Remigio,WR,KC,0.6186625585279435,0.0,1,2026-09-17T22:42:15.070668,B
2024,16,00-0038543,J.Smith-Njigba,WR,SEA,13.459900422496789,24.0,1,2026-09-17T22:42:15.070668,B
2024,16,00-0038544,Q.Johnston,WR,LAC,10.351838696019382,4.8,1,2026-09-17T22:42:15.070668,B
2024,16,00-0038559,Mi.Wilson,WR,ARI,8.624572392716567,6.4,1,2026-09-17T22:42:15.070668,B
2024,16,00-0038563,T.Tucker,WR,LV,6.867710263072935,5.3,1,2026-09-17T22:42:15.070668,B
2024,16,00-0038573,D.Davis,WR,LAC,2.8674615935204617,10.8,1,2026-09-17T22:42:15.070668,B
2024,16,00-0038606,P.Washington,WR,JAX,8.666945282039528,11.4,1,2026-09-17T22:42:15.070668,B
2024,16,00-0038608,K.Boutte,WR,NE,7.239534475670972,20.5,1,2026-09-17T22:42:15.070668,B
2024,16,00-0038618,X.Hutchinson,WR,HOU,1.274811755800327,1.8,1,2026-09-17T22:42:15.070668,B
2024,16,00-0038619,A.Iosivas,WR,CIN,7.617608529218884,14.3,1,2026-09-17T22:42:15.070668,B
2024,16,00-0038621,D.Douglas,WR,NE,8.148174892268278,7.9,1,2026-09-17T22:42:15.070668,B
2024,16,00-0038728,J.Wayne,WR,HOU,0.4941907244961872,0.0,1,2026-09-17T22:42:15.070668,B
2024,16,00-0038752,J.Bobo,WR,SEA,1.89537217860505,1.6,1,2026-09-17T22:42:15.070668,B
2024,16,00-0038821,R.Jarrett,WR,TB,1.1421913755505644,1.6,1,2026-09-17T22:42:15.070668,B
2024,16,00-0038824,R.Miller,WR,TB,1.3691437540895874,9.7,1,2026-09-17T22:42:15.070668,B
2024,16,00-0038938,J.Hyatt,WR,NYG,2.6152973092614147,1.9,1,2026-09-17T22:42:15.070668,B
2024,16,00-0038941,T.Scott,WR,CHI,-0.3152162158607501,0.0,1,2026-09-17T22:42:15.070668,B
2024,16,00-0038976,M.Mims,WR,DEN,7.361870933137034,9.5,1,2026-09-17T22:42:15.070668,B
2024,16,00-0038977,T.Dell,WR,HOU,9.776600610570958,21.8,1,2026-09-17T22:42:15.070668,B
2024,16,00-0038994,J.Addison,WR,MIN,14.97938763058147,14.5,1,2026-09-17T22:42:15.070668,B
2024,16,00-0038997,J.Downs,WR,IND,10.398734245776758,15.1,1,2026-09-17T22:42:15.070668,B
2024,16,00-0039052,T.Palmer,WR,TB,3.083554782463321,5.1,1,2026-09-17T22:42:15.070668,B
2024,16,00-0039062,J.Mingo,WR,DAL,2.979948538997607,0.0,1,2026-09-17T22:42:15.070668,B
2024,16,00-0039064,Z.Flowers,WR,BAL,12.76830862458224,15.3,1,2026-09-17T22:42:15.070668,B
2024,16,00-0039075,P.Nacua,WR,LA,17.31270887888925,13.6,1,2026-09-17T22:42:15.070668,B
2024,16,00-0039146,J.Reed,WR,GB,11.04308529506816,11.1,1,2026-09-17T22:42:15.070668,B
2024,16,00-0039236,J.Wilson,WR,PHI,1.9891243844329862,0.0,1,2026-09-17T22:42:15.070668,B
2024,16,00-0039337,M.Nabers,WR,NYG,16.64451987105514,13.8,1,2026-09-17T22:42:15.070668,B
2024,16,00-0039355,L.McCaffrey,WR,WAS,1.3366316888392404,2.3,1,2026-09-17T22:42:15.070668,B
2024,16,00-0039365,J.Cowing,WR,SF,1.5893577354192399,0.0,1,2026-09-17T22:42:15.070668,B
2024,16,00-0039379,J.Thrash,WR,CLE,1.473984729832222,0.0,1,2026-09-17T22:42:15.070668,B
2024,16,00-0039410,R.Flournoy,WR,DAL,1.8375926679156933,7.1,1,2026-09-17T22:42:15.070668,B
2024,16,00-0039424,D.Vele,WR,DEN,5.406377833757313,10.1,1,2026-09-17T22:42:15.070668,B
2024,16,00-0039451,I.Williams,WR,CIN,2.028337852865919,0.0,1,2026-09-17T22:42:15.070668,B
2024,16,00-0039491,J.Coker,WR,CAR,6.9645739086426826,2.8,1,2026-09-17T22:42:15.070668,B
2024,16,00-0039543,R.Keyton,WR,LV,0.09208564650171969,0.0,1,2026-09-17T22:42:15.070668,B
2024,16,00-0039623,M.Tipton,WR,NO,4.38961910710972,0.0,1,2026-09-17T22:42:15.070668,B
2024,16,00-0039650,B.Oliver,WR,TEN,1.609709891910268,0.0,1,2026-09-17T22:42:15.070668,B
2024,16,00-0039751,J.Whittington,WR,LA,0.6955978456145289,0.0,1,2026-09-17T22:42:15.070668,B
2024,16,00-0039792,D.Walker,WR,BAL,3.364893022191839,0.0,1,2026-09-17T22:42:15.070668,B
2024,16,00-0039810,J.Burton,WR,CIN,2.0317376441562587,0.0,1,2026-09-17T22:42:15.070668,B
2024,16,00-0039849,M.Harrison,WR,ARI,13.128983121905486,7.9,1,2026-09-17T22:42:15.070668,B
2024,16,00-0039853,J.Baker,WR,NE,1.4788957683341328,0.0,1,2026-09-17T22:42:15.070668,B
2024,16,00-0039855,J.McMillan,WR,TB,9.43343877833447,16.7,1,2026-09-17T22:42:15.070668,B
2024,16,00-0039868,T.Franklin,WR,DEN,6.18029277712635,4.5,1,2026-09-17T22:42:15.070668,B
2024,16,00-0039880,M.Washington,WR,MIA,4.846971538195327,5.8,1,2026-09-17T22:42:15.070668,B
2024,16,00-0039890,A.Mitchell,WR,IND,5.605623456368409,4.6,1,2026-09-17T22:42:15.070668,B
2024,16,00-0039893,Bri.Thomas,WR,JAX,16.53049505902834,28.2,1,2026-09-17T22:42:15.070668,B
2024,16,00-0039894,X.Worthy,WR,KC,11.927721185660605,20.5,1,2026-09-17T22:42:15.070668,B
2024,16,00-0039901,K.Coleman,WR,BUF,9.347098839358335,2.7,1,2026-09-17T22:42:15.070668,B
2024,16,00-0039907,J.Polk,WR,NE,3.573691427571452,0.0,1,2026-09-17T22:42:15.070668,B
2024,16,00-0039915,L.McConkey,WR,LAC,13.234814411153497,14.7,1,2026-09-17T22:42:15.070668,B
2024,16,00-0039916,R.Pearsall,WR,SF,5.803413182675037,7.7,1,2026-09-17T22:42:15.070668,B
2024,16,00-0039919,R.Odunze,WR,CHI,9.93192656460049,9.7,1,2026-09-17T22:42:15.070668,B
2024,16,00-0024243,M.Lewis,TE,CHI,0.012098476460098873,0.0,1,2026-09-17T22:42:15.070668,B
2024,16,00-0030061,Z.Ertz,TE,WAS,7.102873763250174,2.2,1,2026-09-17T22:42:15.070668,B
2024,16,00-0030506,T.Kelce,TE,KC,13.458791629592909,8.0,1,2026-09-17T22:42:15.070668,B
2024,16,00-0031484,C.Manhertz,TE,NYG,0.6856542719912344,0.0,1,2026-09-17T22:42:15.070668,B
2024,16,00-0031585,M.Pruitt,TE,PIT,1.2553754624763154,7.1,1,2026-09-17T22:42:15.070668,B
2024,16,00-0032134,C.Uzomah,TE,PHI,0.9920344538368528,0.0,1,2026-09-17T22:42:15.070668,B
2024,16,00-0032392,A.Hooper,TE,NE,5.656077539275106,9.5,1,2026-09-17T22:42:15.070668,B
2024,16,00-0032394,N.Vannett,TE,TEN,0.8613531607910918,0.0,1,2026-09-17T22:42:15.070668,B
2024,16,00-0033090,H.Henry,TE,NE,10.542710921100657,13.9,1,2026-09-17T22:42:15.070668,B
2024,16,00-0033110,T.Higbee,TE,LA,7.038147614913034,8.1,1,2026-09-17T22:42:15.070668,B
2024,16,00-0033217,M.Alie-Cox,TE,IND,2.3772619688448184,2.5,1,2026-09-17T22:42:15.070668,B
2024,16,00-0033246,J.Mundt,TE,MIN,0.3661878137805772,0.0,1,2026-09-17T22:42:15.070668,B
2024,16,00-0033288,G.Kittle,TE,SF,12.0484812385798,18.6,1,2026-09-17T22:42:15.070668,B
2024,16,00-0033439,P.Brown,TE,SEA,0.8659037033863486,2.7,1,2026-09-17T22:42:15.070668,B
2024,16,00-0033455,A.Firkser,TE,KC,-0.04977871824151947,0.0,1,2026-09-17T22:42:15.070668,B
2024,16,00-0033576,E.Saubert,TE,SF,1.4250775462667469,7.2,1,2026-09-17T22:42:15.070668,B
2024,16,00-0033858,J.Smith,TE,MIA,10.65829231409511,12.2,1,2026-09-17T22:42:15.070668,B
2024,16,00-0033885,D.Njoku,TE,CLE,13.584957485030579,14.6,1,2026-09-17T22:42:15.070668,B
2024,16,00-0033895,G.Everett,TE,CHI,2.39376764989384,1.6,1,2026-09-17T22:42:15.070668,B
2024,16,00-0034073,R.Dwelley,TE,ATL,0.6401975649632652,0.0,1,2026-09-17T22:42:15.070668,B
2024,16,00-0034270,T.Conklin,TE,NYJ,5.862335052723275,10.9,1,2026-09-17T22:42:15.070668,B
2024,16,00-0034364,J.Akins,TE,CLE,2.3218600776342093,1.8,1,2026-09-17T22:42:15.070668,B
2024,16,00-0034383,D.Schultz,TE,HOU,9.412394698489253,15.5,1,2026-09-17T22:42:15.070668,B
2024,16,00-0034753,M.Andrews,TE,BAL,10.549304729393935,13.8,1,2026-09-17T22:42:15.070668,B
2024,16,00-0034798,D.Smythe,TE,MIA,1.6673172001940406,1.5,1,2026-09-17T22:42:15.070668,B
2024,16,00-0034829,M.Gesicki,TE,CIN,5.5245838229525965,3.4,1,2026-09-17T22:42:15.070668,B
2024,16,00-0034830,H.Hurst,TE,LAC,2.507948995370287,1.8,1,2026-09-17T22:42:15.070668,B
2024,16,00-0034970,I.Smith,TE,HOU,3.1939423632664203,0.0,1,2026-09-17T22:42:15.070668,B
2024,16,00-0034981,F.Moreau,TE,NO,5.984210253937366,5.3,1,2026-09-17T22:42:15.070668,B
2024,16,00-0035229,T.Hockenson,TE,MIN,10.922526342081289,4.7,1,2026-09-17T22:42:15.070668,B
2024,16,00-0035249,J.Oliver,TE,MIN,3.39427152289974,0.0,1,2026-09-17T22:42:15.070668,B
2024,16,00-0035631,D.Sample,TE,CIN,3.933004232396308,2.2,1,2026-09-17T22:42:15.070668,B
2024,16,00-0035644,N.Fant,TE,SEA,6.896089405207015,8.0,1,2026-09-17T22:42:15.070668,B
2024,16,00-0035689,D.Knox,TE,BUF,6.574774056497246,4.2,1,2026-09-17T22:42:15.070668,B
2024,16,00-0036040,J.Johnson,TE,NO,7.501887468912397,4.7,1,2026-09-17T22:42:15.070668,B
2024,16,00-0036232,H.Bryant,TE,LV,1.3879617734259022,0.0,1,2026-09-17T22:42:15.070668,B
2024,16,00-0036244,C.Parkinson,TE,LA,4.2856975105267905,0.0,1,2026-09-17T22:42:15.070668,B
2024,16,00-0036290,C.Kmet,TE,CHI,6.39293105399013,8.9,1,2026-09-17T22:42:15.070668,B
2024,16,00-0036332,J.Deguara,TE,JAX,0.30848195531527534,1.4,1,2026-09-17T22:42:15.070668,B
2024,16,00-0036422,A.Trautman,TE,DEN,3.769310432937957,1.5,1,2026-09-17T22:42:15.070668,B
2024,16,00-0036429,C.Woerner,TE,ATL,2.743584202470748,0.0,1,2026-09-17T22:42:15.070668,B
2024,16,00-0036510,K.Yeboah,TE,NYJ,1.3427778917432152,0.0,1,2026-09-17T22:42:15.070668,B
2024,16,00-0036534,S.Zylstra,TE,DET,1.0067286948150937,0.0,1,2026-09-17T22:42:15.070668,B
2024,16,00-0036628,J.Bates,TE,WAS,1.40820040208712,0.0,1,2026-09-17T22:42:15.070668,B
2024,16,00-0036637,N.Gray,TE,KC,5.910005669906292,2.0,1,2026-09-17T22:42:15.070668,B
2024,16,00-0036741,J.Stoll,TE,MIA,-0.7129257267513536,0.0,1,2026-09-17T22:42:15.070668,B
2024,16,00-0036754,B.Wright,TE,DET,2.0683438491248043,0.0,1,2026-09-17T22:42:15.070668,B
2024,16,00-0036825,F.Franks,TE,CAR,-0.6558652847872546,0.0,1,2026-09-17T22:42:15.070668,B
2024,16,00-0036876,K.Granson,TE,IND,4.9901721809926,0.0,1,2026-09-17T22:42:15.070668,B
2024,16,00-0036887,L.Farrell,TE,JAX,1.3293142972831684,2.8,1,2026-09-17T22:42:15.070668,B
2024,16,00-0036894,P.Freiermuth,TE,PIT,9.426797167625505,4.6,1,2026-09-17T22:42:15.070668,B
2024,16,00-0036970,K.Pitts,TE,ATL,7.425085000910591,1.7,1,2026-09-17T22:42:15.070668,B
2024,16,00-0037004,H.Long,TE,LA,1.807695309573759,0.0,1,2026-09-17T22:42:15.070668,B
2024,16,00-0037005,T.Tremble,TE,CAR,4.969884658948661,6.2,1,2026-09-17T22:42:15.070668,B
2024,16,00-0037086,G.Calcaterra,TE,PHI,4.182977349189021,0.0,1,2026-09-17T22:42:15.070668,B
2024,16,00-0037252,G.Dulcich,TE,NYG,1.2311930230503836,0.0,1,2026-09-17T22:42:15.070668,B
2024,16,00-0037292,A.Ogletree,TE,IND,2.46707318676162,0.0,1,2026-09-17T22:42:15.070668,B
2024,16,00-0037306,J.FitzPatrick,TE,GB,0.8452866596048256,0.0,1,2026-09-17T22:42:15.070668,B
2024,16,00-0037311,K.Kieft,TE,TB,0.09523623138672654,0.0,1,2026-09-17T22:42:15.070668,B
2024,16,00-0037475,S.Smartt,TE,LAC,4.759430023546522,6.7,1,2026-09-17T22:42:15.070668,B
2024,16,00-0037539,L.Krull,TE,DEN,2.9188332347018866,5.1,1,2026-09-17T22:42:15.070668,B
2024,16,00-0037654,T.Fisk,TE,LAC,0.5386632782101488,2.0,1,2026-09-17T22:42:15.070668,B
2024,16,00-0037744,T.McBride,TE,ARI,15.310532355155608,5.0,1,2026-09-17T22:42:15.070668,B
2024,16,00-0037805,J.Ruckert,TE,NYJ,2.9111339978731445,3.2,1,2026-09-17T22:42:15.070668,B
2024,16,00-0037809,C.Okonkwo,TE,TEN,8.277336559968703,19.1,1,2026-09-17T22:42:15.070668,B
2024,16,00-0037838,I.Likely,TE,BAL,5.710594701045933,11.9,1,2026-09-17T22:42:15.070668,B
2024,16,00-0038041,J.Ferguson,TE,DAL,7.775110798502974,10.0,1,2026-09-17T22:42:15.070668,B
2024,16,00-0038115,D.Bellinger,TE,NYG,5.530963981637765,1.5,1,2026-09-17T22:42:15.070668,B
2024,16,00-0038394,W.Mallory,TE,IND,1.7815750321434365,0.0,1,2026-09-17T22:42:15.070668,B
2024,16,00-0038498,E.Jenkins,TE,PHI,0.2707296347223984,0.0,1,2026-09-17T22:42:15.070668,B
2024,16,00-0038547,L.Schoonmaker,TE,DAL,3.9142405328666303,1.3,1,2026-09-17T22:42:15.070668,B
2024,16,00-0038558,D.Washington,TE,PIT,1.8194781618050109,0.0,1,2026-09-17T22:42:15.070668,B
2024,16,00-0038589,J.Whyle,TE,TEN,3.483736492949614,0.0,1,2026-09-17T22:42:15.070668,B
2024,16,00-0038643,B.Willis,TE,SF,0.18663301623246298,0.0,1,2026-09-17T22:42:15.070668,B
2024,16,00-0038710,B.Whiteheart,TE,CLE,0.9315407296745333,0.0,1,2026-09-17T22:42:15.070668,B
2024,16,00-0038720,J.Hill,TE,MIA,0.7943472478108502,0.0,1,2026-09-17T22:42:15.070668,B
2024,16,00-0038735,Princeton Fant,TE,DAL,0.12677650956071584,0.0,1,2026-09-17T22:42:15.070668,B
2024,16,00-0038783,N.Adkins,TE,DEN,2.2312655357130997,3.8,1,2026-09-17T22:42:15.070668,B
2024,16,00-0038809,B.Sims,TE,GB,1.551862344161775,0.0,1,2026-09-17T22:42:15.070668,B
2024,16,00-0038933,D.Kincaid,TE,BUF,9.969563514722784,5.5,1,2026-09-17T22:42:15.070668,B
2024,16,00-0038935,B.Strange,TE,JAX,7.0252344113509295,2.2,1,2026-09-17T22:42:15.070668,B
2024,16,00-0038996,T.Kraft,TE,GB,9.613467738658247,9.5,1,2026-09-17T22:42:15.070668,B
2024,16,00-0039041,E.Higgins,TE,ARI,1.9370986144434377,0.0,1,2026-09-17T22:42:15.070668,B
2024,16,00-0039050,P.Durham,TE,TB,1.4925530305106105,7.9,1,2026-09-17T22:42:15.070668,B
2024,16,00-0039065,S.LaPorta,TE,DET,12.85303378239991,14.3,1,2026-09-17T22:42:15.070668,B
2024,16,00-0039066,M.Mayer,TE,LV,6.885164257118445,0.0,1,2026-09-17T22:42:15.070668,B
2024,16,00-0039074,D.Allen,TE,LA,0.6093666072225652,0.0,1,2026-09-17T22:42:15.070668,B
2024,16,00-0039144,L.Musgrave,TE,GB,5.047337924618553,0.0,1,2026-09-17T22:42:15.070668,B
2024,16,00-0039338,B.Bowers,TE,LV,13.45774066856793,20.9,1,2026-09-17T22:42:15.070668,B
2024,16,00-0039356,J.Sanders,TE,CAR,4.401816819677548,0.0,1,2026-09-17T22:42:15.070668,B
2024,16,00-0039399,Tanner McLachlan,TE,CIN,1.8066259389964325,0.0,1,2026-09-17T22:42:15.070668,B
2024,16,00-0039420,J.Bell,TE,NE,-0.5460496587993386,0.0,1,2026-09-17T22:42:15.070668,B
2024,16,00-0039530,B.Spann-Ford,TE,DAL,0.99310396276673,0.0,1,2026-09-17T22:42:15.070668,B
2024,16,00-0039613,D.Holker,TE,NO,1.3461771343825677,0.0,1,2026-09-17T22:42:15.070668,B
2024,16,00-0039631,C.Grandy,TE,CIN,1.276806403968004,0.0,1,2026-09-17T22:42:15.070668,B
2024,16,00-0039648,D.Martin-Robinson,TE,TEN,-0.007662778348013433,1.6,1,2026-09-17T22:42:15.070668,B
2024,16,00-0039737,T.Reiman,TE,ARI,3.041654065153221,0.0,1,2026-09-17T22:42:15.070668,B
2024,16,00-0039754,D.Culp,TE,TB,0.03210701060251875,0.0,1,2026-09-17T22:42:15.070668,B
2024,16,00-0039793,A.Barner,TE,SEA,2.0824395798810893,9.3,1,2026-09-17T22:42:15.070668,B
2024,16,00-0039912,B.Sinnott,TE,WAS,2.2645282274703584,0.0,1,2026-09-17T22:42:15.070668,B
2024,17,00-0030578,C.Patterson,RB,PIT,2.7227710180834954,0.2,1,2026-09-17T22:42:15.070668,B
2024,17,00-0031687,R.Mostert,RB,MIA,8.288183141142236,3.9,1,2026-09-17T22:42:15.070668,B
2024,17,00-0032104,A.Abdullah,RB,LV,8.6849810804613,17.7,1,2026-09-17T22:42:15.070668,B
2024,17,00-0032764,D.Henry,RB,BAL,14.470044725778578,24.5,1,2026-09-17T22:42:15.070668,B
2024,17,00-0033045,E.Elliott,RB,DAL,3.174038264270502,0.2,1,2026-09-17T22:42:15.070668,B
2024,17,00-0033293,A.Jones,RB,MIN,15.174402582493315,11.7,1,2026-09-17T22:42:15.070668,B
2024,17,00-0033526,S.Perine,RB,KC,4.546361990506366,4.9,1,2026-09-17T22:42:15.070668,B
2024,17,00-0033553,J.Conner,RB,ARI,14.92601674223326,2.8,1,2026-09-17T22:42:15.070668,B
2024,17,00-0033854,D.Ogunbowale,RB,HOU,0.060174492700738824,2.8,1,2026-09-17T22:42:15.070668,B
2024,17,00-0033897,J.Mixon,RB,HOU,16.057633443189495,5.9,1,2026-09-17T22:42:15.070668,B
2024,17,00-0033923,K.Hunt,RB,KC,8.437627897917725,8.0,1,2026-09-17T22:42:15.070668,B
2024,17,00-0033925,D.Foreman,RB,CLE,0.9709581479885552,4.9,1,2026-09-17T22:42:15.070668,B
2024,17,00-0033948,J.Williams,RB,NO,3.2069122917360735,3.4,1,2026-09-17T22:42:15.070668,B
2024,17,00-0033955,J.McNichols,RB,WAS,4.9244116624427985,3.0,1,2026-09-17T22:42:15.070668,B
2024,17,00-0034115,J.Wilson,RB,MIA,2.2262161912135436,0.5,1,2026-09-17T22:42:15.070668,B
2024,17,00-0034208,M.Boone,RB,CAR,0.06776309093183741,1.1,1,2026-09-17T22:42:15.070668,B
2024,17,00-0034844,S.Barkley,RB,PHI,16.66483280685547,18.9,1,2026-09-17T22:42:15.070668,B
2024,17,00-0034972,A.Mattison,RB,LV,10.356715582543785,4.8,1,2026-09-17T22:42:15.070668,B
2024,17,00-0035250,D.Singletary,RB,NYG,6.13330444965394,4.0,1,2026-09-17T22:42:15.070668,B
2024,17,00-0035291,T.Williams,RB,CIN,0.8395756215176435,0.0,1,2026-09-17T22:42:15.070668,B
2024,17,00-0035537,T.Johnson,RB,BUF,6.940769767440404,3.5,1,2026-09-17T22:42:15.070668,B
2024,17,00-0035567,C.Reynolds,RB,DET,3.126645422981481,8.6,1,2026-09-17T22:42:15.070668,B
2024,17,00-0035628,D.Johnson,RB,JAX,1.3015982538914912,3.1,1,2026-09-17T22:42:15.070668,B
2024,17,00-0035700,J.Jacobs,RB,GB,13.864347747448996,10.9,1,2026-09-17T22:42:15.070668,B
2024,17,00-0035973,P.Taylor,RB,SF,8.44036999383763,0.0,1,2026-09-17T22:42:15.070668,B
2024,17,00-0036139,R.Dowdle,RB,DAL,10.21605004062455,9.8,1,2026-09-17T22:42:15.070668,B
2024,17,00-0036158,J.Dobbins,RB,LAC,11.386534418215687,15.3,1,2026-09-17T22:42:15.070668,B
2024,17,00-0036223,J.Taylor,RB,IND,16.71260703854514,27.6,1,2026-09-17T22:42:15.070668,B
2024,17,00-0036275,D.Swift,RB,CHI,11.844690129427285,12.1,1,2026-09-17T22:42:15.070668,B
2024,17,00-0036328,A.Gibson,RB,NE,8.719278761046333,6.3,1,2026-09-17T22:42:15.070668,B
2024,17,00-0036360,C.Edwards-Helaire,RB,NO,-0.05838660105311,5.0,1,2026-09-17T22:42:15.070668,B
2024,17,00-0036414,C.Akers,RB,MIN,3.9260799057972724,11.3,1,2026-09-17T22:42:15.070668,B
2024,17,00-0036425,D.Dallas,RB,ARI,3.6249932800214966,1.5,1,2026-09-17T22:42:15.070668,B
2024,17,00-0036670,J.Jefferson,RB,DET,2.838968394815142,0.9,1,2026-09-17T22:42:15.070668,B
2024,17,00-0036875,R.Stevenson,RB,NE,11.4140692052314,0.1,1,2026-09-17T22:42:15.070668,B
2024,17,00-0036893,N.Harris,RB,PIT,8.856162675038089,10.1,1,2026-09-17T22:42:15.070668,B
2024,17,00-0036906,K.Herbert,RB,CIN,2.1600165455537788,2.3,1,2026-09-17T22:42:15.070668,B
2024,17,00-0036919,K.Gainwell,RB,PHI,6.500436272563395,1.9,1,2026-09-17T22:42:15.070668,B
2024,17,00-0036924,M.Carter,RB,ARI,5.914588814235302,10.1,1,2026-09-17T22:42:15.070668,B
2024,17,00-0036973,T.Etienne,RB,JAX,11.355054328117157,8.5,1,2026-09-17T22:42:15.070668,B
2024,17,00-0036984,T.Sermon,RB,IND,3.186583576246173,2.0,1,2026-09-17T22:42:15.070668,B
2024,17,00-0036997,J.Williams,RB,DEN,10.720923190755334,2.0,1,2026-09-17T22:42:15.070668,B
2024,17,00-0037120,T.Goodson,RB,IND,3.309207933215445,0.0,1,2026-09-17T22:42:15.070668,B
2024,17,00-0037197,I.Pacheco,RB,KC,10.629921750433809,1.8,1,2026-09-17T22:42:15.070668,B
2024,17,00-0037228,J.Warren,RB,PIT,11.131090970807376,16.2,1,2026-09-17T22:42:15.070668,B
2024,17,00-0037248,J.Cook,RB,BUF,14.129321770551577,11.3,1,2026-09-17T22:42:15.070668,B
2024,17,00-0037256,R.White,RB,TB,13.782314511891402,4.4,1,2026-09-17T22:42:15.070668,B
2024,17,00-0037258,D.Pierce,RB,HOU,2.539770276537311,1.3,1,2026-09-17T22:42:15.070668,B
2024,17,00-0037263,T.Allgeier,RB,ATL,6.605471246951642,1.9,1,2026-09-17T22:42:15.070668,B
2024,17,00-0037267,J.Ford,RB,CLE,12.890191886857494,2.2,1,2026-09-17T22:42:15.070668,B
2024,17,00-0037276,T.Chandler,RB,MIN,2.3543554155876594,0.7,1,2026-09-17T22:42:15.070668,B
2024,17,00-0037304,C.Heyward,RB,PIT,0.5802651238963277,1.8,1,2026-09-17T22:42:15.070668,B
2024,17,00-0037429,R.Blackshear,RB,CAR,1.6769944050492551,2.0,1,2026-09-17T22:42:15.070668,B
2024,17,00-0037594,J.Chestnut,RB,TEN,1.6730328734255382,1.7,1,2026-09-17T22:42:15.070668,B
2024,17,00-0037617,H.Haskins,RB,LAC,4.249206964733895,5.0,1,2026-09-17T22:42:15.070668,B
2024,17,00-0037745,V.Jones,RB,CAR,-0.011258626585656017,0.0,1,2026-09-17T22:42:15.070668,B
2024,17,00-0037746,Br.Robinson,RB,WAS,13.211197144680778,8.9,1,2026-09-17T22:42:15.070668,B
2024,17,00-0037827,T.Davis-Price,RB,PHI,1.7261494970583833,0.7,1,2026-09-17T22:42:15.070668,B
2024,17,00-0037840,K.Williams,RB,LA,17.540044453859373,16.2,1,2026-09-17T22:42:15.070668,B
2024,17,00-0038098,P.Strong,RB,CLE,2.3721836866326695,7.8,1,2026-09-17T22:42:15.070668,B
2024,17,00-0038120,B.Hall,RB,NYJ,13.315188261816047,6.3,1,2026-09-17T22:42:15.070668,B
2024,17,00-0038396,E.Gray,RB,NYG,1.3655527010811044,0.0,1,2026-09-17T22:42:15.070668,B
2024,17,00-0038454,K.Mitchell,RB,BAL,4.589598945512886,5.8,1,2026-09-17T22:42:15.070668,B
2024,17,00-0038542,Bi.Robinson,RB,ATL,15.076018803297517,24.8,1,2026-09-17T22:42:15.070668,B
2024,17,00-0038551,K.Miller,RB,NO,7.558361508418091,2.9,1,2026-09-17T22:42:15.070668,B
2024,17,00-0038555,T.Bigsby,RB,JAX,8.010716817132987,3.3,1,2026-09-17T22:42:15.070668,B
2024,17,00-0038597,C.Brown,RB,CIN,15.531588031312836,13.1,1,2026-09-17T22:42:15.070668,B
2024,17,00-0038611,C.Rodriguez,RB,WAS,3.8693406612197876,9.8,1,2026-09-17T22:42:15.070668,B
2024,17,00-0038636,K.McIntosh,RB,SEA,4.7118083275358345,4.6,1,2026-09-17T22:42:15.070668,B
2024,17,00-0038685,C.Brooks,RB,GB,3.8061352416804297,0.0,1,2026-09-17T22:42:15.070668,B
2024,17,00-0038794,J.McLaughlin,RB,DEN,7.361975049895011,9.6,1,2026-09-17T22:42:15.070668,B
2024,17,00-0038797,E.Wilson,RB,GB,6.135520689499588,8.9,1,2026-09-17T22:42:15.070668,B
2024,17,00-0038951,S.Tucker,RB,TB,6.213022791881885,5.4,1,2026-09-17T22:42:15.070668,B
2024,17,00-0039021,R.Johnson,RB,CHI,3.018882797944964,0.5,1,2026-09-17T22:42:15.070668,B
2024,17,00-0039032,T.Spears,RB,TEN,11.575090795992876,13.3,1,2026-09-17T22:42:15.070668,B
2024,17,00-0039040,D.Achane,RB,MIA,16.293939701959268,5.8,1,2026-09-17T22:42:15.070668,B
2024,17,00-0039139,J.Gibbs,RB,DET,16.420233473123275,26.3,1,2026-09-17T22:42:15.070668,B
2024,17,00-0039165,Z.Charbonnet,RB,SEA,11.259612628397374,10.6,1,2026-09-17T22:42:15.070668,B
2024,17,00-0039244,C.Collier,RB,LV,-0.2267249751403213,0.6,1,2026-09-17T22:42:15.070668,B
2024,17,00-0039361,B.Irving,RB,TB,12.216283845583616,23.0,1,2026-09-17T22:42:15.070668,B
2024,17,00-0039363,I.Guerendo,RB,SF,13.274058196532021,13.9,1,2026-09-17T22:42:15.070668,B
2024,17,00-0039364,S.Vaki,RB,DET,2.7423374591031022,0.0,1,2026-09-17T22:42:15.070668,B
2024,17,00-0039373,A.Estime,RB,DEN,4.017869850582508,4.7,1,2026-09-17T22:42:15.070668,B
2024,17,00-0039384,T.Tracy,RB,NYG,10.972407375246044,9.3,1,2026-09-17T22:42:15.070668,B
2024,17,00-0039385,Keilan Robinson,RB,JAX,0.5209573054318772,0.0,1,2026-09-17T22:42:15.070668,B
2024,17,00-0039391,K.Vidal,RB,LAC,5.605828432507708,2.4,1,2026-09-17T22:42:15.070668,B
2024,17,00-0039738,B.Corum,RB,LA,7.072603304899584,-0.4,1,2026-09-17T22:42:15.070668,B
2024,17,00-0039794,B.Allen,RB,NYJ,3.9105666484141324,2.6,1,2026-09-17T22:42:15.070668,B
2024,17,00-0039796,R.Ali,RB,BAL,3.5931363355333383,-0.3,1,2026-09-17T22:42:15.070668,B
2024,17,00-0039798,I.Davis,RB,NYJ,5.282725193940749,5.3,1,2026-09-17T22:42:15.070668,B
2024,17,00-0039874,J.Wright,RB,MIA,2.4545654042473286,0.0,1,2026-09-17T22:42:15.070668,B
2024,17,00-0039875,R.Davis,RB,BUF,4.464878769236092,2.3,1,2026-09-17T22:42:15.070668,B
2024,17,00-0030035,A.Thielen,WR,CAR,11.910346680708264,28.0,1,2026-09-17T22:42:15.070668,B
2024,17,00-0030279,K.Allen,WR,CHI,15.960006260353515,7.5,1,2026-09-17T22:42:15.070668,B
2024,17,00-0030431,R.Woods,WR,HOU,5.466663940981919,4.1,1,2026-09-17T22:42:15.070668,B
2024,17,00-0030564,D.Hopkins,WR,KC,10.112655743088968,2.7,1,2026-09-17T22:42:15.070668,B
2024,17,00-0031236,B.Cooks,WR,DAL,8.097181863881975,9.2,1,2026-09-17T22:42:15.070668,B
2024,17,00-0031381,D.Adams,WR,NYJ,16.686657162180154,9.7,1,2026-09-17T22:42:15.070668,B
2024,17,00-0031408,M.Evans,WR,TB,16.235731754703643,29.7,1,2026-09-17T22:42:15.070668,B
2024,17,00-0031428,A.Robinson,WR,DET,-0.05307317428529057,3.1,1,2026-09-17T22:42:15.070668,B
2024,17,00-0031544,A.Cooper,WR,BUF,8.587446116776412,14.6,1,2026-09-17T22:42:15.070668,B
2024,17,00-0031941,J.Crowder,WR,WAS,4.887224803995318,5.5,1,2026-09-17T22:42:15.070668,B
2024,17,00-0032128,C.Conley,WR,SF,-0.4583837228071186,2.3,1,2026-09-17T22:42:15.070668,B
2024,17,00-0032211,T.Lockett,WR,SEA,7.402646735694173,5.0,1,2026-09-17T22:42:15.070668,B
2024,17,00-0032775,D.Robinson,WR,LA,3.8243105546734144,0.0,1,2026-09-17T22:42:15.070668,B
2024,17,00-0033009,T.Boyd,WR,TEN,5.979311559940911,3.4,1,2026-09-17T22:42:15.070668,B
2024,17,00-0033040,T.Hill,WR,MIA,14.545113398160831,19.5,1,2026-09-17T22:42:15.070668,B
2024,17,00-0033307,K.Bourne,WR,NE,7.732501067759694,4.2,1,2026-09-17T22:42:15.070668,B
2024,17,00-0033375,T.Patrick,WR,DET,7.7644521422270065,2.0,1,2026-09-17T22:42:15.070668,B
2024,17,00-0033536,M.Williams,WR,PIT,8.55047112044542,0.0,1,2026-09-17T22:42:15.070668,B
2024,17,00-0033555,M.Hollins,WR,BUF,5.634696878343306,5.3,1,2026-09-17T22:42:15.070668,B
2024,17,00-0033589,D.Moore,WR,CAR,5.872441322982968,2.7,1,2026-09-17T22:42:15.070668,B
2024,17,00-0033857,J.Smith-Schuster,WR,KC,3.434594545964507,3.8,1,2026-09-17T22:42:15.070668,B
2024,17,00-0033891,Z.Jones,WR,ARI,4.229397355918355,2.9,1,2026-09-17T22:42:15.070668,B
2024,17,00-0033908,C.Kupp,WR,LA,9.90571412084261,3.9,1,2026-09-17T22:42:15.070668,B
2024,17,00-0033943,J.Reynolds,WR,JAX,3.8800083762679445,0.0,1,2026-09-17T22:42:15.070668,B
2024,17,00-0034054,R.Cracraft,WR,MIA,0.26852438207371243,2.6,1,2026-09-17T22:42:15.070668,B
2024,17,00-0034272,M.Valdes-Scantling,WR,NO,8.492658685293454,0.0,1,2026-09-17T22:42:15.070668,B
2024,17,00-0034348,C.Sutton,WR,DEN,13.375495506657751,16.5,1,2026-09-17T22:42:15.070668,B
2024,17,00-0034353,A.Miller,WR,BAL,1.4942809704309319,2.6,1,2026-09-17T22:42:15.070668,B
2024,17,00-0034386,J.Watson,WR,KC,2.790383851173467,14.0,1,2026-09-17T22:42:15.070668,B
2024,17,00-0034407,R.McCloud,WR,ATL,7.811956339400341,3.7,1,2026-09-17T22:42:15.070668,B
2024,17,00-0034418,C.Wilson,WR,NO,4.752129483089166,4.7,1,2026-09-17T22:42:15.070668,B
2024,17,00-0034487,T.Sherfield,WR,MIN,-0.21394950485754016,0.0,1,2026-09-17T22:42:15.070668,B
2024,17,00-0034521,A.Lazard,WR,NYJ,5.174088376157987,1.9,1,2026-09-17T22:42:15.070668,B
2024,17,00-0034646,B.Powell,WR,MIN,1.915423406419885,0.0,1,2026-09-17T22:42:15.070668,B
2024,17,00-0034777,D.Chark,WR,LAC,3.0512252013727323,0.0,1,2026-09-17T22:42:15.070668,B
2024,17,00-0034827,D.Moore,WR,CHI,15.89036068877273,12.2,1,2026-09-17T22:42:15.070668,B
2024,17,00-0034837,C.Ridley,WR,TEN,12.93396480963877,14.1,1,2026-09-17T22:42:15.070668,B
2024,17,00-0034854,K.Hodge,WR,ATL,-0.9729343375982715,1.9,1,2026-09-17T22:42:15.070668,B
2024,17,00-0034860,D.Pettis,WR,NO,6.076821125153343,5.7,1,2026-09-17T22:42:15.070668,B
2024,17,00-0034960,J.Meyers,WR,LV,12.040326620423375,17.1,1,2026-09-17T22:42:15.070668,B
2024,17,00-0035021,A.Dulin,WR,IND,0.3997692038528555,0.0,1,2026-09-17T22:42:15.070668,B
2024,17,00-0035208,O.Zaccheaus,WR,WAS,7.019555334202825,23.3,1,2026-09-17T22:42:15.070668,B
2024,17,00-0035298,S.Miller,WR,PIT,3.393104521989975,0.0,1,2026-09-17T22:42:15.070668,B
2024,17,00-0035406,L.Humphrey,WR,DEN,0.5178193906320825,0.0,1,2026-09-17T22:42:15.070668,B
2024,17,00-0035500,G.Dortch,WR,ARI,4.93407498828987,4.8,1,2026-09-17T22:42:15.070668,B
2024,17,00-0035535,D.Slayton,WR,NYG,5.817376897766875,10.2,1,2026-09-17T22:42:15.070668,B
2024,17,00-0035544,T.Kennedy,WR,DET,0.0013105326335880463,0.0,1,2026-09-17T22:42:15.070668,B
2024,17,00-0035640,D.Metcalf,WR,SEA,11.084011295837206,7.2,1,2026-09-17T22:42:15.070668,B
2024,17,00-0035659,T.McLaurin,WR,WAS,14.235125759912753,1.5,1,2026-09-17T22:42:15.070668,B
2024,17,00-0035662,M.Brown,WR,KC,4.974111871075771,8.6,1,2026-09-17T22:42:15.070668,B
2024,17,00-0035676,A.Brown,WR,PHI,18.151997524209413,12.6,1,2026-09-17T22:42:15.070668,B
2024,17,00-0035719,D.Samuel,WR,SF,14.085064542661037,9.1,1,2026-09-17T22:42:15.070668,B
2024,17,00-0035976,D.Chisena,WR,CAR,-0.618600734426856,1.8,1,2026-09-17T22:42:15.070668,B
2024,17,00-0036176,M.Kinsey,WR,TEN,1.8855398856002,0.0,1,2026-09-17T22:42:15.070668,B
2024,17,00-0036182,N.Westbrook-Ikhine,WR,TEN,6.4364749712514895,6.7,1,2026-09-17T22:42:15.070668,B
2024,17,00-0036252,M.Pittman,WR,IND,12.467415746159892,25.9,1,2026-09-17T22:42:15.070668,B
2024,17,00-0036254,C.Johnson,WR,CHI,-0.9280168272710778,0.0,1,2026-09-17T22:42:15.070668,B
2024,17,00-0036259,J.Jennings,WR,SF,10.164699492296611,13.7,1,2026-09-17T22:42:15.070668,B
2024,17,00-0036309,D.Mooney,WR,ATL,8.04648003069557,5.7,1,2026-09-17T22:42:15.070668,B
2024,17,00-0036322,J.Jefferson,WR,MIN,20.100666448580604,17.2,1,2026-09-17T22:42:15.070668,B
2024,17,00-0036331,D.Duvernay,WR,JAX,3.0895086723721032,1.4,1,2026-09-17T22:42:15.070668,B
2024,17,00-0036345,K.Osborn,WR,WAS,2.9614915316063204,0.0,1,2026-09-17T22:42:15.070668,B
2024,17,00-0036407,J.Jeudy,WR,CLE,12.366478996175406,21.4,1,2026-09-17T22:42:15.070668,B
2024,17,00-0036410,T.Higgins,WR,CIN,12.266353272508962,40.1,1,2026-09-17T22:42:15.070668,B
2024,17,00-0036415,V.Jefferson,WR,PIT,5.639173891327185,0.0,1,2026-09-17T22:42:15.070668,B
2024,17,00-0036463,C.Blair,WR,ATL,0.6424804666833737,0.0,1,2026-09-17T22:42:15.070668,B
2024,17,00-0036497,T.Jones,WR,JAX,-1.7561614880784422,2.1,1,2026-09-17T22:42:15.070668,B
2024,17,00-0036550,R.Bateman,WR,BAL,7.759022956287549,2.2,1,2026-09-17T22:42:15.070668,B
2024,17,00-0036554,N.Collins,WR,HOU,14.9900901187759,8.9,1,2026-09-17T22:42:15.070668,B
2024,17,00-0036620,D.Eskridge,WR,MIA,-1.7224916216932478,1.8,1,2026-09-17T22:42:15.070668,B
2024,17,00-0036630,T.Wallace,WR,BAL,3.0183365380148945,1.2,1,2026-09-17T22:42:15.070668,B
2024,17,00-0036635,I.Smith-Marsette,WR,NYG,-0.2546250955160261,0.0,1,2026-09-17T22:42:15.070668,B
2024,17,00-0036849,T.Atwell,WR,LA,3.905321217365107,0.0,1,2026-09-17T22:42:15.070668,B
2024,17,00-0036900,J.Chase,WR,CIN,19.656310076098876,19.2,1,2026-09-17T22:42:15.070668,B
2024,17,00-0036912,D.Smith,WR,PHI,16.52200145611001,30.0,1,2026-09-17T22:42:15.070668,B
2024,17,00-0036955,T.Marshall,WR,LV,1.297761382257356,3.8,1,2026-09-17T22:42:15.070668,B
2024,17,00-0036963,A.St. Brown,WR,DET,17.347333062639354,20.0,1,2026-09-17T22:42:15.070668,B
2024,17,00-0036980,E.Moore,WR,CLE,6.53312139791055,1.1,1,2026-09-17T22:42:15.070668,B
2024,17,00-0036988,J.Palmer,WR,LAC,8.888017219040952,8.1,1,2026-09-17T22:42:15.070668,B
2024,17,00-0037091,B.Melton,WR,GB,2.682490251039363,4.8,1,2026-09-17T22:42:15.070668,B
2024,17,00-0037093,D.Young,WR,SEA,0.6511612566195257,0.0,1,2026-09-17T22:42:15.070668,B
2024,17,00-0037231,K.Austin,WR,NO,4.320253218513691,3.3,1,2026-09-17T22:42:15.070668,B
2024,17,00-0037238,D.London,WR,ATL,10.690815738671745,17.6,1,2026-09-17T22:42:15.070668,B
2024,17,00-0037240,J.Williams,WR,DET,10.249471654468595,24.5,1,2026-09-17T22:42:15.070668,B
2024,17,00-0037247,G.Pickens,WR,PIT,13.418089402908578,8.0,1,2026-09-17T22:42:15.070668,B
2024,17,00-0037261,K.Shakir,WR,BUF,9.13535266053194,5.5,1,2026-09-17T22:42:15.070668,B
2024,17,00-0037291,J.Nailor,WR,MIN,2.310886102886604,19.1,1,2026-09-17T22:42:15.070668,B
2024,17,00-0037300,M.Woods,WR,CLE,2.564272690863371,1.3,1,2026-09-17T22:42:15.070668,B
2024,17,00-0037614,J.Metchie,WR,HOU,5.0982137273139365,9.8,1,2026-09-17T22:42:15.070668,B
2024,17,00-0037664,A.Pierce,WR,IND,5.478903096639226,24.2,1,2026-09-17T22:42:15.070668,B
2024,17,00-0037666,J.Tolbert,WR,DAL,2.903419193515105,12.0,1,2026-09-17T22:42:15.070668,B
2024,17,00-0037740,G.Wilson,WR,NYJ,12.166393120067987,17.6,1,2026-09-17T22:42:15.070668,B
2024,17,00-0037741,J.Dotson,WR,PHI,5.430889978966413,0.0,1,2026-09-17T22:42:15.070668,B
2024,17,00-0037801,K.Turpin,WR,DAL,3.524953358513531,4.4,1,2026-09-17T22:42:15.070668,B
2024,17,00-0037816,R.Doubs,WR,GB,9.822814670824275,14.8,1,2026-09-17T22:42:15.070668,B
2024,17,00-0037837,C.Austin,WR,PIT,8.68749114531194,7.1,1,2026-09-17T22:42:15.070668,B
2024,17,00-0038117,W.Robinson,WR,NYG,10.702383883852622,18.1,1,2026-09-17T22:42:15.070668,B
2024,17,00-0038393,D.Wicks,WR,GB,7.321396796358904,8.3,1,2026-09-17T22:42:15.070668,B
2024,17,00-0038465,M.Heath,WR,GB,2.1724322584480937,7.3,1,2026-09-17T22:42:15.070668,B
2024,17,00-0038496,X.Gipson,WR,NYJ,-0.40232435028566194,0.0,1,2026-09-17T22:42:15.070668,B
2024,17,00-0038519,N.Remigio,WR,KC,-0.09026059794707297,0.0,1,2026-09-17T22:42:15.070668,B
2024,17,00-0038543,J.Smith-Njigba,WR,SEA,14.75760248237069,6.2,1,2026-09-17T22:42:15.070668,B
2024,17,00-0038544,Q.Johnston,WR,LAC,10.0066930267667,9.8,1,2026-09-17T22:42:15.070668,B
2024,17,00-0038559,Mi.Wilson,WR,ARI,8.864198700388851,6.9,1,2026-09-17T22:42:15.070668,B
2024,17,00-0038563,T.Tucker,WR,LV,6.457102930961741,10.9,1,2026-09-17T22:42:15.070668,B
2024,17,00-0038573,D.Davis,WR,LAC,3.541482260955177,10.6,1,2026-09-17T22:42:15.070668,B
2024,17,00-0038590,Justin Shorter,WR,LV,0.9405096123927077,0.0,1,2026-09-17T22:42:15.070668,B
2024,17,00-0038606,P.Washington,WR,JAX,7.239066388055151,12.1,1,2026-09-17T22:42:15.070668,B
2024,17,00-0038608,K.Boutte,WR,NE,8.795665036074688,6.8,1,2026-09-17T22:42:15.070668,B
2024,17,00-0038618,X.Hutchinson,WR,HOU,2.7693207575392167,4.1,1,2026-09-17T22:42:15.070668,B
2024,17,00-0038619,A.Iosivas,WR,CIN,6.178239523209647,8.9,1,2026-09-17T22:42:15.070668,B
2024,17,00-0038621,D.Douglas,WR,NE,6.535265742873958,14.6,1,2026-09-17T22:42:15.070668,B
2024,17,00-0038640,J.Brooks,WR,DAL,1.8815653404398054,2.2,1,2026-09-17T22:42:15.070668,B
2024,17,00-0038679,T.Shavers,WR,BUF,-0.5412139760921999,13.9,1,2026-09-17T22:42:15.070668,B
2024,17,00-0038728,J.Wayne,WR,HOU,0.960522006815963,0.0,1,2026-09-17T22:42:15.070668,B
2024,17,00-0038752,J.Bobo,WR,SEA,1.8136676375751755,0.0,1,2026-09-17T22:42:15.070668,B
2024,17,00-0038821,R.Jarrett,WR,TB,1.207951646298289,2.1,1,2026-09-17T22:42:15.070668,B
2024,17,00-0038824,R.Miller,WR,TB,2.816914257769886,4.6,1,2026-09-17T22:42:15.070668,B
2024,17,00-0038840,B.Tremayne,WR,WAS,-1.7158494426465047,0.0,1,2026-09-17T22:42:15.070668,B
2024,17,00-0038938,J.Hyatt,WR,NYG,1.3625218567760573,0.0,1,2026-09-17T22:42:15.070668,B
2024,17,00-0038976,M.Mims,WR,DEN,8.715141663047902,30.2,1,2026-09-17T22:42:15.070668,B
2024,17,00-0038994,J.Addison,WR,MIN,15.655171400544674,18.9,1,2026-09-17T22:42:15.070668,B
2024,17,00-0038997,J.Downs,WR,IND,9.436467639097357,5.2,1,2026-09-17T22:42:15.070668,B
2024,17,00-0039052,T.Palmer,WR,TB,3.4429205067157644,0.0,1,2026-09-17T22:42:15.070668,B
2024,17,00-0039062,J.Mingo,WR,DAL,1.652580110107941,2.2,1,2026-09-17T22:42:15.070668,B
2024,17,00-0039064,Z.Flowers,WR,BAL,13.308208844434585,5.1,1,2026-09-17T22:42:15.070668,B
2024,17,00-0039075,P.Nacua,WR,LA,18.850999467208872,22.9,1,2026-09-17T22:42:15.070668,B
2024,17,00-0039146,J.Reed,WR,GB,10.144928792642192,1.6,1,2026-09-17T22:42:15.070668,B
2024,17,00-0039236,J.Wilson,WR,PHI,0.07610414447597513,0.0,1,2026-09-17T22:42:15.070668,B
2024,17,00-0039337,M.Nabers,WR,NYG,15.147626902962944,36.1,1,2026-09-17T22:42:15.070668,B
2024,17,00-0039342,X.Legette,WR,CAR,6.588784470458759,7.8,1,2026-09-17T22:42:15.070668,B
2024,17,00-0039355,L.McCaffrey,WR,WAS,1.6303608202361515,0.0,1,2026-09-17T22:42:15.070668,B
2024,17,00-0039365,J.Cowing,WR,SF,1.7490786990884768,0.0,1,2026-09-17T22:42:15.070668,B
2024,17,00-0039379,J.Thrash,WR,CLE,0.545920692829549,0.0,1,2026-09-17T22:42:15.070668,B
2024,17,00-0039410,R.Flournoy,WR,DAL,2.284162882644976,1.3,1,2026-09-17T22:42:15.070668,B
2024,17,00-0039424,D.Vele,WR,DEN,4.040081418580334,4.7,1,2026-09-17T22:42:15.070668,B
2024,17,00-0039451,I.Williams,WR,CIN,1.0128072189964925,0.0,1,2026-09-17T22:42:15.070668,B
2024,17,00-0039491,J.Coker,WR,CAR,6.858494896768792,5.5,1,2026-09-17T22:42:15.070668,B
2024,17,00-0039543,R.Keyton,WR,LV,0.15253677130428223,0.0,1,2026-09-17T22:42:15.070668,B
2024,17,00-0039589,K.Johnson,WR,TB,0.9730312407235164,1.1,1,2026-09-17T22:42:15.070668,B
2024,17,00-0039650,B.Oliver,WR,TEN,0.33994147934847696,0.0,1,2026-09-17T22:42:15.070668,B
2024,17,00-0039747,A.Smith,WR,PHI,2.5004664541347434,0.0,1,2026-09-17T22:42:15.070668,B
2024,17,00-0039751,J.Whittington,WR,LA,1.2841246461194435,1.6,1,2026-09-17T22:42:15.070668,B
2024,17,00-0039792,D.Walker,WR,BAL,3.6022282734515194,0.0,1,2026-09-17T22:42:15.070668,B
2024,17,00-0039810,J.Burton,WR,CIN,1.2201501048160326,0.0,1,2026-09-17T22:42:15.070668,B
2024,17,00-0039849,M.Harrison,WR,ARI,13.00635785231922,15.6,1,2026-09-17T22:42:15.070668,B
2024,17,00-0039853,J.Baker,WR,NE,1.3176931999469712,0.0,1,2026-09-17T22:42:15.070668,B
2024,17,00-0039855,J.McMillan,WR,TB,10.535960388291178,23.0,1,2026-09-17T22:42:15.070668,B
2024,17,00-0039868,T.Franklin,WR,DEN,5.41112981187937,0.9,1,2026-09-17T22:42:15.070668,B
2024,17,00-0039880,M.Washington,WR,MIA,5.667204102662547,7.0,1,2026-09-17T22:42:15.070668,B
2024,17,00-0039890,A.Mitchell,WR,IND,6.6662025448695745,4.2,1,2026-09-17T22:42:15.070668,B
2024,17,00-0039893,Bri.Thomas,WR,JAX,16.947272064899614,23.9,1,2026-09-17T22:42:15.070668,B
2024,17,00-0039894,X.Worthy,WR,KC,13.062517991883432,22.9,1,2026-09-17T22:42:15.070668,B
2024,17,00-0039901,K.Coleman,WR,BUF,6.835569728538879,11.7,1,2026-09-17T22:42:15.070668,B
2024,17,00-0039907,J.Polk,WR,NE,1.3402827009710752,0.0,1,2026-09-17T22:42:15.070668,B
2024,17,00-0039915,L.McConkey,WR,LAC,12.178444938504985,29.4,1,2026-09-17T22:42:15.070668,B
2024,17,00-0039916,R.Pearsall,WR,SF,7.293344406903436,28.7,1,2026-09-17T22:42:15.070668,B
2024,17,00-0039919,R.Odunze,WR,CHI,10.81493353976348,2.5,1,2026-09-17T22:42:15.070668,B
2024,17,00-0024243,M.Lewis,TE,CHI,0.20680270785714416,0.0,1,2026-09-17T22:42:15.070668,B
2024,17,00-0030061,Z.Ertz,TE,WAS,7.185859577720589,25.2,1,2026-09-17T22:42:15.070668,B
2024,17,00-0030506,T.Kelce,TE,KC,11.99240588803043,22.4,1,2026-09-17T22:42:15.070668,B
2024,17,00-0031484,C.Manhertz,TE,NYG,0.2824686881443972,2.2,1,2026-09-17T22:42:15.070668,B
2024,17,00-0031585,M.Pruitt,TE,PIT,1.030109018329401,0.0,1,2026-09-17T22:42:15.070668,B
2024,17,00-0032134,C.Uzomah,TE,PHI,1.102678290739183,0.0,1,2026-09-17T22:42:15.070668,B
2024,17,00-0032392,A.Hooper,TE,NE,5.021557363523748,4.9,1,2026-09-17T22:42:15.070668,B
2024,17,00-0032394,N.Vannett,TE,TEN,-0.07584209927527752,7.8,1,2026-09-17T22:42:15.070668,B
2024,17,00-0033090,H.Henry,TE,NE,9.87495504734142,0.0,1,2026-09-17T22:42:15.070668,B
2024,17,00-0033110,T.Higbee,TE,LA,6.172511644962948,2.9,1,2026-09-17T22:42:15.070668,B
2024,17,00-0033217,M.Alie-Cox,TE,IND,3.8848875216641163,0.0,1,2026-09-17T22:42:15.070668,B
2024,17,00-0033246,J.Mundt,TE,MIN,-0.01206063594463469,1.7,1,2026-09-17T22:42:15.070668,B
2024,17,00-0033288,G.Kittle,TE,SF,13.732270898452398,19.2,1,2026-09-17T22:42:15.070668,B
2024,17,00-0033439,P.Brown,TE,SEA,1.6304427816447187,-0.6,1,2026-09-17T22:42:15.070668,B
2024,17,00-0033576,E.Saubert,TE,SF,1.044184156799819,0.0,1,2026-09-17T22:42:15.070668,B
2024,17,00-0033858,J.Smith,TE,MIA,8.954098831767983,11.6,1,2026-09-17T22:42:15.070668,B
2024,17,00-0033895,G.Everett,TE,CHI,2.8598180130394075,0.0,1,2026-09-17T22:42:15.070668,B
2024,17,00-0034159,W.Dissly,TE,LAC,4.370538677353748,4.1,1,2026-09-17T22:42:15.070668,B
2024,17,00-0034270,T.Conklin,TE,NYJ,6.409096340933328,21.7,1,2026-09-17T22:42:15.070668,B
2024,17,00-0034364,J.Akins,TE,CLE,2.4278455335799505,10.9,1,2026-09-17T22:42:15.070668,B
2024,17,00-0034383,D.Schultz,TE,HOU,9.960840115606334,4.1,1,2026-09-17T22:42:15.070668,B
2024,17,00-0034753,M.Andrews,TE,BAL,10.673652939125068,14.8,1,2026-09-17T22:42:15.070668,B
2024,17,00-0034798,D.Smythe,TE,MIA,2.0756506014464056,0.0,1,2026-09-17T22:42:15.070668,B
2024,17,00-0034829,M.Gesicki,TE,CIN,4.7798504104386,18.6,1,2026-09-17T22:42:15.070668,B
2024,17,00-0034970,I.Smith,TE,HOU,1.7037920616076523,0.0,1,2026-09-17T22:42:15.070668,B
2024,17,00-0034981,F.Moreau,TE,NO,5.356595370870857,13.7,1,2026-09-17T22:42:15.070668,B
2024,17,00-0035229,T.Hockenson,TE,MIN,10.740088956141577,11.8,1,2026-09-17T22:42:15.070668,B
2024,17,00-0035249,J.Oliver,TE,MIN,2.53278663286236,0.0,1,2026-09-17T22:42:15.070668,B
2024,17,00-0035631,D.Sample,TE,CIN,3.756525786317686,1.3,1,2026-09-17T22:42:15.070668,B
2024,17,00-0035644,N.Fant,TE,SEA,7.734864726572175,8.3,1,2026-09-17T22:42:15.070668,B
2024,17,00-0035689,D.Knox,TE,BUF,4.391590075460109,1.4,1,2026-09-17T22:42:15.070668,B
2024,17,00-0036040,J.Johnson,TE,NO,6.072587358769441,12.6,1,2026-09-17T22:42:15.070668,B
2024,17,00-0036232,H.Bryant,TE,LV,0.49085074962746233,0.0,1,2026-09-17T22:42:15.070668,B
2024,17,00-0036244,C.Parkinson,TE,LA,3.408096258563693,0.0,1,2026-09-17T22:42:15.070668,B
2024,17,00-0036290,C.Kmet,TE,CHI,6.332186865046775,0.0,1,2026-09-17T22:42:15.070668,B
2024,17,00-0036332,J.Deguara,TE,JAX,0.3584323434950907,0.0,1,2026-09-17T22:42:15.070668,B
2024,17,00-0036422,A.Trautman,TE,DEN,3.4487962474335188,1.5,1,2026-09-17T22:42:15.070668,B
2024,17,00-0036429,C.Woerner,TE,ATL,2.032825328242929,1.6,1,2026-09-17T22:42:15.070668,B
2024,17,00-0036510,K.Yeboah,TE,NYJ,-0.1983456490657396,0.0,1,2026-09-17T22:42:15.070668,B
2024,17,00-0036534,S.Zylstra,TE,DET,0.7539688833913036,0.0,1,2026-09-17T22:42:15.070668,B
2024,17,00-0036590,Q.Morris,TE,BUF,0.6589621139887649,0.0,1,2026-09-17T22:42:15.070668,B
2024,17,00-0036628,J.Bates,TE,WAS,1.4853759582616641,2.4,1,2026-09-17T22:42:15.070668,B
2024,17,00-0036637,N.Gray,TE,KC,4.654128268503478,1.6,1,2026-09-17T22:42:15.070668,B
2024,17,00-0036741,J.Stoll,TE,MIA,-0.9937627273059988,0.0,1,2026-09-17T22:42:15.070668,B
2024,17,00-0036754,B.Wright,TE,DET,2.3617699503197414,0.0,1,2026-09-17T22:42:15.070668,B
2024,17,00-0036825,F.Franks,TE,CAR,-0.9896769540224524,0.0,1,2026-09-17T22:42:15.070668,B
2024,17,00-0036876,K.Granson,TE,IND,4.025374823090255,6.4,1,2026-09-17T22:42:15.070668,B
2024,17,00-0036887,L.Farrell,TE,JAX,1.9404407029047905,0.0,1,2026-09-17T22:42:15.070668,B
2024,17,00-0036894,P.Freiermuth,TE,PIT,8.390491597721555,11.0,1,2026-09-17T22:42:15.070668,B
2024,17,00-0036970,K.Pitts,TE,ATL,7.035827233199319,14.4,1,2026-09-17T22:42:15.070668,B
2024,17,00-0037004,H.Long,TE,LA,1.6680761374789141,0.0,1,2026-09-17T22:42:15.070668,B
2024,17,00-0037005,T.Tremble,TE,CAR,4.268996474108627,0.0,1,2026-09-17T22:42:15.070668,B
2024,17,00-0037086,G.Calcaterra,TE,PHI,4.227342970769652,4.4,1,2026-09-17T22:42:15.070668,B
2024,17,00-0037252,G.Dulcich,TE,NYG,0.6401558522842734,0.0,1,2026-09-17T22:42:15.070668,B
2024,17,00-0037292,A.Ogletree,TE,IND,2.794460538182977,0.0,1,2026-09-17T22:42:15.070668,B
2024,17,00-0037306,J.FitzPatrick,TE,GB,0.39830298852647505,0.0,1,2026-09-17T22:42:15.070668,B
2024,17,00-0037311,K.Kieft,TE,TB,0.06468380827592224,0.0,1,2026-09-17T22:42:15.070668,B
2024,17,00-0037475,S.Smartt,TE,LAC,4.82419648066014,4.3,1,2026-09-17T22:42:15.070668,B
2024,17,00-0037539,L.Krull,TE,DEN,3.7156816109907265,1.3,1,2026-09-17T22:42:15.070668,B
2024,17,00-0037569,P.Hendershot,TE,KC,0.20460772716179942,0.0,1,2026-09-17T22:42:15.070668,B
2024,17,00-0037654,T.Fisk,TE,LAC,0.8455356050198901,1.8,1,2026-09-17T22:42:15.070668,B
2024,17,00-0037744,T.McBride,TE,ARI,13.047755315336634,30.3,1,2026-09-17T22:42:15.070668,B
2024,17,00-0037805,J.Ruckert,TE,NYJ,1.119986260258932,0.0,1,2026-09-17T22:42:15.070668,B
2024,17,00-0037809,C.Okonkwo,TE,TEN,10.617565328698836,10.9,1,2026-09-17T22:42:15.070668,B
2024,17,00-0037838,I.Likely,TE,BAL,6.338686023246917,7.9,1,2026-09-17T22:42:15.070668,B
2024,17,00-0038041,J.Ferguson,TE,DAL,10.000920221789816,2.8,1,2026-09-17T22:42:15.070668,B
2024,17,00-0038115,D.Bellinger,TE,NYG,5.720908167111734,0.0,1,2026-09-17T22:42:15.070668,B
2024,17,00-0038498,E.Jenkins,TE,PHI,0.0026100142031193485,0.0,1,2026-09-17T22:42:15.070668,B
2024,17,00-0038547,L.Schoonmaker,TE,DAL,2.1803085344315773,0.0,1,2026-09-17T22:42:15.070668,B
2024,17,00-0038558,D.Washington,TE,PIT,1.8315906703507312,1.8,1,2026-09-17T22:42:15.070668,B
2024,17,00-0038589,J.Whyle,TE,TEN,2.253594370612078,0.0,1,2026-09-17T22:42:15.070668,B
2024,17,00-0038643,B.Willis,TE,SF,-0.23732104332961335,0.0,1,2026-09-17T22:42:15.070668,B
2024,17,00-0038710,B.Whiteheart,TE,CLE,-0.6245698497026897,1.8,1,2026-09-17T22:42:15.070668,B
2024,17,00-0038720,J.Hill,TE,MIA,0.4949188895178098,0.0,1,2026-09-17T22:42:15.070668,B
2024,17,00-0038783,N.Adkins,TE,DEN,2.278447006107435,1.7,1,2026-09-17T22:42:15.070668,B
2024,17,00-0038809,B.Sims,TE,GB,0.6013813075458767,0.0,1,2026-09-17T22:42:15.070668,B
2024,17,00-0038933,D.Kincaid,TE,BUF,9.010995269329248,4.4,1,2026-09-17T22:42:15.070668,B
2024,17,00-0038935,B.Strange,TE,JAX,6.442788809732051,0.0,1,2026-09-17T22:42:15.070668,B
2024,17,00-0038996,T.Kraft,TE,GB,6.809844136783173,7.3,1,2026-09-17T22:42:15.070668,B
2024,17,00-0039041,E.Higgins,TE,ARI,1.188807382176253,4.3,1,2026-09-17T22:42:15.070668,B
2024,17,00-0039050,P.Durham,TE,TB,4.386108363025185,11.6,1,2026-09-17T22:42:15.070668,B
2024,17,00-0039065,S.LaPorta,TE,DET,13.003501447368695,18.4,1,2026-09-17T22:42:15.070668,B
2024,17,00-0039066,M.Mayer,TE,LV,6.082678506870494,2.4,1,2026-09-17T22:42:15.070668,B
2024,17,00-0039074,D.Allen,TE,LA,0.41463535425674625,0.0,1,2026-09-17T22:42:15.070668,B
2024,17,00-0039144,L.Musgrave,TE,GB,3.478137035047824,1.4,1,2026-09-17T22:42:15.070668,B
2024,17,00-0039338,B.Bowers,TE,LV,12.883359633753882,14.6,1,2026-09-17T22:42:15.070668,B
2024,17,00-0039356,J.Sanders,TE,CAR,3.753438147998752,1.5,1,2026-09-17T22:42:15.070668,B
2024,17,00-0039359,C.Stover,TE,HOU,3.8747805692838115,1.1,1,2026-09-17T22:42:15.070668,B
2024,17,00-0039399,Tanner McLachlan,TE,CIN,0.14305151090625845,0.0,1,2026-09-17T22:42:15.070668,B
2024,17,00-0039420,J.Bell,TE,NE,-1.3337100198692315,0.0,1,2026-09-17T22:42:15.070668,B
2024,17,00-0039458,B.Bates,TE,CLE,-1.8788700351425964,0.0,1,2026-09-17T22:42:15.070668,B
2024,17,00-0039530,B.Spann-Ford,TE,DAL,0.22893228147901912,0.0,1,2026-09-17T22:42:15.070668,B
2024,17,00-0039613,D.Holker,TE,NO,0.9259453177309034,0.0,1,2026-09-17T22:42:15.070668,B
2024,17,00-0039631,C.Grandy,TE,CIN,0.9257753456288897,1.7,1,2026-09-17T22:42:15.070668,B
2024,17,00-0039648,D.Martin-Robinson,TE,TEN,-0.21482674946282465,0.0,1,2026-09-17T22:42:15.070668,B
2024,17,00-0039737,T.Reiman,TE,ARI,2.2869220217539716,0.0,1,2026-09-17T22:42:15.070668,B
2024,17,00-0039754,D.Culp,TE,TB,0.23798656303749866,8.2,1,2026-09-17T22:42:15.070668,B
2024,17,00-0039793,A.Barner,TE,SEA,2.6850304078204688,0.0,1,2026-09-17T22:42:15.070668,B
2024,17,00-0039912,B.Sinnott,TE,WAS,1.2411690086224922,0.0,1,2026-09-17T22:42:15.070668,B
2024,18,00-0030578,C.Patterson,RB,PIT,2.4641621530226177,0.1,1,2026-09-17T22:42:15.070668,B
2024,18,00-0031687,R.Mostert,RB,MIA,8.552001300343251,0.0,1,2026-09-17T22:42:15.070668,B
2024,18,00-0032764,D.Henry,RB,BAL,16.15011153128739,30.1,1,2026-09-17T22:42:15.070668,B
2024,18,00-0033293,A.Jones,RB,MIN,12.749827893974402,12.5,1,2026-09-17T22:42:15.070668,B
2024,18,00-0033526,S.Perine,RB,KC,4.089179151340189,2.4,1,2026-09-17T22:42:15.070668,B
2024,18,00-0033699,A.Ekeler,RB,WAS,11.976707898485223,5.2,1,2026-09-17T22:42:15.070668,B
2024,18,00-0033854,D.Ogunbowale,RB,HOU,2.536023221088384,4.3,1,2026-09-17T22:42:15.070668,B
2024,18,00-0033897,J.Mixon,RB,HOU,12.57975785230541,3.8,1,2026-09-17T22:42:15.070668,B
2024,18,00-0033925,D.Foreman,RB,CLE,4.327444225055887,4.5,1,2026-09-17T22:42:15.070668,B
2024,18,00-0033948,J.Williams,RB,NO,3.0341563818527906,3.2,1,2026-09-17T22:42:15.070668,B
2024,18,00-0033955,J.McNichols,RB,WAS,5.463983309721278,0.0,1,2026-09-17T22:42:15.070668,B
2024,18,00-0034115,J.Wilson,RB,MIA,3.1451769081538314,-0.4,1,2026-09-17T22:42:15.070668,B
2024,18,00-0034208,M.Boone,RB,CAR,1.890196829215788,2.6,1,2026-09-17T22:42:15.070668,B
2024,18,00-0034972,A.Mattison,RB,LV,8.131619735321898,7.1,1,2026-09-17T22:42:15.070668,B
2024,18,00-0035243,M.Sanders,RB,CAR,4.466707640653472,26.6,1,2026-09-17T22:42:15.070668,B
2024,18,00-0035250,D.Singletary,RB,NYG,7.523143333048084,2.7,1,2026-09-17T22:42:15.070668,B
2024,18,00-0035261,T.Pollard,RB,TEN,10.054881990183093,6.2,1,2026-09-17T22:42:15.070668,B
2024,18,00-0035291,T.Williams,RB,CIN,0.7013810478281624,0.0,1,2026-09-17T22:42:15.070668,B
2024,18,00-0035537,T.Johnson,RB,BUF,6.1437344255721005,2.3,1,2026-09-17T22:42:15.070668,B
2024,18,00-0035567,C.Reynolds,RB,DET,4.955668741327523,3.9,1,2026-09-17T22:42:15.070668,B
2024,18,00-0035628,D.Johnson,RB,JAX,1.8785696758266468,3.6,1,2026-09-17T22:42:15.070668,B
2024,18,00-0035700,J.Jacobs,RB,GB,15.837042875931989,11.6,1,2026-09-17T22:42:15.070668,B
2024,18,00-0035860,T.Jones,RB,ARI,4.39669810849244,11.5,1,2026-09-17T22:42:15.070668,B
2024,18,00-0035973,P.Taylor,RB,SF,3.883949205005095,13.1,1,2026-09-17T22:42:15.070668,B
2024,18,00-0036139,R.Dowdle,RB,DAL,10.0551558645589,16.4,1,2026-09-17T22:42:15.070668,B
2024,18,00-0036158,J.Dobbins,RB,LAC,13.000565559308352,10.5,1,2026-09-17T22:42:15.070668,B
2024,18,00-0036223,J.Taylor,RB,IND,19.1199881695176,25.0,1,2026-09-17T22:42:15.070668,B
2024,18,00-0036275,D.Swift,RB,CHI,12.186513913689039,12.5,1,2026-09-17T22:42:15.070668,B
2024,18,00-0036328,A.Gibson,RB,NE,10.30373774558878,10.1,1,2026-09-17T22:42:15.070668,B
2024,18,00-0036360,C.Edwards-Helaire,RB,NO,3.83961856367001,5.0,1,2026-09-17T22:42:15.070668,B
2024,18,00-0036370,J.Kelley,RB,TEN,0.14574925689258045,0.2,1,2026-09-17T22:42:15.070668,B
2024,18,00-0036414,C.Akers,RB,MIN,5.977565656029077,8.9,1,2026-09-17T22:42:15.070668,B
2024,18,00-0036425,D.Dallas,RB,ARI,3.8280212963987905,3.7,1,2026-09-17T22:42:15.070668,B
2024,18,00-0036893,N.Harris,RB,PIT,11.397207243742866,15.6,1,2026-09-17T22:42:15.070668,B
2024,18,00-0036906,K.Herbert,RB,CIN,2.888153559579769,15.3,1,2026-09-17T22:42:15.070668,B
2024,18,00-0036919,K.Gainwell,RB,PHI,5.587406291602853,4.3,1,2026-09-17T22:42:15.070668,B
2024,18,00-0036924,M.Carter,RB,ARI,9.524352118798236,15.9,1,2026-09-17T22:42:15.070668,B
2024,18,00-0036973,T.Etienne,RB,JAX,12.003733313851447,9.0,1,2026-09-17T22:42:15.070668,B
2024,18,00-0036984,T.Sermon,RB,IND,3.0817992200607103,1.5,1,2026-09-17T22:42:15.070668,B
2024,18,00-0036997,J.Williams,RB,DEN,10.48421381180011,10.8,1,2026-09-17T22:42:15.070668,B
2024,18,00-0037120,T.Goodson,RB,IND,2.603255260759717,1.5,1,2026-09-17T22:42:15.070668,B
2024,18,00-0037228,J.Warren,RB,PIT,10.828029104898206,2.1,1,2026-09-17T22:42:15.070668,B
2024,18,00-0037248,J.Cook,RB,BUF,13.814177463439666,8.8,1,2026-09-17T22:42:15.070668,B
2024,18,00-0037256,R.White,RB,TB,11.047898679465167,0.0,1,2026-09-17T22:42:15.070668,B
2024,18,00-0037258,D.Pierce,RB,HOU,4.26872039254838,23.6,1,2026-09-17T22:42:15.070668,B
2024,18,00-0037263,T.Allgeier,RB,ATL,6.826815911059224,8.9,1,2026-09-17T22:42:15.070668,B
2024,18,00-0037304,C.Heyward,RB,PIT,2.1178352626922345,0.0,1,2026-09-17T22:42:15.070668,B
2024,18,00-0037429,R.Blackshear,RB,CAR,6.874344473353838,4.7,1,2026-09-17T22:42:15.070668,B
2024,18,00-0037557,R.Rivers,RB,LA,3.2423246716537273,12.2,1,2026-09-17T22:42:15.070668,B
2024,18,00-0037594,J.Chestnut,RB,TEN,3.40513300378972,1.1,1,2026-09-17T22:42:15.070668,B
2024,18,00-0037617,H.Haskins,RB,LAC,5.928092578769837,9.3,1,2026-09-17T22:42:15.070668,B
2024,18,00-0037746,Br.Robinson,RB,WAS,12.395653887754499,2.6,1,2026-09-17T22:42:15.070668,B
2024,18,00-0038120,B.Hall,RB,NYJ,13.25859443269957,18.2,1,2026-09-17T22:42:15.070668,B
2024,18,00-0038396,E.Gray,RB,NYG,1.522844067413927,2.0,1,2026-09-17T22:42:15.070668,B
2024,18,00-0038454,K.Mitchell,RB,BAL,6.378817747523472,1.0,1,2026-09-17T22:42:15.070668,B
2024,18,00-0038542,Bi.Robinson,RB,ATL,18.38965175092337,31.3,1,2026-09-17T22:42:15.070668,B
2024,18,00-0038555,T.Bigsby,RB,JAX,7.180901092360055,11.2,1,2026-09-17T22:42:15.070668,B
2024,18,00-0038611,C.Rodriguez,RB,WAS,3.4218610414869133,0.0,1,2026-09-17T22:42:15.070668,B
2024,18,00-0038622,D.Vaughn,RB,DAL,3.005878217623702,3.7,1,2026-09-17T22:42:15.070668,B
2024,18,00-0038636,K.McIntosh,RB,SEA,4.911066044850968,4.9,1,2026-09-17T22:42:15.070668,B
2024,18,00-0038678,J.Mims,RB,NO,5.095590016621089,5.5,1,2026-09-17T22:42:15.070668,B
2024,18,00-0038685,C.Brooks,RB,GB,3.9217414076885078,5.9,1,2026-09-17T22:42:15.070668,B
2024,18,00-0038794,J.McLaughlin,RB,DEN,9.559233888883007,6.8,1,2026-09-17T22:42:15.070668,B
2024,18,00-0038797,E.Wilson,RB,GB,7.697616474967955,14.1,1,2026-09-17T22:42:15.070668,B
2024,18,00-0038951,S.Tucker,RB,TB,7.209921678782369,1.6,1,2026-09-17T22:42:15.070668,B
2024,18,00-0039021,R.Johnson,RB,CHI,3.318370166479405,6.9,1,2026-09-17T22:42:15.070668,B
2024,18,00-0039040,D.Achane,RB,MIA,14.198760426851909,18.1,1,2026-09-17T22:42:15.070668,B
2024,18,00-0039139,J.Gibbs,RB,DET,16.260206581185038,46.0,1,2026-09-17T22:42:15.070668,B
2024,18,00-0039165,Z.Charbonnet,RB,SEA,11.670542258678225,5.9,1,2026-09-17T22:42:15.070668,B
2024,18,00-0039244,C.Collier,RB,LV,0.3048495189186671,1.2,1,2026-09-17T22:42:15.070668,B
2024,18,00-0039266,K.Milton,RB,CIN,0.5243620465691423,0.0,1,2026-09-17T22:42:15.070668,B
2024,18,00-0039325,C.Steele,RB,KC,1.6836715225860575,4.7,1,2026-09-17T22:42:15.070668,B
2024,18,00-0039361,B.Irving,RB,TB,14.770493385543734,16.4,1,2026-09-17T22:42:15.070668,B
2024,18,00-0039363,I.Guerendo,RB,SF,13.14667935204982,0.5,1,2026-09-17T22:42:15.070668,B
2024,18,00-0039373,A.Estime,RB,DEN,6.653696144373599,9.4,1,2026-09-17T22:42:15.070668,B
2024,18,00-0039384,T.Tracy,RB,NYG,10.467242143680288,8.6,1,2026-09-17T22:42:15.070668,B
2024,18,00-0039385,Keilan Robinson,RB,JAX,0.7992139407260987,0.0,1,2026-09-17T22:42:15.070668,B
2024,18,00-0039391,K.Vidal,RB,LAC,3.8083470315318273,0.0,1,2026-09-17T22:42:15.070668,B
2024,18,00-0039407,D.Laube,RB,LV,-0.8842214416789478,0.0,1,2026-09-17T22:42:15.070668,B
2024,18,00-0039617,J.Kibodi,RB,CLE,1.0088382375127303,4.9,1,2026-09-17T22:42:15.070668,B
2024,18,00-0039703,C.Schrader,RB,LA,2.920524453613509,1.9,1,2026-09-17T22:42:15.070668,B
2024,18,00-0039738,B.Corum,RB,LA,4.329606176192185,3.2,1,2026-09-17T22:42:15.070668,B
2024,18,00-0039746,W.Shipley,RB,PHI,1.6054868916813838,10.7,1,2026-09-17T22:42:15.070668,B
2024,18,00-0039757,T.Jennings,RB,NE,2.850105257506793,2.0,1,2026-09-17T22:42:15.070668,B
2024,18,00-0039794,B.Allen,RB,NYJ,3.967416321022691,4.3,1,2026-09-17T22:42:15.070668,B
2024,18,00-0039796,R.Ali,RB,BAL,4.158501357416521,0.0,1,2026-09-17T22:42:15.070668,B
2024,18,00-0039798,I.Davis,RB,NYJ,4.154715580541672,4.1,1,2026-09-17T22:42:15.070668,B
2024,18,00-0039874,J.Wright,RB,MIA,3.0069536020127074,-0.4,1,2026-09-17T22:42:15.070668,B
2024,18,00-0039875,R.Davis,RB,BUF,5.562064809424947,14.5,1,2026-09-17T22:42:15.070668,B
2024,18,00-0030035,A.Thielen,WR,CAR,12.904406508593265,9.4,1,2026-09-17T22:42:15.070668,B
2024,18,00-0030279,K.Allen,WR,CHI,16.8615192845642,3.5,1,2026-09-17T22:42:15.070668,B
2024,18,00-0030431,R.Woods,WR,HOU,4.638781421036191,3.9,1,2026-09-17T22:42:15.070668,B
2024,18,00-0031236,B.Cooks,WR,DAL,9.377682535629576,4.0,1,2026-09-17T22:42:15.070668,B
2024,18,00-0031381,D.Adams,WR,NYJ,15.977010732360345,20.8,1,2026-09-17T22:42:15.070668,B
2024,18,00-0031408,M.Evans,WR,TB,17.86736977988568,17.9,1,2026-09-17T22:42:15.070668,B
2024,18,00-0031941,J.Crowder,WR,WAS,5.388670209530565,0.0,1,2026-09-17T22:42:15.070668,B
2024,18,00-0032128,C.Conley,WR,SF,0.22489600173097113,9.9,1,2026-09-17T22:42:15.070668,B
2024,18,00-0032211,T.Lockett,WR,SEA,8.913465845449672,4.8,1,2026-09-17T22:42:15.070668,B
2024,18,00-0032385,S.Shepard,WR,TB,3.8324981814605295,2.1,1,2026-09-17T22:42:15.070668,B
2024,18,00-0032464,K.Raymond,WR,DET,3.252622183937971,2.1,1,2026-09-17T22:42:15.070668,B
2024,18,00-0032543,A.Erickson,WR,NE,3.293461769572904,0.0,1,2026-09-17T22:42:15.070668,B
2024,18,00-0032775,D.Robinson,WR,LA,3.2377535938490762,10.2,1,2026-09-17T22:42:15.070668,B
2024,18,00-0033040,T.Hill,WR,MIA,15.184780707066706,4.0,1,2026-09-17T22:42:15.070668,B
2024,18,00-0033251,Z.Pascal,WR,ARI,0.5723939889278871,0.0,1,2026-09-17T22:42:15.070668,B
2024,18,00-0033282,C.Samuel,WR,BUF,4.485508298489398,12.2,1,2026-09-17T22:42:15.070668,B
2024,18,00-0033292,T.Taylor,WR,SF,-0.382200618725995,2.1,1,2026-09-17T22:42:15.070668,B
2024,18,00-0033307,K.Bourne,WR,NE,7.098706555538626,3.2,1,2026-09-17T22:42:15.070668,B
2024,18,00-0033375,T.Patrick,WR,DET,6.500219391608903,3.5,1,2026-09-17T22:42:15.070668,B
2024,18,00-0033536,M.Williams,WR,PIT,6.825330940678256,3.5,1,2026-09-17T22:42:15.070668,B
2024,18,00-0033555,M.Hollins,WR,BUF,5.088746223694482,5.5,1,2026-09-17T22:42:15.070668,B
2024,18,00-0033589,D.Moore,WR,CAR,4.287222277542786,7.9,1,2026-09-17T22:42:15.070668,B
2024,18,00-0033857,J.Smith-Schuster,WR,KC,3.3275332410491956,1.4,1,2026-09-17T22:42:15.070668,B
2024,18,00-0033891,Z.Jones,WR,ARI,4.326899854520859,8.6,1,2026-09-17T22:42:15.070668,B
2024,18,00-0033943,J.Reynolds,WR,JAX,4.049219008582961,2.1,1,2026-09-17T22:42:15.070668,B
2024,18,00-0034054,R.Cracraft,WR,MIA,1.3686107697259775,7.8,1,2026-09-17T22:42:15.070668,B
2024,18,00-0034272,M.Valdes-Scantling,WR,NO,7.180706053890766,6.3,1,2026-09-17T22:42:15.070668,B
2024,18,00-0034348,C.Sutton,WR,DEN,14.424443939677769,20.8,1,2026-09-17T22:42:15.070668,B
2024,18,00-0034386,J.Watson,WR,KC,2.3914999416358844,1.5,1,2026-09-17T22:42:15.070668,B
2024,18,00-0034407,R.McCloud,WR,ATL,6.324918316166743,10.6,1,2026-09-17T22:42:15.070668,B
2024,18,00-0034418,C.Wilson,WR,NO,4.394732757608706,5.2,1,2026-09-17T22:42:15.070668,B
2024,18,00-0034487,T.Sherfield,WR,MIN,-0.02785268866246504,0.0,1,2026-09-17T22:42:15.070668,B
2024,18,00-0034521,A.Lazard,WR,NYJ,5.649792527832915,16.1,1,2026-09-17T22:42:15.070668,B
2024,18,00-0034646,B.Powell,WR,MIN,2.127916768979377,0.0,1,2026-09-17T22:42:15.070668,B
2024,18,00-0034777,D.Chark,WR,LAC,3.9855174276129053,7.6,1,2026-09-17T22:42:15.070668,B
2024,18,00-0034827,D.Moore,WR,CHI,15.669337887607927,22.1,1,2026-09-17T22:42:15.070668,B
2024,18,00-0034837,C.Ridley,WR,TEN,12.585931759562103,10.3,1,2026-09-17T22:42:15.070668,B
2024,18,00-0034854,K.Hodge,WR,ATL,2.365034199717903,3.4,1,2026-09-17T22:42:15.070668,B
2024,18,00-0034860,D.Pettis,WR,NO,5.127295524453786,9.6,1,2026-09-17T22:42:15.070668,B
2024,18,00-0034960,J.Meyers,WR,LV,10.920686118500377,27.3,1,2026-09-17T22:42:15.070668,B
2024,18,00-0035021,A.Dulin,WR,IND,0.3996183361703869,0.0,1,2026-09-17T22:42:15.070668,B
2024,18,00-0035208,O.Zaccheaus,WR,WAS,10.290839077572913,7.1,1,2026-09-17T22:42:15.070668,B
2024,18,00-0035216,D.Johnson,WR,HOU,3.463432332237348,3.2,1,2026-09-17T22:42:15.070668,B
2024,18,00-0035406,L.Humphrey,WR,DEN,1.4548253849300652,4.6,1,2026-09-17T22:42:15.070668,B
2024,18,00-0035500,G.Dortch,WR,ARI,5.423276560259215,21.4,1,2026-09-17T22:42:15.070668,B
2024,18,00-0035535,D.Slayton,WR,NYG,6.212693368447921,0.0,1,2026-09-17T22:42:15.070668,B
2024,18,00-0035640,D.Metcalf,WR,SEA,10.931054476008633,14.3,1,2026-09-17T22:42:15.070668,B
2024,18,00-0035659,T.McLaurin,WR,WAS,12.699412640705312,20.2,1,2026-09-17T22:42:15.070668,B
2024,18,00-0035976,D.Chisena,WR,CAR,0.21093623506236892,0.0,1,2026-09-17T22:42:15.070668,B
2024,18,00-0036133,J.Proche,WR,CLE,-0.127617692429272,0.0,1,2026-09-17T22:42:15.070668,B
2024,18,00-0036176,M.Kinsey,WR,TEN,1.556701356418782,0.0,1,2026-09-17T22:42:15.070668,B
2024,18,00-0036182,N.Westbrook-Ikhine,WR,TEN,7.477807297347372,9.0,1,2026-09-17T22:42:15.070668,B
2024,18,00-0036252,M.Pittman,WR,IND,13.992351351390777,13.2,1,2026-09-17T22:42:15.070668,B
2024,18,00-0036254,C.Johnson,WR,CHI,-1.448061308859482,0.0,1,2026-09-17T22:42:15.070668,B
2024,18,00-0036259,J.Jennings,WR,SF,10.397170879216109,12.2,1,2026-09-17T22:42:15.070668,B
2024,18,00-0036322,J.Jefferson,WR,MIN,19.783121244040284,8.4,1,2026-09-17T22:42:15.070668,B
2024,18,00-0036331,D.Duvernay,WR,JAX,2.711512555650735,0.0,1,2026-09-17T22:42:15.070668,B
2024,18,00-0036407,J.Jeudy,WR,CLE,15.002725189997662,12.3,1,2026-09-17T22:42:15.070668,B
2024,18,00-0036410,T.Higgins,WR,CIN,15.01484036252189,9.3,1,2026-09-17T22:42:15.070668,B
2024,18,00-0036415,V.Jefferson,WR,PIT,3.226199886125615,4.8,1,2026-09-17T22:42:15.070668,B
2024,18,00-0036427,T.Johnson,WR,LA,0.8954743845013224,13.5,1,2026-09-17T22:42:15.070668,B
2024,18,00-0036463,C.Blair,WR,ATL,0.3449423137569818,0.0,1,2026-09-17T22:42:15.070668,B
2024,18,00-0036497,T.Jones,WR,JAX,-0.14664190210153372,0.0,1,2026-09-17T22:42:15.070668,B
2024,18,00-0036550,R.Bateman,WR,BAL,7.221982568969252,18.6,1,2026-09-17T22:42:15.070668,B
2024,18,00-0036554,N.Collins,WR,HOU,12.609779038717084,14.8,1,2026-09-17T22:42:15.070668,B
2024,18,00-0036613,J.Waddle,WR,MIA,10.566826680930232,9.0,1,2026-09-17T22:42:15.070668,B
2024,18,00-0036626,D.Brown,WR,WAS,6.670558529223038,5.4,1,2026-09-17T22:42:15.070668,B
2024,18,00-0036627,D.Fitzpatrick,WR,LAC,-0.07042707357554523,0.0,1,2026-09-17T22:42:15.070668,B
2024,18,00-0036630,T.Wallace,WR,BAL,2.111025320594889,0.0,1,2026-09-17T22:42:15.070668,B
2024,18,00-0036849,T.Atwell,WR,LA,1.7787127913324134,8.7,1,2026-09-17T22:42:15.070668,B
2024,18,00-0036862,B.Skowronek,WR,PIT,-0.37360698609660137,0.0,1,2026-09-17T22:42:15.070668,B
2024,18,00-0036900,J.Chase,WR,CIN,17.641970984107562,25.6,1,2026-09-17T22:42:15.070668,B
2024,18,00-0036955,T.Marshall,WR,LV,1.163026072974378,0.0,1,2026-09-17T22:42:15.070668,B
2024,18,00-0036963,A.St. Brown,WR,DET,19.43916111564631,13.7,1,2026-09-17T22:42:15.070668,B
2024,18,00-0036980,E.Moore,WR,CLE,6.0044292552808445,6.6,1,2026-09-17T22:42:15.070668,B
2024,18,00-0037091,B.Melton,WR,GB,3.540925028651551,0.1,1,2026-09-17T22:42:15.070668,B
2024,18,00-0037093,D.Young,WR,SEA,1.0284126807579126,0.0,1,2026-09-17T22:42:15.070668,B
2024,18,00-0037231,K.Austin,WR,NO,3.6539602316686626,2.3,1,2026-09-17T22:42:15.070668,B
2024,18,00-0037238,D.London,WR,ATL,13.84557694810746,40.7,1,2026-09-17T22:42:15.070668,B
2024,18,00-0037240,J.Williams,WR,DET,11.50046718783348,9.4,1,2026-09-17T22:42:15.070668,B
2024,18,00-0037247,G.Pickens,WR,PIT,10.8647608502248,1.0,1,2026-09-17T22:42:15.070668,B
2024,18,00-0037291,J.Nailor,WR,MIN,4.300452953729362,8.3,1,2026-09-17T22:42:15.070668,B
2024,18,00-0037380,K.Davis,WR,CLE,0.9116548319417408,0.0,1,2026-09-17T22:42:15.070668,B
2024,18,00-0037422,K.Pryor,WR,CIN,0.6263931518337911,0.0,1,2026-09-17T22:42:15.070668,B
2024,18,00-0037524,T.Martin,WR,TEN,-1.087735652066157,11.9,1,2026-09-17T22:42:15.070668,B
2024,18,00-0037614,J.Metchie,WR,HOU,5.850599784645815,4.4,1,2026-09-17T22:42:15.070668,B
2024,18,00-0037664,A.Pierce,WR,IND,9.383552582483969,13.7,1,2026-09-17T22:42:15.070668,B
2024,18,00-0037666,J.Tolbert,WR,DAL,6.075451425364872,13.8,1,2026-09-17T22:42:15.070668,B
2024,18,00-0037740,G.Wilson,WR,NYJ,12.144841499193475,9.1,1,2026-09-17T22:42:15.070668,B
2024,18,00-0037741,J.Dotson,WR,PHI,4.080788126108454,16.4,1,2026-09-17T22:42:15.070668,B
2024,18,00-0037801,K.Turpin,WR,DAL,4.432138440133281,8.8,1,2026-09-17T22:42:15.070668,B
2024,18,00-0037837,C.Austin,WR,PIT,8.035562826565728,0.0,1,2026-09-17T22:42:15.070668,B
2024,18,00-0038117,W.Robinson,WR,NYG,10.785477270493733,14.3,1,2026-09-17T22:42:15.070668,B
2024,18,00-0038124,C.Watson,WR,GB,7.8830852263188405,0.0,1,2026-09-17T22:42:15.070668,B
2024,18,00-0038359,X.Smith,WR,LA,-0.22378930073620484,0.6,1,2026-09-17T22:42:15.070668,B
2024,18,00-0038393,D.Wicks,WR,GB,7.634846299851692,9.9,1,2026-09-17T22:42:15.070668,B
2024,18,00-0038465,M.Heath,WR,GB,1.662198110100669,8.3,1,2026-09-17T22:42:15.070668,B
2024,18,00-0038496,X.Gipson,WR,NYJ,1.0339722571115493,0.5,1,2026-09-17T22:42:15.070668,B
2024,18,00-0038519,N.Remigio,WR,KC,-0.3686255199764945,6.8,1,2026-09-17T22:42:15.070668,B
2024,18,00-0038543,J.Smith-Njigba,WR,SEA,15.823630540442593,5.3,1,2026-09-17T22:42:15.070668,B
2024,18,00-0038544,Q.Johnston,WR,LAC,9.924526337862257,31.6,1,2026-09-17T22:42:15.070668,B
2024,18,00-0038563,T.Tucker,WR,LV,6.603668534248123,5.4,1,2026-09-17T22:42:15.070668,B
2024,18,00-0038573,D.Davis,WR,LAC,4.053692730667537,1.4,1,2026-09-17T22:42:15.070668,B
2024,18,00-0038606,P.Washington,WR,JAX,8.402937592971316,9.5,1,2026-09-17T22:42:15.070668,B
2024,18,00-0038608,K.Boutte,WR,NE,8.355167936663532,24.7,1,2026-09-17T22:42:15.070668,B
2024,18,00-0038618,X.Hutchinson,WR,HOU,3.747838214618427,1.5,1,2026-09-17T22:42:15.070668,B
2024,18,00-0038619,A.Iosivas,WR,CIN,6.0730759659336995,3.2,1,2026-09-17T22:42:15.070668,B
2024,18,00-0038621,D.Douglas,WR,NE,8.20611163629983,6.4,1,2026-09-17T22:42:15.070668,B
2024,18,00-0038640,J.Brooks,WR,DAL,2.3643638289194673,0.0,1,2026-09-17T22:42:15.070668,B
2024,18,00-0038752,J.Bobo,WR,SEA,2.6218171090101405,7.4,1,2026-09-17T22:42:15.070668,B
2024,18,00-0038821,R.Jarrett,WR,TB,2.584872722560858,0.0,1,2026-09-17T22:42:15.070668,B
2024,18,00-0038824,R.Miller,WR,TB,4.924273441775046,0.0,1,2026-09-17T22:42:15.070668,B
2024,18,00-0038938,J.Hyatt,WR,NYG,1.212889267950505,0.0,1,2026-09-17T22:42:15.070668,B
2024,18,00-0038976,M.Mims,WR,DEN,11.160062626175685,22.1,1,2026-09-17T22:42:15.070668,B
2024,18,00-0038994,J.Addison,WR,MIN,14.608904375829724,1.0,1,2026-09-17T22:42:15.070668,B
2024,18,00-0038997,J.Downs,WR,IND,9.731925163840977,19.4,1,2026-09-17T22:42:15.070668,B
2024,18,00-0039052,T.Palmer,WR,TB,4.796172409058151,0.0,1,2026-09-17T22:42:15.070668,B
2024,18,00-0039062,J.Mingo,WR,DAL,3.6563040516347405,4.4,1,2026-09-17T22:42:15.070668,B
2024,18,00-0039064,Z.Flowers,WR,BAL,13.278049878179017,3.1,1,2026-09-17T22:42:15.070668,B
2024,18,00-0039146,J.Reed,WR,GB,11.121574216448213,5.1,1,2026-09-17T22:42:15.070668,B
2024,18,00-0039236,J.Wilson,WR,PHI,-0.0873256766222239,5.4,1,2026-09-17T22:42:15.070668,B
2024,18,00-0039337,M.Nabers,WR,NYG,17.422818096980563,17.4,1,2026-09-17T22:42:15.070668,B
2024,18,00-0039342,X.Legette,WR,CAR,9.384030015376842,6.0,1,2026-09-17T22:42:15.070668,B
2024,18,00-0039355,L.McCaffrey,WR,WAS,2.4156810930555856,0.0,1,2026-09-17T22:42:15.070668,B
2024,18,00-0039365,J.Cowing,WR,SF,1.9267374484066488,5.7,1,2026-09-17T22:42:15.070668,B
2024,18,00-0039379,J.Thrash,WR,CLE,0.8217540199082984,0.0,1,2026-09-17T22:42:15.070668,B
2024,18,00-0039410,R.Flournoy,WR,DAL,2.9485134922485683,3.4,1,2026-09-17T22:42:15.070668,B
2024,18,00-0039424,D.Vele,WR,DEN,5.004202513952057,15.0,1,2026-09-17T22:42:15.070668,B
2024,18,00-0039451,I.Williams,WR,CIN,0.32782441048754674,0.0,1,2026-09-17T22:42:15.070668,B
2024,18,00-0039491,J.Coker,WR,CAR,6.2565012048404265,14.0,1,2026-09-17T22:42:15.070668,B
2024,18,00-0039521,X.Weaver,WR,ARI,4.01045554765496,0.0,1,2026-09-17T22:42:15.070668,B
2024,18,00-0039543,R.Keyton,WR,LV,-0.25197973809728413,0.0,1,2026-09-17T22:42:15.070668,B
2024,18,00-0039650,B.Oliver,WR,TEN,0.5976582547464382,2.5,1,2026-09-17T22:42:15.070668,B
2024,18,00-0039747,A.Smith,WR,PHI,1.3123741977573804,13.9,1,2026-09-17T22:42:15.070668,B
2024,18,00-0039751,J.Whittington,WR,LA,0.492209163913663,12.8,1,2026-09-17T22:42:15.070668,B
2024,18,00-0039792,D.Walker,WR,BAL,4.552780807298464,0.0,1,2026-09-17T22:42:15.070668,B
2024,18,00-0039849,M.Harrison,WR,ARI,13.664932409376611,17.3,1,2026-09-17T22:42:15.070668,B
2024,18,00-0039853,J.Baker,WR,NE,1.3248919238120829,2.2,1,2026-09-17T22:42:15.070668,B
2024,18,00-0039855,J.McMillan,WR,TB,10.512887711152976,19.0,1,2026-09-17T22:42:15.070668,B
2024,18,00-0039868,T.Franklin,WR,DEN,5.323809716154601,3.2,1,2026-09-17T22:42:15.070668,B
2024,18,00-0039880,M.Washington,WR,MIA,7.7951349597256705,8.8,1,2026-09-17T22:42:15.070668,B
2024,18,00-0039890,A.Mitchell,WR,IND,4.552326055648177,0.0,1,2026-09-17T22:42:15.070668,B
2024,18,00-0039893,Bri.Thomas,WR,JAX,17.811189133995125,17.3,1,2026-09-17T22:42:15.070668,B
2024,18,00-0039894,X.Worthy,WR,KC,13.925259029888968,0.0,1,2026-09-17T22:42:15.070668,B
2024,18,00-0039901,K.Coleman,WR,BUF,8.150821619209214,6.0,1,2026-09-17T22:42:15.070668,B
2024,18,00-0039915,L.McConkey,WR,LAC,12.529317607882362,14.5,1,2026-09-17T22:42:15.070668,B
2024,18,00-0039916,R.Pearsall,WR,SF,11.34961376955808,18.9,1,2026-09-17T22:42:15.070668,B
2024,18,00-0039919,R.Odunze,WR,CHI,10.13584617569866,3.8,1,2026-09-17T22:42:15.070668,B
2024,18,00-0024243,M.Lewis,TE,CHI,-0.07083675209298335,0.0,1,2026-09-17T22:42:15.070668,B
2024,18,00-0030061,Z.Ertz,TE,WAS,7.889671110135215,15.4,1,2026-09-17T22:42:15.070668,B
2024,18,00-0031484,C.Manhertz,TE,NYG,1.1950157764565574,2.6,1,2026-09-17T22:42:15.070668,B
2024,18,00-0031585,M.Pruitt,TE,PIT,0.5198850728783331,0.0,1,2026-09-17T22:42:15.070668,B
2024,18,00-0032392,A.Hooper,TE,NE,4.504079321283498,6.7,1,2026-09-17T22:42:15.070668,B
2024,18,00-0032394,N.Vannett,TE,TEN,-0.27725350919073755,4.6,1,2026-09-17T22:42:15.070668,B
2024,18,00-0033110,T.Higbee,TE,LA,4.372794225687808,15.6,1,2026-09-17T22:42:15.070668,B
2024,18,00-0033217,M.Alie-Cox,TE,IND,3.133334679472969,0.0,1,2026-09-17T22:42:15.070668,B
2024,18,00-0033246,J.Mundt,TE,MIN,0.11698441106157365,0.0,1,2026-09-17T22:42:15.070668,B
2024,18,00-0033288,G.Kittle,TE,SF,13.642624055704783,4.7,1,2026-09-17T22:42:15.070668,B
2024,18,00-0033439,P.Brown,TE,SEA,0.9435988515782205,0.0,1,2026-09-17T22:42:15.070668,B
2024,18,00-0033576,E.Saubert,TE,SF,0.9047424965618269,5.7,1,2026-09-17T22:42:15.070668,B
2024,18,00-0033858,J.Smith,TE,MIA,9.48264525468272,18.6,1,2026-09-17T22:42:15.070668,B
2024,18,00-0033895,G.Everett,TE,CHI,2.815191311977052,0.0,1,2026-09-17T22:42:15.070668,B
2024,18,00-0034073,R.Dwelley,TE,ATL,0.33112436717480165,0.0,1,2026-09-17T22:42:15.070668,B
2024,18,00-0034159,W.Dissly,TE,LAC,4.04537188683032,15.2,1,2026-09-17T22:42:15.070668,B
2024,18,00-0034270,T.Conklin,TE,NYJ,9.074688587120923,9.6,1,2026-09-17T22:42:15.070668,B
2024,18,00-0034351,D.Goedert,TE,PHI,10.105038641148534,9.5,1,2026-09-17T22:42:15.070668,B
2024,18,00-0034364,J.Akins,TE,CLE,4.715943492190749,18.0,1,2026-09-17T22:42:15.070668,B
2024,18,00-0034383,D.Schultz,TE,HOU,9.242330911185306,5.9,1,2026-09-17T22:42:15.070668,B
2024,18,00-0034613,T.Hudson,TE,CIN,2.7641244314212727,2.1,1,2026-09-17T22:42:15.070668,B
2024,18,00-0034753,M.Andrews,TE,BAL,9.47271560065703,15.4,1,2026-09-17T22:42:15.070668,B
2024,18,00-0034798,D.Smythe,TE,MIA,2.083316581751828,0.0,1,2026-09-17T22:42:15.070668,B
2024,18,00-0034829,M.Gesicki,TE,CIN,7.218704253856615,14.8,1,2026-09-17T22:42:15.070668,B
2024,18,00-0034830,H.Hurst,TE,LAC,2.8608890511591127,0.0,1,2026-09-17T22:42:15.070668,B
2024,18,00-0034970,I.Smith,TE,HOU,1.2300929267649532,0.0,1,2026-09-17T22:42:15.070668,B
2024,18,00-0034981,F.Moreau,TE,NO,5.693573288904395,7.1,1,2026-09-17T22:42:15.070668,B
2024,18,00-0035229,T.Hockenson,TE,MIN,10.424297893859595,2.9,1,2026-09-17T22:42:15.070668,B
2024,18,00-0035249,J.Oliver,TE,MIN,1.9246496328592482,3.6,1,2026-09-17T22:42:15.070668,B
2024,18,00-0035631,D.Sample,TE,CIN,2.2000469256059287,5.4,1,2026-09-17T22:42:15.070668,B
2024,18,00-0035644,N.Fant,TE,SEA,7.742260514141158,17.3,1,2026-09-17T22:42:15.070668,B
2024,18,00-0036040,J.Johnson,TE,NO,7.991613337678544,14.0,1,2026-09-17T22:42:15.070668,B
2024,18,00-0036232,H.Bryant,TE,LV,0.4314050097822868,0.0,1,2026-09-17T22:42:15.070668,B
2024,18,00-0036244,C.Parkinson,TE,LA,2.8271466363409505,1.6,1,2026-09-17T22:42:15.070668,B
2024,18,00-0036290,C.Kmet,TE,CHI,6.07812077165035,2.3,1,2026-09-17T22:42:15.070668,B
2024,18,00-0036332,J.Deguara,TE,JAX,0.7453597813991539,0.0,1,2026-09-17T22:42:15.070668,B
2024,18,00-0036422,A.Trautman,TE,DEN,4.779229252422332,0.0,1,2026-09-17T22:42:15.070668,B
2024,18,00-0036429,C.Woerner,TE,ATL,2.9712826109918717,0.0,1,2026-09-17T22:42:15.070668,B
2024,18,00-0036510,K.Yeboah,TE,NYJ,0.3218299723289979,4.0,1,2026-09-17T22:42:15.070668,B
2024,18,00-0036534,S.Zylstra,TE,DET,0.90214482799969,0.0,1,2026-09-17T22:42:15.070668,B
2024,18,00-0036590,Q.Morris,TE,BUF,0.7021592791384137,5.0,1,2026-09-17T22:42:15.070668,B
2024,18,00-0036628,J.Bates,TE,WAS,1.8890103447639213,0.0,1,2026-09-17T22:42:15.070668,B
2024,18,00-0036637,N.Gray,TE,KC,2.7109856850311074,0.7,1,2026-09-17T22:42:15.070668,B
2024,18,00-0036754,B.Wright,TE,DET,2.0257917957238365,0.0,1,2026-09-17T22:42:15.070668,B
2024,18,00-0036825,F.Franks,TE,CAR,-0.7996602731446814,2.2,1,2026-09-17T22:42:15.070668,B
2024,18,00-0036876,K.Granson,TE,IND,4.811513509859324,1.7,1,2026-09-17T22:42:15.070668,B
2024,18,00-0036887,L.Farrell,TE,JAX,2.529128150427971,1.4,1,2026-09-17T22:42:15.070668,B
2024,18,00-0036894,P.Freiermuth,TE,PIT,9.097590324942875,22.5,1,2026-09-17T22:42:15.070668,B
2024,18,00-0036970,K.Pitts,TE,ATL,8.161711824941152,3.5,1,2026-09-17T22:42:15.070668,B
2024,18,00-0037004,H.Long,TE,LA,0.5690216060370226,0.0,1,2026-09-17T22:42:15.070668,B
2024,18,00-0037005,T.Tremble,TE,CAR,3.742422150268001,11.0,1,2026-09-17T22:42:15.070668,B
2024,18,00-0037086,G.Calcaterra,TE,PHI,3.440829190306565,3.0,1,2026-09-17T22:42:15.070668,B
2024,18,00-0037112,J.Tonges,TE,SF,0.45368014759242836,0.0,1,2026-09-17T22:42:15.070668,B
2024,18,00-0037252,G.Dulcich,TE,NYG,0.6288407113189782,0.0,1,2026-09-17T22:42:15.070668,B
2024,18,00-0037292,A.Ogletree,TE,IND,2.333388067768814,3.1,1,2026-09-17T22:42:15.070668,B
2024,18,00-0037306,J.FitzPatrick,TE,GB,0.29196802865329374,0.0,1,2026-09-17T22:42:15.070668,B
2024,18,00-0037311,K.Kieft,TE,TB,0.6028723692696527,0.0,1,2026-09-17T22:42:15.070668,B
2024,18,00-0037475,S.Smartt,TE,LAC,3.618487044392694,0.0,1,2026-09-17T22:42:15.070668,B
2024,18,00-0037539,L.Krull,TE,DEN,3.574031724525322,0.0,1,2026-09-17T22:42:15.070668,B
2024,18,00-0037569,P.Hendershot,TE,KC,-0.1800039184535871,4.5,1,2026-09-17T22:42:15.070668,B
2024,18,00-0037654,T.Fisk,TE,LAC,1.20978666988196,0.0,1,2026-09-17T22:42:15.070668,B
2024,18,00-0037744,T.McBride,TE,ARI,13.930324185994255,19.5,1,2026-09-17T22:42:15.070668,B
2024,18,00-0037805,J.Ruckert,TE,NYJ,1.7481217334441435,1.5,1,2026-09-17T22:42:15.070668,B
2024,18,00-0037809,C.Okonkwo,TE,TEN,11.184253484839314,0.0,1,2026-09-17T22:42:15.070668,B
2024,18,00-0037838,I.Likely,TE,BAL,6.149901966954413,6.8,1,2026-09-17T22:42:15.070668,B
2024,18,00-0038041,J.Ferguson,TE,DAL,9.301976534515692,3.2,1,2026-09-17T22:42:15.070668,B
2024,18,00-0038046,C.Kolar,TE,BAL,1.582762755901542,0.0,1,2026-09-17T22:42:15.070668,B
2024,18,00-0038115,D.Bellinger,TE,NYG,4.558425977077268,2.9,1,2026-09-17T22:42:15.070668,B
2024,18,00-0038498,E.Jenkins,TE,PHI,0.3265102736817811,7.7,1,2026-09-17T22:42:15.070668,B
2024,18,00-0038547,L.Schoonmaker,TE,DAL,1.4187097679998866,3.6,1,2026-09-17T22:42:15.070668,B
2024,18,00-0038558,D.Washington,TE,PIT,0.9534520498116184,0.0,1,2026-09-17T22:42:15.070668,B
2024,18,00-0038589,J.Whyle,TE,TEN,1.9573722450119146,9.9,1,2026-09-17T22:42:15.070668,B
2024,18,00-0038643,B.Willis,TE,SF,-0.16201598775452286,0.0,1,2026-09-17T22:42:15.070668,B
2024,18,00-0038710,B.Whiteheart,TE,CLE,0.10067138254344155,1.1,1,2026-09-17T22:42:15.070668,B
2024,18,00-0038720,J.Hill,TE,MIA,0.9574900028920714,0.0,1,2026-09-17T22:42:15.070668,B
2024,18,00-0038783,N.Adkins,TE,DEN,2.8634486375119645,5.5,1,2026-09-17T22:42:15.070668,B
2024,18,00-0038809,B.Sims,TE,GB,0.6506040683827141,0.0,1,2026-09-17T22:42:15.070668,B
2024,18,00-0038935,B.Strange,TE,JAX,7.474031773438644,10.0,1,2026-09-17T22:42:15.070668,B
2024,18,00-0038996,T.Kraft,TE,GB,7.521849746641458,7.6,1,2026-09-17T22:42:15.070668,B
2024,18,00-0039041,E.Higgins,TE,ARI,2.0124356712264677,0.0,1,2026-09-17T22:42:15.070668,B
2024,18,00-0039050,P.Durham,TE,TB,5.265612858143095,9.6,1,2026-09-17T22:42:15.070668,B
2024,18,00-0039065,S.LaPorta,TE,DET,13.480556292963717,13.3,1,2026-09-17T22:42:15.070668,B
2024,18,00-0039066,M.Mayer,TE,LV,4.570435544588862,6.1,1,2026-09-17T22:42:15.070668,B
2024,18,00-0039074,D.Allen,TE,LA,-0.2247816523892574,0.0,1,2026-09-17T22:42:15.070668,B
2024,18,00-0039144,L.Musgrave,TE,GB,3.899162366927489,2.9,1,2026-09-17T22:42:15.070668,B
2024,18,00-0039338,B.Bowers,TE,LV,13.205140443223298,15.0,1,2026-09-17T22:42:15.070668,B
2024,18,00-0039356,J.Sanders,TE,CAR,3.362315203413683,6.5,1,2026-09-17T22:42:15.070668,B
2024,18,00-0039359,C.Stover,TE,HOU,2.6278154736618746,0.0,1,2026-09-17T22:42:15.070668,B
2024,18,00-0039420,J.Bell,TE,NE,-0.847998945337225,2.9,1,2026-09-17T22:42:15.070668,B
2024,18,00-0039458,B.Bates,TE,CLE,-0.7656756993042029,0.0,1,2026-09-17T22:42:15.070668,B
2024,18,00-0039530,B.Spann-Ford,TE,DAL,-0.0604693503898206,0.0,1,2026-09-17T22:42:15.070668,B
2024,18,00-0039613,D.Holker,TE,NO,0.667967592820597,3.1,1,2026-09-17T22:42:15.070668,B
2024,18,00-0039631,C.Grandy,TE,CIN,0.3508000187278997,1.9,1,2026-09-17T22:42:15.070668,B
2024,18,00-0039648,D.Martin-Robinson,TE,TEN,-0.3572924017281949,0.0,1,2026-09-17T22:42:15.070668,B
2024,18,00-0039737,T.Reiman,TE,ARI,2.1707240414967046,0.0,1,2026-09-17T22:42:15.070668,B
2024,18,00-0039754,D.Culp,TE,TB,2.9676928339889512,5.6,1,2026-09-17T22:42:15.070668,B
2024,18,00-0039793,A.Barner,TE,SEA,2.2932844936921435,14.4,1,2026-09-17T22:42:15.070668,B
2024,18,00-0039912,B.Sinnott,TE,WAS,1.2937449219477357,0.0,1,2026-09-17T22:42:15.070668,B
2024,19,00-0032764,D.Henry,RB,BAL,18.20282930408893,30.6,1,2026-09-17T22:42:15.070668,B
2024,19,00-0033293,A.Jones,RB,MIN,13.702718160523801,9.0,1,2026-09-17T22:42:15.070668,B
2024,19,00-0033699,A.Ekeler,RB,WAS,9.858558183222435,8.3,1,2026-09-17T22:42:15.070668,B
2024,19,00-0033854,D.Ogunbowale,RB,HOU,2.5469257531909975,0.5,1,2026-09-17T22:42:15.070668,B
2024,19,00-0033897,J.Mixon,RB,HOU,9.01558406762336,16.9,1,2026-09-17T22:42:15.070668,B
2024,19,00-0033955,J.McNichols,RB,WAS,2.601207439406978,0.1,1,2026-09-17T22:42:15.070668,B
2024,19,00-0034184,G.Edwards,RB,LAC,11.05062145710204,2.2,1,2026-09-17T22:42:15.070668,B
2024,19,00-0034844,S.Barkley,RB,PHI,16.70420699701983,14.3,1,2026-09-17T22:42:15.070668,B
2024,19,00-0034975,J.Hill,RB,BAL,7.625167078062367,12.5,1,2026-09-17T22:42:15.070668,B
2024,19,00-0035537,T.Johnson,RB,BUF,6.465154483863145,15.0,1,2026-09-17T22:42:15.070668,B
2024,19,00-0035700,J.Jacobs,RB,GB,10.23866166675276,21.1,1,2026-09-17T22:42:15.070668,B
2024,19,00-0036158,J.Dobbins,RB,LAC,11.999205250078951,2.6,1,2026-09-17T22:42:15.070668,B
2024,19,00-0036414,C.Akers,RB,MIN,6.209011882491673,3.9,1,2026-09-17T22:42:15.070668,B
2024,19,00-0036893,N.Harris,RB,PIT,11.905329632370627,8.8,1,2026-09-17T22:42:15.070668,B
2024,19,00-0036919,K.Gainwell,RB,PHI,6.196100205605367,1.4,1,2026-09-17T22:42:15.070668,B
2024,19,00-0036997,J.Williams,RB,DEN,9.306657809704832,6.3,1,2026-09-17T22:42:15.070668,B
2024,19,00-0037085,T.Badie,RB,DEN,4.467286502103664,0.8,1,2026-09-17T22:42:15.070668,B
2024,19,00-0037228,J.Warren,RB,PIT,9.18985526064209,6.5,1,2026-09-17T22:42:15.070668,B
2024,19,00-0037248,J.Cook,RB,BUF,11.898902270307348,18.0,1,2026-09-17T22:42:15.070668,B
2024,19,00-0037256,R.White,RB,TB,7.246462962233084,3.5,1,2026-09-17T22:42:15.070668,B
2024,19,00-0037258,D.Pierce,RB,HOU,12.280785540920428,1.5,1,2026-09-17T22:42:15.070668,B
2024,19,00-0037557,R.Rivers,RB,LA,10.071903310899735,0.8,1,2026-09-17T22:42:15.070668,B
2024,19,00-0037617,H.Haskins,RB,LAC,6.3211597323102,0.5,1,2026-09-17T22:42:15.070668,B
2024,19,00-0037746,Br.Robinson,RB,WAS,8.912572173796544,7.8,1,2026-09-17T22:42:15.070668,B
2024,19,00-0037840,K.Williams,RB,LA,15.880321306392347,18.2,1,2026-09-17T22:42:15.070668,B
2024,19,00-0038685,C.Brooks,RB,GB,3.4690250574995893,2.9,1,2026-09-17T22:42:15.070668,B
2024,19,00-0038794,J.McLaughlin,RB,DEN,8.544686768238673,0.8,1,2026-09-17T22:42:15.070668,B
2024,19,00-0038797,E.Wilson,RB,GB,7.544931564119329,3.9,1,2026-09-17T22:42:15.070668,B
2024,19,00-0039361,B.Irving,RB,TB,14.993709109238743,16.3,1,2026-09-17T22:42:15.070668,B
2024,19,00-0039875,R.Davis,RB,BUF,9.673713213407755,0.3,1,2026-09-17T22:42:15.070668,B
2024,19,00-0030431,R.Woods,WR,HOU,6.022015667489644,4.2,1,2026-09-17T22:42:15.070668,B
2024,19,00-0031408,M.Evans,WR,TB,17.931407938357495,22.2,1,2026-09-17T22:42:15.070668,B
2024,19,00-0031544,A.Cooper,WR,BUF,8.396969996912272,2.8,1,2026-09-17T22:42:15.070668,B
2024,19,00-0031549,N.Agholor,WR,BAL,3.4711308173639592,3.5,1,2026-09-17T22:42:15.070668,B
2024,19,00-0032775,D.Robinson,WR,LA,5.45835631202479,3.3,1,2026-09-17T22:42:15.070668,B
2024,19,00-0033282,C.Samuel,WR,BUF,9.27357932253468,15.8,1,2026-09-17T22:42:15.070668,B
2024,19,00-0033536,M.Williams,WR,PIT,6.617133137855734,4.7,1,2026-09-17T22:42:15.070668,B
2024,19,00-0033555,M.Hollins,WR,BUF,8.179976271244836,2.9,1,2026-09-17T22:42:15.070668,B
2024,19,00-0033908,C.Kupp,WR,LA,8.735428207138114,3.9,1,2026-09-17T22:42:15.070668,B
2024,19,00-0034348,C.Sutton,WR,DEN,12.581574917366432,12.5,1,2026-09-17T22:42:15.070668,B
2024,19,00-0034353,A.Miller,WR,BAL,1.2458017429167336,4.2,1,2026-09-17T22:42:15.070668,B
2024,19,00-0034487,T.Sherfield,WR,MIN,-0.06423474136877694,2.8,1,2026-09-17T22:42:15.070668,B
2024,19,00-0034777,D.Chark,WR,LAC,4.8561203701249624,2.0,1,2026-09-17T22:42:15.070668,B
2024,19,00-0034928,S.Sims,WR,BAL,-0.21333884531573322,1.5,1,2026-09-17T22:42:15.070668,B
2024,19,00-0035208,O.Zaccheaus,WR,WAS,9.722031234323246,4.9,1,2026-09-17T22:42:15.070668,B
2024,19,00-0035216,D.Johnson,WR,HOU,7.061828333264529,2.2,1,2026-09-17T22:42:15.070668,B
2024,19,00-0035659,T.McLaurin,WR,WAS,12.823962220045775,21.9,1,2026-09-17T22:42:15.070668,B
2024,19,00-0035676,A.Brown,WR,PHI,17.960365345157097,2.0,1,2026-09-17T22:42:15.070668,B
2024,19,00-0036322,J.Jefferson,WR,MIN,18.87150442987663,10.8,1,2026-09-17T22:42:15.070668,B
2024,19,00-0036415,V.Jefferson,WR,PIT,4.71542597362548,11.7,1,2026-09-17T22:42:15.070668,B
2024,19,00-0036550,R.Bateman,WR,BAL,8.075962730813547,10.4,1,2026-09-17T22:42:15.070668,B
2024,19,00-0036554,N.Collins,WR,HOU,11.031611610694444,25.2,1,2026-09-17T22:42:15.070668,B
2024,19,00-0036626,D.Brown,WR,WAS,4.963942587406796,19.9,1,2026-09-17T22:42:15.070668,B
2024,19,00-0036630,T.Wallace,WR,BAL,2.97511956512482,3.1,1,2026-09-17T22:42:15.070668,B
2024,19,00-0036912,D.Smith,WR,PHI,17.569695126997726,9.5,1,2026-09-17T22:42:15.070668,B
2024,19,00-0037091,B.Melton,WR,GB,3.8075451421333844,2.6,1,2026-09-17T22:42:15.070668,B
2024,19,00-0037247,G.Pickens,WR,PIT,10.08019447647591,19.7,1,2026-09-17T22:42:15.070668,B
2024,19,00-0037261,K.Shakir,WR,BUF,9.01595853062196,12.1,1,2026-09-17T22:42:15.070668,B
2024,19,00-0037291,J.Nailor,WR,MIN,5.066718355240867,6.3,1,2026-09-17T22:42:15.070668,B
2024,19,00-0037614,J.Metchie,WR,HOU,6.359614061425732,4.8,1,2026-09-17T22:42:15.070668,B
2024,19,00-0037741,J.Dotson,WR,PHI,9.083767287398242,8.1,1,2026-09-17T22:42:15.070668,B
2024,19,00-0037816,R.Doubs,WR,GB,11.25755738514291,3.3,1,2026-09-17T22:42:15.070668,B
2024,19,00-0037837,C.Austin,WR,PIT,5.7476323824865325,3.5,1,2026-09-17T22:42:15.070668,B
2024,19,00-0038393,D.Wicks,WR,GB,8.425054948340238,5.9,1,2026-09-17T22:42:15.070668,B
2024,19,00-0038465,M.Heath,WR,GB,4.006775543697202,0.0,1,2026-09-17T22:42:15.070668,B
2024,19,00-0038544,Q.Johnston,WR,LAC,12.318469812488416,0.0,1,2026-09-17T22:42:15.070668,B
2024,19,00-0038573,D.Davis,WR,LAC,4.779913268810809,1.1,1,2026-09-17T22:42:15.070668,B
2024,19,00-0038618,X.Hutchinson,WR,HOU,4.454966514185249,4.4,1,2026-09-17T22:42:15.070668,B
2024,19,00-0038976,M.Mims,WR,DEN,10.027299390806853,3.3,1,2026-09-17T22:42:15.070668,B
2024,19,00-0038994,J.Addison,WR,MIN,13.071574299969527,5.9,1,2026-09-17T22:42:15.070668,B
2024,19,00-0039075,P.Nacua,WR,LA,18.60764187544908,10.1,1,2026-09-17T22:42:15.070668,B
2024,19,00-0039146,J.Reed,WR,GB,9.449326391552567,8.6,1,2026-09-17T22:42:15.070668,B
2024,19,00-0039424,D.Vele,WR,DEN,5.377616979263505,0.0,1,2026-09-17T22:42:15.070668,B
2024,19,00-0039855,J.McMillan,WR,TB,9.931432083620345,6.1,1,2026-09-17T22:42:15.070668,B
2024,19,00-0039868,T.Franklin,WR,DEN,4.202927825121855,13.4,1,2026-09-17T22:42:15.070668,B
2024,19,00-0039901,K.Coleman,WR,BUF,10.245660268168372,1.5,1,2026-09-17T22:42:15.070668,B
2024,19,00-0039915,L.McConkey,WR,LAC,12.062807931617847,34.7,1,2026-09-17T22:42:15.070668,B
2024,19,00-0030061,Z.Ertz,TE,WAS,9.605973677052344,4.3,1,2026-09-17T22:42:15.070668,B
2024,19,00-0033110,T.Higbee,TE,LA,6.664750307743104,10.8,1,2026-09-17T22:42:15.070668,B
2024,19,00-0033246,J.Mundt,TE,MIN,-0.46029350823646986,4.8,1,2026-09-17T22:42:15.070668,B
2024,19,00-0034159,W.Dissly,TE,LAC,5.278748541341994,3.6,1,2026-09-17T22:42:15.070668,B
2024,19,00-0034351,D.Goedert,TE,PHI,8.751911027389962,14.7,1,2026-09-17T22:42:15.070668,B
2024,19,00-0034383,D.Schultz,TE,HOU,8.426545301100536,4.3,1,2026-09-17T22:42:15.070668,B
2024,19,00-0034753,M.Andrews,TE,BAL,11.221387400463001,5.2,1,2026-09-17T22:42:15.070668,B
2024,19,00-0035229,T.Hockenson,TE,MIN,10.519019412825994,17.4,1,2026-09-17T22:42:15.070668,B
2024,19,00-0035249,J.Oliver,TE,MIN,2.4861959149218484,1.5,1,2026-09-17T22:42:15.070668,B
2024,19,00-0035689,D.Knox,TE,BUF,5.287467433050867,5.8,1,2026-09-17T22:42:15.070668,B
2024,19,00-0036244,C.Parkinson,TE,LA,2.023884280329278,3.3,1,2026-09-17T22:42:15.070668,B
2024,19,00-0036422,A.Trautman,TE,DEN,4.076573151139778,1.2,1,2026-09-17T22:42:15.070668,B
2024,19,00-0036628,J.Bates,TE,WAS,1.4222738401445838,0.0,1,2026-09-17T22:42:15.070668,B
2024,19,00-0036894,P.Freiermuth,TE,PIT,11.01422866591064,4.5,1,2026-09-17T22:42:15.070668,B
2024,19,00-0037004,H.Long,TE,LA,0.0847478913186075,2.3,1,2026-09-17T22:42:15.070668,B
2024,19,00-0037086,G.Calcaterra,TE,PHI,3.198654095004482,1.4,1,2026-09-17T22:42:15.070668,B
2024,19,00-0037539,L.Krull,TE,DEN,2.2963133335800725,1.2,1,2026-09-17T22:42:15.070668,B
2024,19,00-0037654,T.Fisk,TE,LAC,0.9436533377711562,2.5,1,2026-09-17T22:42:15.070668,B
2024,19,00-0037838,I.Likely,TE,BAL,5.391505673538278,8.3,1,2026-09-17T22:42:15.070668,B
2024,19,00-0038129,C.Otton,TE,TB,8.660526342707422,5.2,1,2026-09-17T22:42:15.070668,B
2024,19,00-0038558,D.Washington,TE,PIT,0.9989237697701241,1.9,1,2026-09-17T22:42:15.070668,B
2024,19,00-0038933,D.Kincaid,TE,BUF,9.369536815914811,7.7,1,2026-09-17T22:42:15.070668,B
2024,19,00-0038996,T.Kraft,TE,GB,8.141101021534213,8.6,1,2026-09-17T22:42:15.070668,B
2024,19,00-0039074,D.Allen,TE,LA,0.4799655028382457,8.3,1,2026-09-17T22:42:15.070668,B
2024,19,00-0039359,C.Stover,TE,HOU,2.7310515591045865,6.8,1,2026-09-17T22:42:15.070668,B
2024,20,00-0032764,D.Henry,RB,BAL,16.871043390511545,14.4,1,2026-09-17T22:42:15.070668,B
2024,20,00-0033526,S.Perine,RB,KC,6.491363881851147,0.0,1,2026-09-17T22:42:15.070668,B
2024,20,00-0033699,A.Ekeler,RB,WAS,9.139427557525412,12.8,1,2026-09-17T22:42:15.070668,B
2024,20,00-0033854,D.Ogunbowale,RB,HOU,1.9100148186601746,1.9,1,2026-09-17T22:42:15.070668,B
2024,20,00-0033897,J.Mixon,RB,HOU,12.115630244016772,18.0,1,2026-09-17T22:42:15.070668,B
2024,20,00-0033923,K.Hunt,RB,KC,9.985137656817104,11.6,1,2026-09-17T22:42:15.070668,B
2024,20,00-0033955,J.McNichols,RB,WAS,2.2974414188339516,6.8,1,2026-09-17T22:42:15.070668,B
2024,20,00-0034844,S.Barkley,RB,PHI,18.297010810904304,39.2,1,2026-09-17T22:42:15.070668,B
2024,20,00-0034975,J.Hill,RB,BAL,8.917336888647576,7.7,1,2026-09-17T22:42:15.070668,B
2024,20,00-0035537,T.Johnson,RB,BUF,6.9090633745320345,4.9,1,2026-09-17T22:42:15.070668,B
2024,20,00-0035685,D.Montgomery,RB,DET,13.140849900948066,3.6,1,2026-09-17T22:42:15.070668,B
2024,20,00-0036919,K.Gainwell,RB,PHI,4.460770173988729,3.0,1,2026-09-17T22:42:15.070668,B
2024,20,00-0037197,I.Pacheco,RB,KC,8.86068669809238,1.8,1,2026-09-17T22:42:15.070668,B
2024,20,00-0037248,J.Cook,RB,BUF,10.996693651989416,11.2,1,2026-09-17T22:42:15.070668,B
2024,20,00-0037258,D.Pierce,RB,HOU,9.119933600229293,1.0,1,2026-09-17T22:42:15.070668,B
2024,20,00-0037746,Br.Robinson,RB,WAS,9.826403385569202,19.7,1,2026-09-17T22:42:15.070668,B
2024,20,00-0037840,K.Williams,RB,LA,14.777028728660522,9.5,1,2026-09-17T22:42:15.070668,B
2024,20,00-0039139,J.Gibbs,RB,DET,19.40692617349344,35.5,1,2026-09-17T22:42:15.070668,B
2024,20,00-0039875,R.Davis,RB,BUF,5.151692233038352,8.9,1,2026-09-17T22:42:15.070668,B
2024,20,00-0030564,D.Hopkins,WR,KC,8.758351234554137,0.0,1,2026-09-17T22:42:15.070668,B
2024,20,00-0031544,A.Cooper,WR,BUF,8.634244708604763,0.0,1,2026-09-17T22:42:15.070668,B
2024,20,00-0031549,N.Agholor,WR,BAL,3.391738784166142,0.0,1,2026-09-17T22:42:15.070668,B
2024,20,00-0031941,J.Crowder,WR,WAS,4.227586105432039,4.5,1,2026-09-17T22:42:15.070668,B
2024,20,00-0032464,K.Raymond,WR,DET,3.2939531482758264,6.7,1,2026-09-17T22:42:15.070668,B
2024,20,00-0032775,D.Robinson,WR,LA,4.61781779372288,10.4,1,2026-09-17T22:42:15.070668,B
2024,20,00-0033282,C.Samuel,WR,BUF,8.490245343468072,2.9,1,2026-09-17T22:42:15.070668,B
2024,20,00-0033375,T.Patrick,WR,DET,6.1638317167562615,3.2,1,2026-09-17T22:42:15.070668,B
2024,20,00-0033555,M.Hollins,WR,BUF,5.879828062211239,2.2,1,2026-09-17T22:42:15.070668,B
2024,20,00-0033857,J.Smith-Schuster,WR,KC,5.255011923429599,0.0,1,2026-09-17T22:42:15.070668,B
2024,20,00-0033908,C.Kupp,WR,LA,7.3764584328691445,11.1,1,2026-09-17T22:42:15.070668,B
2024,20,00-0034353,A.Miller,WR,BAL,2.098186563082704,2.6,1,2026-09-17T22:42:15.070668,B
2024,20,00-0034928,S.Sims,WR,BAL,1.6712967879795757,1.4,1,2026-09-17T22:42:15.070668,B
2024,20,00-0035208,O.Zaccheaus,WR,WAS,8.618852505441893,0.0,1,2026-09-17T22:42:15.070668,B
2024,20,00-0035659,T.McLaurin,WR,WAS,13.779859258203842,18.7,1,2026-09-17T22:42:15.070668,B
2024,20,00-0035662,M.Brown,WR,KC,7.5268344289742055,0.0,1,2026-09-17T22:42:15.070668,B
2024,20,00-0035676,A.Brown,WR,PHI,16.199653195232685,3.4,1,2026-09-17T22:42:15.070668,B
2024,20,00-0036550,R.Bateman,WR,BAL,7.566620342852878,16.6,1,2026-09-17T22:42:15.070668,B
2024,20,00-0036554,N.Collins,WR,HOU,13.037774126600093,13.1,1,2026-09-17T22:42:15.070668,B
2024,20,00-0036626,D.Brown,WR,WAS,7.404249790747301,15.8,1,2026-09-17T22:42:15.070668,B
2024,20,00-0036630,T.Wallace,WR,BAL,2.752697392424648,3.7,1,2026-09-17T22:42:15.070668,B
2024,20,00-0036849,T.Atwell,WR,LA,4.204353082862005,2.8,1,2026-09-17T22:42:15.070668,B
2024,20,00-0036912,D.Smith,WR,PHI,15.841960338361666,6.1,1,2026-09-17T22:42:15.070668,B
2024,20,00-0036963,A.St. Brown,WR,DET,17.430942359413994,21.7,1,2026-09-17T22:42:15.070668,B
2024,20,00-0037240,J.Williams,WR,DET,12.683047645588712,13.0,1,2026-09-17T22:42:15.070668,B
2024,20,00-0037261,K.Shakir,WR,BUF,8.323204763586958,12.7,1,2026-09-17T22:42:15.070668,B
2024,20,00-0037614,J.Metchie,WR,HOU,6.1214615432455,5.5,1,2026-09-17T22:42:15.070668,B
2024,20,00-0038618,X.Hutchinson,WR,HOU,2.1975633678006083,9.2,1,2026-09-17T22:42:15.070668,B
2024,20,00-0038728,J.Wayne,WR,HOU,0.8116443840196297,0.0,1,2026-09-17T22:42:15.070668,B
2024,20,00-0039075,P.Nacua,WR,LA,17.20554734589137,15.7,1,2026-09-17T22:42:15.070668,B
2024,20,00-0039751,J.Whittington,WR,LA,3.8702023475101734,2.2,1,2026-09-17T22:42:15.070668,B
2024,20,00-0039894,X.Worthy,WR,KC,9.589342497801606,8.7,1,2026-09-17T22:42:15.070668,B
2024,20,00-0039901,K.Coleman,WR,BUF,8.854442991182944,1.5,1,2026-09-17T22:42:15.070668,B
2024,20,00-0030061,Z.Ertz,TE,WAS,8.913820239922607,13.8,1,2026-09-17T22:42:15.070668,B
2024,20,00-0030506,T.Kelce,TE,KC,14.00601217536632,24.7,1,2026-09-17T22:42:15.070668,B
2024,20,00-0033110,T.Higbee,TE,LA,7.1270685400220195,18.4,1,2026-09-17T22:42:15.070668,B
2024,20,00-0034351,D.Goedert,TE,PHI,10.964596641203531,9.6,1,2026-09-17T22:42:15.070668,B
2024,20,00-0034383,D.Schultz,TE,HOU,8.143985122208605,10.3,1,2026-09-17T22:42:15.070668,B
2024,20,00-0034753,M.Andrews,TE,BAL,9.987329722388719,9.4,1,2026-09-17T22:42:15.070668,B
2024,20,00-0034970,I.Smith,TE,HOU,1.4121219589922616,1.2,1,2026-09-17T22:42:15.070668,B
2024,20,00-0035689,D.Knox,TE,BUF,5.423851405752095,1.0,1,2026-09-17T22:42:15.070668,B
2024,20,00-0036244,C.Parkinson,TE,LA,2.5675002549540187,8.9,1,2026-09-17T22:42:15.070668,B
2024,20,00-0036628,J.Bates,TE,WAS,1.8727580802199322,3.0,1,2026-09-17T22:42:15.070668,B
2024,20,00-0036637,N.Gray,TE,KC,2.0806342083767078,4.3,1,2026-09-17T22:42:15.070668,B
2024,20,00-0037838,I.Likely,TE,BAL,6.4443679394248345,17.3,1,2026-09-17T22:42:15.070668,B
2024,20,00-0038933,D.Kincaid,TE,BUF,8.098072401681222,2.1,1,2026-09-17T22:42:15.070668,B
2024,20,00-0039065,S.LaPorta,TE,DET,13.66455332119137,17.1,1,2026-09-17T22:42:15.070668,B
2024,21,00-0033526,S.Perine,RB,KC,4.868725672269971,2.7,1,2026-09-17T22:42:15.070668,B
2024,21,00-0033699,A.Ekeler,RB,WAS,8.207365810656198,6.2,1,2026-09-17T22:42:15.070668,B
2024,21,00-0033923,K.Hunt,RB,KC,8.958678155783934,14.0,1,2026-09-17T22:42:15.070668,B
2024,21,00-0034844,S.Barkley,RB,PHI,20.384899262362147,31.2,1,2026-09-17T22:42:15.070668,B
2024,21,00-0035537,T.Johnson,RB,BUF,6.049377158994472,2.9,1,2026-09-17T22:42:15.070668,B
2024,21,00-0036919,K.Gainwell,RB,PHI,4.169954653075464,4.4,1,2026-09-17T22:42:15.070668,B
2024,21,00-0037197,I.Pacheco,RB,KC,8.244632212596139,4.4,1,2026-09-17T22:42:15.070668,B
2024,21,00-0037248,J.Cook,RB,BUF,11.930367065868435,28.4,1,2026-09-17T22:42:15.070668,B
2024,21,00-0037746,Br.Robinson,RB,WAS,10.468178420776546,3.6,1,2026-09-17T22:42:15.070668,B
2024,21,00-0039746,W.Shipley,RB,PHI,7.329515346309974,13.7,1,2026-09-17T22:42:15.070668,B
2024,21,00-0039875,R.Davis,RB,BUF,5.1558442023957,0.4,1,2026-09-17T22:42:15.070668,B
2024,21,00-0030564,D.Hopkins,WR,KC,7.422013751080606,2.1,1,2026-09-17T22:42:15.070668,B
2024,21,00-0031544,A.Cooper,WR,BUF,8.057044550074524,7.3,1,2026-09-17T22:42:15.070668,B
2024,21,00-0031941,J.Crowder,WR,WAS,2.9998567915839676,1.4,1,2026-09-17T22:42:15.070668,B
2024,21,00-0033282,C.Samuel,WR,BUF,8.570166147169708,7.4,1,2026-09-17T22:42:15.070668,B
2024,21,00-0033555,M.Hollins,WR,BUF,5.226640077613704,16.3,1,2026-09-17T22:42:15.070668,B
2024,21,00-0033857,J.Smith-Schuster,WR,KC,3.9466899142383776,8.0,1,2026-09-17T22:42:15.070668,B
2024,21,00-0034386,J.Watson,WR,KC,5.689327658244917,2.0,1,2026-09-17T22:42:15.070668,B
2024,21,00-0035208,O.Zaccheaus,WR,WAS,4.277553845681924,8.6,1,2026-09-17T22:42:15.070668,B
2024,21,00-0035659,T.McLaurin,WR,WAS,14.702327348470208,14.1,1,2026-09-17T22:42:15.070668,B
2024,21,00-0035662,M.Brown,WR,KC,8.912444548912811,6.5,1,2026-09-17T22:42:15.070668,B
2024,21,00-0035676,A.Brown,WR,PHI,14.343864094591611,21.6,1,2026-09-17T22:42:15.070668,B
2024,21,00-0036626,D.Brown,WR,WAS,8.798613257977001,5.2,1,2026-09-17T22:42:15.070668,B
2024,21,00-0036912,D.Smith,WR,PHI,15.325910262325863,8.5,1,2026-09-17T22:42:15.070668,B
2024,21,00-0037261,K.Shakir,WR,BUF,9.76506982031493,10.6,1,2026-09-17T22:42:15.070668,B
2024,21,00-0039355,L.McCaffrey,WR,WAS,1.903003566719696,0.0,1,2026-09-17T22:42:15.070668,B
2024,21,00-0039894,X.Worthy,WR,KC,11.746750944473863,22.1,1,2026-09-17T22:42:15.070668,B
2024,21,00-0039901,K.Coleman,WR,BUF,7.104907457198576,2.2,1,2026-09-17T22:42:15.070668,B
2024,21,00-0030061,Z.Ertz,TE,WAS,8.328017456730269,21.4,1,2026-09-17T22:42:15.070668,B
2024,21,00-0030506,T.Kelce,TE,KC,15.015401047339974,3.9,1,2026-09-17T22:42:15.070668,B
2024,21,00-0034351,D.Goedert,TE,PHI,11.11064166503809,16.8,1,2026-09-17T22:42:15.070668,B
2024,21,00-0035689,D.Knox,TE,BUF,5.630308588791938,1.7,1,2026-09-17T22:42:15.070668,B
2024,21,00-0036628,J.Bates,TE,WAS,1.9153096895853352,3.1,1,2026-09-17T22:42:15.070668,B
2024,21,00-0038933,D.Kincaid,TE,BUF,7.776406817513152,3.3,1,2026-09-17T22:42:15.070668,B
2024,21,00-0039912,B.Sinnott,TE,WAS,0.5903801446241141,3.3,1,2026-09-17T22:42:15.070668,B
2024,22,00-0033526,S.Perine,RB,KC,3.279916679779909,0.8,1,2026-09-17T22:42:15.070668,B
2024,22,00-0033923,K.Hunt,RB,KC,9.108108386922858,2.4,1,2026-09-17T22:42:15.070668,B
2024,22,00-0034844,S.Barkley,RB,PHI,18.54559277553381,15.7,1,2026-09-17T22:42:15.070668,B
2024,22,00-0036919,K.Gainwell,RB,PHI,3.2455559707957766,1.0,1,2026-09-17T22:42:15.070668,B
2024,22,00-0037197,I.Pacheco,RB,KC,7.048868149636583,2.2,1,2026-09-17T22:42:15.070668,B
2024,22,00-0030564,D.Hopkins,WR,KC,5.596995590951286,11.8,1,2026-09-17T22:42:15.070668,B
2024,22,00-0033857,J.Smith-Schuster,WR,KC,4.493376381988418,3.6,1,2026-09-17T22:42:15.070668,B
2024,22,00-0034386,J.Watson,WR,KC,2.5232162821442152,2.0,1,2026-09-17T22:42:15.070668,B
2024,22,00-0035662,M.Brown,WR,KC,8.335817910184014,3.5,1,2026-09-17T22:42:15.070668,B
2024,22,00-0035676,A.Brown,WR,PHI,15.180524723317205,13.3,1,2026-09-17T22:42:15.070668,B
2024,22,00-0036912,D.Smith,WR,PHI,13.340707334332023,16.9,1,2026-09-17T22:42:15.070668,B
2024,22,00-0037741,J.Dotson,WR,PHI,8.401188401585713,6.2,1,2026-09-17T22:42:15.070668,B
2024,22,00-0039236,J.Wilson,WR,PHI,3.544440839799929,0.0,1,2026-09-17T22:42:15.070668,B
2024,22,00-0039894,X.Worthy,WR,KC,11.008531131631676,35.7,1,2026-09-17T22:42:15.070668,B
2024,22,00-0030506,T.Kelce,TE,KC,14.668219907693313,7.9,1,2026-09-17T22:42:15.070668,B
2024,22,00-0034351,D.Goedert,TE,PHI,12.37876959371577,4.7,1,2026-09-17T22:42:15.070668,B
2024,22,00-0036637,N.Gray,TE,KC,3.2804119656367607,1.2,1,2026-09-17T22:42:15.070668,B
