player,position,season,week,actual_ppr,prediction,model,fold,training_window,weighting_strategy,p25,p50,p75,p90
00-0023459,QB,2023,1,0.0,11.2,baseline_recent_game,2023,all,none,,,,
00-0026158,QB,2023,13,16.2,6.0,baseline_recent_game,2023,all,none,,,,
00-0026158,QB,2023,14,20.3,16.2,baseline_recent_game,2023,all,none,,,,
00-0026158,QB,2023,15,16.9,20.3,baseline_recent_game,2023,all,none,,,,
00-0026158,QB,2023,16,24.8,16.9,baseline_recent_game,2023,all,none,,,,
00-0026158,QB,2023,17,22.7,24.8,baseline_recent_game,2023,all,none,,,,
00-0026158,QB,2023,19,13.6,22.7,baseline_recent_game,2023,all,none,,,,
00-0026498,QB,2023,1,14.5,14.8,baseline_recent_game,2023,all,none,,,,
00-0026498,QB,2023,2,14.0,14.5,baseline_recent_game,2023,all,none,,,,
00-0026498,QB,2023,3,11.5,14.0,baseline_recent_game,2023,all,none,,,,
00-0026498,QB,2023,4,16.2,11.5,baseline_recent_game,2023,all,none,,,,
00-0026498,QB,2023,5,16.9,16.2,baseline_recent_game,2023,all,none,,,,
00-0026498,QB,2023,6,13.2,16.9,baseline_recent_game,2023,all,none,,,,
00-0026498,QB,2023,7,14.0,13.2,baseline_recent_game,2023,all,none,,,,
00-0026498,QB,2023,8,11.4,14.0,baseline_recent_game,2023,all,none,,,,
00-0026498,QB,2023,11,9.7,11.4,baseline_recent_game,2023,all,none,,,,
00-0026498,QB,2023,12,23.4,9.7,baseline_recent_game,2023,all,none,,,,
00-0026498,QB,2023,13,23.0,23.4,baseline_recent_game,2023,all,none,,,,
00-0026498,QB,2023,14,23.7,23.0,baseline_recent_game,2023,all,none,,,,
00-0026498,QB,2023,15,18.5,23.7,baseline_recent_game,2023,all,none,,,,
00-0026498,QB,2023,16,20.7,18.5,baseline_recent_game,2023,all,none,,,,
00-0026498,QB,2023,17,12.6,20.7,baseline_recent_game,2023,all,none,,,,
00-0026498,QB,2023,19,22.7,12.6,baseline_recent_game,2023,all,none,,,,
00-0026625,QB,2023,1,0.0,1.5,baseline_recent_game,2023,all,none,,,,
00-0026625,QB,2023,6,3.8,0.0,baseline_recent_game,2023,all,none,,,,
00-0026625,QB,2023,7,1.2,3.8,baseline_recent_game,2023,all,none,,,,
00-0027948,QB,2023,3,-2.9,5.2,baseline_recent_game,2023,all,none,,,,
00-0027948,QB,2023,18,8.8,-2.9,baseline_recent_game,2023,all,none,,,,
00-0027973,QB,2023,2,0.0,11.0,baseline_recent_game,2023,all,none,,,,
00-0027973,QB,2023,3,23.5,0.0,baseline_recent_game,2023,all,none,,,,
00-0027973,QB,2023,5,0.1,23.5,baseline_recent_game,2023,all,none,,,,
00-0028118,QB,2023,1,0.2,0.0,baseline_recent_game,2023,all,none,,,,
00-0028118,QB,2023,3,0.2,0.2,baseline_recent_game,2023,all,none,,,,
00-0028118,QB,2023,4,0.0,0.2,baseline_recent_game,2023,all,none,,,,
00-0028118,QB,2023,5,4.8,0.0,baseline_recent_game,2023,all,none,,,,
00-0028118,QB,2023,6,10.4,4.8,baseline_recent_game,2023,all,none,,,,
00-0028118,QB,2023,7,21.7,10.4,baseline_recent_game,2023,all,none,,,,
00-0028118,QB,2023,8,3.6,21.7,baseline_recent_game,2023,all,none,,,,
00-0028118,QB,2023,15,0.5,3.6,baseline_recent_game,2023,all,none,,,,
00-0028118,QB,2023,16,9.4,0.5,baseline_recent_game,2023,all,none,,,,
00-0028118,QB,2023,17,18.8,9.4,baseline_recent_game,2023,all,none,,,,
00-0028118,QB,2023,18,17.7,18.8,baseline_recent_game,2023,all,none,,,,
00-0028986,QB,2023,15,11.3,0.1,baseline_recent_game,2023,all,none,,,,
00-0028986,QB,2023,16,-1.5,11.3,baseline_recent_game,2023,all,none,,,,
00-0029263,QB,2023,1,15.2,23.1,baseline_recent_game,2023,all,none,,,,
00-0029263,QB,2023,2,25.9,15.2,baseline_recent_game,2023,all,none,,,,
00-0029263,QB,2023,3,14.2,25.9,baseline_recent_game,2023,all,none,,,,
00-0029263,QB,2023,4,22.2,14.2,baseline_recent_game,2023,all,none,,,,
00-0029263,QB,2023,5,18.7,22.2,baseline_recent_game,2023,all,none,,,,
00-0029263,QB,2023,6,6.9,18.7,baseline_recent_game,2023,all,none,,,,
00-0029263,QB,2023,7,13.9,6.9,baseline_recent_game,2023,all,none,,,,
00-0029263,QB,2023,8,17.6,13.9,baseline_recent_game,2023,all,none,,,,
00-0029263,QB,2023,10,18.7,17.6,baseline_recent_game,2023,all,none,,,,
00-0029263,QB,2023,11,14.5,18.7,baseline_recent_game,2023,all,none,,,,
00-0029263,QB,2023,12,16.8,14.5,baseline_recent_game,2023,all,none,,,,
00-0029263,QB,2023,13,15.8,16.8,baseline_recent_game,2023,all,none,,,,
00-0029263,QB,2023,14,15.5,15.8,baseline_recent_game,2023,all,none,,,,
00-0029263,QB,2023,15,17.5,15.5,baseline_recent_game,2023,all,none,,,,
00-0029263,QB,2023,16,23.5,17.5,baseline_recent_game,2023,all,none,,,,
00-0029604,QB,2023,1,16.5,25.8,baseline_recent_game,2023,all,none,,,,
00-0029604,QB,2023,2,28.6,16.5,baseline_recent_game,2023,all,none,,,,
00-0029604,QB,2023,3,25.7,28.6,baseline_recent_game,2023,all,none,,,,
00-0029604,QB,2023,4,9.6,25.7,baseline_recent_game,2023,all,none,,,,
00-0029604,QB,2023,5,19.9,9.6,baseline_recent_game,2023,all,none,,,,
00-0029604,QB,2023,6,8.7,19.9,baseline_recent_game,2023,all,none,,,,
00-0029604,QB,2023,7,21.0,8.7,baseline_recent_game,2023,all,none,,,,
00-0029604,QB,2023,8,19.9,21.0,baseline_recent_game,2023,all,none,,,,
00-0029701,QB,2023,1,2.4,10.7,baseline_recent_game,2023,all,none,,,,
00-0029701,QB,2023,2,21.0,2.4,baseline_recent_game,2023,all,none,,,,
00-0029701,QB,2023,3,4.2,21.0,baseline_recent_game,2023,all,none,,,,
00-0029701,QB,2023,4,12.7,4.2,baseline_recent_game,2023,all,none,,,,
00-0029701,QB,2023,5,9.8,12.7,baseline_recent_game,2023,all,none,,,,
00-0029701,QB,2023,6,1.0,9.8,baseline_recent_game,2023,all,none,,,,
00-0029701,QB,2023,16,9.8,1.0,baseline_recent_game,2023,all,none,,,,
00-0029701,QB,2023,17,6.7,9.8,baseline_recent_game,2023,all,none,,,,
00-0029701,QB,2023,18,12.4,6.7,baseline_recent_game,2023,all,none,,,,
00-0030533,QB,2023,17,-0.3,8.3,baseline_recent_game,2023,all,none,,,,
00-0030565,QB,2023,1,9.1,16.9,baseline_recent_game,2023,all,none,,,,
00-0030565,QB,2023,2,23.1,9.1,baseline_recent_game,2023,all,none,,,,
00-0030565,QB,2023,3,15.4,23.1,baseline_recent_game,2023,all,none,,,,
00-0030565,QB,2023,4,9.2,15.4,baseline_recent_game,2023,all,none,,,,
00-0030565,QB,2023,6,11.0,9.2,baseline_recent_game,2023,all,none,,,,
00-0030565,QB,2023,7,13.8,11.0,baseline_recent_game,2023,all,none,,,,
00-0030565,QB,2023,8,13.9,13.8,baseline_recent_game,2023,all,none,,,,
00-0030565,QB,2023,9,2.7,13.9,baseline_recent_game,2023,all,none,,,,
00-0030565,QB,2023,10,24.1,2.7,baseline_recent_game,2023,all,none,,,,
00-0030565,QB,2023,11,13.2,24.1,baseline_recent_game,2023,all,none,,,,
00-0030565,QB,2023,12,7.3,13.2,baseline_recent_game,2023,all,none,,,,
00-0030565,QB,2023,13,30.0,7.3,baseline_recent_game,2023,all,none,,,,
00-0030565,QB,2023,16,17.3,30.0,baseline_recent_game,2023,all,none,,,,
00-0030565,QB,2023,17,16.9,17.3,baseline_recent_game,2023,all,none,,,,
00-0030565,QB,2023,18,20.4,16.9,baseline_recent_game,2023,all,none,,,,
00-0031237,QB,2023,5,-0.2,9.0,baseline_recent_game,2023,all,none,,,,
00-0031280,QB,2023,1,14.6,6.4,baseline_recent_game,2023,all,none,,,,
00-0031280,QB,2023,2,6.7,14.6,baseline_recent_game,2023,all,none,,,,
00-0031280,QB,2023,3,8.1,6.7,baseline_recent_game,2023,all,none,,,,
00-0031280,QB,2023,4,3.2,8.1,baseline_recent_game,2023,all,none,,,,
00-0031280,QB,2023,5,15.7,3.2,baseline_recent_game,2023,all,none,,,,
00-0031280,QB,2023,6,16.3,15.7,baseline_recent_game,2023,all,none,,,,
00-0031280,QB,2023,7,17.4,16.3,baseline_recent_game,2023,all,none,,,,
00-0031280,QB,2023,8,18.3,17.4,baseline_recent_game,2023,all,none,,,,
00-0031280,QB,2023,9,16.7,18.3,baseline_recent_game,2023,all,none,,,,
00-0031280,QB,2023,10,5.4,16.7,baseline_recent_game,2023,all,none,,,,
00-0031280,QB,2023,12,10.9,5.4,baseline_recent_game,2023,all,none,,,,
00-0031280,QB,2023,13,8.9,10.9,baseline_recent_game,2023,all,none,,,,
00-0031280,QB,2023,14,10.8,8.9,baseline_recent_game,2023,all,none,,,,
00-0031280,QB,2023,15,20.3,10.8,baseline_recent_game,2023,all,none,,,,
00-0031280,QB,2023,16,25.0,20.3,baseline_recent_game,2023,all,none,,,,
00-0031280,QB,2023,17,15.6,25.0,baseline_recent_game,2023,all,none,,,,
00-0031280,QB,2023,18,27.2,15.6,baseline_recent_game,2023,all,none,,,,
00-0031288,QB,2023,14,0.0,0.8,baseline_recent_game,2023,all,none,,,,
00-0031288,QB,2023,18,0.8,0.0,baseline_recent_game,2023,all,none,,,,
00-0031345,QB,2023,1,15.1,2.2,baseline_recent_game,2023,all,none,,,,
00-0031345,QB,2023,2,7.5,15.1,baseline_recent_game,2023,all,none,,,,
00-0031345,QB,2023,3,17.7,7.5,baseline_recent_game,2023,all,none,,,,
00-0031345,QB,2023,5,10.7,17.7,baseline_recent_game,2023,all,none,,,,
00-0031345,QB,2023,6,8.9,10.7,baseline_recent_game,2023,all,none,,,,
00-0031345,QB,2023,8,4.2,8.9,baseline_recent_game,2023,all,none,,,,
00-0031345,QB,2023,18,0.0,4.2,baseline_recent_game,2023,all,none,,,,
00-0031503,QB,2023,3,4.0,14.6,baseline_recent_game,2023,all,none,,,,
00-0031503,QB,2023,4,-2.0,4.0,baseline_recent_game,2023,all,none,,,,
00-0031503,QB,2023,5,-0.4,-2.0,baseline_recent_game,2023,all,none,,,,
00-0031503,QB,2023,10,8.9,-0.4,baseline_recent_game,2023,all,none,,,,
00-0031503,QB,2023,13,1.6,8.9,baseline_recent_game,2023,all,none,,,,
00-0031503,QB,2023,14,-0.2,1.6,baseline_recent_game,2023,all,none,,,,
00-0031503,QB,2023,18,0.0,-0.2,baseline_recent_game,2023,all,none,,,,
00-0031800,QB,2023,8,12.4,10.2,baseline_recent_game,2023,all,none,,,,
00-0031800,QB,2023,9,14.7,12.4,baseline_recent_game,2023,all,none,,,,
00-0031800,QB,2023,10,9.6,14.7,baseline_recent_game,2023,all,none,,,,
00-0031800,QB,2023,16,14.2,9.6,baseline_recent_game,2023,all,none,,,,
00-0031800,QB,2023,17,15.1,14.2,baseline_recent_game,2023,all,none,,,,
00-0032156,QB,2023,13,1.4,10.0,baseline_recent_game,2023,all,none,,,,
00-0032156,QB,2023,15,-1.6,1.4,baseline_recent_game,2023,all,none,,,,
00-0032156,QB,2023,16,10.5,-1.6,baseline_recent_game,2023,all,none,,,,
00-0032156,QB,2023,17,13.7,10.5,baseline_recent_game,2023,all,none,,,,
00-0032156,QB,2023,18,2.9,13.7,baseline_recent_game,2023,all,none,,,,
00-0032268,QB,2023,13,1.2,10.4,baseline_recent_game,2023,all,none,,,,
00-0032268,QB,2023,14,0.0,1.2,baseline_recent_game,2023,all,none,,,,
00-0032268,QB,2023,18,10.5,0.0,baseline_recent_game,2023,all,none,,,,
00-0032436,QB,2023,18,13.9,1.2,baseline_recent_game,2023,all,none,,,,
00-0032950,QB,2023,12,0.0,6.4,baseline_recent_game,2023,all,none,,,,
00-0032950,QB,2023,18,26.1,0.0,baseline_recent_game,2023,all,none,,,,
00-0033077,QB,2023,1,6.3,10.4,baseline_recent_game,2023,all,none,,,,
00-0033077,QB,2023,2,19.6,6.3,baseline_recent_game,2023,all,none,,,,
00-0033077,QB,2023,3,14.4,19.6,baseline_recent_game,2023,all,none,,,,
00-0033077,QB,2023,4,14.3,14.4,baseline_recent_game,2023,all,none,,,,
00-0033077,QB,2023,5,4.3,14.3,baseline_recent_game,2023,all,none,,,,
00-0033077,QB,2023,6,24.9,4.3,baseline_recent_game,2023,all,none,,,,
00-0033077,QB,2023,8,28.1,24.9,baseline_recent_game,2023,all,none,,,,
00-0033077,QB,2023,9,28.4,28.1,baseline_recent_game,2023,all,none,,,,
00-0033077,QB,2023,10,37.9,28.4,baseline_recent_game,2023,all,none,,,,
00-0033077,QB,2023,11,16.2,37.9,baseline_recent_game,2023,all,none,,,,
00-0033077,QB,2023,12,32.2,16.2,baseline_recent_game,2023,all,none,,,,
00-0033077,QB,2023,13,28.3,32.2,baseline_recent_game,2023,all,none,,,,
00-0033077,QB,2023,14,17.9,28.3,baseline_recent_game,2023,all,none,,,,
00-0033077,QB,2023,15,6.1,17.9,baseline_recent_game,2023,all,none,,,,
00-0033077,QB,2023,16,18.6,6.1,baseline_recent_game,2023,all,none,,,,
00-0033077,QB,2023,17,20.3,18.6,baseline_recent_game,2023,all,none,,,,
00-0033077,QB,2023,18,25.2,20.3,baseline_recent_game,2023,all,none,,,,
00-0033077,QB,2023,19,30.6,25.2,baseline_recent_game,2023,all,none,,,,
00-0033106,QB,2023,1,14.0,9.5,baseline_recent_game,2023,all,none,,,,
00-0033106,QB,2023,2,22.9,14.0,baseline_recent_game,2023,all,none,,,,
00-0033106,QB,2023,3,18.0,22.9,baseline_recent_game,2023,all,none,,,,
00-0033106,QB,2023,4,11.4,18.0,baseline_recent_game,2023,all,none,,,,
00-0033106,QB,2023,5,27.4,11.4,baseline_recent_game,2023,all,none,,,,
00-0033106,QB,2023,6,22.4,27.4,baseline_recent_game,2023,all,none,,,,
00-0033106,QB,2023,7,9.4,22.4,baseline_recent_game,2023,all,none,,,,
00-0033106,QB,2023,8,12.7,9.4,baseline_recent_game,2023,all,none,,,,
00-0033106,QB,2023,10,21.1,12.7,baseline_recent_game,2023,all,none,,,,
00-0033106,QB,2023,11,13.7,21.1,baseline_recent_game,2023,all,none,,,,
00-0033106,QB,2023,12,18.2,13.7,baseline_recent_game,2023,all,none,,,,
00-0033106,QB,2023,13,16.3,18.2,baseline_recent_game,2023,all,none,,,,
00-0033106,QB,2023,14,4.4,16.3,baseline_recent_game,2023,all,none,,,,
00-0033106,QB,2023,15,31.1,4.4,baseline_recent_game,2023,all,none,,,,
00-0033106,QB,2023,16,14.3,31.1,baseline_recent_game,2023,all,none,,,,
00-0033106,QB,2023,17,10.8,14.3,baseline_recent_game,2023,all,none,,,,
00-0033106,QB,2023,18,20.8,10.8,baseline_recent_game,2023,all,none,,,,
00-0033106,QB,2023,19,14.8,20.8,baseline_recent_game,2023,all,none,,,,
00-0033106,QB,2023,20,20.1,14.8,baseline_recent_game,2023,all,none,,,,
00-0033106,QB,2023,21,14.9,20.1,baseline_recent_game,2023,all,none,,,,
00-0033119,QB,2023,13,0.0,0.0,baseline_recent_game,2023,all,none,,,,
00-0033119,QB,2023,15,13.9,0.0,baseline_recent_game,2023,all,none,,,,
00-0033119,QB,2023,16,9.0,13.9,baseline_recent_game,2023,all,none,,,,
00-0033275,QB,2023,6,3.8,5.7,baseline_recent_game,2023,all,none,,,,
00-0033275,QB,2023,7,5.4,3.8,baseline_recent_game,2023,all,none,,,,
00-0033275,QB,2023,8,10.6,5.4,baseline_recent_game,2023,all,none,,,,
00-0033275,QB,2023,9,0.0,10.6,baseline_recent_game,2023,all,none,,,,
00-0033275,QB,2023,10,0.0,0.0,baseline_recent_game,2023,all,none,,,,
00-0033275,QB,2023,12,0.1,0.0,baseline_recent_game,2023,all,none,,,,
00-0033319,QB,2023,14,3.3,3.4,baseline_recent_game,2023,all,none,,,,
00-0033319,QB,2023,15,17.1,3.3,baseline_recent_game,2023,all,none,,,,
00-0033319,QB,2023,16,16.5,17.1,baseline_recent_game,2023,all,none,,,,
00-0033319,QB,2023,17,9.1,16.5,baseline_recent_game,2023,all,none,,,,
00-0033319,QB,2023,18,20.6,9.1,baseline_recent_game,2023,all,none,,,,
00-0033357,QB,2023,1,0.4,3.5,baseline_recent_game,2023,all,none,,,,
00-0033357,QB,2023,2,8.7,0.4,baseline_recent_game,2023,all,none,,,,
00-0033357,QB,2023,3,3.1,8.7,baseline_recent_game,2023,all,none,,,,
00-0033357,QB,2023,4,3.2,3.1,baseline_recent_game,2023,all,none,,,,
00-0033357,QB,2023,5,3.0,3.2,baseline_recent_game,2023,all,none,,,,
00-0033357,QB,2023,6,12.3,3.0,baseline_recent_game,2023,all,none,,,,
00-0033357,QB,2023,7,16.8,12.3,baseline_recent_game,2023,all,none,,,,
00-0033357,QB,2023,8,22.5,16.8,baseline_recent_game,2023,all,none,,,,
00-0033357,QB,2023,9,20.6,22.5,baseline_recent_game,2023,all,none,,,,
00-0033357,QB,2023,10,4.3,20.6,baseline_recent_game,2023,all,none,,,,
00-0033357,QB,2023,12,8.1,4.3,baseline_recent_game,2023,all,none,,,,
00-0033357,QB,2023,13,15.4,8.1,baseline_recent_game,2023,all,none,,,,
00-0033357,QB,2023,15,1.5,15.4,baseline_recent_game,2023,all,none,,,,
00-0033357,QB,2023,16,0.2,1.5,baseline_recent_game,2023,all,none,,,,
00-0033357,QB,2023,17,11.5,0.2,baseline_recent_game,2023,all,none,,,,
00-0033357,QB,2023,18,11.9,11.5,baseline_recent_game,2023,all,none,,,,
00-0033537,QB,2023,1,20.7,17.6,baseline_recent_game,2023,all,none,,,,
00-0033537,QB,2023,2,11.6,20.7,baseline_recent_game,2023,all,none,,,,
00-0033537,QB,2023,3,21.2,11.6,baseline_recent_game,2023,all,none,,,,
00-0033537,QB,2023,7,-1.8,21.2,baseline_recent_game,2023,all,none,,,,
00-0033537,QB,2023,9,19.0,-1.8,baseline_recent_game,2023,all,none,,,,
00-0033537,QB,2023,10,16.2,19.0,baseline_recent_game,2023,all,none,,,,
00-0033662,QB,2023,1,0.0,0.0,baseline_recent_game,2023,all,none,,,,
00-0033662,QB,2023,4,0.6,0.0,baseline_recent_game,2023,all,none,,,,
00-0033662,QB,2023,5,0.1,0.6,baseline_recent_game,2023,all,none,,,,
00-0033662,QB,2023,8,-0.2,0.1,baseline_recent_game,2023,all,none,,,,
00-0033662,QB,2023,10,1.2,-0.2,baseline_recent_game,2023,all,none,,,,
00-0033662,QB,2023,11,0.3,1.2,baseline_recent_game,2023,all,none,,,,
00-0033662,QB,2023,18,1.2,0.3,baseline_recent_game,2023,all,none,,,,
00-0033869,QB,2023,4,0.7,14.1,baseline_recent_game,2023,all,none,,,,
00-0033869,QB,2023,8,7.3,0.7,baseline_recent_game,2023,all,none,,,,
00-0033869,QB,2023,13,7.2,7.3,baseline_recent_game,2023,all,none,,,,
00-0033869,QB,2023,14,20.6,7.2,baseline_recent_game,2023,all,none,,,,
00-0033869,QB,2023,15,12.9,20.6,baseline_recent_game,2023,all,none,,,,
00-0033873,QB,2023,1,19.5,23.7,baseline_recent_game,2023,all,none,,,,
00-0033873,QB,2023,2,21.2,19.5,baseline_recent_game,2023,all,none,,,,
00-0033873,QB,2023,3,25.7,21.2,baseline_recent_game,2023,all,none,,,,
00-0033873,QB,2023,4,13.2,25.7,baseline_recent_game,2023,all,none,,,,
00-0033873,QB,2023,5,19.2,13.2,baseline_recent_game,2023,all,none,,,,
00-0033873,QB,2023,6,17.3,19.2,baseline_recent_game,2023,all,none,,,,
00-0033873,QB,2023,7,33.9,17.3,baseline_recent_game,2023,all,none,,,,
00-0033873,QB,2023,8,5.6,33.9,baseline_recent_game,2023,all,none,,,,
00-0033873,QB,2023,9,15.8,5.6,baseline_recent_game,2023,all,none,,,,
00-0033873,QB,2023,11,16.9,15.8,baseline_recent_game,2023,all,none,,,,
00-0033873,QB,2023,12,20.8,16.9,baseline_recent_game,2023,all,none,,,,
00-0033873,QB,2023,13,13.0,20.8,baseline_recent_game,2023,all,none,,,,
00-0033873,QB,2023,14,13.6,13.0,baseline_recent_game,2023,all,none,,,,
00-0033873,QB,2023,15,15.7,13.6,baseline_recent_game,2023,all,none,,,,
00-0033873,QB,2023,16,16.7,15.7,baseline_recent_game,2023,all,none,,,,
00-0033873,QB,2023,17,12.0,16.7,baseline_recent_game,2023,all,none,,,,
00-0033873,QB,2023,19,18.6,12.0,baseline_recent_game,2023,all,none,,,,
00-0033873,QB,2023,20,18.5,18.6,baseline_recent_game,2023,all,none,,,,
00-0033873,QB,2023,21,15.1,18.5,baseline_recent_game,2023,all,none,,,,
00-0033873,QB,2023,22,25.9,15.1,baseline_recent_game,2023,all,none,,,,
00-0033936,QB,2023,3,0.4,-0.8,baseline_recent_game,2023,all,none,,,,
00-0033936,QB,2023,6,-0.2,0.4,baseline_recent_game,2023,all,none,,,,
00-0033936,QB,2023,10,0.2,-0.2,baseline_recent_game,2023,all,none,,,,
00-0033936,QB,2023,11,0.0,0.2,baseline_recent_game,2023,all,none,,,,
00-0033936,QB,2023,13,3.2,0.0,baseline_recent_game,2023,all,none,,,,
00-0033936,QB,2023,16,8.4,3.2,baseline_recent_game,2023,all,none,,,,
00-0033936,QB,2023,17,9.5,8.4,baseline_recent_game,2023,all,none,,,,
00-0033949,QB,2023,1,3.0,10.4,baseline_recent_game,2023,all,none,,,,
00-0033949,QB,2023,2,25.2,3.0,baseline_recent_game,2023,all,none,,,,
00-0033949,QB,2023,3,17.1,25.2,baseline_recent_game,2023,all,none,,,,
00-0033949,QB,2023,4,23.4,17.1,baseline_recent_game,2023,all,none,,,,
00-0033949,QB,2023,5,8.7,23.4,baseline_recent_game,2023,all,none,,,,
00-0033949,QB,2023,6,10.1,8.7,baseline_recent_game,2023,all,none,,,,
00-0033949,QB,2023,7,16.1,10.1,baseline_recent_game,2023,all,none,,,,
00-0033949,QB,2023,8,22.9,16.1,baseline_recent_game,2023,all,none,,,,
00-0033949,QB,2023,9,24.9,22.9,baseline_recent_game,2023,all,none,,,,
00-0033949,QB,2023,10,25.1,24.9,baseline_recent_game,2023,all,none,,,,
00-0033949,QB,2023,11,16.9,25.1,baseline_recent_game,2023,all,none,,,,
00-0033949,QB,2023,12,4.5,16.9,baseline_recent_game,2023,all,none,,,,
00-0033949,QB,2023,14,4.6,4.5,baseline_recent_game,2023,all,none,,,,
00-0033958,QB,2023,7,-0.4,9.3,baseline_recent_game,2023,all,none,,,,
00-0033958,QB,2023,18,0.0,-0.4,baseline_recent_game,2023,all,none,,,,
00-0034177,QB,2023,11,-0.6,-2.9,baseline_recent_game,2023,all,none,,,,
00-0034177,QB,2023,12,7.4,-0.6,baseline_recent_game,2023,all,none,,,,
00-0034177,QB,2023,13,4.1,7.4,baseline_recent_game,2023,all,none,,,,
00-0034401,QB,2023,3,6.6,3.6,baseline_recent_game,2023,all,none,,,,
00-0034401,QB,2023,6,-2.4,6.6,baseline_recent_game,2023,all,none,,,,
00-0034401,QB,2023,12,-0.2,-2.4,baseline_recent_game,2023,all,none,,,,
00-0034401,QB,2023,13,0.1,-0.2,baseline_recent_game,2023,all,none,,,,
00-0034401,QB,2023,15,0.0,0.1,baseline_recent_game,2023,all,none,,,,
00-0034401,QB,2023,17,-2.0,0.0,baseline_recent_game,2023,all,none,,,,
00-0034438,QB,2023,18,-0.3,0.0,baseline_recent_game,2023,all,none,,,,
00-0034577,QB,2023,2,-0.2,6.1,baseline_recent_game,2023,all,none,,,,
00-0034577,QB,2023,3,-0.2,-0.2,baseline_recent_game,2023,all,none,,,,
00-0034577,QB,2023,4,-0.3,-0.2,baseline_recent_game,2023,all,none,,,,
00-0034577,QB,2023,6,0.0,-0.3,baseline_recent_game,2023,all,none,,,,
00-0034577,QB,2023,11,-0.2,0.0,baseline_recent_game,2023,all,none,,,,
00-0034577,QB,2023,15,-0.2,-0.2,baseline_recent_game,2023,all,none,,,,
00-0034577,QB,2023,17,-0.2,-0.2,baseline_recent_game,2023,all,none,,,,
00-0034771,QB,2023,15,0.1,3.1,baseline_recent_game,2023,all,none,,,,
00-0034771,QB,2023,16,20.0,0.1,baseline_recent_game,2023,all,none,,,,
00-0034771,QB,2023,17,11.5,20.0,baseline_recent_game,2023,all,none,,,,
00-0034771,QB,2023,18,8.0,11.5,baseline_recent_game,2023,all,none,,,,
00-0034771,QB,2023,19,16.8,8.0,baseline_recent_game,2023,all,none,,,,
00-0034796,QB,2023,1,6.6,1.3,baseline_recent_game,2023,all,none,,,,
00-0034796,QB,2023,2,22.9,6.6,baseline_recent_game,2023,all,none,,,,
00-0034796,QB,2023,3,28.2,22.9,baseline_recent_game,2023,all,none,,,,
00-0034796,QB,2023,4,28.1,28.2,baseline_recent_game,2023,all,none,,,,
00-0034796,QB,2023,5,9.9,28.1,baseline_recent_game,2023,all,none,,,,
00-0034796,QB,2023,6,17.1,9.9,baseline_recent_game,2023,all,none,,,,
00-0034796,QB,2023,7,33.9,17.1,baseline_recent_game,2023,all,none,,,,
00-0034796,QB,2023,8,12.0,33.9,baseline_recent_game,2023,all,none,,,,
00-0034796,QB,2023,9,11.5,12.0,baseline_recent_game,2023,all,none,,,,
00-0034796,QB,2023,10,13.0,11.5,baseline_recent_game,2023,all,none,,,,
00-0034796,QB,2023,11,24.0,13.0,baseline_recent_game,2023,all,none,,,,
00-0034796,QB,2023,12,15.0,24.0,baseline_recent_game,2023,all,none,,,,
00-0034796,QB,2023,14,31.6,15.0,baseline_recent_game,2023,all,none,,,,
00-0034796,QB,2023,15,18.5,31.6,baseline_recent_game,2023,all,none,,,,
00-0034796,QB,2023,16,22.6,18.5,baseline_recent_game,2023,all,none,,,,
00-0034796,QB,2023,17,36.3,22.6,baseline_recent_game,2023,all,none,,,,
00-0034796,QB,2023,20,36.1,36.3,baseline_recent_game,2023,all,none,,,,
00-0034796,QB,2023,21,18.6,36.1,baseline_recent_game,2023,all,none,,,,
00-0034855,QB,2023,1,16.0,5.5,baseline_recent_game,2023,all,none,,,,
00-0034855,QB,2023,2,18.4,16.0,baseline_recent_game,2023,all,none,,,,
00-0034855,QB,2023,3,10.0,18.4,baseline_recent_game,2023,all,none,,,,
00-0034855,QB,2023,4,22.9,10.0,baseline_recent_game,2023,all,none,,,,
00-0034855,QB,2023,6,6.8,22.9,baseline_recent_game,2023,all,none,,,,
00-0034855,QB,2023,7,16.2,6.8,baseline_recent_game,2023,all,none,,,,
00-0034855,QB,2023,8,21.4,16.2,baseline_recent_game,2023,all,none,,,,
00-0034855,QB,2023,9,19.0,21.4,baseline_recent_game,2023,all,none,,,,
00-0034855,QB,2023,10,18.3,19.0,baseline_recent_game,2023,all,none,,,,
00-0034855,QB,2023,11,10.3,18.3,baseline_recent_game,2023,all,none,,,,
00-0034855,QB,2023,12,13.4,10.3,baseline_recent_game,2023,all,none,,,,
00-0034855,QB,2023,13,9.9,13.4,baseline_recent_game,2023,all,none,,,,
00-0034855,QB,2023,14,20.1,9.9,baseline_recent_game,2023,all,none,,,,
00-0034855,QB,2023,15,29.0,20.1,baseline_recent_game,2023,all,none,,,,
00-0034855,QB,2023,16,19.8,29.0,baseline_recent_game,2023,all,none,,,,
00-0034855,QB,2023,17,16.3,19.8,baseline_recent_game,2023,all,none,,,,
00-0034855,QB,2023,18,6.2,16.3,baseline_recent_game,2023,all,none,,,,
00-0034855,QB,2023,19,27.1,6.2,baseline_recent_game,2023,all,none,,,,
00-0034855,QB,2023,20,23.5,27.1,baseline_recent_game,2023,all,none,,,,
00-0034857,QB,2023,1,11.0,17.2,baseline_recent_game,2023,all,none,,,,
00-0034857,QB,2023,2,23.7,11.0,baseline_recent_game,2023,all,none,,,,
00-0034857,QB,2023,3,21.3,23.7,baseline_recent_game,2023,all,none,,,,
00-0034857,QB,2023,4,36.5,21.3,baseline_recent_game,2023,all,none,,,,
00-0034857,QB,2023,5,27.8,36.5,baseline_recent_game,2023,all,none,,,,
00-0034857,QB,2023,6,13.9,27.8,baseline_recent_game,2023,all,none,,,,
00-0034857,QB,2023,7,24.3,13.9,baseline_recent_game,2023,all,none,,,,
00-0034857,QB,2023,8,29.1,24.3,baseline_recent_game,2023,all,none,,,,
00-0034857,QB,2023,9,24.7,29.1,baseline_recent_game,2023,all,none,,,,
00-0034857,QB,2023,10,14.4,24.7,baseline_recent_game,2023,all,none,,,,
00-0034857,QB,2023,11,22.5,14.4,baseline_recent_game,2023,all,none,,,,
00-0034857,QB,2023,12,39.7,22.5,baseline_recent_game,2023,all,none,,,,
00-0034857,QB,2023,14,20.5,39.7,baseline_recent_game,2023,all,none,,,,
00-0034857,QB,2023,15,16.2,20.5,baseline_recent_game,2023,all,none,,,,
00-0034857,QB,2023,16,25.0,16.2,baseline_recent_game,2023,all,none,,,,
00-0034857,QB,2023,17,21.2,25.0,baseline_recent_game,2023,all,none,,,,
00-0034857,QB,2023,18,23.1,21.2,baseline_recent_game,2023,all,none,,,,
00-0034857,QB,2023,19,33.5,23.1,baseline_recent_game,2023,all,none,,,,
00-0034857,QB,2023,20,30.6,33.5,baseline_recent_game,2023,all,none,,,,
00-0034869,QB,2023,1,-0.2,0.9,baseline_recent_game,2023,all,none,,,,
00-0034869,QB,2023,3,-0.1,-0.2,baseline_recent_game,2023,all,none,,,,
00-0034869,QB,2023,4,-0.1,-0.1,baseline_recent_game,2023,all,none,,,,
00-0034869,QB,2023,5,-0.1,-0.1,baseline_recent_game,2023,all,none,,,,
00-0034869,QB,2023,10,-0.1,-0.1,baseline_recent_game,2023,all,none,,,,
00-0034869,QB,2023,13,-0.1,-0.1,baseline_recent_game,2023,all,none,,,,
00-0034869,QB,2023,15,0.6,-0.1,baseline_recent_game,2023,all,none,,,,
00-0034869,QB,2023,16,6.1,0.6,baseline_recent_game,2023,all,none,,,,
00-0034869,QB,2023,17,-0.2,6.1,baseline_recent_game,2023,all,none,,,,
00-0034869,QB,2023,18,17.5,-0.2,baseline_recent_game,2023,all,none,,,,
00-0034955,QB,2023,8,1.7,-0.2,baseline_recent_game,2023,all,none,,,,
00-0034955,QB,2023,9,5.1,1.7,baseline_recent_game,2023,all,none,,,,
00-0035100,QB,2023,1,-0.1,,baseline_recent_game,2023,all,none,,,,
00-0035100,QB,2023,11,10.7,-0.1,baseline_recent_game,2023,all,none,,,,
00-0035100,QB,2023,12,12.0,10.7,baseline_recent_game,2023,all,none,,,,
00-0035100,QB,2023,13,26.7,12.0,baseline_recent_game,2023,all,none,,,,
00-0035100,QB,2023,14,23.7,26.7,baseline_recent_game,2023,all,none,,,,
00-0035100,QB,2023,15,19.0,23.7,baseline_recent_game,2023,all,none,,,,
00-0035100,QB,2023,16,13.4,19.0,baseline_recent_game,2023,all,none,,,,
00-0035100,QB,2023,17,21.1,13.4,baseline_recent_game,2023,all,none,,,,
00-0035100,QB,2023,18,18.0,21.1,baseline_recent_game,2023,all,none,,,,
00-0035228,QB,2023,10,17.3,0.7,baseline_recent_game,2023,all,none,,,,
00-0035228,QB,2023,11,21.7,17.3,baseline_recent_game,2023,all,none,,,,
00-0035228,QB,2023,12,20.4,21.7,baseline_recent_game,2023,all,none,,,,
00-0035228,QB,2023,13,11.8,20.4,baseline_recent_game,2023,all,none,,,,
00-0035228,QB,2023,15,13.3,11.8,baseline_recent_game,2023,all,none,,,,
00-0035228,QB,2023,16,20.4,13.3,baseline_recent_game,2023,all,none,,,,
00-0035228,QB,2023,17,23.7,20.4,baseline_recent_game,2023,all,none,,,,
00-0035228,QB,2023,18,17.8,23.7,baseline_recent_game,2023,all,none,,,,
00-0035264,QB,2023,15,0.0,13.8,baseline_recent_game,2023,all,none,,,,
00-0035264,QB,2023,17,13.6,0.0,baseline_recent_game,2023,all,none,,,,
00-0035264,QB,2023,18,13.1,13.6,baseline_recent_game,2023,all,none,,,,
00-0035282,QB,2023,14,5.2,0.0,baseline_recent_game,2023,all,none,,,,
00-0035282,QB,2023,15,17.4,5.2,baseline_recent_game,2023,all,none,,,,
00-0035282,QB,2023,16,17.1,17.4,baseline_recent_game,2023,all,none,,,,
00-0035282,QB,2023,17,11.9,17.1,baseline_recent_game,2023,all,none,,,,
00-0035282,QB,2023,18,16.0,11.9,baseline_recent_game,2023,all,none,,,,
00-0035289,QB,2023,1,0.0,-0.2,baseline_recent_game,2023,all,none,,,,
00-0035289,QB,2023,2,11.1,0.0,baseline_recent_game,2023,all,none,,,,
00-0035289,QB,2023,3,13.1,11.1,baseline_recent_game,2023,all,none,,,,
00-0035289,QB,2023,5,6.3,13.1,baseline_recent_game,2023,all,none,,,,
00-0035289,QB,2023,6,9.6,6.3,baseline_recent_game,2023,all,none,,,,
00-0035289,QB,2023,7,27.1,9.6,baseline_recent_game,2023,all,none,,,,
00-0035289,QB,2023,8,14.8,27.1,baseline_recent_game,2023,all,none,,,,
00-0035289,QB,2023,9,9.6,14.8,baseline_recent_game,2023,all,none,,,,
00-0035289,QB,2023,10,5.7,9.6,baseline_recent_game,2023,all,none,,,,
00-0035289,QB,2023,12,14.6,5.7,baseline_recent_game,2023,all,none,,,,
00-0035289,QB,2023,13,18.7,14.6,baseline_recent_game,2023,all,none,,,,
00-0035289,QB,2023,14,14.1,18.7,baseline_recent_game,2023,all,none,,,,
00-0035289,QB,2023,15,20.6,14.1,baseline_recent_game,2023,all,none,,,,
00-0035289,QB,2023,16,9.1,20.6,baseline_recent_game,2023,all,none,,,,
00-0035289,QB,2023,17,13.3,9.1,baseline_recent_game,2023,all,none,,,,
00-0035289,QB,2023,18,8.5,13.3,baseline_recent_game,2023,all,none,,,,
00-0035704,QB,2023,4,3.6,22.0,baseline_recent_game,2023,all,none,,,,
00-0035704,QB,2023,11,-1.9,3.6,baseline_recent_game,2023,all,none,,,,
00-0035704,QB,2023,14,15.3,-1.9,baseline_recent_game,2023,all,none,,,,
00-0035704,QB,2023,15,12.1,15.3,baseline_recent_game,2023,all,none,,,,
00-0035710,QB,2023,1,4.5,5.8,baseline_recent_game,2023,all,none,,,,
00-0035710,QB,2023,2,30.7,4.5,baseline_recent_game,2023,all,none,,,,
00-0035710,QB,2023,3,4.0,30.7,baseline_recent_game,2023,all,none,,,,
00-0035710,QB,2023,4,8.7,4.0,baseline_recent_game,2023,all,none,,,,
00-0035710,QB,2023,5,7.2,8.7,baseline_recent_game,2023,all,none,,,,
00-0035710,QB,2023,9,1.9,7.2,baseline_recent_game,2023,all,none,,,,
00-0035993,QB,2023,4,0.8,18.4,baseline_recent_game,2023,all,none,,,,
00-0035993,QB,2023,7,0.0,0.8,baseline_recent_game,2023,all,none,,,,
00-0035993,QB,2023,9,6.3,0.0,baseline_recent_game,2023,all,none,,,,
00-0035993,QB,2023,17,4.7,6.3,baseline_recent_game,2023,all,none,,,,
00-0035993,QB,2023,18,13.8,4.7,baseline_recent_game,2023,all,none,,,,
00-0036212,QB,2023,1,27.1,10.4,baseline_recent_game,2023,all,none,,,,
00-0036212,QB,2023,2,12.3,27.1,baseline_recent_game,2023,all,none,,,,
00-0036212,QB,2023,3,28.4,12.3,baseline_recent_game,2023,all,none,,,,
00-0036212,QB,2023,4,14.0,28.4,baseline_recent_game,2023,all,none,,,,
00-0036212,QB,2023,5,16.9,14.0,baseline_recent_game,2023,all,none,,,,
00-0036212,QB,2023,6,22.5,16.9,baseline_recent_game,2023,all,none,,,,
00-0036212,QB,2023,7,10.3,22.5,baseline_recent_game,2023,all,none,,,,
00-0036212,QB,2023,8,21.8,10.3,baseline_recent_game,2023,all,none,,,,
00-0036212,QB,2023,9,12.4,21.8,baseline_recent_game,2023,all,none,,,,
00-0036212,QB,2023,11,17.6,12.4,baseline_recent_game,2023,all,none,,,,
00-0036212,QB,2023,12,7.8,17.6,baseline_recent_game,2023,all,none,,,,
00-0036212,QB,2023,13,19.2,7.8,baseline_recent_game,2023,all,none,,,,
00-0036212,QB,2023,14,11.1,19.2,baseline_recent_game,2023,all,none,,,,
00-0036212,QB,2023,15,13.0,11.1,baseline_recent_game,2023,all,none,,,,
00-0036212,QB,2023,16,15.5,13.0,baseline_recent_game,2023,all,none,,,,
00-0036212,QB,2023,17,14.9,15.5,baseline_recent_game,2023,all,none,,,,
00-0036212,QB,2023,18,7.6,14.9,baseline_recent_game,2023,all,none,,,,
00-0036212,QB,2023,19,12.5,7.6,baseline_recent_game,2023,all,none,,,,
00-0036264,QB,2023,1,23.0,0.3,baseline_recent_game,2023,all,none,,,,
00-0036264,QB,2023,2,20.3,23.0,baseline_recent_game,2023,all,none,,,,
00-0036264,QB,2023,3,24.3,20.3,baseline_recent_game,2023,all,none,,,,
00-0036264,QB,2023,4,17.6,24.3,baseline_recent_game,2023,all,none,,,,
00-0036264,QB,2023,5,5.0,17.6,baseline_recent_game,2023,all,none,,,,
00-0036264,QB,2023,7,15.3,5.0,baseline_recent_game,2023,all,none,,,,
00-0036264,QB,2023,8,14.6,15.3,baseline_recent_game,2023,all,none,,,,
00-0036264,QB,2023,9,13.8,14.6,baseline_recent_game,2023,all,none,,,,
00-0036264,QB,2023,10,16.7,13.8,baseline_recent_game,2023,all,none,,,,
00-0036264,QB,2023,11,20.9,16.7,baseline_recent_game,2023,all,none,,,,
00-0036264,QB,2023,12,26.6,20.9,baseline_recent_game,2023,all,none,,,,
00-0036264,QB,2023,13,23.7,26.6,baseline_recent_game,2023,all,none,,,,
00-0036264,QB,2023,14,8.9,23.7,baseline_recent_game,2023,all,none,,,,
00-0036264,QB,2023,15,17.5,8.9,baseline_recent_game,2023,all,none,,,,
00-0036264,QB,2023,16,24.0,17.5,baseline_recent_game,2023,all,none,,,,
00-0036264,QB,2023,17,28.4,24.0,baseline_recent_game,2023,all,none,,,,
00-0036264,QB,2023,18,18.5,28.4,baseline_recent_game,2023,all,none,,,,
00-0036264,QB,2023,19,22.8,18.5,baseline_recent_game,2023,all,none,,,,
00-0036264,QB,2023,20,14.1,22.8,baseline_recent_game,2023,all,none,,,,
00-0036355,QB,2023,1,20.9,16.1,baseline_recent_game,2023,all,none,,,,
00-0036355,QB,2023,2,22.2,20.9,baseline_recent_game,2023,all,none,,,,
00-0036355,QB,2023,3,29.3,22.2,baseline_recent_game,2023,all,none,,,,
00-0036355,QB,2023,4,23.4,29.3,baseline_recent_game,2023,all,none,,,,
00-0036355,QB,2023,6,19.1,23.4,baseline_recent_game,2023,all,none,,,,
00-0036355,QB,2023,7,10.9,19.1,baseline_recent_game,2023,all,none,,,,
00-0036355,QB,2023,8,24.0,10.9,baseline_recent_game,2023,all,none,,,,
00-0036355,QB,2023,9,7.1,24.0,baseline_recent_game,2023,all,none,,,,
00-0036355,QB,2023,10,28.4,7.1,baseline_recent_game,2023,all,none,,,,
00-0036355,QB,2023,11,25.7,28.4,baseline_recent_game,2023,all,none,,,,
00-0036355,QB,2023,12,13.4,25.7,baseline_recent_game,2023,all,none,,,,
00-0036355,QB,2023,13,8.0,13.4,baseline_recent_game,2023,all,none,,,,
00-0036355,QB,2023,14,1.8,8.0,baseline_recent_game,2023,all,none,,,,
00-0036389,QB,2023,1,12.5,39.2,baseline_recent_game,2023,all,none,,,,
00-0036389,QB,2023,2,25.2,12.5,baseline_recent_game,2023,all,none,,,,
00-0036389,QB,2023,3,19.9,25.2,baseline_recent_game,2023,all,none,,,,
00-0036389,QB,2023,4,24.2,19.9,baseline_recent_game,2023,all,none,,,,
00-0036389,QB,2023,5,27.3,24.2,baseline_recent_game,2023,all,none,,,,
00-0036389,QB,2023,6,19.9,27.3,baseline_recent_game,2023,all,none,,,,
00-0036389,QB,2023,7,23.3,19.9,baseline_recent_game,2023,all,none,,,,
00-0036389,QB,2023,8,27.4,23.3,baseline_recent_game,2023,all,none,,,,
00-0036389,QB,2023,9,25.9,27.4,baseline_recent_game,2023,all,none,,,,
00-0036389,QB,2023,11,18.9,25.9,baseline_recent_game,2023,all,none,,,,
00-0036389,QB,2023,12,34.5,18.9,baseline_recent_game,2023,all,none,,,,
00-0036389,QB,2023,13,23.9,34.5,baseline_recent_game,2023,all,none,,,,
00-0036389,QB,2023,14,8.9,23.9,baseline_recent_game,2023,all,none,,,,
00-0036389,QB,2023,15,21.9,8.9,baseline_recent_game,2023,all,none,,,,
00-0036389,QB,2023,16,23.4,21.9,baseline_recent_game,2023,all,none,,,,
00-0036389,QB,2023,17,19.2,23.4,baseline_recent_game,2023,all,none,,,,
00-0036389,QB,2023,18,0.6,19.2,baseline_recent_game,2023,all,none,,,,
00-0036389,QB,2023,19,14.5,0.6,baseline_recent_game,2023,all,none,,,,
00-0036442,QB,2023,1,3.2,13.8,baseline_recent_game,2023,all,none,,,,
00-0036442,QB,2023,2,15.4,3.2,baseline_recent_game,2023,all,none,,,,
00-0036442,QB,2023,3,8.2,15.4,baseline_recent_game,2023,all,none,,,,
00-0036442,QB,2023,4,4.7,8.2,baseline_recent_game,2023,all,none,,,,
00-0036442,QB,2023,5,23.4,4.7,baseline_recent_game,2023,all,none,,,,
00-0036442,QB,2023,6,13.8,23.4,baseline_recent_game,2023,all,none,,,,
00-0036442,QB,2023,8,27.6,13.8,baseline_recent_game,2023,all,none,,,,
00-0036442,QB,2023,9,22.3,27.6,baseline_recent_game,2023,all,none,,,,
00-0036442,QB,2023,10,19.9,22.3,baseline_recent_game,2023,all,none,,,,
00-0036442,QB,2023,11,8.7,19.9,baseline_recent_game,2023,all,none,,,,
00-0036879,QB,2023,14,0.0,14.5,baseline_recent_game,2023,all,none,,,,
00-0036898,QB,2023,11,0.1,20.5,baseline_recent_game,2023,all,none,,,,
00-0036898,QB,2023,13,0.7,0.1,baseline_recent_game,2023,all,none,,,,
00-0036898,QB,2023,14,0.2,0.7,baseline_recent_game,2023,all,none,,,,
00-0036898,QB,2023,15,0.0,0.2,baseline_recent_game,2023,all,none,,,,
00-0036898,QB,2023,16,16.9,0.0,baseline_recent_game,2023,all,none,,,,
00-0036898,QB,2023,17,0.0,16.9,baseline_recent_game,2023,all,none,,,,
00-0036898,QB,2023,19,-0.2,0.0,baseline_recent_game,2023,all,none,,,,
00-0036928,QB,2023,10,-0.1,0.9,baseline_recent_game,2023,all,none,,,,
00-0036928,QB,2023,12,0.0,-0.1,baseline_recent_game,2023,all,none,,,,
00-0036945,QB,2023,1,14.5,16.2,baseline_recent_game,2023,all,none,,,,
00-0036945,QB,2023,2,14.7,14.5,baseline_recent_game,2023,all,none,,,,
00-0036945,QB,2023,3,10.7,14.7,baseline_recent_game,2023,all,none,,,,
00-0036945,QB,2023,4,27.9,10.7,baseline_recent_game,2023,all,none,,,,
00-0036945,QB,2023,5,33.0,27.9,baseline_recent_game,2023,all,none,,,,
00-0036945,QB,2023,6,4.9,33.0,baseline_recent_game,2023,all,none,,,,
00-0036945,QB,2023,11,21.2,4.9,baseline_recent_game,2023,all,none,,,,
00-0036945,QB,2023,12,10.6,21.2,baseline_recent_game,2023,all,none,,,,
00-0036945,QB,2023,14,24.7,10.6,baseline_recent_game,2023,all,none,,,,
00-0036945,QB,2023,15,9.6,24.7,baseline_recent_game,2023,all,none,,,,
00-0036945,QB,2023,16,24.5,9.6,baseline_recent_game,2023,all,none,,,,
00-0036945,QB,2023,17,25.2,24.5,baseline_recent_game,2023,all,none,,,,
00-0036945,QB,2023,18,8.6,25.2,baseline_recent_game,2023,all,none,,,,
00-0036971,QB,2023,1,17.7,13.3,baseline_recent_game,2023,all,none,,,,
00-0036971,QB,2023,2,9.2,17.7,baseline_recent_game,2023,all,none,,,,
00-0036971,QB,2023,3,14.4,9.2,baseline_recent_game,2023,all,none,,,,
00-0036971,QB,2023,4,16.5,14.4,baseline_recent_game,2023,all,none,,,,
00-0036971,QB,2023,5,15.7,16.5,baseline_recent_game,2023,all,none,,,,
00-0036971,QB,2023,6,14.7,15.7,baseline_recent_game,2023,all,none,,,,
00-0036971,QB,2023,7,18.1,14.7,baseline_recent_game,2023,all,none,,,,
00-0036971,QB,2023,8,14.7,18.1,baseline_recent_game,2023,all,none,,,,
00-0036971,QB,2023,10,2.1,14.7,baseline_recent_game,2023,all,none,,,,
00-0036971,QB,2023,11,32.2,2.1,baseline_recent_game,2023,all,none,,,,
00-0036971,QB,2023,12,24.6,32.2,baseline_recent_game,2023,all,none,,,,
00-0036971,QB,2023,13,25.1,24.6,baseline_recent_game,2023,all,none,,,,
00-0036971,QB,2023,14,17.4,25.1,baseline_recent_game,2023,all,none,,,,
00-0036971,QB,2023,15,14.7,17.4,baseline_recent_game,2023,all,none,,,,
00-0036971,QB,2023,16,9.3,14.7,baseline_recent_game,2023,all,none,,,,
00-0036971,QB,2023,18,16.2,9.3,baseline_recent_game,2023,all,none,,,,
00-0036972,QB,2023,1,24.1,16.2,baseline_recent_game,2023,all,none,,,,
00-0036972,QB,2023,2,13.7,24.1,baseline_recent_game,2023,all,none,,,,
00-0036972,QB,2023,3,13.3,13.7,baseline_recent_game,2023,all,none,,,,
00-0036972,QB,2023,4,0.7,13.3,baseline_recent_game,2023,all,none,,,,
00-0036972,QB,2023,5,-1.6,0.7,baseline_recent_game,2023,all,none,,,,
00-0036972,QB,2023,6,5.9,-1.6,baseline_recent_game,2023,all,none,,,,
00-0036972,QB,2023,7,20.0,5.9,baseline_recent_game,2023,all,none,,,,
00-0036972,QB,2023,8,12.2,20.0,baseline_recent_game,2023,all,none,,,,
00-0036972,QB,2023,9,11.1,12.2,baseline_recent_game,2023,all,none,,,,
00-0036972,QB,2023,10,7.3,11.1,baseline_recent_game,2023,all,none,,,,
00-0036972,QB,2023,12,-0.4,7.3,baseline_recent_game,2023,all,none,,,,
00-0037013,QB,2023,1,8.2,1.8,baseline_recent_game,2023,all,none,,,,
00-0037013,QB,2023,2,8.4,8.2,baseline_recent_game,2023,all,none,,,,
00-0037013,QB,2023,3,6.4,8.4,baseline_recent_game,2023,all,none,,,,
00-0037013,QB,2023,4,19.2,6.4,baseline_recent_game,2023,all,none,,,,
00-0037013,QB,2023,5,8.6,19.2,baseline_recent_game,2023,all,none,,,,
00-0037013,QB,2023,6,10.9,8.6,baseline_recent_game,2023,all,none,,,,
00-0037013,QB,2023,8,12.1,10.9,baseline_recent_game,2023,all,none,,,,
00-0037013,QB,2023,9,7.2,12.1,baseline_recent_game,2023,all,none,,,,
00-0037013,QB,2023,10,13.9,7.2,baseline_recent_game,2023,all,none,,,,
00-0037013,QB,2023,11,6.7,13.9,baseline_recent_game,2023,all,none,,,,
00-0037013,QB,2023,14,19.2,6.7,baseline_recent_game,2023,all,none,,,,
00-0037013,QB,2023,15,-1.0,19.2,baseline_recent_game,2023,all,none,,,,
00-0037077,QB,2023,1,15.2,18.3,baseline_recent_game,2023,all,none,,,,
00-0037077,QB,2023,2,21.3,15.2,baseline_recent_game,2023,all,none,,,,
00-0037077,QB,2023,3,0.6,21.3,baseline_recent_game,2023,all,none,,,,
00-0037077,QB,2023,4,19.6,0.6,baseline_recent_game,2023,all,none,,,,
00-0037077,QB,2023,5,25.4,19.6,baseline_recent_game,2023,all,none,,,,
00-0037077,QB,2023,6,18.3,25.4,baseline_recent_game,2023,all,none,,,,
00-0037077,QB,2023,7,9.5,18.3,baseline_recent_game,2023,all,none,,,,
00-0037077,QB,2023,8,31.0,9.5,baseline_recent_game,2023,all,none,,,,
00-0037077,QB,2023,9,17.7,31.0,baseline_recent_game,2023,all,none,,,,
00-0037077,QB,2023,10,24.2,17.7,baseline_recent_game,2023,all,none,,,,
00-0037077,QB,2023,11,17.7,24.2,baseline_recent_game,2023,all,none,,,,
00-0037077,QB,2023,12,17.3,17.7,baseline_recent_game,2023,all,none,,,,
00-0037077,QB,2023,13,19.2,17.3,baseline_recent_game,2023,all,none,,,,
00-0037077,QB,2023,15,8.3,19.2,baseline_recent_game,2023,all,none,,,,
00-0037077,QB,2023,16,-1.8,8.3,baseline_recent_game,2023,all,none,,,,
00-0037077,QB,2023,17,6.7,-1.8,baseline_recent_game,2023,all,none,,,,
00-0037077,QB,2023,18,7.4,6.7,baseline_recent_game,2023,all,none,,,,
00-0037834,QB,2023,1,16.8,-1.1,baseline_recent_game,2023,all,none,,,,
00-0037834,QB,2023,2,14.7,16.8,baseline_recent_game,2023,all,none,,,,
00-0037834,QB,2023,3,20.3,14.7,baseline_recent_game,2023,all,none,,,,
00-0037834,QB,2023,4,21.3,20.3,baseline_recent_game,2023,all,none,,,,
00-0037834,QB,2023,5,26.1,21.3,baseline_recent_game,2023,all,none,,,,
00-0037834,QB,2023,6,7.7,26.1,baseline_recent_game,2023,all,none,,,,
00-0037834,QB,2023,7,12.8,7.7,baseline_recent_game,2023,all,none,,,,
00-0037834,QB,2023,8,18.3,12.8,baseline_recent_game,2023,all,none,,,,
00-0037834,QB,2023,10,23.8,18.3,baseline_recent_game,2023,all,none,,,,
00-0037834,QB,2023,11,26.7,23.8,baseline_recent_game,2023,all,none,,,,
00-0037834,QB,2023,12,10.5,26.7,baseline_recent_game,2023,all,none,,,,
00-0037834,QB,2023,13,29.5,10.5,baseline_recent_game,2023,all,none,,,,
00-0037834,QB,2023,14,21.4,29.5,baseline_recent_game,2023,all,none,,,,
00-0037834,QB,2023,15,25.7,21.4,baseline_recent_game,2023,all,none,,,,
00-0037834,QB,2023,16,2.4,25.7,baseline_recent_game,2023,all,none,,,,
00-0037834,QB,2023,17,17.6,2.4,baseline_recent_game,2023,all,none,,,,
00-0037834,QB,2023,20,15.5,17.6,baseline_recent_game,2023,all,none,,,,
00-0037834,QB,2023,21,17.5,15.5,baseline_recent_game,2023,all,none,,,,
00-0037834,QB,2023,22,15.4,17.5,baseline_recent_game,2023,all,none,,,,
00-0038102,QB,2023,1,9.7,11.9,baseline_recent_game,2023,all,none,,,,
00-0038102,QB,2023,2,10.3,9.7,baseline_recent_game,2023,all,none,,,,
00-0038102,QB,2023,3,18.5,10.3,baseline_recent_game,2023,all,none,,,,
00-0038102,QB,2023,4,3.5,18.5,baseline_recent_game,2023,all,none,,,,
00-0038102,QB,2023,5,12.4,3.5,baseline_recent_game,2023,all,none,,,,
00-0038102,QB,2023,7,15.2,12.4,baseline_recent_game,2023,all,none,,,,
00-0038102,QB,2023,8,3.9,15.2,baseline_recent_game,2023,all,none,,,,
00-0038102,QB,2023,9,10.3,3.9,baseline_recent_game,2023,all,none,,,,
00-0038102,QB,2023,10,6.6,10.3,baseline_recent_game,2023,all,none,,,,
00-0038102,QB,2023,11,5.1,6.6,baseline_recent_game,2023,all,none,,,,
00-0038102,QB,2023,12,11.6,5.1,baseline_recent_game,2023,all,none,,,,
00-0038102,QB,2023,13,3.1,11.6,baseline_recent_game,2023,all,none,,,,
00-0038108,QB,2023,4,2.3,5.3,baseline_recent_game,2023,all,none,,,,
00-0038108,QB,2023,5,0.9,2.3,baseline_recent_game,2023,all,none,,,,
00-0038108,QB,2023,10,-1.0,0.9,baseline_recent_game,2023,all,none,,,,
00-0038108,QB,2023,12,0.2,-1.0,baseline_recent_game,2023,all,none,,,,
00-0038108,QB,2023,13,7.2,0.2,baseline_recent_game,2023,all,none,,,,
00-0038108,QB,2023,14,20.9,7.2,baseline_recent_game,2023,all,none,,,,
00-0038108,QB,2023,15,9.4,20.9,baseline_recent_game,2023,all,none,,,,
00-0038108,QB,2023,16,16.4,9.4,baseline_recent_game,2023,all,none,,,,
00-0038108,QB,2023,17,12.1,16.4,baseline_recent_game,2023,all,none,,,,
00-0038108,QB,2023,18,0.8,12.1,baseline_recent_game,2023,all,none,,,,
00-0038122,QB,2023,1,8.9,15.9,baseline_recent_game,2023,all,none,,,,
00-0038122,QB,2023,2,21.4,8.9,baseline_recent_game,2023,all,none,,,,
00-0038122,QB,2023,3,6.3,21.4,baseline_recent_game,2023,all,none,,,,
00-0038122,QB,2023,4,6.2,6.3,baseline_recent_game,2023,all,none,,,,
00-0038122,QB,2023,5,26.2,6.2,baseline_recent_game,2023,all,none,,,,
00-0038122,QB,2023,6,16.1,26.2,baseline_recent_game,2023,all,none,,,,
00-0038122,QB,2023,7,17.8,16.1,baseline_recent_game,2023,all,none,,,,
00-0038122,QB,2023,8,3.4,17.8,baseline_recent_game,2023,all,none,,,,
00-0038122,QB,2023,10,8.7,3.4,baseline_recent_game,2023,all,none,,,,
00-0038122,QB,2023,12,9.7,8.7,baseline_recent_game,2023,all,none,,,,
00-0038122,QB,2023,13,8.8,9.7,baseline_recent_game,2023,all,none,,,,
00-0038122,QB,2023,14,25.4,8.8,baseline_recent_game,2023,all,none,,,,
00-0038122,QB,2023,15,7.9,25.4,baseline_recent_game,2023,all,none,,,,
00-0038122,QB,2023,17,-1.3,7.9,baseline_recent_game,2023,all,none,,,,
00-0038122,QB,2023,18,15.6,-1.3,baseline_recent_game,2023,all,none,,,,
00-0038128,QB,2023,3,0.0,10.3,baseline_recent_game,2023,all,none,,,,
00-0038128,QB,2023,6,4.7,0.0,baseline_recent_game,2023,all,none,,,,
00-0038128,QB,2023,8,-1.6,4.7,baseline_recent_game,2023,all,none,,,,
00-0038416,QB,2023,6,5.7,,baseline_recent_game,2023,all,none,,,,
00-0038416,QB,2023,7,12.9,5.7,baseline_recent_game,2023,all,none,,,,
00-0038416,QB,2023,8,11.2,12.9,baseline_recent_game,2023,all,none,,,,
00-0038416,QB,2023,9,15.8,11.2,baseline_recent_game,2023,all,none,,,,
00-0038416,QB,2023,10,7.7,15.8,baseline_recent_game,2023,all,none,,,,
00-0038476,QB,2023,8,7.2,,baseline_recent_game,2023,all,none,,,,
00-0038476,QB,2023,9,8.7,7.2,baseline_recent_game,2023,all,none,,,,
00-0038476,QB,2023,10,13.5,8.7,baseline_recent_game,2023,all,none,,,,
00-0038476,QB,2023,11,22.5,13.5,baseline_recent_game,2023,all,none,,,,
00-0038476,QB,2023,12,10.2,22.5,baseline_recent_game,2023,all,none,,,,
00-0038476,QB,2023,14,17.4,10.2,baseline_recent_game,2023,all,none,,,,
00-0038476,QB,2023,15,10.7,17.4,baseline_recent_game,2023,all,none,,,,
00-0038476,QB,2023,16,2.7,10.7,baseline_recent_game,2023,all,none,,,,
00-0038476,QB,2023,18,0.6,2.7,baseline_recent_game,2023,all,none,,,,
00-0038579,QB,2023,4,9.8,,baseline_recent_game,2023,all,none,,,,
00-0038579,QB,2023,7,5.0,9.8,baseline_recent_game,2023,all,none,,,,
00-0038579,QB,2023,9,8.4,5.0,baseline_recent_game,2023,all,none,,,,
00-0038579,QB,2023,10,8.4,8.4,baseline_recent_game,2023,all,none,,,,
00-0038579,QB,2023,11,9.1,8.4,baseline_recent_game,2023,all,none,,,,
00-0038579,QB,2023,12,13.9,9.1,baseline_recent_game,2023,all,none,,,,
00-0038579,QB,2023,14,5.0,13.9,baseline_recent_game,2023,all,none,,,,
00-0038579,QB,2023,15,25.9,5.0,baseline_recent_game,2023,all,none,,,,
00-0038579,QB,2023,16,2.1,25.9,baseline_recent_game,2023,all,none,,,,
00-0038579,QB,2023,17,20.3,2.1,baseline_recent_game,2023,all,none,,,,
00-0038579,QB,2023,18,17.9,20.3,baseline_recent_game,2023,all,none,,,,
00-0038582,QB,2023,7,0.2,,baseline_recent_game,2023,all,none,,,,
00-0038582,QB,2023,9,-0.9,0.2,baseline_recent_game,2023,all,none,,,,
00-0038582,QB,2023,10,6.1,-0.9,baseline_recent_game,2023,all,none,,,,
00-0038582,QB,2023,12,2.0,6.1,baseline_recent_game,2023,all,none,,,,
00-0038582,QB,2023,15,0.0,2.0,baseline_recent_game,2023,all,none,,,,
00-0038582,QB,2023,17,0.0,0.0,baseline_recent_game,2023,all,none,,,,
00-0038582,QB,2023,18,0.1,0.0,baseline_recent_game,2023,all,none,,,,
00-0038583,QB,2023,3,0.0,,baseline_recent_game,2023,all,none,,,,
00-0038583,QB,2023,4,1.2,0.0,baseline_recent_game,2023,all,none,,,,
00-0038583,QB,2023,8,0.4,1.2,baseline_recent_game,2023,all,none,,,,
00-0038583,QB,2023,11,6.6,0.4,baseline_recent_game,2023,all,none,,,,
00-0038583,QB,2023,12,11.5,6.6,baseline_recent_game,2023,all,none,,,,
00-0038583,QB,2023,14,0.5,11.5,baseline_recent_game,2023,all,none,,,,
00-0038583,QB,2023,15,0.2,0.5,baseline_recent_game,2023,all,none,,,,
00-0038583,QB,2023,16,1.7,0.2,baseline_recent_game,2023,all,none,,,,
00-0039150,QB,2023,1,7.5,,baseline_recent_game,2023,all,none,,,,
00-0039150,QB,2023,2,13.5,7.5,baseline_recent_game,2023,all,none,,,,
00-0039150,QB,2023,4,7.2,13.5,baseline_recent_game,2023,all,none,,,,
00-0039150,QB,2023,5,18.3,7.2,baseline_recent_game,2023,all,none,,,,
00-0039150,QB,2023,6,12.7,18.3,baseline_recent_game,2023,all,none,,,,
00-0039150,QB,2023,8,14.5,12.7,baseline_recent_game,2023,all,none,,,,
00-0039150,QB,2023,9,9.0,14.5,baseline_recent_game,2023,all,none,,,,
00-0039150,QB,2023,10,9.2,9.0,baseline_recent_game,2023,all,none,,,,
00-0039150,QB,2023,11,5.2,9.2,baseline_recent_game,2023,all,none,,,,
00-0039150,QB,2023,12,8.1,5.2,baseline_recent_game,2023,all,none,,,,
00-0039150,QB,2023,13,7.1,8.1,baseline_recent_game,2023,all,none,,,,
00-0039150,QB,2023,14,7.5,7.1,baseline_recent_game,2023,all,none,,,,
00-0039150,QB,2023,15,7.6,7.5,baseline_recent_game,2023,all,none,,,,
00-0039150,QB,2023,16,22.2,7.6,baseline_recent_game,2023,all,none,,,,
00-0039150,QB,2023,17,2.7,22.2,baseline_recent_game,2023,all,none,,,,
00-0039150,QB,2023,18,4.2,2.7,baseline_recent_game,2023,all,none,,,,
00-0039152,QB,2023,8,26.6,,baseline_recent_game,2023,all,none,,,,
00-0039152,QB,2023,9,8.7,26.6,baseline_recent_game,2023,all,none,,,,
00-0039152,QB,2023,10,6.0,8.7,baseline_recent_game,2023,all,none,,,,
00-0039152,QB,2023,11,12.5,6.0,baseline_recent_game,2023,all,none,,,,
00-0039152,QB,2023,12,7.1,12.5,baseline_recent_game,2023,all,none,,,,
00-0039152,QB,2023,13,11.5,7.1,baseline_recent_game,2023,all,none,,,,
00-0039152,QB,2023,14,16.6,11.5,baseline_recent_game,2023,all,none,,,,
00-0039152,QB,2023,15,14.5,16.6,baseline_recent_game,2023,all,none,,,,
00-0039152,QB,2023,17,-1.4,14.5,baseline_recent_game,2023,all,none,,,,
00-0039163,QB,2023,1,10.7,,baseline_recent_game,2023,all,none,,,,
00-0039163,QB,2023,2,21.5,10.7,baseline_recent_game,2023,all,none,,,,
00-0039163,QB,2023,3,20.6,21.5,baseline_recent_game,2023,all,none,,,,
00-0039163,QB,2023,4,21.8,20.6,baseline_recent_game,2023,all,none,,,,
00-0039163,QB,2023,5,14.2,21.8,baseline_recent_game,2023,all,none,,,,
00-0039163,QB,2023,6,14.2,14.2,baseline_recent_game,2023,all,none,,,,
00-0039163,QB,2023,8,12.9,14.2,baseline_recent_game,2023,all,none,,,,
00-0039163,QB,2023,9,40.8,12.9,baseline_recent_game,2023,all,none,,,,
00-0039163,QB,2023,10,19.0,40.8,baseline_recent_game,2023,all,none,,,,
00-0039163,QB,2023,11,15.3,19.0,baseline_recent_game,2023,all,none,,,,
00-0039163,QB,2023,12,30.9,15.3,baseline_recent_game,2023,all,none,,,,
00-0039163,QB,2023,13,16.1,30.9,baseline_recent_game,2023,all,none,,,,
00-0039163,QB,2023,14,3.6,16.1,baseline_recent_game,2023,all,none,,,,
00-0039163,QB,2023,17,12.9,3.6,baseline_recent_game,2023,all,none,,,,
00-0039163,QB,2023,18,20.6,12.9,baseline_recent_game,2023,all,none,,,,
00-0039163,QB,2023,19,23.1,20.6,baseline_recent_game,2023,all,none,,,,
00-0039163,QB,2023,20,7.9,23.1,baseline_recent_game,2023,all,none,,,,
00-0039164,QB,2023,1,20.9,,baseline_recent_game,2023,all,none,,,,
00-0039164,QB,2023,2,17.7,20.9,baseline_recent_game,2023,all,none,,,,
00-0039164,QB,2023,4,29.6,17.7,baseline_recent_game,2023,all,none,,,,
00-0039164,QB,2023,5,4.4,29.6,baseline_recent_game,2023,all,none,,,,
00-0023459,QB,2023,1,0.0,13.700000000000008,baseline_rolling3,2023,all,none,,,,
00-0026158,QB,2023,13,16.2,2.4666666666666646,baseline_rolling3,2023,all,none,,,,
00-0026158,QB,2023,14,20.3,6.733333333333331,baseline_rolling3,2023,all,none,,,,
00-0026158,QB,2023,15,16.9,14.166666666666664,baseline_rolling3,2023,all,none,,,,
00-0026158,QB,2023,16,24.8,17.799999999999997,baseline_rolling3,2023,all,none,,,,
00-0026158,QB,2023,17,22.7,20.66666666666666,baseline_rolling3,2023,all,none,,,,
00-0026158,QB,2023,19,13.6,21.466666666666665,baseline_rolling3,2023,all,none,,,,
00-0026498,QB,2023,1,14.5,14.233333333333336,baseline_rolling3,2023,all,none,,,,
00-0026498,QB,2023,2,14.0,13.266666666666671,baseline_rolling3,2023,all,none,,,,
00-0026498,QB,2023,3,11.5,14.433333333333337,baseline_rolling3,2023,all,none,,,,
00-0026498,QB,2023,4,16.2,13.333333333333337,baseline_rolling3,2023,all,none,,,,
00-0026498,QB,2023,5,16.9,13.900000000000004,baseline_rolling3,2023,all,none,,,,
00-0026498,QB,2023,6,13.2,14.866666666666669,baseline_rolling3,2023,all,none,,,,
00-0026498,QB,2023,7,14.0,15.433333333333337,baseline_rolling3,2023,all,none,,,,
00-0026498,QB,2023,8,11.4,14.700000000000003,baseline_rolling3,2023,all,none,,,,
00-0026498,QB,2023,11,9.7,12.866666666666669,baseline_rolling3,2023,all,none,,,,
00-0026498,QB,2023,12,23.4,11.700000000000003,baseline_rolling3,2023,all,none,,,,
00-0026498,QB,2023,13,23.0,14.833333333333336,baseline_rolling3,2023,all,none,,,,
00-0026498,QB,2023,14,23.7,18.700000000000003,baseline_rolling3,2023,all,none,,,,
00-0026498,QB,2023,15,18.5,23.36666666666667,baseline_rolling3,2023,all,none,,,,
00-0026498,QB,2023,16,20.7,21.733333333333334,baseline_rolling3,2023,all,none,,,,
00-0026498,QB,2023,17,12.6,20.96666666666667,baseline_rolling3,2023,all,none,,,,
00-0026498,QB,2023,19,22.7,17.26666666666667,baseline_rolling3,2023,all,none,,,,
00-0026625,QB,2023,1,0.0,1.333333333333331,baseline_rolling3,2023,all,none,,,,
00-0026625,QB,2023,6,3.8,1.3666666666666643,baseline_rolling3,2023,all,none,,,,
00-0026625,QB,2023,7,1.2,1.7666666666666642,baseline_rolling3,2023,all,none,,,,
00-0027948,QB,2023,3,-2.9,1.7000000000000037,baseline_rolling3,2023,all,none,,,,
00-0027948,QB,2023,18,8.8,0.7333333333333371,baseline_rolling3,2023,all,none,,,,
00-0027973,QB,2023,2,0.0,6.2,baseline_rolling3,2023,all,none,,,,
00-0027973,QB,2023,3,23.5,5.666666666666667,baseline_rolling3,2023,all,none,,,,
00-0027973,QB,2023,5,0.1,11.5,baseline_rolling3,2023,all,none,,,,
00-0028118,QB,2023,1,0.2,3.1,baseline_rolling3,2023,all,none,,,,
00-0028118,QB,2023,3,0.2,2.6999999999999997,baseline_rolling3,2023,all,none,,,,
00-0028118,QB,2023,4,0.0,0.13333333333333333,baseline_rolling3,2023,all,none,,,,
00-0028118,QB,2023,5,4.8,0.13333333333333333,baseline_rolling3,2023,all,none,,,,
00-0028118,QB,2023,6,10.4,1.6666666666666667,baseline_rolling3,2023,all,none,,,,
00-0028118,QB,2023,7,21.7,5.066666666666666,baseline_rolling3,2023,all,none,,,,
00-0028118,QB,2023,8,3.6,12.300000000000002,baseline_rolling3,2023,all,none,,,,
00-0028118,QB,2023,15,0.5,11.9,baseline_rolling3,2023,all,none,,,,
00-0028118,QB,2023,16,9.4,8.600000000000001,baseline_rolling3,2023,all,none,,,,
00-0028118,QB,2023,17,18.8,4.500000000000001,baseline_rolling3,2023,all,none,,,,
00-0028118,QB,2023,18,17.7,9.566666666666668,baseline_rolling3,2023,all,none,,,,
00-0028986,QB,2023,15,11.3,4.266666666666667,baseline_rolling3,2023,all,none,,,,
00-0028986,QB,2023,16,-1.5,3.866666666666667,baseline_rolling3,2023,all,none,,,,
00-0029263,QB,2023,1,15.2,18.333333333333332,baseline_rolling3,2023,all,none,,,,
00-0029263,QB,2023,2,25.9,20.633333333333333,baseline_rolling3,2023,all,none,,,,
00-0029263,QB,2023,3,14.2,21.399999999999995,baseline_rolling3,2023,all,none,,,,
00-0029263,QB,2023,4,22.2,18.433333333333326,baseline_rolling3,2023,all,none,,,,
00-0029263,QB,2023,5,18.7,20.766666666666662,baseline_rolling3,2023,all,none,,,,
00-0029263,QB,2023,6,6.9,18.366666666666664,baseline_rolling3,2023,all,none,,,,
00-0029263,QB,2023,7,13.9,15.93333333333333,baseline_rolling3,2023,all,none,,,,
00-0029263,QB,2023,8,17.6,13.166666666666664,baseline_rolling3,2023,all,none,,,,
00-0029263,QB,2023,10,18.7,12.799999999999997,baseline_rolling3,2023,all,none,,,,
00-0029263,QB,2023,11,14.5,16.73333333333333,baseline_rolling3,2023,all,none,,,,
00-0029263,QB,2023,12,16.8,16.933333333333334,baseline_rolling3,2023,all,none,,,,
00-0029263,QB,2023,13,15.8,16.66666666666666,baseline_rolling3,2023,all,none,,,,
00-0029263,QB,2023,14,15.5,15.699999999999998,baseline_rolling3,2023,all,none,,,,
00-0029263,QB,2023,15,17.5,16.03333333333333,baseline_rolling3,2023,all,none,,,,
00-0029263,QB,2023,16,23.5,16.266666666666666,baseline_rolling3,2023,all,none,,,,
00-0029604,QB,2023,1,16.5,15.566666666666663,baseline_rolling3,2023,all,none,,,,
00-0029604,QB,2023,2,28.6,18.433333333333334,baseline_rolling3,2023,all,none,,,,
00-0029604,QB,2023,3,25.7,23.63333333333333,baseline_rolling3,2023,all,none,,,,
00-0029604,QB,2023,4,9.6,23.599999999999994,baseline_rolling3,2023,all,none,,,,
00-0029604,QB,2023,5,19.9,21.299999999999997,baseline_rolling3,2023,all,none,,,,
00-0029604,QB,2023,6,8.7,18.399999999999995,baseline_rolling3,2023,all,none,,,,
00-0029604,QB,2023,7,21.0,12.733333333333329,baseline_rolling3,2023,all,none,,,,
00-0029604,QB,2023,8,19.9,16.533333333333328,baseline_rolling3,2023,all,none,,,,
00-0029701,QB,2023,1,2.4,13.166666666666673,baseline_rolling3,2023,all,none,,,,
00-0029701,QB,2023,2,21.0,9.63333333333334,baseline_rolling3,2023,all,none,,,,
00-0029701,QB,2023,3,4.2,11.366666666666674,baseline_rolling3,2023,all,none,,,,
00-0029701,QB,2023,4,12.7,9.200000000000006,baseline_rolling3,2023,all,none,,,,
00-0029701,QB,2023,5,9.8,12.63333333333334,baseline_rolling3,2023,all,none,,,,
00-0029701,QB,2023,6,1.0,8.900000000000007,baseline_rolling3,2023,all,none,,,,
00-0029701,QB,2023,16,9.8,7.83333333333334,baseline_rolling3,2023,all,none,,,,
00-0029701,QB,2023,17,6.7,6.866666666666674,baseline_rolling3,2023,all,none,,,,
00-0029701,QB,2023,18,12.4,5.83333333333334,baseline_rolling3,2023,all,none,,,,
00-0030533,QB,2023,17,-0.3,2.8000000000000003,baseline_rolling3,2023,all,none,,,,
00-0030565,QB,2023,1,9.1,15.866666666666669,baseline_rolling3,2023,all,none,,,,
00-0030565,QB,2023,2,23.1,13.200000000000001,baseline_rolling3,2023,all,none,,,,
00-0030565,QB,2023,3,15.4,16.366666666666667,baseline_rolling3,2023,all,none,,,,
00-0030565,QB,2023,4,9.2,15.866666666666667,baseline_rolling3,2023,all,none,,,,
00-0030565,QB,2023,6,11.0,15.9,baseline_rolling3,2023,all,none,,,,
00-0030565,QB,2023,7,13.8,11.866666666666667,baseline_rolling3,2023,all,none,,,,
00-0030565,QB,2023,8,13.9,11.333333333333334,baseline_rolling3,2023,all,none,,,,
00-0030565,QB,2023,9,2.7,12.9,baseline_rolling3,2023,all,none,,,,
00-0030565,QB,2023,10,24.1,10.133333333333333,baseline_rolling3,2023,all,none,,,,
00-0030565,QB,2023,11,13.2,13.566666666666668,baseline_rolling3,2023,all,none,,,,
00-0030565,QB,2023,12,7.3,13.333333333333334,baseline_rolling3,2023,all,none,,,,
00-0030565,QB,2023,13,30.0,14.866666666666665,baseline_rolling3,2023,all,none,,,,
00-0030565,QB,2023,16,17.3,16.833333333333332,baseline_rolling3,2023,all,none,,,,
00-0030565,QB,2023,17,16.9,18.2,baseline_rolling3,2023,all,none,,,,
00-0030565,QB,2023,18,20.4,21.400000000000002,baseline_rolling3,2023,all,none,,,,
00-0031237,QB,2023,5,-0.2,9.066666666666661,baseline_rolling3,2023,all,none,,,,
00-0031280,QB,2023,1,14.6,9.399999999999999,baseline_rolling3,2023,all,none,,,,
00-0031280,QB,2023,2,6.7,13.399999999999999,baseline_rolling3,2023,all,none,,,,
00-0031280,QB,2023,3,8.1,9.233333333333333,baseline_rolling3,2023,all,none,,,,
00-0031280,QB,2023,4,3.2,9.799999999999999,baseline_rolling3,2023,all,none,,,,
00-0031280,QB,2023,5,15.7,5.999999999999999,baseline_rolling3,2023,all,none,,,,
00-0031280,QB,2023,6,16.3,8.999999999999998,baseline_rolling3,2023,all,none,,,,
00-0031280,QB,2023,7,17.4,11.733333333333333,baseline_rolling3,2023,all,none,,,,
00-0031280,QB,2023,8,18.3,16.466666666666665,baseline_rolling3,2023,all,none,,,,
00-0031280,QB,2023,9,16.7,17.333333333333332,baseline_rolling3,2023,all,none,,,,
00-0031280,QB,2023,10,5.4,17.466666666666665,baseline_rolling3,2023,all,none,,,,
00-0031280,QB,2023,12,10.9,13.466666666666667,baseline_rolling3,2023,all,none,,,,
00-0031280,QB,2023,13,8.9,11.0,baseline_rolling3,2023,all,none,,,,
00-0031280,QB,2023,14,10.8,8.399999999999999,baseline_rolling3,2023,all,none,,,,
00-0031280,QB,2023,15,20.3,10.200000000000001,baseline_rolling3,2023,all,none,,,,
00-0031280,QB,2023,16,25.0,13.333333333333334,baseline_rolling3,2023,all,none,,,,
00-0031280,QB,2023,17,15.6,18.7,baseline_rolling3,2023,all,none,,,,
00-0031280,QB,2023,18,27.2,20.299999999999997,baseline_rolling3,2023,all,none,,,,
00-0031288,QB,2023,14,0.0,5.8999999999999995,baseline_rolling3,2023,all,none,,,,
00-0031288,QB,2023,18,0.8,0.26666666666666666,baseline_rolling3,2023,all,none,,,,
00-0031345,QB,2023,1,15.1,13.633333333333331,baseline_rolling3,2023,all,none,,,,
00-0031345,QB,2023,2,7.5,10.199999999999998,baseline_rolling3,2023,all,none,,,,
00-0031345,QB,2023,3,17.7,8.266666666666664,baseline_rolling3,2023,all,none,,,,
00-0031345,QB,2023,5,10.7,13.433333333333332,baseline_rolling3,2023,all,none,,,,
00-0031345,QB,2023,6,8.9,11.966666666666663,baseline_rolling3,2023,all,none,,,,
00-0031345,QB,2023,8,4.2,12.43333333333333,baseline_rolling3,2023,all,none,,,,
00-0031345,QB,2023,18,0.0,7.933333333333331,baseline_rolling3,2023,all,none,,,,
00-0031503,QB,2023,3,4.0,13.966666666666667,baseline_rolling3,2023,all,none,,,,
00-0031503,QB,2023,4,-2.0,8.733333333333333,baseline_rolling3,2023,all,none,,,,
00-0031503,QB,2023,5,-0.4,5.533333333333334,baseline_rolling3,2023,all,none,,,,
00-0031503,QB,2023,10,8.9,0.5333333333333333,baseline_rolling3,2023,all,none,,,,
00-0031503,QB,2023,13,1.6,2.1666666666666665,baseline_rolling3,2023,all,none,,,,
00-0031503,QB,2023,14,-0.2,3.3666666666666667,baseline_rolling3,2023,all,none,,,,
00-0031503,QB,2023,18,0.0,3.4333333333333336,baseline_rolling3,2023,all,none,,,,
00-0031800,QB,2023,8,12.4,13.700000000000001,baseline_rolling3,2023,all,none,,,,
00-0031800,QB,2023,9,14.7,11.966666666666667,baseline_rolling3,2023,all,none,,,,
00-0031800,QB,2023,10,9.6,12.433333333333332,baseline_rolling3,2023,all,none,,,,
00-0031800,QB,2023,16,14.2,12.233333333333334,baseline_rolling3,2023,all,none,,,,
00-0031800,QB,2023,17,15.1,12.833333333333334,baseline_rolling3,2023,all,none,,,,
00-0032156,QB,2023,13,1.4,6.966666666666666,baseline_rolling3,2023,all,none,,,,
00-0032156,QB,2023,15,-1.6,3.8666666666666667,baseline_rolling3,2023,all,none,,,,
00-0032156,QB,2023,16,10.5,3.266666666666667,baseline_rolling3,2023,all,none,,,,
00-0032156,QB,2023,17,13.7,3.4333333333333336,baseline_rolling3,2023,all,none,,,,
00-0032156,QB,2023,18,2.9,7.533333333333334,baseline_rolling3,2023,all,none,,,,
00-0032268,QB,2023,13,1.2,14.000000000000002,baseline_rolling3,2023,all,none,,,,
00-0032268,QB,2023,14,0.0,8.500000000000002,baseline_rolling3,2023,all,none,,,,
00-0032268,QB,2023,18,10.5,3.866666666666669,baseline_rolling3,2023,all,none,,,,
00-0032436,QB,2023,18,13.9,1.8333333333333337,baseline_rolling3,2023,all,none,,,,
00-0032950,QB,2023,12,0.0,6.500000000000003,baseline_rolling3,2023,all,none,,,,
00-0032950,QB,2023,18,26.1,5.100000000000003,baseline_rolling3,2023,all,none,,,,
00-0033077,QB,2023,1,6.3,18.566666666666666,baseline_rolling3,2023,all,none,,,,
00-0033077,QB,2023,2,19.6,17.766666666666666,baseline_rolling3,2023,all,none,,,,
00-0033077,QB,2023,3,14.4,12.1,baseline_rolling3,2023,all,none,,,,
00-0033077,QB,2023,4,14.3,13.433333333333332,baseline_rolling3,2023,all,none,,,,
00-0033077,QB,2023,5,4.3,16.099999999999998,baseline_rolling3,2023,all,none,,,,
00-0033077,QB,2023,6,24.9,10.999999999999998,baseline_rolling3,2023,all,none,,,,
00-0033077,QB,2023,8,28.1,14.499999999999998,baseline_rolling3,2023,all,none,,,,
00-0033077,QB,2023,9,28.4,19.099999999999998,baseline_rolling3,2023,all,none,,,,
00-0033077,QB,2023,10,37.9,27.13333333333333,baseline_rolling3,2023,all,none,,,,
00-0033077,QB,2023,11,16.2,31.466666666666665,baseline_rolling3,2023,all,none,,,,
00-0033077,QB,2023,12,32.2,27.499999999999996,baseline_rolling3,2023,all,none,,,,
00-0033077,QB,2023,13,28.3,28.766666666666666,baseline_rolling3,2023,all,none,,,,
00-0033077,QB,2023,14,17.9,25.566666666666666,baseline_rolling3,2023,all,none,,,,
00-0033077,QB,2023,15,6.1,26.13333333333333,baseline_rolling3,2023,all,none,,,,
00-0033077,QB,2023,16,18.6,17.43333333333333,baseline_rolling3,2023,all,none,,,,
00-0033077,QB,2023,17,20.3,14.199999999999998,baseline_rolling3,2023,all,none,,,,
00-0033077,QB,2023,18,25.2,14.999999999999998,baseline_rolling3,2023,all,none,,,,
00-0033077,QB,2023,19,30.6,21.366666666666664,baseline_rolling3,2023,all,none,,,,
00-0033106,QB,2023,1,14.0,19.199999999999996,baseline_rolling3,2023,all,none,,,,
00-0033106,QB,2023,2,22.9,15.299999999999997,baseline_rolling3,2023,all,none,,,,
00-0033106,QB,2023,3,18.0,15.466666666666663,baseline_rolling3,2023,all,none,,,,
00-0033106,QB,2023,4,11.4,18.299999999999997,baseline_rolling3,2023,all,none,,,,
00-0033106,QB,2023,5,27.4,17.43333333333333,baseline_rolling3,2023,all,none,,,,
00-0033106,QB,2023,6,22.4,18.93333333333333,baseline_rolling3,2023,all,none,,,,
00-0033106,QB,2023,7,9.4,20.399999999999995,baseline_rolling3,2023,all,none,,,,
00-0033106,QB,2023,8,12.7,19.73333333333333,baseline_rolling3,2023,all,none,,,,
00-0033106,QB,2023,10,21.1,14.83333333333333,baseline_rolling3,2023,all,none,,,,
00-0033106,QB,2023,11,13.7,14.399999999999999,baseline_rolling3,2023,all,none,,,,
00-0033106,QB,2023,12,18.2,15.833333333333334,baseline_rolling3,2023,all,none,,,,
00-0033106,QB,2023,13,16.3,17.666666666666664,baseline_rolling3,2023,all,none,,,,
00-0033106,QB,2023,14,4.4,16.066666666666663,baseline_rolling3,2023,all,none,,,,
00-0033106,QB,2023,15,31.1,12.966666666666663,baseline_rolling3,2023,all,none,,,,
00-0033106,QB,2023,16,14.3,17.266666666666666,baseline_rolling3,2023,all,none,,,,
00-0033106,QB,2023,17,10.8,16.599999999999998,baseline_rolling3,2023,all,none,,,,
00-0033106,QB,2023,18,20.8,18.73333333333333,baseline_rolling3,2023,all,none,,,,
00-0033106,QB,2023,19,14.8,15.299999999999997,baseline_rolling3,2023,all,none,,,,
00-0033106,QB,2023,20,20.1,15.466666666666663,baseline_rolling3,2023,all,none,,,,
00-0033106,QB,2023,21,14.9,18.566666666666666,baseline_rolling3,2023,all,none,,,,
00-0033119,QB,2023,13,0.0,0.16666666666666666,baseline_rolling3,2023,all,none,,,,
00-0033119,QB,2023,15,13.9,0.06666666666666667,baseline_rolling3,2023,all,none,,,,
00-0033119,QB,2023,16,9.0,4.633333333333334,baseline_rolling3,2023,all,none,,,,
00-0033275,QB,2023,6,3.8,6.466666666666668,baseline_rolling3,2023,all,none,,,,
00-0033275,QB,2023,7,5.4,2.1666666666666674,baseline_rolling3,2023,all,none,,,,
00-0033275,QB,2023,8,10.6,4.966666666666668,baseline_rolling3,2023,all,none,,,,
00-0033275,QB,2023,9,0.0,6.600000000000001,baseline_rolling3,2023,all,none,,,,
00-0033275,QB,2023,10,0.0,5.333333333333333,baseline_rolling3,2023,all,none,,,,
00-0033275,QB,2023,12,0.1,3.5333333333333337,baseline_rolling3,2023,all,none,,,,
00-0033319,QB,2023,14,3.3,3.9666666666666655,baseline_rolling3,2023,all,none,,,,
00-0033319,QB,2023,15,17.1,4.333333333333332,baseline_rolling3,2023,all,none,,,,
00-0033319,QB,2023,16,16.5,7.933333333333333,baseline_rolling3,2023,all,none,,,,
00-0033319,QB,2023,17,9.1,12.299999999999999,baseline_rolling3,2023,all,none,,,,
00-0033319,QB,2023,18,20.6,14.233333333333333,baseline_rolling3,2023,all,none,,,,
00-0033357,QB,2023,1,0.4,9.566666666666668,baseline_rolling3,2023,all,none,,,,
00-0033357,QB,2023,2,8.7,5.833333333333335,baseline_rolling3,2023,all,none,,,,
00-0033357,QB,2023,3,3.1,4.200000000000002,baseline_rolling3,2023,all,none,,,,
00-0033357,QB,2023,4,3.2,4.066666666666668,baseline_rolling3,2023,all,none,,,,
00-0033357,QB,2023,5,3.0,5.000000000000002,baseline_rolling3,2023,all,none,,,,
00-0033357,QB,2023,6,12.3,3.100000000000002,baseline_rolling3,2023,all,none,,,,
00-0033357,QB,2023,7,16.8,6.166666666666669,baseline_rolling3,2023,all,none,,,,
00-0033357,QB,2023,8,22.5,10.700000000000003,baseline_rolling3,2023,all,none,,,,
00-0033357,QB,2023,9,20.6,17.200000000000003,baseline_rolling3,2023,all,none,,,,
00-0033357,QB,2023,10,4.3,19.96666666666667,baseline_rolling3,2023,all,none,,,,
00-0033357,QB,2023,12,8.1,15.800000000000002,baseline_rolling3,2023,all,none,,,,
00-0033357,QB,2023,13,15.4,11.0,baseline_rolling3,2023,all,none,,,,
00-0033357,QB,2023,15,1.5,9.266666666666667,baseline_rolling3,2023,all,none,,,,
00-0033357,QB,2023,16,0.2,8.333333333333334,baseline_rolling3,2023,all,none,,,,
00-0033357,QB,2023,17,11.5,5.700000000000002,baseline_rolling3,2023,all,none,,,,
00-0033357,QB,2023,18,11.9,4.400000000000001,baseline_rolling3,2023,all,none,,,,
00-0033537,QB,2023,1,20.7,17.100000000000005,baseline_rolling3,2023,all,none,,,,
00-0033537,QB,2023,2,11.6,20.06666666666667,baseline_rolling3,2023,all,none,,,,
00-0033537,QB,2023,3,21.2,16.633333333333336,baseline_rolling3,2023,all,none,,,,
00-0033537,QB,2023,7,-1.8,17.833333333333336,baseline_rolling3,2023,all,none,,,,
00-0033537,QB,2023,9,19.0,10.333333333333337,baseline_rolling3,2023,all,none,,,,
00-0033537,QB,2023,10,16.2,12.800000000000002,baseline_rolling3,2023,all,none,,,,
00-0033662,QB,2023,1,0.0,0.4000000000000012,baseline_rolling3,2023,all,none,,,,
00-0033662,QB,2023,4,0.6,0.0,baseline_rolling3,2023,all,none,,,,
00-0033662,QB,2023,5,0.1,0.20000000000000118,baseline_rolling3,2023,all,none,,,,
00-0033662,QB,2023,8,-0.2,0.2333333333333345,baseline_rolling3,2023,all,none,,,,
00-0033662,QB,2023,10,1.2,0.16666666666666785,baseline_rolling3,2023,all,none,,,,
00-0033662,QB,2023,11,0.3,0.36666666666666786,baseline_rolling3,2023,all,none,,,,
00-0033662,QB,2023,18,1.2,0.43333333333333446,baseline_rolling3,2023,all,none,,,,
00-0033869,QB,2023,4,0.7,11.133333333333335,baseline_rolling3,2023,all,none,,,,
00-0033869,QB,2023,8,7.3,7.933333333333336,baseline_rolling3,2023,all,none,,,,
00-0033869,QB,2023,13,7.2,7.36666666666667,baseline_rolling3,2023,all,none,,,,
00-0033869,QB,2023,14,20.6,5.066666666666669,baseline_rolling3,2023,all,none,,,,
00-0033869,QB,2023,15,12.9,11.700000000000003,baseline_rolling3,2023,all,none,,,,
00-0033873,QB,2023,1,19.5,20.033333333333335,baseline_rolling3,2023,all,none,,,,
00-0033873,QB,2023,2,21.2,21.000000000000004,baseline_rolling3,2023,all,none,,,,
00-0033873,QB,2023,3,25.7,21.46666666666667,baseline_rolling3,2023,all,none,,,,
00-0033873,QB,2023,4,13.2,22.133333333333336,baseline_rolling3,2023,all,none,,,,
00-0033873,QB,2023,5,19.2,20.033333333333335,baseline_rolling3,2023,all,none,,,,
00-0033873,QB,2023,6,17.3,19.366666666666667,baseline_rolling3,2023,all,none,,,,
00-0033873,QB,2023,7,33.9,16.566666666666666,baseline_rolling3,2023,all,none,,,,
00-0033873,QB,2023,8,5.6,23.46666666666667,baseline_rolling3,2023,all,none,,,,
00-0033873,QB,2023,9,15.8,18.933333333333337,baseline_rolling3,2023,all,none,,,,
00-0033873,QB,2023,11,16.9,18.433333333333337,baseline_rolling3,2023,all,none,,,,
00-0033873,QB,2023,12,20.8,12.766666666666667,baseline_rolling3,2023,all,none,,,,
00-0033873,QB,2023,13,13.0,17.833333333333332,baseline_rolling3,2023,all,none,,,,
00-0033873,QB,2023,14,13.6,16.900000000000002,baseline_rolling3,2023,all,none,,,,
00-0033873,QB,2023,15,15.7,15.800000000000002,baseline_rolling3,2023,all,none,,,,
00-0033873,QB,2023,16,16.7,14.100000000000001,baseline_rolling3,2023,all,none,,,,
00-0033873,QB,2023,17,12.0,15.333333333333336,baseline_rolling3,2023,all,none,,,,
00-0033873,QB,2023,19,18.6,14.800000000000002,baseline_rolling3,2023,all,none,,,,
00-0033873,QB,2023,20,18.5,15.766666666666671,baseline_rolling3,2023,all,none,,,,
00-0033873,QB,2023,21,15.1,16.36666666666667,baseline_rolling3,2023,all,none,,,,
00-0033873,QB,2023,22,25.9,17.400000000000002,baseline_rolling3,2023,all,none,,,,
00-0033936,QB,2023,3,0.4,-0.3,baseline_rolling3,2023,all,none,,,,
00-0033936,QB,2023,6,-0.2,-0.23333333333333336,baseline_rolling3,2023,all,none,,,,
00-0033936,QB,2023,10,0.2,-0.20000000000000004,baseline_rolling3,2023,all,none,,,,
00-0033936,QB,2023,11,0.0,0.13333333333333333,baseline_rolling3,2023,all,none,,,,
00-0033936,QB,2023,13,3.2,0.0,baseline_rolling3,2023,all,none,,,,
00-0033936,QB,2023,16,8.4,1.1333333333333335,baseline_rolling3,2023,all,none,,,,
00-0033936,QB,2023,17,9.5,3.866666666666667,baseline_rolling3,2023,all,none,,,,
00-0033949,QB,2023,1,3.0,7.666666666666667,baseline_rolling3,2023,all,none,,,,
00-0033949,QB,2023,2,25.2,7.966666666666666,baseline_rolling3,2023,all,none,,,,
00-0033949,QB,2023,3,17.1,12.866666666666667,baseline_rolling3,2023,all,none,,,,
00-0033949,QB,2023,4,23.4,15.1,baseline_rolling3,2023,all,none,,,,
00-0033949,QB,2023,5,8.7,21.900000000000002,baseline_rolling3,2023,all,none,,,,
00-0033949,QB,2023,6,10.1,16.4,baseline_rolling3,2023,all,none,,,,
00-0033949,QB,2023,7,16.1,14.066666666666665,baseline_rolling3,2023,all,none,,,,
00-0033949,QB,2023,8,22.9,11.633333333333333,baseline_rolling3,2023,all,none,,,,
00-0033949,QB,2023,9,24.9,16.366666666666664,baseline_rolling3,2023,all,none,,,,
00-0033949,QB,2023,10,25.1,21.299999999999997,baseline_rolling3,2023,all,none,,,,
00-0033949,QB,2023,11,16.9,24.299999999999997,baseline_rolling3,2023,all,none,,,,
00-0033949,QB,2023,12,4.5,22.299999999999997,baseline_rolling3,2023,all,none,,,,
00-0033949,QB,2023,14,4.6,15.5,baseline_rolling3,2023,all,none,,,,
00-0033958,QB,2023,7,-0.4,2.766666666666667,baseline_rolling3,2023,all,none,,,,
00-0033958,QB,2023,18,0.0,2.6333333333333333,baseline_rolling3,2023,all,none,,,,
00-0034177,QB,2023,11,-0.6,3.6333333333333333,baseline_rolling3,2023,all,none,,,,
00-0034177,QB,2023,12,7.4,-1.2,baseline_rolling3,2023,all,none,,,,
00-0034177,QB,2023,13,4.1,1.3,baseline_rolling3,2023,all,none,,,,
00-0034401,QB,2023,3,6.6,10.6,baseline_rolling3,2023,all,none,,,,
00-0034401,QB,2023,6,-2.4,6.966666666666666,baseline_rolling3,2023,all,none,,,,
00-0034401,QB,2023,12,-0.2,2.5999999999999996,baseline_rolling3,2023,all,none,,,,
00-0034401,QB,2023,13,0.1,1.3333333333333333,baseline_rolling3,2023,all,none,,,,
00-0034401,QB,2023,15,0.0,-0.8333333333333334,baseline_rolling3,2023,all,none,,,,
00-0034401,QB,2023,17,-2.0,-0.03333333333333333,baseline_rolling3,2023,all,none,,,,
00-0034438,QB,2023,18,-0.3,-0.09999999999999999,baseline_rolling3,2023,all,none,,,,
00-0034577,QB,2023,2,-0.2,7.533333333333334,baseline_rolling3,2023,all,none,,,,
00-0034577,QB,2023,3,-0.2,5.233333333333333,baseline_rolling3,2023,all,none,,,,
00-0034577,QB,2023,4,-0.3,1.8999999999999997,baseline_rolling3,2023,all,none,,,,
00-0034577,QB,2023,6,0.0,-0.2333333333333333,baseline_rolling3,2023,all,none,,,,
00-0034577,QB,2023,11,-0.2,-0.16666666666666666,baseline_rolling3,2023,all,none,,,,
00-0034577,QB,2023,15,-0.2,-0.16666666666666666,baseline_rolling3,2023,all,none,,,,
00-0034577,QB,2023,17,-0.2,-0.13333333333333333,baseline_rolling3,2023,all,none,,,,
00-0034771,QB,2023,15,0.1,12.366666666666667,baseline_rolling3,2023,all,none,,,,
00-0034771,QB,2023,16,20.0,6.166666666666667,baseline_rolling3,2023,all,none,,,,
00-0034771,QB,2023,17,11.5,7.733333333333333,baseline_rolling3,2023,all,none,,,,
00-0034771,QB,2023,18,8.0,10.533333333333333,baseline_rolling3,2023,all,none,,,,
00-0034771,QB,2023,19,16.8,13.166666666666666,baseline_rolling3,2023,all,none,,,,
00-0034796,QB,2023,1,6.6,12.633333333333338,baseline_rolling3,2023,all,none,,,,
00-0034796,QB,2023,2,22.9,9.666666666666671,baseline_rolling3,2023,all,none,,,,
00-0034796,QB,2023,3,28.2,10.266666666666671,baseline_rolling3,2023,all,none,,,,
00-0034796,QB,2023,4,28.1,19.233333333333338,baseline_rolling3,2023,all,none,,,,
00-0034796,QB,2023,5,9.9,26.400000000000006,baseline_rolling3,2023,all,none,,,,
00-0034796,QB,2023,6,17.1,22.066666666666674,baseline_rolling3,2023,all,none,,,,
00-0034796,QB,2023,7,33.9,18.36666666666667,baseline_rolling3,2023,all,none,,,,
00-0034796,QB,2023,8,12.0,20.300000000000004,baseline_rolling3,2023,all,none,,,,
00-0034796,QB,2023,9,11.5,21.000000000000004,baseline_rolling3,2023,all,none,,,,
00-0034796,QB,2023,10,13.0,19.133333333333336,baseline_rolling3,2023,all,none,,,,
00-0034796,QB,2023,11,24.0,12.166666666666671,baseline_rolling3,2023,all,none,,,,
00-0034796,QB,2023,12,15.0,16.16666666666667,baseline_rolling3,2023,all,none,,,,
00-0034796,QB,2023,14,31.6,17.33333333333334,baseline_rolling3,2023,all,none,,,,
00-0034796,QB,2023,15,18.5,23.533333333333342,baseline_rolling3,2023,all,none,,,,
00-0034796,QB,2023,16,22.6,21.700000000000006,baseline_rolling3,2023,all,none,,,,
00-0034796,QB,2023,17,36.3,24.233333333333338,baseline_rolling3,2023,all,none,,,,
00-0034796,QB,2023,20,36.1,25.8,baseline_rolling3,2023,all,none,,,,
00-0034796,QB,2023,21,18.6,31.66666666666667,baseline_rolling3,2023,all,none,,,,
00-0034855,QB,2023,1,16.0,8.999999999999998,baseline_rolling3,2023,all,none,,,,
00-0034855,QB,2023,2,18.4,8.533333333333331,baseline_rolling3,2023,all,none,,,,
00-0034855,QB,2023,3,10.0,13.299999999999997,baseline_rolling3,2023,all,none,,,,
00-0034855,QB,2023,4,22.9,14.799999999999997,baseline_rolling3,2023,all,none,,,,
00-0034855,QB,2023,6,6.8,17.099999999999998,baseline_rolling3,2023,all,none,,,,
00-0034855,QB,2023,7,16.2,13.233333333333329,baseline_rolling3,2023,all,none,,,,
00-0034855,QB,2023,8,21.4,15.299999999999997,baseline_rolling3,2023,all,none,,,,
00-0034855,QB,2023,9,19.0,14.799999999999997,baseline_rolling3,2023,all,none,,,,
00-0034855,QB,2023,10,18.3,18.866666666666664,baseline_rolling3,2023,all,none,,,,
00-0034855,QB,2023,11,10.3,19.566666666666663,baseline_rolling3,2023,all,none,,,,
00-0034855,QB,2023,12,13.4,15.866666666666665,baseline_rolling3,2023,all,none,,,,
00-0034855,QB,2023,13,9.9,13.999999999999998,baseline_rolling3,2023,all,none,,,,
00-0034855,QB,2023,14,20.1,11.199999999999998,baseline_rolling3,2023,all,none,,,,
00-0034855,QB,2023,15,29.0,14.466666666666663,baseline_rolling3,2023,all,none,,,,
00-0034855,QB,2023,16,19.8,19.666666666666668,baseline_rolling3,2023,all,none,,,,
00-0034855,QB,2023,17,16.3,22.966666666666665,baseline_rolling3,2023,all,none,,,,
00-0034855,QB,2023,18,6.2,21.7,baseline_rolling3,2023,all,none,,,,
00-0034855,QB,2023,19,27.1,14.1,baseline_rolling3,2023,all,none,,,,
00-0034855,QB,2023,20,23.5,16.53333333333333,baseline_rolling3,2023,all,none,,,,
00-0034857,QB,2023,1,11.0,20.366666666666664,baseline_rolling3,2023,all,none,,,,
00-0034857,QB,2023,2,23.7,16.766666666666662,baseline_rolling3,2023,all,none,,,,
00-0034857,QB,2023,3,21.3,17.299999999999994,baseline_rolling3,2023,all,none,,,,
00-0034857,QB,2023,4,36.5,18.66666666666666,baseline_rolling3,2023,all,none,,,,
00-0034857,QB,2023,5,27.8,27.16666666666666,baseline_rolling3,2023,all,none,,,,
00-0034857,QB,2023,6,13.9,28.533333333333328,baseline_rolling3,2023,all,none,,,,
00-0034857,QB,2023,7,24.3,26.066666666666663,baseline_rolling3,2023,all,none,,,,
00-0034857,QB,2023,8,29.1,21.999999999999996,baseline_rolling3,2023,all,none,,,,
00-0034857,QB,2023,9,24.7,22.433333333333326,baseline_rolling3,2023,all,none,,,,
00-0034857,QB,2023,10,14.4,26.033333333333328,baseline_rolling3,2023,all,none,,,,
00-0034857,QB,2023,11,22.5,22.73333333333333,baseline_rolling3,2023,all,none,,,,
00-0034857,QB,2023,12,39.7,20.533333333333328,baseline_rolling3,2023,all,none,,,,
00-0034857,QB,2023,14,20.5,25.53333333333333,baseline_rolling3,2023,all,none,,,,
00-0034857,QB,2023,15,16.2,27.566666666666663,baseline_rolling3,2023,all,none,,,,
00-0034857,QB,2023,16,25.0,25.466666666666665,baseline_rolling3,2023,all,none,,,,
00-0034857,QB,2023,17,21.2,20.566666666666663,baseline_rolling3,2023,all,none,,,,
00-0034857,QB,2023,18,23.1,20.799999999999994,baseline_rolling3,2023,all,none,,,,
00-0034857,QB,2023,19,33.5,23.099999999999994,baseline_rolling3,2023,all,none,,,,
00-0034857,QB,2023,20,30.6,25.933333333333326,baseline_rolling3,2023,all,none,,,,
00-0034869,QB,2023,1,-0.2,14.800000000000002,baseline_rolling3,2023,all,none,,,,
00-0034869,QB,2023,3,-0.1,7.4333333333333345,baseline_rolling3,2023,all,none,,,,
00-0034869,QB,2023,4,-0.1,0.20000000000000118,baseline_rolling3,2023,all,none,,,,
00-0034869,QB,2023,5,-0.1,-0.13333333333333217,baseline_rolling3,2023,all,none,,,,
00-0034869,QB,2023,10,-0.1,-0.1,baseline_rolling3,2023,all,none,,,,
00-0034869,QB,2023,13,-0.1,-0.1,baseline_rolling3,2023,all,none,,,,
00-0034869,QB,2023,15,0.6,-0.1,baseline_rolling3,2023,all,none,,,,
00-0034869,QB,2023,16,6.1,0.1333333333333345,baseline_rolling3,2023,all,none,,,,
00-0034869,QB,2023,17,-0.2,2.200000000000001,baseline_rolling3,2023,all,none,,,,
00-0034869,QB,2023,18,17.5,2.1666666666666674,baseline_rolling3,2023,all,none,,,,
00-0034955,QB,2023,8,1.7,3.366666666666667,baseline_rolling3,2023,all,none,,,,
00-0034955,QB,2023,9,5.1,3.066666666666667,baseline_rolling3,2023,all,none,,,,
00-0035100,QB,2023,1,-0.1,,baseline_rolling3,2023,all,none,,,,
00-0035100,QB,2023,11,10.7,-0.1,baseline_rolling3,2023,all,none,,,,
00-0035100,QB,2023,12,12.0,5.3,baseline_rolling3,2023,all,none,,,,
00-0035100,QB,2023,13,26.7,7.533333333333334,baseline_rolling3,2023,all,none,,,,
00-0035100,QB,2023,14,23.7,16.466666666666665,baseline_rolling3,2023,all,none,,,,
00-0035100,QB,2023,15,19.0,20.799999999999997,baseline_rolling3,2023,all,none,,,,
00-0035100,QB,2023,16,13.4,23.13333333333333,baseline_rolling3,2023,all,none,,,,
00-0035100,QB,2023,17,21.1,18.7,baseline_rolling3,2023,all,none,,,,
00-0035100,QB,2023,18,18.0,17.833333333333336,baseline_rolling3,2023,all,none,,,,
00-0035228,QB,2023,10,17.3,14.966666666666669,baseline_rolling3,2023,all,none,,,,
00-0035228,QB,2023,11,21.7,14.4,baseline_rolling3,2023,all,none,,,,
00-0035228,QB,2023,12,20.4,13.233333333333334,baseline_rolling3,2023,all,none,,,,
00-0035228,QB,2023,13,11.8,19.8,baseline_rolling3,2023,all,none,,,,
00-0035228,QB,2023,15,13.3,17.96666666666667,baseline_rolling3,2023,all,none,,,,
00-0035228,QB,2023,16,20.4,15.166666666666666,baseline_rolling3,2023,all,none,,,,
00-0035228,QB,2023,17,23.7,15.166666666666666,baseline_rolling3,2023,all,none,,,,
00-0035228,QB,2023,18,17.8,19.133333333333336,baseline_rolling3,2023,all,none,,,,
00-0035264,QB,2023,15,0.0,13.266666666666666,baseline_rolling3,2023,all,none,,,,
00-0035264,QB,2023,17,13.6,13.266666666666666,baseline_rolling3,2023,all,none,,,,
00-0035264,QB,2023,18,13.1,9.133333333333333,baseline_rolling3,2023,all,none,,,,
00-0035282,QB,2023,14,5.2,0.0,baseline_rolling3,2023,all,none,,,,
00-0035282,QB,2023,15,17.4,2.6,baseline_rolling3,2023,all,none,,,,
00-0035282,QB,2023,16,17.1,7.533333333333332,baseline_rolling3,2023,all,none,,,,
00-0035282,QB,2023,17,11.9,13.233333333333334,baseline_rolling3,2023,all,none,,,,
00-0035282,QB,2023,18,16.0,15.466666666666667,baseline_rolling3,2023,all,none,,,,
00-0035289,QB,2023,1,0.0,11.833333333333334,baseline_rolling3,2023,all,none,,,,
00-0035289,QB,2023,2,11.1,4.266666666666666,baseline_rolling3,2023,all,none,,,,
00-0035289,QB,2023,3,13.1,3.6333333333333324,baseline_rolling3,2023,all,none,,,,
00-0035289,QB,2023,5,6.3,8.066666666666665,baseline_rolling3,2023,all,none,,,,
00-0035289,QB,2023,6,9.6,10.166666666666666,baseline_rolling3,2023,all,none,,,,
00-0035289,QB,2023,7,27.1,9.666666666666666,baseline_rolling3,2023,all,none,,,,
00-0035289,QB,2023,8,14.8,14.333333333333334,baseline_rolling3,2023,all,none,,,,
00-0035289,QB,2023,9,9.6,17.166666666666668,baseline_rolling3,2023,all,none,,,,
00-0035289,QB,2023,10,5.7,17.166666666666668,baseline_rolling3,2023,all,none,,,,
00-0035289,QB,2023,12,14.6,10.033333333333333,baseline_rolling3,2023,all,none,,,,
00-0035289,QB,2023,13,18.7,9.966666666666665,baseline_rolling3,2023,all,none,,,,
00-0035289,QB,2023,14,14.1,13.0,baseline_rolling3,2023,all,none,,,,
00-0035289,QB,2023,15,20.6,15.799999999999997,baseline_rolling3,2023,all,none,,,,
00-0035289,QB,2023,16,9.1,17.8,baseline_rolling3,2023,all,none,,,,
00-0035289,QB,2023,17,13.3,14.6,baseline_rolling3,2023,all,none,,,,
00-0035289,QB,2023,18,8.5,14.33333333333333,baseline_rolling3,2023,all,none,,,,
00-0035704,QB,2023,4,3.6,15.0,baseline_rolling3,2023,all,none,,,,
00-0035704,QB,2023,11,-1.9,13.833333333333334,baseline_rolling3,2023,all,none,,,,
00-0035704,QB,2023,14,15.3,7.8999999999999995,baseline_rolling3,2023,all,none,,,,
00-0035704,QB,2023,15,12.1,5.666666666666667,baseline_rolling3,2023,all,none,,,,
00-0035710,QB,2023,1,4.5,23.266666666666666,baseline_rolling3,2023,all,none,,,,
00-0035710,QB,2023,2,30.7,12.700000000000001,baseline_rolling3,2023,all,none,,,,
00-0035710,QB,2023,3,4.0,13.666666666666666,baseline_rolling3,2023,all,none,,,,
00-0035710,QB,2023,4,8.7,13.066666666666668,baseline_rolling3,2023,all,none,,,,
00-0035710,QB,2023,5,7.2,14.466666666666669,baseline_rolling3,2023,all,none,,,,
00-0035710,QB,2023,9,1.9,6.633333333333333,baseline_rolling3,2023,all,none,,,,
00-0035993,QB,2023,4,0.8,13.066666666666665,baseline_rolling3,2023,all,none,,,,
00-0035993,QB,2023,7,0.0,9.6,baseline_rolling3,2023,all,none,,,,
00-0035993,QB,2023,9,6.3,6.3999999999999995,baseline_rolling3,2023,all,none,,,,
00-0035993,QB,2023,17,4.7,2.3666666666666667,baseline_rolling3,2023,all,none,,,,
00-0035993,QB,2023,18,13.8,3.6666666666666665,baseline_rolling3,2023,all,none,,,,
00-0036212,QB,2023,1,27.1,13.700000000000001,baseline_rolling3,2023,all,none,,,,
00-0036212,QB,2023,2,12.3,18.533333333333335,baseline_rolling3,2023,all,none,,,,
00-0036212,QB,2023,3,28.4,16.599999999999998,baseline_rolling3,2023,all,none,,,,
00-0036212,QB,2023,4,14.0,22.599999999999998,baseline_rolling3,2023,all,none,,,,
00-0036212,QB,2023,5,16.9,18.233333333333334,baseline_rolling3,2023,all,none,,,,
00-0036212,QB,2023,6,22.5,19.766666666666666,baseline_rolling3,2023,all,none,,,,
00-0036212,QB,2023,7,10.3,17.8,baseline_rolling3,2023,all,none,,,,
00-0036212,QB,2023,8,21.8,16.566666666666666,baseline_rolling3,2023,all,none,,,,
00-0036212,QB,2023,9,12.4,18.2,baseline_rolling3,2023,all,none,,,,
00-0036212,QB,2023,11,17.6,14.833333333333334,baseline_rolling3,2023,all,none,,,,
00-0036212,QB,2023,12,7.8,17.26666666666667,baseline_rolling3,2023,all,none,,,,
00-0036212,QB,2023,13,19.2,12.6,baseline_rolling3,2023,all,none,,,,
00-0036212,QB,2023,14,11.1,14.866666666666667,baseline_rolling3,2023,all,none,,,,
00-0036212,QB,2023,15,13.0,12.700000000000001,baseline_rolling3,2023,all,none,,,,
00-0036212,QB,2023,16,15.5,14.433333333333332,baseline_rolling3,2023,all,none,,,,
00-0036212,QB,2023,17,14.9,13.200000000000001,baseline_rolling3,2023,all,none,,,,
00-0036212,QB,2023,18,7.6,14.466666666666667,baseline_rolling3,2023,all,none,,,,
00-0036212,QB,2023,19,12.5,12.666666666666666,baseline_rolling3,2023,all,none,,,,
00-0036264,QB,2023,1,23.0,3.033333333333333,baseline_rolling3,2023,all,none,,,,
00-0036264,QB,2023,2,20.3,10.6,baseline_rolling3,2023,all,none,,,,
00-0036264,QB,2023,3,24.3,14.533333333333331,baseline_rolling3,2023,all,none,,,,
00-0036264,QB,2023,4,17.6,22.53333333333333,baseline_rolling3,2023,all,none,,,,
00-0036264,QB,2023,5,5.0,20.733333333333334,baseline_rolling3,2023,all,none,,,,
00-0036264,QB,2023,7,15.3,15.633333333333333,baseline_rolling3,2023,all,none,,,,
00-0036264,QB,2023,8,14.6,12.633333333333333,baseline_rolling3,2023,all,none,,,,
00-0036264,QB,2023,9,13.8,11.633333333333333,baseline_rolling3,2023,all,none,,,,
00-0036264,QB,2023,10,16.7,14.566666666666665,baseline_rolling3,2023,all,none,,,,
00-0036264,QB,2023,11,20.9,15.033333333333331,baseline_rolling3,2023,all,none,,,,
00-0036264,QB,2023,12,26.6,17.13333333333333,baseline_rolling3,2023,all,none,,,,
00-0036264,QB,2023,13,23.7,21.400000000000002,baseline_rolling3,2023,all,none,,,,
00-0036264,QB,2023,14,8.9,23.73333333333333,baseline_rolling3,2023,all,none,,,,
00-0036264,QB,2023,15,17.5,19.73333333333333,baseline_rolling3,2023,all,none,,,,
00-0036264,QB,2023,16,24.0,16.7,baseline_rolling3,2023,all,none,,,,
00-0036264,QB,2023,17,28.4,16.799999999999997,baseline_rolling3,2023,all,none,,,,
00-0036264,QB,2023,18,18.5,23.299999999999997,baseline_rolling3,2023,all,none,,,,
00-0036264,QB,2023,19,22.8,23.63333333333333,baseline_rolling3,2023,all,none,,,,
00-0036264,QB,2023,20,14.1,23.23333333333333,baseline_rolling3,2023,all,none,,,,
00-0036355,QB,2023,1,20.9,17.2,baseline_rolling3,2023,all,none,,,,
00-0036355,QB,2023,2,22.2,18.6,baseline_rolling3,2023,all,none,,,,
00-0036355,QB,2023,3,29.3,19.733333333333334,baseline_rolling3,2023,all,none,,,,
00-0036355,QB,2023,4,23.4,24.133333333333336,baseline_rolling3,2023,all,none,,,,
00-0036355,QB,2023,6,19.1,24.96666666666667,baseline_rolling3,2023,all,none,,,,
00-0036355,QB,2023,7,10.9,23.933333333333334,baseline_rolling3,2023,all,none,,,,
00-0036355,QB,2023,8,24.0,17.8,baseline_rolling3,2023,all,none,,,,
00-0036355,QB,2023,9,7.1,18.0,baseline_rolling3,2023,all,none,,,,
00-0036355,QB,2023,10,28.4,14.0,baseline_rolling3,2023,all,none,,,,
00-0036355,QB,2023,11,25.7,19.833333333333332,baseline_rolling3,2023,all,none,,,,
00-0036355,QB,2023,12,13.4,20.400000000000002,baseline_rolling3,2023,all,none,,,,
00-0036355,QB,2023,13,8.0,22.5,baseline_rolling3,2023,all,none,,,,
00-0036355,QB,2023,14,1.8,15.700000000000001,baseline_rolling3,2023,all,none,,,,
00-0036389,QB,2023,1,12.5,25.83333333333334,baseline_rolling3,2023,all,none,,,,
00-0036389,QB,2023,2,25.2,22.133333333333336,baseline_rolling3,2023,all,none,,,,
00-0036389,QB,2023,3,19.9,25.633333333333336,baseline_rolling3,2023,all,none,,,,
00-0036389,QB,2023,4,24.2,19.200000000000003,baseline_rolling3,2023,all,none,,,,
00-0036389,QB,2023,5,27.3,23.100000000000005,baseline_rolling3,2023,all,none,,,,
00-0036389,QB,2023,6,19.9,23.8,baseline_rolling3,2023,all,none,,,,
00-0036389,QB,2023,7,23.3,23.8,baseline_rolling3,2023,all,none,,,,
00-0036389,QB,2023,8,27.4,23.5,baseline_rolling3,2023,all,none,,,,
00-0036389,QB,2023,9,25.9,23.533333333333335,baseline_rolling3,2023,all,none,,,,
00-0036389,QB,2023,11,18.9,25.53333333333333,baseline_rolling3,2023,all,none,,,,
00-0036389,QB,2023,12,34.5,24.066666666666666,baseline_rolling3,2023,all,none,,,,
00-0036389,QB,2023,13,23.9,26.433333333333337,baseline_rolling3,2023,all,none,,,,
00-0036389,QB,2023,14,8.9,25.76666666666667,baseline_rolling3,2023,all,none,,,,
00-0036389,QB,2023,15,21.9,22.433333333333337,baseline_rolling3,2023,all,none,,,,
00-0036389,QB,2023,16,23.4,18.233333333333334,baseline_rolling3,2023,all,none,,,,
00-0036389,QB,2023,17,19.2,18.066666666666666,baseline_rolling3,2023,all,none,,,,
00-0036389,QB,2023,18,0.6,21.5,baseline_rolling3,2023,all,none,,,,
00-0036389,QB,2023,19,14.5,14.4,baseline_rolling3,2023,all,none,,,,
00-0036442,QB,2023,1,3.2,17.966666666666672,baseline_rolling3,2023,all,none,,,,
00-0036442,QB,2023,2,15.4,12.600000000000009,baseline_rolling3,2023,all,none,,,,
00-0036442,QB,2023,3,8.2,10.800000000000006,baseline_rolling3,2023,all,none,,,,
00-0036442,QB,2023,4,4.7,8.93333333333334,baseline_rolling3,2023,all,none,,,,
00-0036442,QB,2023,5,23.4,9.43333333333334,baseline_rolling3,2023,all,none,,,,
00-0036442,QB,2023,6,13.8,12.100000000000007,baseline_rolling3,2023,all,none,,,,
00-0036442,QB,2023,8,27.6,13.966666666666674,baseline_rolling3,2023,all,none,,,,
00-0036442,QB,2023,9,22.3,21.600000000000005,baseline_rolling3,2023,all,none,,,,
00-0036442,QB,2023,10,19.9,21.233333333333345,baseline_rolling3,2023,all,none,,,,
00-0036442,QB,2023,11,8.7,23.266666666666676,baseline_rolling3,2023,all,none,,,,
00-0036879,QB,2023,14,0.0,9.366666666666665,baseline_rolling3,2023,all,none,,,,
00-0036898,QB,2023,11,0.1,13.266666666666666,baseline_rolling3,2023,all,none,,,,
00-0036898,QB,2023,13,0.7,10.000000000000002,baseline_rolling3,2023,all,none,,,,
00-0036898,QB,2023,14,0.2,7.1000000000000005,baseline_rolling3,2023,all,none,,,,
00-0036898,QB,2023,15,0.0,0.3333333333333333,baseline_rolling3,2023,all,none,,,,
00-0036898,QB,2023,16,16.9,0.3,baseline_rolling3,2023,all,none,,,,
00-0036898,QB,2023,17,0.0,5.699999999999999,baseline_rolling3,2023,all,none,,,,
00-0036898,QB,2023,19,-0.2,5.633333333333333,baseline_rolling3,2023,all,none,,,,
00-0036928,QB,2023,10,-0.1,0.9,baseline_rolling3,2023,all,none,,,,
00-0036928,QB,2023,12,0.0,0.4,baseline_rolling3,2023,all,none,,,,
00-0036945,QB,2023,1,14.5,16.566666666666666,baseline_rolling3,2023,all,none,,,,
00-0036945,QB,2023,2,14.7,13.533333333333331,baseline_rolling3,2023,all,none,,,,
00-0036945,QB,2023,3,10.7,15.133333333333333,baseline_rolling3,2023,all,none,,,,
00-0036945,QB,2023,4,27.9,13.299999999999997,baseline_rolling3,2023,all,none,,,,
00-0036945,QB,2023,5,33.0,17.766666666666666,baseline_rolling3,2023,all,none,,,,
00-0036945,QB,2023,6,4.9,23.866666666666664,baseline_rolling3,2023,all,none,,,,
00-0036945,QB,2023,11,21.2,21.933333333333334,baseline_rolling3,2023,all,none,,,,
00-0036945,QB,2023,12,10.6,19.7,baseline_rolling3,2023,all,none,,,,
00-0036945,QB,2023,14,24.7,12.233333333333334,baseline_rolling3,2023,all,none,,,,
00-0036945,QB,2023,15,9.6,18.833333333333332,baseline_rolling3,2023,all,none,,,,
00-0036945,QB,2023,16,24.5,14.966666666666667,baseline_rolling3,2023,all,none,,,,
00-0036945,QB,2023,17,25.2,19.599999999999998,baseline_rolling3,2023,all,none,,,,
00-0036945,QB,2023,18,8.6,19.766666666666666,baseline_rolling3,2023,all,none,,,,
00-0036971,QB,2023,1,17.7,14.600000000000003,baseline_rolling3,2023,all,none,,,,
00-0036971,QB,2023,2,9.2,17.1,baseline_rolling3,2023,all,none,,,,
00-0036971,QB,2023,3,14.4,13.4,baseline_rolling3,2023,all,none,,,,
00-0036971,QB,2023,4,16.5,13.766666666666667,baseline_rolling3,2023,all,none,,,,
00-0036971,QB,2023,5,15.7,13.366666666666669,baseline_rolling3,2023,all,none,,,,
00-0036971,QB,2023,6,14.7,15.533333333333337,baseline_rolling3,2023,all,none,,,,
00-0036971,QB,2023,7,18.1,15.633333333333335,baseline_rolling3,2023,all,none,,,,
00-0036971,QB,2023,8,14.7,16.166666666666668,baseline_rolling3,2023,all,none,,,,
00-0036971,QB,2023,10,2.1,15.833333333333337,baseline_rolling3,2023,all,none,,,,
00-0036971,QB,2023,11,32.2,11.633333333333335,baseline_rolling3,2023,all,none,,,,
00-0036971,QB,2023,12,24.6,16.333333333333336,baseline_rolling3,2023,all,none,,,,
00-0036971,QB,2023,13,25.1,19.633333333333336,baseline_rolling3,2023,all,none,,,,
00-0036971,QB,2023,14,17.4,27.3,baseline_rolling3,2023,all,none,,,,
00-0036971,QB,2023,15,14.7,22.36666666666667,baseline_rolling3,2023,all,none,,,,
00-0036971,QB,2023,16,9.3,19.066666666666666,baseline_rolling3,2023,all,none,,,,
00-0036971,QB,2023,18,16.2,13.800000000000002,baseline_rolling3,2023,all,none,,,,
00-0036972,QB,2023,1,24.1,16.666666666666668,baseline_rolling3,2023,all,none,,,,
00-0036972,QB,2023,2,13.7,18.86666666666667,baseline_rolling3,2023,all,none,,,,
00-0036972,QB,2023,3,13.3,18.000000000000004,baseline_rolling3,2023,all,none,,,,
00-0036972,QB,2023,4,0.7,17.033333333333335,baseline_rolling3,2023,all,none,,,,
00-0036972,QB,2023,5,-1.6,9.233333333333334,baseline_rolling3,2023,all,none,,,,
00-0036972,QB,2023,6,5.9,4.133333333333335,baseline_rolling3,2023,all,none,,,,
00-0036972,QB,2023,7,20.0,1.6666666666666679,baseline_rolling3,2023,all,none,,,,
00-0036972,QB,2023,8,12.2,8.100000000000001,baseline_rolling3,2023,all,none,,,,
00-0036972,QB,2023,9,11.1,12.700000000000003,baseline_rolling3,2023,all,none,,,,
00-0036972,QB,2023,10,7.3,14.433333333333335,baseline_rolling3,2023,all,none,,,,
00-0036972,QB,2023,12,-0.4,10.200000000000001,baseline_rolling3,2023,all,none,,,,
00-0037013,QB,2023,1,8.2,8.966666666666667,baseline_rolling3,2023,all,none,,,,
00-0037013,QB,2023,2,8.4,9.8,baseline_rolling3,2023,all,none,,,,
00-0037013,QB,2023,3,6.4,6.1333333333333355,baseline_rolling3,2023,all,none,,,,
00-0037013,QB,2023,4,19.2,7.666666666666668,baseline_rolling3,2023,all,none,,,,
00-0037013,QB,2023,5,8.6,11.333333333333334,baseline_rolling3,2023,all,none,,,,
00-0037013,QB,2023,6,10.9,11.4,baseline_rolling3,2023,all,none,,,,
00-0037013,QB,2023,8,12.1,12.9,baseline_rolling3,2023,all,none,,,,
00-0037013,QB,2023,9,7.2,10.533333333333333,baseline_rolling3,2023,all,none,,,,
00-0037013,QB,2023,10,13.9,10.066666666666668,baseline_rolling3,2023,all,none,,,,
00-0037013,QB,2023,11,6.7,11.066666666666668,baseline_rolling3,2023,all,none,,,,
00-0037013,QB,2023,14,19.2,9.266666666666667,baseline_rolling3,2023,all,none,,,,
00-0037013,QB,2023,15,-1.0,13.266666666666666,baseline_rolling3,2023,all,none,,,,
00-0037077,QB,2023,1,15.2,18.3,baseline_rolling3,2023,all,none,,,,
00-0037077,QB,2023,2,21.3,16.75,baseline_rolling3,2023,all,none,,,,
00-0037077,QB,2023,3,0.6,18.266666666666666,baseline_rolling3,2023,all,none,,,,
00-0037077,QB,2023,4,19.6,12.366666666666667,baseline_rolling3,2023,all,none,,,,
00-0037077,QB,2023,5,25.4,13.833333333333334,baseline_rolling3,2023,all,none,,,,
00-0037077,QB,2023,6,18.3,15.200000000000001,baseline_rolling3,2023,all,none,,,,
00-0037077,QB,2023,7,9.5,21.099999999999998,baseline_rolling3,2023,all,none,,,,
00-0037077,QB,2023,8,31.0,17.733333333333334,baseline_rolling3,2023,all,none,,,,
00-0037077,QB,2023,9,17.7,19.599999999999998,baseline_rolling3,2023,all,none,,,,
00-0037077,QB,2023,10,24.2,19.400000000000002,baseline_rolling3,2023,all,none,,,,
00-0037077,QB,2023,11,17.7,24.3,baseline_rolling3,2023,all,none,,,,
00-0037077,QB,2023,12,17.3,19.866666666666667,baseline_rolling3,2023,all,none,,,,
00-0037077,QB,2023,13,19.2,19.733333333333334,baseline_rolling3,2023,all,none,,,,
00-0037077,QB,2023,15,8.3,18.066666666666666,baseline_rolling3,2023,all,none,,,,
00-0037077,QB,2023,16,-1.8,14.933333333333332,baseline_rolling3,2023,all,none,,,,
00-0037077,QB,2023,17,6.7,8.566666666666666,baseline_rolling3,2023,all,none,,,,
00-0037077,QB,2023,18,7.4,4.4,baseline_rolling3,2023,all,none,,,,
00-0037834,QB,2023,1,16.8,13.733333333333333,baseline_rolling3,2023,all,none,,,,
00-0037834,QB,2023,2,14.7,8.366666666666667,baseline_rolling3,2023,all,none,,,,
00-0037834,QB,2023,3,20.3,10.133333333333333,baseline_rolling3,2023,all,none,,,,
00-0037834,QB,2023,4,21.3,17.26666666666667,baseline_rolling3,2023,all,none,,,,
00-0037834,QB,2023,5,26.1,18.766666666666666,baseline_rolling3,2023,all,none,,,,
00-0037834,QB,2023,6,7.7,22.566666666666666,baseline_rolling3,2023,all,none,,,,
00-0037834,QB,2023,7,12.8,18.36666666666667,baseline_rolling3,2023,all,none,,,,
00-0037834,QB,2023,8,18.3,15.533333333333337,baseline_rolling3,2023,all,none,,,,
00-0037834,QB,2023,10,23.8,12.933333333333335,baseline_rolling3,2023,all,none,,,,
00-0037834,QB,2023,11,26.7,18.3,baseline_rolling3,2023,all,none,,,,
00-0037834,QB,2023,12,10.5,22.933333333333337,baseline_rolling3,2023,all,none,,,,
00-0037834,QB,2023,13,29.5,20.333333333333332,baseline_rolling3,2023,all,none,,,,
00-0037834,QB,2023,14,21.4,22.233333333333334,baseline_rolling3,2023,all,none,,,,
00-0037834,QB,2023,15,25.7,20.46666666666667,baseline_rolling3,2023,all,none,,,,
00-0037834,QB,2023,16,2.4,25.53333333333333,baseline_rolling3,2023,all,none,,,,
00-0037834,QB,2023,17,17.6,16.5,baseline_rolling3,2023,all,none,,,,
00-0037834,QB,2023,20,15.5,15.233333333333334,baseline_rolling3,2023,all,none,,,,
00-0037834,QB,2023,21,17.5,11.833333333333334,baseline_rolling3,2023,all,none,,,,
00-0037834,QB,2023,22,15.4,16.86666666666667,baseline_rolling3,2023,all,none,,,,
00-0038102,QB,2023,1,9.7,11.833333333333334,baseline_rolling3,2023,all,none,,,,
00-0038102,QB,2023,2,10.3,10.833333333333334,baseline_rolling3,2023,all,none,,,,
00-0038102,QB,2023,3,18.5,10.633333333333333,baseline_rolling3,2023,all,none,,,,
00-0038102,QB,2023,4,3.5,12.833333333333334,baseline_rolling3,2023,all,none,,,,
00-0038102,QB,2023,5,12.4,10.766666666666666,baseline_rolling3,2023,all,none,,,,
00-0038102,QB,2023,7,15.2,11.466666666666667,baseline_rolling3,2023,all,none,,,,
00-0038102,QB,2023,8,3.9,10.366666666666667,baseline_rolling3,2023,all,none,,,,
00-0038102,QB,2023,9,10.3,10.5,baseline_rolling3,2023,all,none,,,,
00-0038102,QB,2023,10,6.6,9.8,baseline_rolling3,2023,all,none,,,,
00-0038102,QB,2023,11,5.1,6.933333333333334,baseline_rolling3,2023,all,none,,,,
00-0038102,QB,2023,12,11.6,7.333333333333333,baseline_rolling3,2023,all,none,,,,
00-0038102,QB,2023,13,3.1,7.766666666666666,baseline_rolling3,2023,all,none,,,,
00-0038108,QB,2023,4,2.3,11.233333333333333,baseline_rolling3,2023,all,none,,,,
00-0038108,QB,2023,5,0.9,8.666666666666666,baseline_rolling3,2023,all,none,,,,
00-0038108,QB,2023,10,-1.0,2.8333333333333335,baseline_rolling3,2023,all,none,,,,
00-0038108,QB,2023,12,0.2,0.7333333333333333,baseline_rolling3,2023,all,none,,,,
00-0038108,QB,2023,13,7.2,0.033333333333333305,baseline_rolling3,2023,all,none,,,,
00-0038108,QB,2023,14,20.9,2.1333333333333333,baseline_rolling3,2023,all,none,,,,
00-0038108,QB,2023,15,9.4,9.433333333333332,baseline_rolling3,2023,all,none,,,,
00-0038108,QB,2023,16,16.4,12.5,baseline_rolling3,2023,all,none,,,,
00-0038108,QB,2023,17,12.1,15.566666666666665,baseline_rolling3,2023,all,none,,,,
00-0038108,QB,2023,18,0.8,12.633333333333333,baseline_rolling3,2023,all,none,,,,
00-0038122,QB,2023,1,8.9,10.366666666666667,baseline_rolling3,2023,all,none,,,,
00-0038122,QB,2023,2,21.4,10.166666666666666,baseline_rolling3,2023,all,none,,,,
00-0038122,QB,2023,3,6.3,15.4,baseline_rolling3,2023,all,none,,,,
00-0038122,QB,2023,4,6.2,12.199999999999998,baseline_rolling3,2023,all,none,,,,
00-0038122,QB,2023,5,26.2,11.299999999999999,baseline_rolling3,2023,all,none,,,,
00-0038122,QB,2023,6,16.1,12.9,baseline_rolling3,2023,all,none,,,,
00-0038122,QB,2023,7,17.8,16.166666666666668,baseline_rolling3,2023,all,none,,,,
00-0038122,QB,2023,8,3.4,20.033333333333335,baseline_rolling3,2023,all,none,,,,
00-0038122,QB,2023,10,8.7,12.433333333333335,baseline_rolling3,2023,all,none,,,,
00-0038122,QB,2023,12,9.7,9.966666666666667,baseline_rolling3,2023,all,none,,,,
00-0038122,QB,2023,13,8.8,7.266666666666666,baseline_rolling3,2023,all,none,,,,
00-0038122,QB,2023,14,25.4,9.066666666666668,baseline_rolling3,2023,all,none,,,,
00-0038122,QB,2023,15,7.9,14.633333333333333,baseline_rolling3,2023,all,none,,,,
00-0038122,QB,2023,17,-1.3,14.033333333333333,baseline_rolling3,2023,all,none,,,,
00-0038122,QB,2023,18,15.6,10.666666666666666,baseline_rolling3,2023,all,none,,,,
00-0038128,QB,2023,3,0.0,4.433333333333334,baseline_rolling3,2023,all,none,,,,
00-0038128,QB,2023,6,4.7,3.966666666666667,baseline_rolling3,2023,all,none,,,,
00-0038128,QB,2023,8,-1.6,5.0,baseline_rolling3,2023,all,none,,,,
00-0038416,QB,2023,6,5.7,,baseline_rolling3,2023,all,none,,,,
00-0038416,QB,2023,7,12.9,5.7,baseline_rolling3,2023,all,none,,,,
00-0038416,QB,2023,8,11.2,9.3,baseline_rolling3,2023,all,none,,,,
00-0038416,QB,2023,9,15.8,9.933333333333332,baseline_rolling3,2023,all,none,,,,
00-0038416,QB,2023,10,7.7,13.299999999999999,baseline_rolling3,2023,all,none,,,,
00-0038476,QB,2023,8,7.2,,baseline_rolling3,2023,all,none,,,,
00-0038476,QB,2023,9,8.7,7.2,baseline_rolling3,2023,all,none,,,,
00-0038476,QB,2023,10,13.5,7.949999999999999,baseline_rolling3,2023,all,none,,,,
00-0038476,QB,2023,11,22.5,9.799999999999999,baseline_rolling3,2023,all,none,,,,
00-0038476,QB,2023,12,10.2,14.9,baseline_rolling3,2023,all,none,,,,
00-0038476,QB,2023,14,17.4,15.399999999999999,baseline_rolling3,2023,all,none,,,,
00-0038476,QB,2023,15,10.7,16.7,baseline_rolling3,2023,all,none,,,,
00-0038476,QB,2023,16,2.7,12.766666666666666,baseline_rolling3,2023,all,none,,,,
00-0038476,QB,2023,18,0.6,10.266666666666666,baseline_rolling3,2023,all,none,,,,
00-0038579,QB,2023,4,9.8,,baseline_rolling3,2023,all,none,,,,
00-0038579,QB,2023,7,5.0,9.8,baseline_rolling3,2023,all,none,,,,
00-0038579,QB,2023,9,8.4,7.4,baseline_rolling3,2023,all,none,,,,
00-0038579,QB,2023,10,8.4,7.733333333333334,baseline_rolling3,2023,all,none,,,,
00-0038579,QB,2023,11,9.1,7.266666666666667,baseline_rolling3,2023,all,none,,,,
00-0038579,QB,2023,12,13.9,8.633333333333333,baseline_rolling3,2023,all,none,,,,
00-0038579,QB,2023,14,5.0,10.466666666666667,baseline_rolling3,2023,all,none,,,,
00-0038579,QB,2023,15,25.9,9.333333333333334,baseline_rolling3,2023,all,none,,,,
00-0038579,QB,2023,16,2.1,14.933333333333332,baseline_rolling3,2023,all,none,,,,
00-0038579,QB,2023,17,20.3,11.0,baseline_rolling3,2023,all,none,,,,
00-0038579,QB,2023,18,17.9,16.099999999999998,baseline_rolling3,2023,all,none,,,,
00-0038582,QB,2023,7,0.2,,baseline_rolling3,2023,all,none,,,,
00-0038582,QB,2023,9,-0.9,0.2,baseline_rolling3,2023,all,none,,,,
00-0038582,QB,2023,10,6.1,-0.35,baseline_rolling3,2023,all,none,,,,
00-0038582,QB,2023,12,2.0,1.7999999999999998,baseline_rolling3,2023,all,none,,,,
00-0038582,QB,2023,15,0.0,2.4,baseline_rolling3,2023,all,none,,,,
00-0038582,QB,2023,17,0.0,2.6999999999999997,baseline_rolling3,2023,all,none,,,,
00-0038582,QB,2023,18,0.1,0.6666666666666666,baseline_rolling3,2023,all,none,,,,
00-0038583,QB,2023,3,0.0,,baseline_rolling3,2023,all,none,,,,
00-0038583,QB,2023,4,1.2,0.0,baseline_rolling3,2023,all,none,,,,
00-0038583,QB,2023,8,0.4,0.6,baseline_rolling3,2023,all,none,,,,
00-0038583,QB,2023,11,6.6,0.5333333333333333,baseline_rolling3,2023,all,none,,,,
00-0038583,QB,2023,12,11.5,2.733333333333333,baseline_rolling3,2023,all,none,,,,
00-0038583,QB,2023,14,0.5,6.166666666666667,baseline_rolling3,2023,all,none,,,,
00-0038583,QB,2023,15,0.2,6.2,baseline_rolling3,2023,all,none,,,,
00-0038583,QB,2023,16,1.7,4.066666666666666,baseline_rolling3,2023,all,none,,,,
00-0039150,QB,2023,1,7.5,,baseline_rolling3,2023,all,none,,,,
00-0039150,QB,2023,2,13.5,7.5,baseline_rolling3,2023,all,none,,,,
00-0039150,QB,2023,4,7.2,10.5,baseline_rolling3,2023,all,none,,,,
00-0039150,QB,2023,5,18.3,9.4,baseline_rolling3,2023,all,none,,,,
00-0039150,QB,2023,6,12.7,13.0,baseline_rolling3,2023,all,none,,,,
00-0039150,QB,2023,8,14.5,12.733333333333334,baseline_rolling3,2023,all,none,,,,
00-0039150,QB,2023,9,9.0,15.166666666666666,baseline_rolling3,2023,all,none,,,,
00-0039150,QB,2023,10,9.2,12.066666666666668,baseline_rolling3,2023,all,none,,,,
00-0039150,QB,2023,11,5.2,10.9,baseline_rolling3,2023,all,none,,,,
00-0039150,QB,2023,12,8.1,7.8,baseline_rolling3,2023,all,none,,,,
00-0039150,QB,2023,13,7.1,7.5,baseline_rolling3,2023,all,none,,,,
00-0039150,QB,2023,14,7.5,6.8,baseline_rolling3,2023,all,none,,,,
00-0039150,QB,2023,15,7.6,7.566666666666667,baseline_rolling3,2023,all,none,,,,
00-0039150,QB,2023,16,22.2,7.3999999999999995,baseline_rolling3,2023,all,none,,,,
00-0039150,QB,2023,17,2.7,12.433333333333332,baseline_rolling3,2023,all,none,,,,
00-0039150,QB,2023,18,4.2,10.833333333333334,baseline_rolling3,2023,all,none,,,,
00-0039152,QB,2023,8,26.6,,baseline_rolling3,2023,all,none,,,,
00-0039152,QB,2023,9,8.7,26.6,baseline_rolling3,2023,all,none,,,,
00-0039152,QB,2023,10,6.0,17.65,baseline_rolling3,2023,all,none,,,,
00-0039152,QB,2023,11,12.5,13.766666666666666,baseline_rolling3,2023,all,none,,,,
00-0039152,QB,2023,12,7.1,9.066666666666666,baseline_rolling3,2023,all,none,,,,
00-0039152,QB,2023,13,11.5,8.533333333333333,baseline_rolling3,2023,all,none,,,,
00-0039152,QB,2023,14,16.6,10.366666666666667,baseline_rolling3,2023,all,none,,,,
00-0039152,QB,2023,15,14.5,11.733333333333334,baseline_rolling3,2023,all,none,,,,
00-0039152,QB,2023,17,-1.4,14.200000000000001,baseline_rolling3,2023,all,none,,,,
00-0039163,QB,2023,1,10.7,,baseline_rolling3,2023,all,none,,,,
00-0039163,QB,2023,2,21.5,10.7,baseline_rolling3,2023,all,none,,,,
00-0039163,QB,2023,3,20.6,16.1,baseline_rolling3,2023,all,none,,,,
00-0039163,QB,2023,4,21.8,17.599999999999998,baseline_rolling3,2023,all,none,,,,
00-0039163,QB,2023,5,14.2,21.3,baseline_rolling3,2023,all,none,,,,
00-0039163,QB,2023,6,14.2,18.86666666666667,baseline_rolling3,2023,all,none,,,,
00-0039163,QB,2023,8,12.9,16.73333333333333,baseline_rolling3,2023,all,none,,,,
00-0039163,QB,2023,9,40.8,13.766666666666666,baseline_rolling3,2023,all,none,,,,
00-0039163,QB,2023,10,19.0,22.63333333333333,baseline_rolling3,2023,all,none,,,,
00-0039163,QB,2023,11,15.3,24.23333333333333,baseline_rolling3,2023,all,none,,,,
00-0039163,QB,2023,12,30.9,25.03333333333333,baseline_rolling3,2023,all,none,,,,
00-0039163,QB,2023,13,16.1,21.73333333333333,baseline_rolling3,2023,all,none,,,,
00-0039163,QB,2023,14,3.6,20.766666666666666,baseline_rolling3,2023,all,none,,,,
00-0039163,QB,2023,17,12.9,16.866666666666664,baseline_rolling3,2023,all,none,,,,
00-0039163,QB,2023,18,20.6,10.866666666666665,baseline_rolling3,2023,all,none,,,,
00-0039163,QB,2023,19,23.1,12.366666666666665,baseline_rolling3,2023,all,none,,,,
00-0039163,QB,2023,20,7.9,18.866666666666664,baseline_rolling3,2023,all,none,,,,
00-0039164,QB,2023,1,20.9,,baseline_rolling3,2023,all,none,,,,
00-0039164,QB,2023,2,17.7,20.9,baseline_rolling3,2023,all,none,,,,
00-0039164,QB,2023,4,29.6,19.299999999999997,baseline_rolling3,2023,all,none,,,,
00-0039164,QB,2023,5,4.4,22.733333333333334,baseline_rolling3,2023,all,none,,,,
00-0023459,QB,2023,1,0.0,12.74,baseline_rolling5,2023,all,none,,,,
00-0026158,QB,2023,13,16.2,9.74,baseline_rolling5,2023,all,none,,,,
00-0026158,QB,2023,14,20.3,10.1,baseline_rolling5,2023,all,none,,,,
00-0026158,QB,2023,15,16.9,8.780000000000001,baseline_rolling5,2023,all,none,,,,
00-0026158,QB,2023,16,24.8,11.48,baseline_rolling5,2023,all,none,,,,
00-0026158,QB,2023,17,22.7,16.84,baseline_rolling5,2023,all,none,,,,
00-0026158,QB,2023,19,13.6,20.18,baseline_rolling5,2023,all,none,,,,
00-0026498,QB,2023,1,14.5,12.959999999999999,baseline_rolling5,2023,all,none,,,,
00-0026498,QB,2023,2,14.0,13.8,baseline_rolling5,2023,all,none,,,,
00-0026498,QB,2023,3,11.5,14.24,baseline_rolling5,2023,all,none,,,,
00-0026498,QB,2023,4,16.2,13.059999999999999,baseline_rolling5,2023,all,none,,,,
00-0026498,QB,2023,5,16.9,14.2,baseline_rolling5,2023,all,none,,,,
00-0026498,QB,2023,6,13.2,14.62,baseline_rolling5,2023,all,none,,,,
00-0026498,QB,2023,7,14.0,14.36,baseline_rolling5,2023,all,none,,,,
00-0026498,QB,2023,8,11.4,14.36,baseline_rolling5,2023,all,none,,,,
00-0026498,QB,2023,11,9.7,14.34,baseline_rolling5,2023,all,none,,,,
00-0026498,QB,2023,12,23.4,13.040000000000001,baseline_rolling5,2023,all,none,,,,
00-0026498,QB,2023,13,23.0,14.339999999999998,baseline_rolling5,2023,all,none,,,,
00-0026498,QB,2023,14,23.7,16.3,baseline_rolling5,2023,all,none,,,,
00-0026498,QB,2023,15,18.5,18.24,baseline_rolling5,2023,all,none,,,,
00-0026498,QB,2023,16,20.7,19.66,baseline_rolling5,2023,all,none,,,,
00-0026498,QB,2023,17,12.6,21.86,baseline_rolling5,2023,all,none,,,,
00-0026498,QB,2023,19,22.7,19.7,baseline_rolling5,2023,all,none,,,,
00-0026625,QB,2023,1,0.0,2.1800000000000006,baseline_rolling5,2023,all,none,,,,
00-0026625,QB,2023,6,3.8,2.2399999999999998,baseline_rolling5,2023,all,none,,,,
00-0026625,QB,2023,7,1.2,1.56,baseline_rolling5,2023,all,none,,,,
00-0027948,QB,2023,3,-2.9,1.1800000000000002,baseline_rolling5,2023,all,none,,,,
00-0027948,QB,2023,18,8.8,0.48000000000000015,baseline_rolling5,2023,all,none,,,,
00-0027973,QB,2023,2,0.0,9.2,baseline_rolling5,2023,all,none,,,,
00-0027973,QB,2023,3,23.5,6.540000000000001,baseline_rolling5,2023,all,none,,,,
00-0027973,QB,2023,5,0.1,8.42,baseline_rolling5,2023,all,none,,,,
00-0028118,QB,2023,1,0.2,5.180000000000001,baseline_rolling5,2023,all,none,,,,
00-0028118,QB,2023,3,0.2,2.16,baseline_rolling5,2023,all,none,,,,
00-0028118,QB,2023,4,0.0,1.94,baseline_rolling5,2023,all,none,,,,
00-0028118,QB,2023,5,4.8,1.6600000000000001,baseline_rolling5,2023,all,none,,,,
00-0028118,QB,2023,6,10.4,1.04,baseline_rolling5,2023,all,none,,,,
00-0028118,QB,2023,7,21.7,3.12,baseline_rolling5,2023,all,none,,,,
00-0028118,QB,2023,8,3.6,7.419999999999999,baseline_rolling5,2023,all,none,,,,
00-0028118,QB,2023,15,0.5,8.099999999999998,baseline_rolling5,2023,all,none,,,,
00-0028118,QB,2023,16,9.4,8.2,baseline_rolling5,2023,all,none,,,,
00-0028118,QB,2023,17,18.8,9.12,baseline_rolling5,2023,all,none,,,,
00-0028118,QB,2023,18,17.7,10.799999999999999,baseline_rolling5,2023,all,none,,,,
00-0028986,QB,2023,15,11.3,3.2,baseline_rolling5,2023,all,none,,,,
00-0028986,QB,2023,16,-1.5,4.82,baseline_rolling5,2023,all,none,,,,
00-0029263,QB,2023,1,15.2,18.06,baseline_rolling5,2023,all,none,,,,
00-0029263,QB,2023,2,25.9,19.16,baseline_rolling5,2023,all,none,,,,
00-0029263,QB,2023,3,14.2,19.22,baseline_rolling5,2023,all,none,,,,
00-0029263,QB,2023,4,22.2,20.4,baseline_rolling5,2023,all,none,,,,
00-0029263,QB,2023,5,18.7,20.119999999999997,baseline_rolling5,2023,all,none,,,,
00-0029263,QB,2023,6,6.9,19.240000000000002,baseline_rolling5,2023,all,none,,,,
00-0029263,QB,2023,7,13.9,17.58,baseline_rolling5,2023,all,none,,,,
00-0029263,QB,2023,8,17.6,15.180000000000001,baseline_rolling5,2023,all,none,,,,
00-0029263,QB,2023,10,18.7,15.86,baseline_rolling5,2023,all,none,,,,
00-0029263,QB,2023,11,14.5,15.16,baseline_rolling5,2023,all,none,,,,
00-0029263,QB,2023,12,16.8,14.319999999999999,baseline_rolling5,2023,all,none,,,,
00-0029263,QB,2023,13,15.8,16.3,baseline_rolling5,2023,all,none,,,,
00-0029263,QB,2023,14,15.5,16.68,baseline_rolling5,2023,all,none,,,,
00-0029263,QB,2023,15,17.5,16.26,baseline_rolling5,2023,all,none,,,,
00-0029263,QB,2023,16,23.5,16.020000000000003,baseline_rolling5,2023,all,none,,,,
00-0029604,QB,2023,1,16.5,20.26,baseline_rolling5,2023,all,none,,,,
00-0029604,QB,2023,2,28.6,17.48,baseline_rolling5,2023,all,none,,,,
00-0029604,QB,2023,3,25.7,18.36,baseline_rolling5,2023,all,none,,,,
00-0029604,QB,2023,4,9.6,21.92,baseline_rolling5,2023,all,none,,,,
00-0029604,QB,2023,5,19.9,21.240000000000002,baseline_rolling5,2023,all,none,,,,
00-0029604,QB,2023,6,8.7,20.060000000000002,baseline_rolling5,2023,all,none,,,,
00-0029604,QB,2023,7,21.0,18.5,baseline_rolling5,2023,all,none,,,,
00-0029604,QB,2023,8,19.9,16.979999999999997,baseline_rolling5,2023,all,none,,,,
00-0029701,QB,2023,1,2.4,15.0,baseline_rolling5,2023,all,none,,,,
00-0029701,QB,2023,2,21.0,11.68,baseline_rolling5,2023,all,none,,,,
00-0029701,QB,2023,3,4.2,12.58,baseline_rolling5,2023,all,none,,,,
00-0029701,QB,2023,4,12.7,10.82,baseline_rolling5,2023,all,none,,,,
00-0029701,QB,2023,5,9.8,10.2,baseline_rolling5,2023,all,none,,,,
00-0029701,QB,2023,6,1.0,10.02,baseline_rolling5,2023,all,none,,,,
00-0029701,QB,2023,16,9.8,9.74,baseline_rolling5,2023,all,none,,,,
00-0029701,QB,2023,17,6.7,7.5,baseline_rolling5,2023,all,none,,,,
00-0029701,QB,2023,18,12.4,8.0,baseline_rolling5,2023,all,none,,,,
00-0030533,QB,2023,17,-0.3,1.86,baseline_rolling5,2023,all,none,,,,
00-0030565,QB,2023,1,9.1,15.02,baseline_rolling5,2023,all,none,,,,
00-0030565,QB,2023,2,23.1,13.779999999999998,baseline_rolling5,2023,all,none,,,,
00-0030565,QB,2023,3,15.4,15.959999999999999,baseline_rolling5,2023,all,none,,,,
00-0030565,QB,2023,4,9.2,15.620000000000001,baseline_rolling5,2023,all,none,,,,
00-0030565,QB,2023,6,11.0,14.739999999999998,baseline_rolling5,2023,all,none,,,,
00-0030565,QB,2023,7,13.8,13.559999999999999,baseline_rolling5,2023,all,none,,,,
00-0030565,QB,2023,8,13.9,14.5,baseline_rolling5,2023,all,none,,,,
00-0030565,QB,2023,9,2.7,12.66,baseline_rolling5,2023,all,none,,,,
00-0030565,QB,2023,10,24.1,10.120000000000001,baseline_rolling5,2023,all,none,,,,
00-0030565,QB,2023,11,13.2,13.1,baseline_rolling5,2023,all,none,,,,
00-0030565,QB,2023,12,7.3,13.540000000000001,baseline_rolling5,2023,all,none,,,,
00-0030565,QB,2023,13,30.0,12.24,baseline_rolling5,2023,all,none,,,,
00-0030565,QB,2023,16,17.3,15.459999999999999,baseline_rolling5,2023,all,none,,,,
00-0030565,QB,2023,17,16.9,18.38,baseline_rolling5,2023,all,none,,,,
00-0030565,QB,2023,18,20.4,16.94,baseline_rolling5,2023,all,none,,,,
00-0031237,QB,2023,5,-0.2,7.6,baseline_rolling5,2023,all,none,,,,
00-0031280,QB,2023,1,14.6,13.0,baseline_rolling5,2023,all,none,,,,
00-0031280,QB,2023,2,6.7,11.76,baseline_rolling5,2023,all,none,,,,
00-0031280,QB,2023,3,8.1,9.9,baseline_rolling5,2023,all,none,,,,
00-0031280,QB,2023,4,3.2,11.0,baseline_rolling5,2023,all,none,,,,
00-0031280,QB,2023,5,15.7,7.799999999999999,baseline_rolling5,2023,all,none,,,,
00-0031280,QB,2023,6,16.3,9.66,baseline_rolling5,2023,all,none,,,,
00-0031280,QB,2023,7,17.4,9.999999999999998,baseline_rolling5,2023,all,none,,,,
00-0031280,QB,2023,8,18.3,12.139999999999997,baseline_rolling5,2023,all,none,,,,
00-0031280,QB,2023,9,16.7,14.179999999999998,baseline_rolling5,2023,all,none,,,,
00-0031280,QB,2023,10,5.4,16.88,baseline_rolling5,2023,all,none,,,,
00-0031280,QB,2023,12,10.9,14.819999999999999,baseline_rolling5,2023,all,none,,,,
00-0031280,QB,2023,13,8.9,13.739999999999998,baseline_rolling5,2023,all,none,,,,
00-0031280,QB,2023,14,10.8,12.04,baseline_rolling5,2023,all,none,,,,
00-0031280,QB,2023,15,20.3,10.539999999999997,baseline_rolling5,2023,all,none,,,,
00-0031280,QB,2023,16,25.0,11.26,baseline_rolling5,2023,all,none,,,,
00-0031280,QB,2023,17,15.6,15.180000000000001,baseline_rolling5,2023,all,none,,,,
00-0031280,QB,2023,18,27.2,16.119999999999997,baseline_rolling5,2023,all,none,,,,
00-0031288,QB,2023,14,0.0,3.499999999999999,baseline_rolling5,2023,all,none,,,,
00-0031288,QB,2023,18,0.8,3.54,baseline_rolling5,2023,all,none,,,,
00-0031345,QB,2023,1,15.1,14.9,baseline_rolling5,2023,all,none,,,,
00-0031345,QB,2023,2,7.5,14.38,baseline_rolling5,2023,all,none,,,,
00-0031345,QB,2023,3,17.7,12.7,baseline_rolling5,2023,all,none,,,,
00-0031345,QB,2023,5,10.7,11.16,baseline_rolling5,2023,all,none,,,,
00-0031345,QB,2023,6,8.9,10.64,baseline_rolling5,2023,all,none,,,,
00-0031345,QB,2023,8,4.2,11.98,baseline_rolling5,2023,all,none,,,,
00-0031345,QB,2023,18,0.0,9.8,baseline_rolling5,2023,all,none,,,,
00-0031503,QB,2023,3,4.0,13.8,baseline_rolling5,2023,all,none,,,,
00-0031503,QB,2023,4,-2.0,11.22,baseline_rolling5,2023,all,none,,,,
00-0031503,QB,2023,5,-0.4,8.78,baseline_rolling5,2023,all,none,,,,
00-0031503,QB,2023,10,8.9,4.76,baseline_rolling5,2023,all,none,,,,
00-0031503,QB,2023,13,1.6,5.0200000000000005,baseline_rolling5,2023,all,none,,,,
00-0031503,QB,2023,14,-0.2,2.42,baseline_rolling5,2023,all,none,,,,
00-0031503,QB,2023,18,0.0,1.58,baseline_rolling5,2023,all,none,,,,
00-0031800,QB,2023,8,12.4,12.059999999999999,baseline_rolling5,2023,all,none,,,,
00-0031800,QB,2023,9,14.7,12.98,baseline_rolling5,2023,all,none,,,,
00-0031800,QB,2023,10,9.6,13.64,baseline_rolling5,2023,all,none,,,,
00-0031800,QB,2023,16,14.2,12.040000000000001,baseline_rolling5,2023,all,none,,,,
00-0031800,QB,2023,17,15.1,12.219999999999999,baseline_rolling5,2023,all,none,,,,
00-0032156,QB,2023,13,1.4,10.780000000000001,baseline_rolling5,2023,all,none,,,,
00-0032156,QB,2023,15,-1.6,6.22,baseline_rolling5,2023,all,none,,,,
00-0032156,QB,2023,16,10.5,4.14,baseline_rolling5,2023,all,none,,,,
00-0032156,QB,2023,17,13.7,4.1,baseline_rolling5,2023,all,none,,,,
00-0032156,QB,2023,18,2.9,6.8,baseline_rolling5,2023,all,none,,,,
00-0032268,QB,2023,13,1.2,13.459999999999997,baseline_rolling5,2023,all,none,,,,
00-0032268,QB,2023,14,0.0,12.179999999999998,baseline_rolling5,2023,all,none,,,,
00-0032268,QB,2023,18,10.5,8.639999999999999,baseline_rolling5,2023,all,none,,,,
00-0032436,QB,2023,18,13.9,3.1399999999999997,baseline_rolling5,2023,all,none,,,,
00-0032950,QB,2023,12,0.0,9.739999999999998,baseline_rolling5,2023,all,none,,,,
00-0032950,QB,2023,18,26.1,8.28,baseline_rolling5,2023,all,none,,,,
00-0033077,QB,2023,1,6.3,19.619999999999997,baseline_rolling5,2023,all,none,,,,
00-0033077,QB,2023,2,19.6,15.279999999999998,baseline_rolling5,2023,all,none,,,,
00-0033077,QB,2023,3,14.4,16.32,baseline_rolling5,2023,all,none,,,,
00-0033077,QB,2023,4,14.3,17.459999999999997,baseline_rolling5,2023,all,none,,,,
00-0033077,QB,2023,5,4.3,13.0,baseline_rolling5,2023,all,none,,,,
00-0033077,QB,2023,6,24.9,11.78,baseline_rolling5,2023,all,none,,,,
00-0033077,QB,2023,8,28.1,15.499999999999996,baseline_rolling5,2023,all,none,,,,
00-0033077,QB,2023,9,28.4,17.2,baseline_rolling5,2023,all,none,,,,
00-0033077,QB,2023,10,37.9,19.999999999999996,baseline_rolling5,2023,all,none,,,,
00-0033077,QB,2023,11,16.2,24.72,baseline_rolling5,2023,all,none,,,,
00-0033077,QB,2023,12,32.2,27.1,baseline_rolling5,2023,all,none,,,,
00-0033077,QB,2023,13,28.3,28.560000000000002,baseline_rolling5,2023,all,none,,,,
00-0033077,QB,2023,14,17.9,28.6,baseline_rolling5,2023,all,none,,,,
00-0033077,QB,2023,15,6.1,26.5,baseline_rolling5,2023,all,none,,,,
00-0033077,QB,2023,16,18.6,20.14,baseline_rolling5,2023,all,none,,,,
00-0033077,QB,2023,17,20.3,20.619999999999997,baseline_rolling5,2023,all,none,,,,
00-0033077,QB,2023,18,25.2,18.240000000000002,baseline_rolling5,2023,all,none,,,,
00-0033077,QB,2023,19,30.6,17.619999999999997,baseline_rolling5,2023,all,none,,,,
00-0033106,QB,2023,1,14.0,19.560000000000002,baseline_rolling5,2023,all,none,,,,
00-0033106,QB,2023,2,22.9,17.139999999999997,baseline_rolling5,2023,all,none,,,,
00-0033106,QB,2023,3,18.0,18.9,baseline_rolling5,2023,all,none,,,,
00-0033106,QB,2023,4,11.4,17.36,baseline_rolling5,2023,all,none,,,,
00-0033106,QB,2023,5,27.4,15.160000000000002,baseline_rolling5,2023,all,none,,,,
00-0033106,QB,2023,6,22.4,18.740000000000002,baseline_rolling5,2023,all,none,,,,
00-0033106,QB,2023,7,9.4,20.419999999999998,baseline_rolling5,2023,all,none,,,,
00-0033106,QB,2023,8,12.7,17.72,baseline_rolling5,2023,all,none,,,,
00-0033106,QB,2023,10,21.1,16.66,baseline_rolling5,2023,all,none,,,,
00-0033106,QB,2023,11,13.7,18.6,baseline_rolling5,2023,all,none,,,,
00-0033106,QB,2023,12,18.2,15.86,baseline_rolling5,2023,all,none,,,,
00-0033106,QB,2023,13,16.3,15.02,baseline_rolling5,2023,all,none,,,,
00-0033106,QB,2023,14,4.4,16.4,baseline_rolling5,2023,all,none,,,,
00-0033106,QB,2023,15,31.1,14.74,baseline_rolling5,2023,all,none,,,,
00-0033106,QB,2023,16,14.3,16.740000000000002,baseline_rolling5,2023,all,none,,,,
00-0033106,QB,2023,17,10.8,16.86,baseline_rolling5,2023,all,none,,,,
00-0033106,QB,2023,18,20.8,15.38,baseline_rolling5,2023,all,none,,,,
00-0033106,QB,2023,19,14.8,16.28,baseline_rolling5,2023,all,none,,,,
00-0033106,QB,2023,20,20.1,18.360000000000003,baseline_rolling5,2023,all,none,,,,
00-0033106,QB,2023,21,14.9,16.160000000000004,baseline_rolling5,2023,all,none,,,,
00-0033119,QB,2023,13,0.0,0.10000000000000142,baseline_rolling5,2023,all,none,,,,
00-0033119,QB,2023,15,13.9,0.10000000000000142,baseline_rolling5,2023,all,none,,,,
00-0033119,QB,2023,16,9.0,2.8800000000000017,baseline_rolling5,2023,all,none,,,,
00-0033275,QB,2023,6,3.8,7.360000000000001,baseline_rolling5,2023,all,none,,,,
00-0033275,QB,2023,7,5.4,7.660000000000001,baseline_rolling5,2023,all,none,,,,
00-0033275,QB,2023,8,10.6,5.720000000000001,baseline_rolling5,2023,all,none,,,,
00-0033275,QB,2023,9,0.0,4.5,baseline_rolling5,2023,all,none,,,,
00-0033275,QB,2023,10,0.0,5.1,baseline_rolling5,2023,all,none,,,,
00-0033275,QB,2023,12,0.1,3.96,baseline_rolling5,2023,all,none,,,,
00-0033319,QB,2023,14,3.3,4.340000000000001,baseline_rolling5,2023,all,none,,,,
00-0033319,QB,2023,15,17.1,3.02,baseline_rolling5,2023,all,none,,,,
00-0033319,QB,2023,16,16.5,6.459999999999999,baseline_rolling5,2023,all,none,,,,
00-0033319,QB,2023,17,9.1,9.32,baseline_rolling5,2023,all,none,,,,
00-0033319,QB,2023,18,20.6,9.879999999999999,baseline_rolling5,2023,all,none,,,,
00-0033357,QB,2023,1,0.4,10.440000000000001,baseline_rolling5,2023,all,none,,,,
00-0033357,QB,2023,2,8.7,7.859999999999999,baseline_rolling5,2023,all,none,,,,
00-0033357,QB,2023,3,3.1,7.56,baseline_rolling5,2023,all,none,,,,
00-0033357,QB,2023,4,3.2,5.859999999999999,baseline_rolling5,2023,all,none,,,,
00-0033357,QB,2023,5,3.0,3.78,baseline_rolling5,2023,all,none,,,,
00-0033357,QB,2023,6,12.3,3.6799999999999997,baseline_rolling5,2023,all,none,,,,
00-0033357,QB,2023,7,16.8,6.0600000000000005,baseline_rolling5,2023,all,none,,,,
00-0033357,QB,2023,8,22.5,7.6800000000000015,baseline_rolling5,2023,all,none,,,,
00-0033357,QB,2023,9,20.6,11.559999999999999,baseline_rolling5,2023,all,none,,,,
00-0033357,QB,2023,10,4.3,15.040000000000001,baseline_rolling5,2023,all,none,,,,
00-0033357,QB,2023,12,8.1,15.3,baseline_rolling5,2023,all,none,,,,
00-0033357,QB,2023,13,15.4,14.459999999999999,baseline_rolling5,2023,all,none,,,,
00-0033357,QB,2023,15,1.5,14.179999999999998,baseline_rolling5,2023,all,none,,,,
00-0033357,QB,2023,16,0.2,9.98,baseline_rolling5,2023,all,none,,,,
00-0033357,QB,2023,17,11.5,5.8999999999999995,baseline_rolling5,2023,all,none,,,,
00-0033357,QB,2023,18,11.9,7.339999999999999,baseline_rolling5,2023,all,none,,,,
00-0033537,QB,2023,1,20.7,16.04,baseline_rolling5,2023,all,none,,,,
00-0033537,QB,2023,2,11.6,16.919999999999998,baseline_rolling5,2023,all,none,,,,
00-0033537,QB,2023,3,21.2,16.720000000000002,baseline_rolling5,2023,all,none,,,,
00-0033537,QB,2023,7,-1.8,18.6,baseline_rolling5,2023,all,none,,,,
00-0033537,QB,2023,9,19.0,13.86,baseline_rolling5,2023,all,none,,,,
00-0033537,QB,2023,10,16.2,14.14,baseline_rolling5,2023,all,none,,,,
00-0033662,QB,2023,1,0.0,2.08,baseline_rolling5,2023,all,none,,,,
00-0033662,QB,2023,4,0.6,1.28,baseline_rolling5,2023,all,none,,,,
00-0033662,QB,2023,5,0.1,0.36,baseline_rolling5,2023,all,none,,,,
00-0033662,QB,2023,8,-0.2,0.13999999999999999,baseline_rolling5,2023,all,none,,,,
00-0033662,QB,2023,10,1.2,0.1,baseline_rolling5,2023,all,none,,,,
00-0033662,QB,2023,11,0.3,0.33999999999999997,baseline_rolling5,2023,all,none,,,,
00-0033662,QB,2023,18,1.2,0.4,baseline_rolling5,2023,all,none,,,,
00-0033869,QB,2023,4,0.7,9.980000000000002,baseline_rolling5,2023,all,none,,,,
00-0033869,QB,2023,8,7.3,7.120000000000003,baseline_rolling5,2023,all,none,,,,
00-0033869,QB,2023,13,7.2,8.280000000000003,baseline_rolling5,2023,all,none,,,,
00-0033869,QB,2023,14,20.6,7.660000000000002,baseline_rolling5,2023,all,none,,,,
00-0033869,QB,2023,15,12.9,9.980000000000004,baseline_rolling5,2023,all,none,,,,
00-0033873,QB,2023,1,19.5,20.119999999999997,baseline_rolling5,2023,all,none,,,,
00-0033873,QB,2023,2,21.2,18.919999999999998,baseline_rolling5,2023,all,none,,,,
00-0033873,QB,2023,3,25.7,20.16,baseline_rolling5,2023,all,none,,,,
00-0033873,QB,2023,4,13.2,21.979999999999997,baseline_rolling5,2023,all,none,,,,
00-0033873,QB,2023,5,19.2,20.66,baseline_rolling5,2023,all,none,,,,
00-0033873,QB,2023,6,17.3,19.759999999999998,baseline_rolling5,2023,all,none,,,,
00-0033873,QB,2023,7,33.9,19.32,baseline_rolling5,2023,all,none,,,,
00-0033873,QB,2023,8,5.6,21.86,baseline_rolling5,2023,all,none,,,,
00-0033873,QB,2023,9,15.8,17.839999999999996,baseline_rolling5,2023,all,none,,,,
00-0033873,QB,2023,11,16.9,18.36,baseline_rolling5,2023,all,none,,,,
00-0033873,QB,2023,12,20.8,17.9,baseline_rolling5,2023,all,none,,,,
00-0033873,QB,2023,13,13.0,18.599999999999998,baseline_rolling5,2023,all,none,,,,
00-0033873,QB,2023,14,13.6,14.419999999999998,baseline_rolling5,2023,all,none,,,,
00-0033873,QB,2023,15,15.7,16.020000000000003,baseline_rolling5,2023,all,none,,,,
00-0033873,QB,2023,16,16.7,15.999999999999996,baseline_rolling5,2023,all,none,,,,
00-0033873,QB,2023,17,12.0,15.959999999999999,baseline_rolling5,2023,all,none,,,,
00-0033873,QB,2023,19,18.6,14.2,baseline_rolling5,2023,all,none,,,,
00-0033873,QB,2023,20,18.5,15.319999999999999,baseline_rolling5,2023,all,none,,,,
00-0033873,QB,2023,21,15.1,16.3,baseline_rolling5,2023,all,none,,,,
00-0033873,QB,2023,22,25.9,16.18,baseline_rolling5,2023,all,none,,,,
00-0033936,QB,2023,3,0.4,-0.16,baseline_rolling5,2023,all,none,,,,
00-0033936,QB,2023,6,-0.2,-0.12,baseline_rolling5,2023,all,none,,,,
00-0033936,QB,2023,10,0.2,-0.13999999999999999,baseline_rolling5,2023,all,none,,,,
00-0033936,QB,2023,11,0.0,-0.14,baseline_rolling5,2023,all,none,,,,
00-0033936,QB,2023,13,3.2,-0.08,baseline_rolling5,2023,all,none,,,,
00-0033936,QB,2023,16,8.4,0.72,baseline_rolling5,2023,all,none,,,,
00-0033936,QB,2023,17,9.5,2.3200000000000003,baseline_rolling5,2023,all,none,,,,
00-0033949,QB,2023,1,3.0,4.68,baseline_rolling5,2023,all,none,,,,
00-0033949,QB,2023,2,25.2,5.3,baseline_rolling5,2023,all,none,,,,
00-0033949,QB,2023,3,17.1,10.24,baseline_rolling5,2023,all,none,,,,
00-0033949,QB,2023,4,23.4,13.24,baseline_rolling5,2023,all,none,,,,
00-0033949,QB,2023,5,8.7,15.819999999999999,baseline_rolling5,2023,all,none,,,,
00-0033949,QB,2023,6,10.1,15.479999999999999,baseline_rolling5,2023,all,none,,,,
00-0033949,QB,2023,7,16.1,16.9,baseline_rolling5,2023,all,none,,,,
00-0033949,QB,2023,8,22.9,15.080000000000002,baseline_rolling5,2023,all,none,,,,
00-0033949,QB,2023,9,24.9,16.24,baseline_rolling5,2023,all,none,,,,
00-0033949,QB,2023,10,25.1,16.54,baseline_rolling5,2023,all,none,,,,
00-0033949,QB,2023,11,16.9,19.82,baseline_rolling5,2023,all,none,,,,
00-0033949,QB,2023,12,4.5,21.18,baseline_rolling5,2023,all,none,,,,
00-0033949,QB,2023,14,4.6,18.860000000000003,baseline_rolling5,2023,all,none,,,,
00-0033958,QB,2023,7,-0.4,2.08,baseline_rolling5,2023,all,none,,,,
00-0033958,QB,2023,18,0.0,1.6199999999999999,baseline_rolling5,2023,all,none,,,,
00-0034177,QB,2023,11,-0.6,4.08,baseline_rolling5,2023,all,none,,,,
00-0034177,QB,2023,12,7.4,3.96,baseline_rolling5,2023,all,none,,,,
00-0034177,QB,2023,13,4.1,3.5400000000000005,baseline_rolling5,2023,all,none,,,,
00-0034401,QB,2023,3,6.6,11.72,baseline_rolling5,2023,all,none,,,,
00-0034401,QB,2023,6,-2.4,12.64,baseline_rolling5,2023,all,none,,,,
00-0034401,QB,2023,12,-0.2,7.2,baseline_rolling5,2023,all,none,,,,
00-0034401,QB,2023,13,0.1,3.6599999999999993,baseline_rolling5,2023,all,none,,,,
00-0034401,QB,2023,15,0.0,1.5399999999999998,baseline_rolling5,2023,all,none,,,,
00-0034401,QB,2023,17,-2.0,0.82,baseline_rolling5,2023,all,none,,,,
00-0034438,QB,2023,18,-0.3,-0.09999999999999999,baseline_rolling5,2023,all,none,,,,
00-0034577,QB,2023,2,-0.2,5.26,baseline_rolling5,2023,all,none,,,,
00-0034577,QB,2023,3,-0.2,4.720000000000001,baseline_rolling5,2023,all,none,,,,
00-0034577,QB,2023,4,-0.3,4.44,baseline_rolling5,2023,all,none,,,,
00-0034577,QB,2023,6,0.0,3.04,baseline_rolling5,2023,all,none,,,,
00-0034577,QB,2023,11,-0.2,1.0799999999999998,baseline_rolling5,2023,all,none,,,,
00-0034577,QB,2023,15,-0.2,-0.18,baseline_rolling5,2023,all,none,,,,
00-0034577,QB,2023,17,-0.2,-0.18,baseline_rolling5,2023,all,none,,,,
00-0034771,QB,2023,15,0.1,7.340000000000001,baseline_rolling5,2023,all,none,,,,
00-0034771,QB,2023,16,20.0,7.360000000000001,baseline_rolling5,2023,all,none,,,,
00-0034771,QB,2023,17,11.5,11.440000000000001,baseline_rolling5,2023,all,none,,,,
00-0034771,QB,2023,18,8.0,10.0,baseline_rolling5,2023,all,none,,,,
00-0034771,QB,2023,19,16.8,8.540000000000001,baseline_rolling5,2023,all,none,,,,
00-0034796,QB,2023,1,6.6,15.440000000000001,baseline_rolling5,2023,all,none,,,,
00-0034796,QB,2023,2,22.9,12.4,baseline_rolling5,2023,all,none,,,,
00-0034796,QB,2023,3,28.2,13.48,baseline_rolling5,2023,all,none,,,,
00-0034796,QB,2023,4,28.1,16.02,baseline_rolling5,2023,all,none,,,,
00-0034796,QB,2023,5,9.9,17.419999999999998,baseline_rolling5,2023,all,none,,,,
00-0034796,QB,2023,6,17.1,19.14,baseline_rolling5,2023,all,none,,,,
00-0034796,QB,2023,7,33.9,21.24,baseline_rolling5,2023,all,none,,,,
00-0034796,QB,2023,8,12.0,23.44,baseline_rolling5,2023,all,none,,,,
00-0034796,QB,2023,9,11.5,20.2,baseline_rolling5,2023,all,none,,,,
00-0034796,QB,2023,10,13.0,16.880000000000003,baseline_rolling5,2023,all,none,,,,
00-0034796,QB,2023,11,24.0,17.5,baseline_rolling5,2023,all,none,,,,
00-0034796,QB,2023,12,15.0,18.880000000000003,baseline_rolling5,2023,all,none,,,,
00-0034796,QB,2023,14,31.6,15.1,baseline_rolling5,2023,all,none,,,,
00-0034796,QB,2023,15,18.5,19.02,baseline_rolling5,2023,all,none,,,,
00-0034796,QB,2023,16,22.6,20.419999999999998,baseline_rolling5,2023,all,none,,,,
00-0034796,QB,2023,17,36.3,22.34,baseline_rolling5,2023,all,none,,,,
00-0034796,QB,2023,20,36.1,24.8,baseline_rolling5,2023,all,none,,,,
00-0034796,QB,2023,21,18.6,29.02,baseline_rolling5,2023,all,none,,,,
00-0034855,QB,2023,1,16.0,9.540000000000001,baseline_rolling5,2023,all,none,,,,
00-0034855,QB,2023,2,18.4,9.9,baseline_rolling5,2023,all,none,,,,
00-0034855,QB,2023,3,10.0,12.28,baseline_rolling5,2023,all,none,,,,
00-0034855,QB,2023,4,22.9,10.8,baseline_rolling5,2023,all,none,,,,
00-0034855,QB,2023,6,6.8,14.559999999999999,baseline_rolling5,2023,all,none,,,,
00-0034855,QB,2023,7,16.2,14.819999999999999,baseline_rolling5,2023,all,none,,,,
00-0034855,QB,2023,8,21.4,14.86,baseline_rolling5,2023,all,none,,,,
00-0034855,QB,2023,9,19.0,15.459999999999999,baseline_rolling5,2023,all,none,,,,
00-0034855,QB,2023,10,18.3,17.259999999999998,baseline_rolling5,2023,all,none,,,,
00-0034855,QB,2023,11,10.3,16.34,baseline_rolling5,2023,all,none,,,,
00-0034855,QB,2023,12,13.4,17.04,baseline_rolling5,2023,all,none,,,,
00-0034855,QB,2023,13,9.9,16.48,baseline_rolling5,2023,all,none,,,,
00-0034855,QB,2023,14,20.1,14.180000000000001,baseline_rolling5,2023,all,none,,,,
00-0034855,QB,2023,15,29.0,14.4,baseline_rolling5,2023,all,none,,,,
00-0034855,QB,2023,16,19.8,16.54,baseline_rolling5,2023,all,none,,,,
00-0034855,QB,2023,17,16.3,18.440000000000005,baseline_rolling5,2023,all,none,,,,
00-0034855,QB,2023,18,6.2,19.020000000000003,baseline_rolling5,2023,all,none,,,,
00-0034855,QB,2023,19,27.1,18.28,baseline_rolling5,2023,all,none,,,,
00-0034855,QB,2023,20,23.5,19.68,baseline_rolling5,2023,all,none,,,,
00-0034857,QB,2023,1,11.0,23.2,baseline_rolling5,2023,all,none,,,,
00-0034857,QB,2023,2,23.7,18.619999999999997,baseline_rolling5,2023,all,none,,,,
00-0034857,QB,2023,3,21.3,19.16,baseline_rolling5,2023,all,none,,,,
00-0034857,QB,2023,4,36.5,19.06,baseline_rolling5,2023,all,none,,,,
00-0034857,QB,2023,5,27.8,21.94,baseline_rolling5,2023,all,none,,,,
00-0034857,QB,2023,6,13.9,24.06,baseline_rolling5,2023,all,none,,,,
00-0034857,QB,2023,7,24.3,24.64,baseline_rolling5,2023,all,none,,,,
00-0034857,QB,2023,8,29.1,24.759999999999998,baseline_rolling5,2023,all,none,,,,
00-0034857,QB,2023,9,24.7,26.32,baseline_rolling5,2023,all,none,,,,
00-0034857,QB,2023,10,14.4,23.96,baseline_rolling5,2023,all,none,,,,
00-0034857,QB,2023,11,22.5,21.28,baseline_rolling5,2023,all,none,,,,
00-0034857,QB,2023,12,39.7,23.0,baseline_rolling5,2023,all,none,,,,
00-0034857,QB,2023,14,20.5,26.080000000000002,baseline_rolling5,2023,all,none,,,,
00-0034857,QB,2023,15,16.2,24.360000000000003,baseline_rolling5,2023,all,none,,,,
00-0034857,QB,2023,16,25.0,22.660000000000004,baseline_rolling5,2023,all,none,,,,
00-0034857,QB,2023,17,21.2,24.78,baseline_rolling5,2023,all,none,,,,
00-0034857,QB,2023,18,23.1,24.52,baseline_rolling5,2023,all,none,,,,
00-0034857,QB,2023,19,33.5,21.2,baseline_rolling5,2023,all,none,,,,
00-0034857,QB,2023,20,30.6,23.8,baseline_rolling5,2023,all,none,,,,
00-0034869,QB,2023,1,-0.2,13.88,baseline_rolling5,2023,all,none,,,,
00-0034869,QB,2023,3,-0.1,11.48,baseline_rolling5,2023,all,none,,,,
00-0034869,QB,2023,4,-0.1,8.82,baseline_rolling5,2023,all,none,,,,
00-0034869,QB,2023,5,-0.1,4.42,baseline_rolling5,2023,all,none,,,,
00-0034869,QB,2023,10,-0.1,0.08,baseline_rolling5,2023,all,none,,,,
00-0034869,QB,2023,13,-0.1,-0.12000000000000002,baseline_rolling5,2023,all,none,,,,
00-0034869,QB,2023,15,0.6,-0.1,baseline_rolling5,2023,all,none,,,,
00-0034869,QB,2023,16,6.1,0.039999999999999994,baseline_rolling5,2023,all,none,,,,
00-0034869,QB,2023,17,-0.2,1.2799999999999998,baseline_rolling5,2023,all,none,,,,
00-0034869,QB,2023,18,17.5,1.2599999999999998,baseline_rolling5,2023,all,none,,,,
00-0034955,QB,2023,8,1.7,3.6,baseline_rolling5,2023,all,none,,,,
00-0034955,QB,2023,9,5.1,3.9400000000000004,baseline_rolling5,2023,all,none,,,,
00-0035100,QB,2023,1,-0.1,,baseline_rolling5,2023,all,none,,,,
00-0035100,QB,2023,11,10.7,-0.1,baseline_rolling5,2023,all,none,,,,
00-0035100,QB,2023,12,12.0,5.3,baseline_rolling5,2023,all,none,,,,
00-0035100,QB,2023,13,26.7,7.533333333333334,baseline_rolling5,2023,all,none,,,,
00-0035100,QB,2023,14,23.7,12.325,baseline_rolling5,2023,all,none,,,,
00-0035100,QB,2023,15,19.0,14.6,baseline_rolling5,2023,all,none,,,,
00-0035100,QB,2023,16,13.4,18.419999999999998,baseline_rolling5,2023,all,none,,,,
00-0035100,QB,2023,17,21.1,18.96,baseline_rolling5,2023,all,none,,,,
00-0035100,QB,2023,18,18.0,20.78,baseline_rolling5,2023,all,none,,,,
00-0035228,QB,2023,10,17.3,16.94,baseline_rolling5,2023,all,none,,,,
00-0035228,QB,2023,11,21.7,17.36,baseline_rolling5,2023,all,none,,,,
00-0035228,QB,2023,12,20.4,16.78,baseline_rolling5,2023,all,none,,,,
00-0035228,QB,2023,13,11.8,17.06,baseline_rolling5,2023,all,none,,,,
00-0035228,QB,2023,15,13.3,14.379999999999999,baseline_rolling5,2023,all,none,,,,
00-0035228,QB,2023,16,20.4,16.9,baseline_rolling5,2023,all,none,,,,
00-0035228,QB,2023,17,23.7,17.52,baseline_rolling5,2023,all,none,,,,
00-0035228,QB,2023,18,17.8,17.92,baseline_rolling5,2023,all,none,,,,
00-0035264,QB,2023,15,0.0,8.540000000000001,baseline_rolling5,2023,all,none,,,,
00-0035264,QB,2023,17,13.6,8.540000000000001,baseline_rolling5,2023,all,none,,,,
00-0035264,QB,2023,18,13.1,10.68,baseline_rolling5,2023,all,none,,,,
00-0035282,QB,2023,14,5.2,0.0,baseline_rolling5,2023,all,none,,,,
00-0035282,QB,2023,15,17.4,2.6,baseline_rolling5,2023,all,none,,,,
00-0035282,QB,2023,16,17.1,7.533333333333332,baseline_rolling5,2023,all,none,,,,
00-0035282,QB,2023,17,11.9,9.925,baseline_rolling5,2023,all,none,,,,
00-0035282,QB,2023,18,16.0,10.32,baseline_rolling5,2023,all,none,,,,
00-0035289,QB,2023,1,0.0,7.159999999999999,baseline_rolling5,2023,all,none,,,,
00-0035289,QB,2023,2,11.1,7.08,baseline_rolling5,2023,all,none,,,,
00-0035289,QB,2023,3,13.1,9.32,baseline_rolling5,2023,all,none,,,,
00-0035289,QB,2023,5,6.3,7.4,baseline_rolling5,2023,all,none,,,,
00-0035289,QB,2023,6,9.6,6.0600000000000005,baseline_rolling5,2023,all,none,,,,
00-0035289,QB,2023,7,27.1,8.02,baseline_rolling5,2023,all,none,,,,
00-0035289,QB,2023,8,14.8,13.440000000000001,baseline_rolling5,2023,all,none,,,,
00-0035289,QB,2023,9,9.6,14.180000000000001,baseline_rolling5,2023,all,none,,,,
00-0035289,QB,2023,10,5.7,13.48,baseline_rolling5,2023,all,none,,,,
00-0035289,QB,2023,12,14.6,13.36,baseline_rolling5,2023,all,none,,,,
00-0035289,QB,2023,13,18.7,14.360000000000003,baseline_rolling5,2023,all,none,,,,
00-0035289,QB,2023,14,14.1,12.679999999999998,baseline_rolling5,2023,all,none,,,,
00-0035289,QB,2023,15,20.6,12.54,baseline_rolling5,2023,all,none,,,,
00-0035289,QB,2023,16,9.1,14.739999999999998,baseline_rolling5,2023,all,none,,,,
00-0035289,QB,2023,17,13.3,15.419999999999998,baseline_rolling5,2023,all,none,,,,
00-0035289,QB,2023,18,8.5,15.16,baseline_rolling5,2023,all,none,,,,
00-0035704,QB,2023,4,3.6,9.86,baseline_rolling5,2023,all,none,,,,
00-0035704,QB,2023,11,-1.9,10.78,baseline_rolling5,2023,all,none,,,,
00-0035704,QB,2023,14,15.3,9.34,baseline_rolling5,2023,all,none,,,,
00-0035704,QB,2023,15,12.1,10.98,baseline_rolling5,2023,all,none,,,,
00-0035710,QB,2023,1,4.5,19.699999999999996,baseline_rolling5,2023,all,none,,,,
00-0035710,QB,2023,2,30.7,18.619999999999997,baseline_rolling5,2023,all,none,,,,
00-0035710,QB,2023,3,4.0,20.999999999999996,baseline_rolling5,2023,all,none,,,,
00-0035710,QB,2023,4,8.7,14.559999999999997,baseline_rolling5,2023,all,none,,,,
00-0035710,QB,2023,5,7.2,10.739999999999998,baseline_rolling5,2023,all,none,,,,
00-0035710,QB,2023,9,1.9,11.02,baseline_rolling5,2023,all,none,,,,
00-0035993,QB,2023,4,0.8,10.16,baseline_rolling5,2023,all,none,,,,
00-0035993,QB,2023,7,0.0,9.0,baseline_rolling5,2023,all,none,,,,
00-0035993,QB,2023,9,6.3,8.0,baseline_rolling5,2023,all,none,,,,
00-0035993,QB,2023,17,4.7,7.020000000000001,baseline_rolling5,2023,all,none,,,,
00-0035993,QB,2023,18,13.8,6.040000000000001,baseline_rolling5,2023,all,none,,,,
00-0036212,QB,2023,1,27.1,14.180000000000001,baseline_rolling5,2023,all,none,,,,
00-0036212,QB,2023,2,12.3,16.4,baseline_rolling5,2023,all,none,,,,
00-0036212,QB,2023,3,28.4,16.1,baseline_rolling5,2023,all,none,,,,
00-0036212,QB,2023,4,14.0,19.259999999999998,baseline_rolling5,2023,all,none,,,,
00-0036212,QB,2023,5,16.9,18.44,baseline_rolling5,2023,all,none,,,,
00-0036212,QB,2023,6,22.5,19.74,baseline_rolling5,2023,all,none,,,,
00-0036212,QB,2023,7,10.3,18.82,baseline_rolling5,2023,all,none,,,,
00-0036212,QB,2023,8,21.8,18.419999999999998,baseline_rolling5,2023,all,none,,,,
00-0036212,QB,2023,9,12.4,17.1,baseline_rolling5,2023,all,none,,,,
00-0036212,QB,2023,11,17.6,16.779999999999998,baseline_rolling5,2023,all,none,,,,
00-0036212,QB,2023,12,7.8,16.92,baseline_rolling5,2023,all,none,,,,
00-0036212,QB,2023,13,19.2,13.98,baseline_rolling5,2023,all,none,,,,
00-0036212,QB,2023,14,11.1,15.760000000000002,baseline_rolling5,2023,all,none,,,,
00-0036212,QB,2023,15,13.0,13.620000000000001,baseline_rolling5,2023,all,none,,,,
00-0036212,QB,2023,16,15.5,13.74,baseline_rolling5,2023,all,none,,,,
00-0036212,QB,2023,17,14.9,13.319999999999999,baseline_rolling5,2023,all,none,,,,
00-0036212,QB,2023,18,7.6,14.74,baseline_rolling5,2023,all,none,,,,
00-0036212,QB,2023,19,12.5,12.42,baseline_rolling5,2023,all,none,,,,
00-0036264,QB,2023,1,23.0,3.4,baseline_rolling5,2023,all,none,,,,
00-0036264,QB,2023,2,20.3,6.94,baseline_rolling5,2023,all,none,,,,
00-0036264,QB,2023,3,24.3,10.48,baseline_rolling5,2023,all,none,,,,
00-0036264,QB,2023,4,17.6,15.280000000000001,baseline_rolling5,2023,all,none,,,,
00-0036264,QB,2023,5,5.0,17.1,baseline_rolling5,2023,all,none,,,,
00-0036264,QB,2023,7,15.3,18.04,baseline_rolling5,2023,all,none,,,,
00-0036264,QB,2023,8,14.6,16.5,baseline_rolling5,2023,all,none,,,,
00-0036264,QB,2023,9,13.8,15.36,baseline_rolling5,2023,all,none,,,,
00-0036264,QB,2023,10,16.7,13.260000000000002,baseline_rolling5,2023,all,none,,,,
00-0036264,QB,2023,11,20.9,13.080000000000002,baseline_rolling5,2023,all,none,,,,
00-0036264,QB,2023,12,26.6,16.259999999999998,baseline_rolling5,2023,all,none,,,,
00-0036264,QB,2023,13,23.7,18.52,baseline_rolling5,2023,all,none,,,,
00-0036264,QB,2023,14,8.9,20.34,baseline_rolling5,2023,all,none,,,,
00-0036264,QB,2023,15,17.5,19.36,baseline_rolling5,2023,all,none,,,,
00-0036264,QB,2023,16,24.0,19.52,baseline_rolling5,2023,all,none,,,,
00-0036264,QB,2023,17,28.4,20.14,baseline_rolling5,2023,all,none,,,,
00-0036264,QB,2023,18,18.5,20.5,baseline_rolling5,2023,all,none,,,,
00-0036264,QB,2023,19,22.8,19.46,baseline_rolling5,2023,all,none,,,,
00-0036264,QB,2023,20,14.1,22.240000000000002,baseline_rolling5,2023,all,none,,,,
00-0036355,QB,2023,1,20.9,13.160000000000002,baseline_rolling5,2023,all,none,,,,
00-0036355,QB,2023,2,22.2,15.6,baseline_rolling5,2023,all,none,,,,
00-0036355,QB,2023,3,29.3,18.94,baseline_rolling5,2023,all,none,,,,
00-0036355,QB,2023,4,23.4,21.46,baseline_rolling5,2023,all,none,,,,
00-0036355,QB,2023,6,19.1,22.380000000000003,baseline_rolling5,2023,all,none,,,,
00-0036355,QB,2023,7,10.9,22.98,baseline_rolling5,2023,all,none,,,,
00-0036355,QB,2023,8,24.0,20.98,baseline_rolling5,2023,all,none,,,,
00-0036355,QB,2023,9,7.1,21.339999999999996,baseline_rolling5,2023,all,none,,,,
00-0036355,QB,2023,10,28.4,16.9,baseline_rolling5,2023,all,none,,,,
00-0036355,QB,2023,11,25.7,17.9,baseline_rolling5,2023,all,none,,,,
00-0036355,QB,2023,12,13.4,19.220000000000002,baseline_rolling5,2023,all,none,,,,
00-0036355,QB,2023,13,8.0,19.72,baseline_rolling5,2023,all,none,,,,
00-0036355,QB,2023,14,1.8,16.52,baseline_rolling5,2023,all,none,,,,
00-0036389,QB,2023,1,12.5,23.740000000000002,baseline_rolling5,2023,all,none,,,,
00-0036389,QB,2023,2,25.2,19.7,baseline_rolling5,2023,all,none,,,,
00-0036389,QB,2023,3,19.9,23.04,baseline_rolling5,2023,all,none,,,,
00-0036389,QB,2023,4,24.2,22.3,baseline_rolling5,2023,all,none,,,,
00-0036389,QB,2023,5,27.3,24.2,baseline_rolling5,2023,all,none,,,,
00-0036389,QB,2023,6,19.9,21.82,baseline_rolling5,2023,all,none,,,,
00-0036389,QB,2023,7,23.3,23.3,baseline_rolling5,2023,all,none,,,,
00-0036389,QB,2023,8,27.4,22.919999999999998,baseline_rolling5,2023,all,none,,,,
00-0036389,QB,2023,9,25.9,24.419999999999998,baseline_rolling5,2023,all,none,,,,
00-0036389,QB,2023,11,18.9,24.759999999999998,baseline_rolling5,2023,all,none,,,,
00-0036389,QB,2023,12,34.5,23.080000000000002,baseline_rolling5,2023,all,none,,,,
00-0036389,QB,2023,13,23.9,26.0,baseline_rolling5,2023,all,none,,,,
00-0036389,QB,2023,14,8.9,26.119999999999997,baseline_rolling5,2023,all,none,,,,
00-0036389,QB,2023,15,21.9,22.419999999999998,baseline_rolling5,2023,all,none,,,,
00-0036389,QB,2023,16,23.4,21.619999999999997,baseline_rolling5,2023,all,none,,,,
00-0036389,QB,2023,17,19.2,22.52,baseline_rolling5,2023,all,none,,,,
00-0036389,QB,2023,18,0.6,19.459999999999997,baseline_rolling5,2023,all,none,,,,
00-0036389,QB,2023,19,14.5,14.8,baseline_rolling5,2023,all,none,,,,
00-0036442,QB,2023,1,3.2,17.8,baseline_rolling5,2023,all,none,,,,
00-0036442,QB,2023,2,15.4,13.74,baseline_rolling5,2023,all,none,,,,
00-0036442,QB,2023,3,8.2,14.5,baseline_rolling5,2023,all,none,,,,
00-0036442,QB,2023,4,4.7,12.280000000000001,baseline_rolling5,2023,all,none,,,,
00-0036442,QB,2023,5,23.4,9.06,baseline_rolling5,2023,all,none,,,,
00-0036442,QB,2023,6,13.8,10.98,baseline_rolling5,2023,all,none,,,,
00-0036442,QB,2023,8,27.6,13.1,baseline_rolling5,2023,all,none,,,,
00-0036442,QB,2023,9,22.3,15.540000000000001,baseline_rolling5,2023,all,none,,,,
00-0036442,QB,2023,10,19.9,18.36,baseline_rolling5,2023,all,none,,,,
00-0036442,QB,2023,11,8.7,21.4,baseline_rolling5,2023,all,none,,,,
00-0036879,QB,2023,14,0.0,7.1,baseline_rolling5,2023,all,none,,,,
00-0036898,QB,2023,11,0.1,12.780000000000001,baseline_rolling5,2023,all,none,,,,
00-0036898,QB,2023,13,0.7,11.76,baseline_rolling5,2023,all,none,,,,
00-0036898,QB,2023,14,0.2,8.120000000000001,baseline_rolling5,2023,all,none,,,,
00-0036898,QB,2023,15,0.0,6.180000000000001,baseline_rolling5,2023,all,none,,,,
00-0036898,QB,2023,16,16.9,4.3,baseline_rolling5,2023,all,none,,,,
00-0036898,QB,2023,17,0.0,3.5799999999999996,baseline_rolling5,2023,all,none,,,,
00-0036898,QB,2023,19,-0.2,3.5599999999999996,baseline_rolling5,2023,all,none,,,,
00-0036928,QB,2023,10,-0.1,0.9,baseline_rolling5,2023,all,none,,,,
00-0036928,QB,2023,12,0.0,0.4,baseline_rolling5,2023,all,none,,,,
00-0036945,QB,2023,1,14.5,18.32,baseline_rolling5,2023,all,none,,,,
00-0036945,QB,2023,2,14.7,16.7,baseline_rolling5,2023,all,none,,,,
00-0036945,QB,2023,3,10.7,15.780000000000001,baseline_rolling5,2023,all,none,,,,
00-0036945,QB,2023,4,27.9,13.2,baseline_rolling5,2023,all,none,,,,
00-0036945,QB,2023,5,33.0,16.8,baseline_rolling5,2023,all,none,,,,
00-0036945,QB,2023,6,4.9,20.160000000000004,baseline_rolling5,2023,all,none,,,,
00-0036945,QB,2023,11,21.2,18.240000000000002,baseline_rolling5,2023,all,none,,,,
00-0036945,QB,2023,12,10.6,19.54,baseline_rolling5,2023,all,none,,,,
00-0036945,QB,2023,14,24.7,19.52,baseline_rolling5,2023,all,none,,,,
00-0036945,QB,2023,15,9.6,18.88,baseline_rolling5,2023,all,none,,,,
00-0036945,QB,2023,16,24.5,14.2,baseline_rolling5,2023,all,none,,,,
00-0036945,QB,2023,17,25.2,18.119999999999997,baseline_rolling5,2023,all,none,,,,
00-0036945,QB,2023,18,8.6,18.92,baseline_rolling5,2023,all,none,,,,
00-0036971,QB,2023,1,17.7,13.320000000000002,baseline_rolling5,2023,all,none,,,,
00-0036971,QB,2023,2,9.2,13.2,baseline_rolling5,2023,all,none,,,,
00-0036971,QB,2023,3,14.4,14.14,baseline_rolling5,2023,all,none,,,,
00-0036971,QB,2023,4,16.5,14.979999999999999,baseline_rolling5,2023,all,none,,,,
00-0036971,QB,2023,5,15.7,14.219999999999999,baseline_rolling5,2023,all,none,,,,
00-0036971,QB,2023,6,14.7,14.7,baseline_rolling5,2023,all,none,,,,
00-0036971,QB,2023,7,18.1,14.1,baseline_rolling5,2023,all,none,,,,
00-0036971,QB,2023,8,14.7,15.88,baseline_rolling5,2023,all,none,,,,
00-0036971,QB,2023,10,2.1,15.940000000000001,baseline_rolling5,2023,all,none,,,,
00-0036971,QB,2023,11,32.2,13.059999999999999,baseline_rolling5,2023,all,none,,,,
00-0036971,QB,2023,12,24.6,16.36,baseline_rolling5,2023,all,none,,,,
00-0036971,QB,2023,13,25.1,18.339999999999996,baseline_rolling5,2023,all,none,,,,
00-0036971,QB,2023,14,17.4,19.740000000000002,baseline_rolling5,2023,all,none,,,,
00-0036971,QB,2023,15,14.7,20.28,baseline_rolling5,2023,all,none,,,,
00-0036971,QB,2023,16,9.3,22.8,baseline_rolling5,2023,all,none,,,,
00-0036971,QB,2023,18,16.2,18.22,baseline_rolling5,2023,all,none,,,,
00-0036972,QB,2023,1,24.1,12.56,baseline_rolling5,2023,all,none,,,,
00-0036972,QB,2023,2,13.7,15.919999999999998,baseline_rolling5,2023,all,none,,,,
00-0036972,QB,2023,3,13.3,17.56,baseline_rolling5,2023,all,none,,,,
00-0036972,QB,2023,4,0.7,16.72,baseline_rolling5,2023,all,none,,,,
00-0036972,QB,2023,5,-1.6,13.6,baseline_rolling5,2023,all,none,,,,
00-0036972,QB,2023,6,5.9,10.040000000000001,baseline_rolling5,2023,all,none,,,,
00-0036972,QB,2023,7,20.0,6.4,baseline_rolling5,2023,all,none,,,,
00-0036972,QB,2023,8,12.2,7.659999999999999,baseline_rolling5,2023,all,none,,,,
00-0036972,QB,2023,9,11.1,7.44,baseline_rolling5,2023,all,none,,,,
00-0036972,QB,2023,10,7.3,9.52,baseline_rolling5,2023,all,none,,,,
00-0036972,QB,2023,12,-0.4,11.3,baseline_rolling5,2023,all,none,,,,
00-0037013,QB,2023,1,8.2,10.78,baseline_rolling5,2023,all,none,,,,
00-0037013,QB,2023,2,8.4,9.14,baseline_rolling5,2023,all,none,,,,
00-0037013,QB,2023,3,6.4,8.7,baseline_rolling5,2023,all,none,,,,
00-0037013,QB,2023,4,19.2,8.84,baseline_rolling5,2023,all,none,,,,
00-0037013,QB,2023,5,8.6,8.8,baseline_rolling5,2023,all,none,,,,
00-0037013,QB,2023,6,10.9,10.16,baseline_rolling5,2023,all,none,,,,
00-0037013,QB,2023,8,12.1,10.7,baseline_rolling5,2023,all,none,,,,
00-0037013,QB,2023,9,7.2,11.440000000000001,baseline_rolling5,2023,all,none,,,,
00-0037013,QB,2023,10,13.9,11.599999999999998,baseline_rolling5,2023,all,none,,,,
00-0037013,QB,2023,11,6.7,10.540000000000001,baseline_rolling5,2023,all,none,,,,
00-0037013,QB,2023,14,19.2,10.16,baseline_rolling5,2023,all,none,,,,
00-0037013,QB,2023,15,-1.0,11.819999999999999,baseline_rolling5,2023,all,none,,,,
00-0037077,QB,2023,1,15.2,18.3,baseline_rolling5,2023,all,none,,,,
00-0037077,QB,2023,2,21.3,16.75,baseline_rolling5,2023,all,none,,,,
00-0037077,QB,2023,3,0.6,18.266666666666666,baseline_rolling5,2023,all,none,,,,
00-0037077,QB,2023,4,19.6,13.85,baseline_rolling5,2023,all,none,,,,
00-0037077,QB,2023,5,25.4,15.0,baseline_rolling5,2023,all,none,,,,
00-0037077,QB,2023,6,18.3,16.42,baseline_rolling5,2023,all,none,,,,
00-0037077,QB,2023,7,9.5,17.04,baseline_rolling5,2023,all,none,,,,
00-0037077,QB,2023,8,31.0,14.680000000000001,baseline_rolling5,2023,all,none,,,,
00-0037077,QB,2023,9,17.7,20.759999999999998,baseline_rolling5,2023,all,none,,,,
00-0037077,QB,2023,10,24.2,20.380000000000003,baseline_rolling5,2023,all,none,,,,
00-0037077,QB,2023,11,17.7,20.139999999999997,baseline_rolling5,2023,all,none,,,,
00-0037077,QB,2023,12,17.3,20.02,baseline_rolling5,2023,all,none,,,,
00-0037077,QB,2023,13,19.2,21.580000000000002,baseline_rolling5,2023,all,none,,,,
00-0037077,QB,2023,15,8.3,19.22,baseline_rolling5,2023,all,none,,,,
00-0037077,QB,2023,16,-1.8,17.339999999999996,baseline_rolling5,2023,all,none,,,,
00-0037077,QB,2023,17,6.7,12.14,baseline_rolling5,2023,all,none,,,,
00-0037077,QB,2023,18,7.4,9.94,baseline_rolling5,2023,all,none,,,,
00-0037834,QB,2023,1,16.8,15.620000000000001,baseline_rolling5,2023,all,none,,,,
00-0037834,QB,2023,2,14.7,15.560000000000002,baseline_rolling5,2023,all,none,,,,
00-0037834,QB,2023,3,20.3,14.540000000000001,baseline_rolling5,2023,all,none,,,,
00-0037834,QB,2023,4,21.3,12.02,baseline_rolling5,2023,all,none,,,,
00-0037834,QB,2023,5,26.1,14.4,baseline_rolling5,2023,all,none,,,,
00-0037834,QB,2023,6,7.7,19.84,baseline_rolling5,2023,all,none,,,,
00-0037834,QB,2023,7,12.8,18.020000000000003,baseline_rolling5,2023,all,none,,,,
00-0037834,QB,2023,8,18.3,17.64,baseline_rolling5,2023,all,none,,,,
00-0037834,QB,2023,10,23.8,17.240000000000002,baseline_rolling5,2023,all,none,,,,
00-0037834,QB,2023,11,26.7,17.740000000000002,baseline_rolling5,2023,all,none,,,,
00-0037834,QB,2023,12,10.5,17.86,baseline_rolling5,2023,all,none,,,,
00-0037834,QB,2023,13,29.5,18.419999999999998,baseline_rolling5,2023,all,none,,,,
00-0037834,QB,2023,14,21.4,21.759999999999998,baseline_rolling5,2023,all,none,,,,
00-0037834,QB,2023,15,25.7,22.380000000000003,baseline_rolling5,2023,all,none,,,,
00-0037834,QB,2023,16,2.4,22.759999999999998,baseline_rolling5,2023,all,none,,,,
00-0037834,QB,2023,17,17.6,17.9,baseline_rolling5,2023,all,none,,,,
00-0037834,QB,2023,20,15.5,19.32,baseline_rolling5,2023,all,none,,,,
00-0037834,QB,2023,21,17.5,16.52,baseline_rolling5,2023,all,none,,,,
00-0037834,QB,2023,22,15.4,15.74,baseline_rolling5,2023,all,none,,,,
00-0038102,QB,2023,1,9.7,10.08,baseline_rolling5,2023,all,none,,,,
00-0038102,QB,2023,2,10.3,9.36,baseline_rolling5,2023,all,none,,,,
00-0038102,QB,2023,3,18.5,11.1,baseline_rolling5,2023,all,none,,,,
00-0038102,QB,2023,4,3.5,12.26,baseline_rolling5,2023,all,none,,,,
00-0038102,QB,2023,5,12.4,10.78,baseline_rolling5,2023,all,none,,,,
00-0038102,QB,2023,7,15.2,10.879999999999999,baseline_rolling5,2023,all,none,,,,
00-0038102,QB,2023,8,3.9,11.98,baseline_rolling5,2023,all,none,,,,
00-0038102,QB,2023,9,10.3,10.7,baseline_rolling5,2023,all,none,,,,
00-0038102,QB,2023,10,6.6,9.059999999999999,baseline_rolling5,2023,all,none,,,,
00-0038102,QB,2023,11,5.1,9.68,baseline_rolling5,2023,all,none,,,,
00-0038102,QB,2023,12,11.6,8.22,baseline_rolling5,2023,all,none,,,,
00-0038102,QB,2023,13,3.1,7.5,baseline_rolling5,2023,all,none,,,,
00-0038108,QB,2023,4,2.3,9.924999999999999,baseline_rolling5,2023,all,none,,,,
00-0038108,QB,2023,5,0.9,8.4,baseline_rolling5,2023,all,none,,,,
00-0038108,QB,2023,10,-1.0,7.38,baseline_rolling5,2023,all,none,,,,
00-0038108,QB,2023,12,0.2,5.18,baseline_rolling5,2023,all,none,,,,
00-0038108,QB,2023,13,7.2,1.5399999999999998,baseline_rolling5,2023,all,none,,,,
00-0038108,QB,2023,14,20.9,1.92,baseline_rolling5,2023,all,none,,,,
00-0038108,QB,2023,15,9.4,5.64,baseline_rolling5,2023,all,none,,,,
00-0038108,QB,2023,16,16.4,7.340000000000001,baseline_rolling5,2023,all,none,,,,
00-0038108,QB,2023,17,12.1,10.82,baseline_rolling5,2023,all,none,,,,
00-0038108,QB,2023,18,0.8,13.2,baseline_rolling5,2023,all,none,,,,
00-0038122,QB,2023,1,8.9,9.7,baseline_rolling5,2023,all,none,,,,
00-0038122,QB,2023,2,21.4,9.540000000000001,baseline_rolling5,2023,all,none,,,,
00-0038122,QB,2023,3,6.3,12.28,baseline_rolling5,2023,all,none,,,,
00-0038122,QB,2023,4,6.2,11.64,baseline_rolling5,2023,all,none,,,,
00-0038122,QB,2023,5,26.2,11.74,baseline_rolling5,2023,all,none,,,,
00-0038122,QB,2023,6,16.1,13.8,baseline_rolling5,2023,all,none,,,,
00-0038122,QB,2023,7,17.8,15.24,baseline_rolling5,2023,all,none,,,,
00-0038122,QB,2023,8,3.4,14.52,baseline_rolling5,2023,all,none,,,,
00-0038122,QB,2023,10,8.7,13.940000000000001,baseline_rolling5,2023,all,none,,,,
00-0038122,QB,2023,12,9.7,14.440000000000001,baseline_rolling5,2023,all,none,,,,
00-0038122,QB,2023,13,8.8,11.139999999999999,baseline_rolling5,2023,all,none,,,,
00-0038122,QB,2023,14,25.4,9.68,baseline_rolling5,2023,all,none,,,,
00-0038122,QB,2023,15,7.9,11.2,baseline_rolling5,2023,all,none,,,,
00-0038122,QB,2023,17,-1.3,12.1,baseline_rolling5,2023,all,none,,,,
00-0038122,QB,2023,18,15.6,10.1,baseline_rolling5,2023,all,none,,,,
00-0038128,QB,2023,3,0.0,3.62,baseline_rolling5,2023,all,none,,,,
00-0038128,QB,2023,6,4.7,2.1800000000000006,baseline_rolling5,2023,all,none,,,,
00-0038128,QB,2023,8,-1.6,3.6,baseline_rolling5,2023,all,none,,,,
00-0038416,QB,2023,6,5.7,,baseline_rolling5,2023,all,none,,,,
00-0038416,QB,2023,7,12.9,5.7,baseline_rolling5,2023,all,none,,,,
00-0038416,QB,2023,8,11.2,9.3,baseline_rolling5,2023,all,none,,,,
00-0038416,QB,2023,9,15.8,9.933333333333332,baseline_rolling5,2023,all,none,,,,
00-0038416,QB,2023,10,7.7,11.4,baseline_rolling5,2023,all,none,,,,
00-0038476,QB,2023,8,7.2,,baseline_rolling5,2023,all,none,,,,
00-0038476,QB,2023,9,8.7,7.2,baseline_rolling5,2023,all,none,,,,
00-0038476,QB,2023,10,13.5,7.949999999999999,baseline_rolling5,2023,all,none,,,,
00-0038476,QB,2023,11,22.5,9.799999999999999,baseline_rolling5,2023,all,none,,,,
00-0038476,QB,2023,12,10.2,12.975,baseline_rolling5,2023,all,none,,,,
00-0038476,QB,2023,14,17.4,12.419999999999998,baseline_rolling5,2023,all,none,,,,
00-0038476,QB,2023,15,10.7,14.459999999999999,baseline_rolling5,2023,all,none,,,,
00-0038476,QB,2023,16,2.7,14.86,baseline_rolling5,2023,all,none,,,,
00-0038476,QB,2023,18,0.6,12.7,baseline_rolling5,2023,all,none,,,,
00-0038579,QB,2023,4,9.8,,baseline_rolling5,2023,all,none,,,,
00-0038579,QB,2023,7,5.0,9.8,baseline_rolling5,2023,all,none,,,,
00-0038579,QB,2023,9,8.4,7.4,baseline_rolling5,2023,all,none,,,,
00-0038579,QB,2023,10,8.4,7.733333333333334,baseline_rolling5,2023,all,none,,,,
00-0038579,QB,2023,11,9.1,7.9,baseline_rolling5,2023,all,none,,,,
00-0038579,QB,2023,12,13.9,8.14,baseline_rolling5,2023,all,none,,,,
00-0038579,QB,2023,14,5.0,8.959999999999999,baseline_rolling5,2023,all,none,,,,
00-0038579,QB,2023,15,25.9,8.959999999999999,baseline_rolling5,2023,all,none,,,,
00-0038579,QB,2023,16,2.1,12.459999999999999,baseline_rolling5,2023,all,none,,,,
00-0038579,QB,2023,17,20.3,11.2,baseline_rolling5,2023,all,none,,,,
00-0038579,QB,2023,18,17.9,13.440000000000001,baseline_rolling5,2023,all,none,,,,
00-0038582,QB,2023,7,0.2,,baseline_rolling5,2023,all,none,,,,
00-0038582,QB,2023,9,-0.9,0.2,baseline_rolling5,2023,all,none,,,,
00-0038582,QB,2023,10,6.1,-0.35,baseline_rolling5,2023,all,none,,,,
00-0038582,QB,2023,12,2.0,1.7999999999999998,baseline_rolling5,2023,all,none,,,,
00-0038582,QB,2023,15,0.0,1.8499999999999999,baseline_rolling5,2023,all,none,,,,
00-0038582,QB,2023,17,0.0,1.48,baseline_rolling5,2023,all,none,,,,
00-0038582,QB,2023,18,0.1,1.44,baseline_rolling5,2023,all,none,,,,
00-0038583,QB,2023,3,0.0,,baseline_rolling5,2023,all,none,,,,
00-0038583,QB,2023,4,1.2,0.0,baseline_rolling5,2023,all,none,,,,
00-0038583,QB,2023,8,0.4,0.6,baseline_rolling5,2023,all,none,,,,
00-0038583,QB,2023,11,6.6,0.5333333333333333,baseline_rolling5,2023,all,none,,,,
00-0038583,QB,2023,12,11.5,2.05,baseline_rolling5,2023,all,none,,,,
00-0038583,QB,2023,14,0.5,3.94,baseline_rolling5,2023,all,none,,,,
00-0038583,QB,2023,15,0.2,4.04,baseline_rolling5,2023,all,none,,,,
00-0038583,QB,2023,16,1.7,3.84,baseline_rolling5,2023,all,none,,,,
00-0039150,QB,2023,1,7.5,,baseline_rolling5,2023,all,none,,,,
00-0039150,QB,2023,2,13.5,7.5,baseline_rolling5,2023,all,none,,,,
00-0039150,QB,2023,4,7.2,10.5,baseline_rolling5,2023,all,none,,,,
00-0039150,QB,2023,5,18.3,9.4,baseline_rolling5,2023,all,none,,,,
00-0039150,QB,2023,6,12.7,11.625,baseline_rolling5,2023,all,none,,,,
00-0039150,QB,2023,8,14.5,11.84,baseline_rolling5,2023,all,none,,,,
00-0039150,QB,2023,9,9.0,13.24,baseline_rolling5,2023,all,none,,,,
00-0039150,QB,2023,10,9.2,12.34,baseline_rolling5,2023,all,none,,,,
00-0039150,QB,2023,11,5.2,12.739999999999998,baseline_rolling5,2023,all,none,,,,
00-0039150,QB,2023,12,8.1,10.120000000000001,baseline_rolling5,2023,all,none,,,,
00-0039150,QB,2023,13,7.1,9.2,baseline_rolling5,2023,all,none,,,,
00-0039150,QB,2023,14,7.5,7.720000000000001,baseline_rolling5,2023,all,none,,,,
00-0039150,QB,2023,15,7.6,7.42,baseline_rolling5,2023,all,none,,,,
00-0039150,QB,2023,16,22.2,7.1,baseline_rolling5,2023,all,none,,,,
00-0039150,QB,2023,17,2.7,10.5,baseline_rolling5,2023,all,none,,,,
00-0039150,QB,2023,18,4.2,9.42,baseline_rolling5,2023,all,none,,,,
00-0039152,QB,2023,8,26.6,,baseline_rolling5,2023,all,none,,,,
00-0039152,QB,2023,9,8.7,26.6,baseline_rolling5,2023,all,none,,,,
00-0039152,QB,2023,10,6.0,17.65,baseline_rolling5,2023,all,none,,,,
00-0039152,QB,2023,11,12.5,13.766666666666666,baseline_rolling5,2023,all,none,,,,
00-0039152,QB,2023,12,7.1,13.45,baseline_rolling5,2023,all,none,,,,
00-0039152,QB,2023,13,11.5,12.18,baseline_rolling5,2023,all,none,,,,
00-0039152,QB,2023,14,16.6,9.16,baseline_rolling5,2023,all,none,,,,
00-0039152,QB,2023,15,14.5,10.739999999999998,baseline_rolling5,2023,all,none,,,,
00-0039152,QB,2023,17,-1.4,12.440000000000001,baseline_rolling5,2023,all,none,,,,
00-0039163,QB,2023,1,10.7,,baseline_rolling5,2023,all,none,,,,
00-0039163,QB,2023,2,21.5,10.7,baseline_rolling5,2023,all,none,,,,
00-0039163,QB,2023,3,20.6,16.1,baseline_rolling5,2023,all,none,,,,
00-0039163,QB,2023,4,21.8,17.599999999999998,baseline_rolling5,2023,all,none,,,,
00-0039163,QB,2023,5,14.2,18.65,baseline_rolling5,2023,all,none,,,,
00-0039163,QB,2023,6,14.2,17.759999999999998,baseline_rolling5,2023,all,none,,,,
00-0039163,QB,2023,8,12.9,18.46,baseline_rolling5,2023,all,none,,,,
00-0039163,QB,2023,9,40.8,16.740000000000002,baseline_rolling5,2023,all,none,,,,
00-0039163,QB,2023,10,19.0,20.78,baseline_rolling5,2023,all,none,,,,
00-0039163,QB,2023,11,15.3,20.22,baseline_rolling5,2023,all,none,,,,
00-0039163,QB,2023,12,30.9,20.44,baseline_rolling5,2023,all,none,,,,
00-0039163,QB,2023,13,16.1,23.779999999999998,baseline_rolling5,2023,all,none,,,,
00-0039163,QB,2023,14,3.6,24.419999999999998,baseline_rolling5,2023,all,none,,,,
00-0039163,QB,2023,17,12.9,16.98,baseline_rolling5,2023,all,none,,,,
00-0039163,QB,2023,18,20.6,15.760000000000002,baseline_rolling5,2023,all,none,,,,
00-0039163,QB,2023,19,23.1,16.82,baseline_rolling5,2023,all,none,,,,
00-0039163,QB,2023,20,7.9,15.260000000000002,baseline_rolling5,2023,all,none,,,,
00-0039164,QB,2023,1,20.9,,baseline_rolling5,2023,all,none,,,,
00-0039164,QB,2023,2,17.7,20.9,baseline_rolling5,2023,all,none,,,,
00-0039164,QB,2023,4,29.6,19.299999999999997,baseline_rolling5,2023,all,none,,,,
00-0039164,QB,2023,5,4.4,22.733333333333334,baseline_rolling5,2023,all,none,,,,
00-0023459,QB,2023,1,0.0,13.076459753177382,baseline_position_role,2023,all,none,,,,
00-0026158,QB,2023,13,16.2,13.073001414927486,baseline_position_role,2023,all,none,,,,
00-0026158,QB,2023,14,20.3,13.071694287729194,baseline_position_role,2023,all,none,,,,
00-0026158,QB,2023,15,16.9,13.06982955543841,baseline_position_role,2023,all,none,,,,
00-0026158,QB,2023,16,24.8,13.064502012952914,baseline_position_role,2023,all,none,,,,
00-0026158,QB,2023,17,22.7,13.068050588748365,baseline_position_role,2023,all,none,,,,
00-0026158,QB,2023,19,13.6,13.05996190146333,baseline_position_role,2023,all,none,,,,
00-0026498,QB,2023,1,14.5,13.07525554839304,baseline_position_role,2023,all,none,,,,
00-0026498,QB,2023,2,14.0,13.067939071389246,baseline_position_role,2023,all,none,,,,
00-0026498,QB,2023,3,11.5,13.080190232302908,baseline_position_role,2023,all,none,,,,
00-0026498,QB,2023,4,16.2,13.078024781341107,baseline_position_role,2023,all,none,,,,
00-0026498,QB,2023,5,16.9,13.074351061898712,baseline_position_role,2023,all,none,,,,
00-0026498,QB,2023,6,13.2,13.072745364088648,baseline_position_role,2023,all,none,,,,
00-0026498,QB,2023,7,14.0,13.065822214208438,baseline_position_role,2023,all,none,,,,
00-0026498,QB,2023,8,11.4,13.06915677813736,baseline_position_role,2023,all,none,,,,
00-0026498,QB,2023,11,9.7,13.072298379918108,baseline_position_role,2023,all,none,,,,
00-0026498,QB,2023,12,23.4,13.07257076936729,baseline_position_role,2023,all,none,,,,
00-0026498,QB,2023,13,23.0,13.073277920240518,baseline_position_role,2023,all,none,,,,
00-0026498,QB,2023,14,23.7,13.072331423534598,baseline_position_role,2023,all,none,,,,
00-0026498,QB,2023,15,18.5,13.070166037072829,baseline_position_role,2023,all,none,,,,
00-0026498,QB,2023,16,20.7,13.065529010238906,baseline_position_role,2023,all,none,,,,
00-0026498,QB,2023,17,12.6,13.068890633176347,baseline_position_role,2023,all,none,,,,
00-0026498,QB,2023,19,22.7,13.060008658008659,baseline_position_role,2023,all,none,,,,
00-0026625,QB,2023,1,0.0,13.075386740331492,baseline_position_role,2023,all,none,,,,
00-0026625,QB,2023,6,3.8,13.072756874095512,baseline_position_role,2023,all,none,,,,
00-0026625,QB,2023,7,1.2,13.065906427476788,baseline_position_role,2023,all,none,,,,
00-0027948,QB,2023,3,-2.9,13.080045724737081,baseline_position_role,2023,all,none,,,,
00-0027948,QB,2023,18,8.8,13.065846875814723,baseline_position_role,2023,all,none,,,,
00-0027973,QB,2023,2,0.0,13.068024589411872,baseline_position_role,2023,all,none,,,,
00-0027973,QB,2023,3,23.5,13.078584491587417,baseline_position_role,2023,all,none,,,,
00-0027973,QB,2023,5,0.1,13.0746982484799,baseline_position_role,2023,all,none,,,,
00-0028118,QB,2023,1,0.2,13.0741828560906,baseline_position_role,2023,all,none,,,,
00-0028118,QB,2023,3,0.2,13.07953735027887,baseline_position_role,2023,all,none,,,,
00-0028118,QB,2023,4,0.0,13.078309191946799,baseline_position_role,2023,all,none,,,,
00-0028118,QB,2023,5,4.8,13.073520871143376,baseline_position_role,2023,all,none,,,,
00-0028118,QB,2023,6,10.4,13.071918241837752,baseline_position_role,2023,all,none,,,,
00-0028118,QB,2023,7,21.7,13.064836848747069,baseline_position_role,2023,all,none,,,,
00-0028118,QB,2023,8,3.6,13.069006741573034,baseline_position_role,2023,all,none,,,,
00-0028118,QB,2023,15,0.5,13.07064300773015,baseline_position_role,2023,all,none,,,,
00-0028118,QB,2023,16,9.4,13.066197059852993,baseline_position_role,2023,all,none,,,,
00-0028118,QB,2023,17,18.8,13.068849742740037,baseline_position_role,2023,all,none,,,,
00-0028118,QB,2023,18,17.7,13.06547619047619,baseline_position_role,2023,all,none,,,,
00-0028986,QB,2023,15,11.3,13.069538866930172,baseline_position_role,2023,all,none,,,,
00-0028986,QB,2023,16,-1.5,13.065876279639513,baseline_position_role,2023,all,none,,,,
00-0029263,QB,2023,1,15.2,13.072997606334008,baseline_position_role,2023,all,none,,,,
00-0029263,QB,2023,2,25.9,13.066825688073394,baseline_position_role,2023,all,none,,,,
00-0029263,QB,2023,3,14.2,13.078359846407022,baseline_position_role,2023,all,none,,,,
00-0029263,QB,2023,4,22.2,13.077117872107852,baseline_position_role,2023,all,none,,,,
00-0029263,QB,2023,5,18.7,13.072770166046638,baseline_position_role,2023,all,none,,,,
00-0029263,QB,2023,6,6.9,13.071676614215953,baseline_position_role,2023,all,none,,,,
00-0029263,QB,2023,7,13.9,13.065615141955837,baseline_position_role,2023,all,none,,,,
00-0029263,QB,2023,8,17.6,13.068155671400323,baseline_position_role,2023,all,none,,,,
00-0029263,QB,2023,10,18.7,13.07542872454448,baseline_position_role,2023,all,none,,,,
00-0029263,QB,2023,11,14.5,13.071998219848687,baseline_position_role,2023,all,none,,,,
00-0029263,QB,2023,12,16.8,13.07348713398403,baseline_position_role,2023,all,none,,,,
00-0029263,QB,2023,13,15.8,13.074155614500443,baseline_position_role,2023,all,none,,,,
00-0029263,QB,2023,14,15.5,13.073268112109993,baseline_position_role,2023,all,none,,,,
00-0029263,QB,2023,15,17.5,13.06938345336378,baseline_position_role,2023,all,none,,,,
00-0029263,QB,2023,16,23.5,13.064601924759405,baseline_position_role,2023,all,none,,,,
00-0029604,QB,2023,1,16.5,13.073193408818927,baseline_position_role,2023,all,none,,,,
00-0029604,QB,2023,2,28.6,13.068002935510503,baseline_position_role,2023,all,none,,,,
00-0029604,QB,2023,3,25.7,13.078462382301854,baseline_position_role,2023,all,none,,,,
00-0029604,QB,2023,4,9.6,13.077948811367154,baseline_position_role,2023,all,none,,,,
00-0029604,QB,2023,5,19.9,13.073280711304664,baseline_position_role,2023,all,none,,,,
00-0029604,QB,2023,6,8.7,13.07111854598065,baseline_position_role,2023,all,none,,,,
00-0029604,QB,2023,7,21.0,13.06569033886085,baseline_position_role,2023,all,none,,,,
00-0029604,QB,2023,8,19.9,13.068562954974386,baseline_position_role,2023,all,none,,,,
00-0029701,QB,2023,1,2.4,13.0735088365243,baseline_position_role,2023,all,none,,,,
00-0029701,QB,2023,2,21.0,13.069427627958172,baseline_position_role,2023,all,none,,,,
00-0029701,QB,2023,3,4.2,13.07961608775137,baseline_position_role,2023,all,none,,,,
00-0029701,QB,2023,4,12.7,13.077632058287795,baseline_position_role,2023,all,none,,,,
00-0029701,QB,2023,5,9.8,13.073900027215823,baseline_position_role,2023,all,none,,,,
00-0029701,QB,2023,6,1.0,13.070723327305608,baseline_position_role,2023,all,none,,,,
00-0029701,QB,2023,16,9.8,13.065514828099028,baseline_position_role,2023,all,none,,,,
00-0029701,QB,2023,17,6.7,13.069349494244854,baseline_position_role,2023,all,none,,,,
00-0029701,QB,2023,18,12.4,13.065878877400296,baseline_position_role,2023,all,none,,,,
00-0030533,QB,2023,17,-0.3,13.068794140727178,baseline_position_role,2023,all,none,,,,
00-0030565,QB,2023,1,9.1,13.072526461113668,baseline_position_role,2023,all,none,,,,
00-0030565,QB,2023,2,23.1,13.070155003210125,baseline_position_role,2023,all,none,,,,
00-0030565,QB,2023,3,15.4,13.078804496846724,baseline_position_role,2023,all,none,,,,
00-0030565,QB,2023,4,9.2,13.077597668700482,baseline_position_role,2023,all,none,,,,
00-0030565,QB,2023,6,11.0,13.069632040502668,baseline_position_role,2023,all,none,,,,
00-0030565,QB,2023,7,13.8,13.066405334775164,baseline_position_role,2023,all,none,,,,
00-0030565,QB,2023,8,13.9,13.069176851186196,baseline_position_role,2023,all,none,,,,
00-0030565,QB,2023,9,2.7,13.073566821927624,baseline_position_role,2023,all,none,,,,
00-0030565,QB,2023,10,24.1,13.075931052960616,baseline_position_role,2023,all,none,,,,
00-0030565,QB,2023,11,13.2,13.072125311498754,baseline_position_role,2023,all,none,,,,
00-0030565,QB,2023,12,7.3,13.073817762399077,baseline_position_role,2023,all,none,,,,
00-0030565,QB,2023,13,30.0,13.074396605074707,baseline_position_role,2023,all,none,,,,
00-0030565,QB,2023,16,17.3,13.065229181245627,baseline_position_role,2023,all,none,,,,
00-0030565,QB,2023,17,16.9,13.067628596338274,baseline_position_role,2023,all,none,,,,
00-0030565,QB,2023,18,20.4,13.065821025195483,baseline_position_role,2023,all,none,,,,
00-0031237,QB,2023,5,-0.2,13.0736030478955,baseline_position_role,2023,all,none,,,,
00-0031280,QB,2023,1,14.6,13.072160868764955,baseline_position_role,2023,all,none,,,,
00-0031280,QB,2023,2,6.7,13.071074834922964,baseline_position_role,2023,all,none,,,,
00-0031280,QB,2023,3,8.1,13.079016633156645,baseline_position_role,2023,all,none,,,,
00-0031280,QB,2023,4,3.2,13.077244582043342,baseline_position_role,2023,all,none,,,,
00-0031280,QB,2023,5,15.7,13.072399092970523,baseline_position_role,2023,all,none,,,,
00-0031280,QB,2023,6,16.3,13.069444946664257,baseline_position_role,2023,all,none,,,,
00-0031280,QB,2023,7,17.4,13.06647143629483,baseline_position_role,2023,all,none,,,,
00-0031280,QB,2023,8,18.3,13.069251505076828,baseline_position_role,2023,all,none,,,,
00-0031280,QB,2023,9,16.7,13.072637707120466,baseline_position_role,2023,all,none,,,,
00-0031280,QB,2023,10,5.4,13.076915520628683,baseline_position_role,2023,all,none,,,,
00-0031280,QB,2023,12,10.9,13.07330553584102,baseline_position_role,2023,all,none,,,,
00-0031280,QB,2023,13,8.9,13.075892857142858,baseline_position_role,2023,all,none,,,,
00-0031280,QB,2023,14,10.8,13.073481977615227,baseline_position_role,2023,all,none,,,,
00-0031280,QB,2023,15,20.3,13.069772547642048,baseline_position_role,2023,all,none,,,,
00-0031280,QB,2023,16,25.0,13.065599580162687,baseline_position_role,2023,all,none,,,,
00-0031280,QB,2023,17,15.6,13.067962688518874,baseline_position_role,2023,all,none,,,,
00-0031280,QB,2023,18,27.2,13.06645817044566,baseline_position_role,2023,all,none,,,,
00-0031288,QB,2023,14,0.0,13.07328163553049,baseline_position_role,2023,all,none,,,,
00-0031288,QB,2023,18,0.8,13.067685892981238,baseline_position_role,2023,all,none,,,,
00-0031345,QB,2023,1,15.1,13.072301463145303,baseline_position_role,2023,all,none,,,,
00-0031345,QB,2023,2,7.5,13.070490600641909,baseline_position_role,2023,all,none,,,,
00-0031345,QB,2023,3,17.7,13.078561637576534,baseline_position_role,2023,all,none,,,,
00-0031345,QB,2023,5,10.7,13.072637402503174,baseline_position_role,2023,all,none,,,,
00-0031345,QB,2023,6,8.9,13.06973696104131,baseline_position_role,2023,all,none,,,,
00-0031345,QB,2023,8,4.2,13.069721473495058,baseline_position_role,2023,all,none,,,,
00-0031345,QB,2023,18,0.0,13.066620342221837,baseline_position_role,2023,all,none,,,,
00-0031503,QB,2023,3,4.0,13.078983918128655,baseline_position_role,2023,all,none,,,,
00-0031503,QB,2023,4,-2.0,13.07634526085769,baseline_position_role,2023,all,none,,,,
00-0031503,QB,2023,5,-0.4,13.072422236329011,baseline_position_role,2023,all,none,,,,
00-0031503,QB,2023,10,8.9,13.07623002053755,baseline_position_role,2023,all,none,,,,
00-0031503,QB,2023,13,1.6,13.075523733757624,baseline_position_role,2023,all,none,,,,
00-0031503,QB,2023,14,-0.2,13.072129703057538,baseline_position_role,2023,all,none,,,,
00-0031503,QB,2023,18,0.0,13.065485495918013,baseline_position_role,2023,all,none,,,,
00-0031800,QB,2023,8,12.4,13.068924624921392,baseline_position_role,2023,all,none,,,,
00-0031800,QB,2023,9,14.7,13.07296256492925,baseline_position_role,2023,all,none,,,,
00-0031800,QB,2023,10,9.6,13.075857142857144,baseline_position_role,2023,all,none,,,,
00-0031800,QB,2023,16,14.2,13.066643344411405,baseline_position_role,2023,all,none,,,,
00-0031800,QB,2023,17,15.1,13.06818340306834,baseline_position_role,2023,all,none,,,,
00-0032156,QB,2023,13,1.4,13.074509457309528,baseline_position_role,2023,all,none,,,,
00-0032156,QB,2023,15,-1.6,13.070407446434842,baseline_position_role,2023,all,none,,,,
00-0032156,QB,2023,16,10.5,13.06674245736773,baseline_position_role,2023,all,none,,,,
00-0032156,QB,2023,17,13.7,13.06836049856184,baseline_position_role,2023,all,none,,,,
00-0032156,QB,2023,18,2.9,13.064350846721668,baseline_position_role,2023,all,none,,,,
00-0032268,QB,2023,13,1.2,13.073477684489616,baseline_position_role,2023,all,none,,,,
00-0032268,QB,2023,14,0.0,13.070960352422906,baseline_position_role,2023,all,none,,,,
00-0032268,QB,2023,18,10.5,13.063468218131295,baseline_position_role,2023,all,none,,,,
00-0032436,QB,2023,18,13.9,13.063245636884606,baseline_position_role,2023,all,none,,,,
00-0032950,QB,2023,12,0.0,13.073112747272244,baseline_position_role,2023,all,none,,,,
00-0032950,QB,2023,18,26.1,13.063318284424378,baseline_position_role,2023,all,none,,,,
00-0033077,QB,2023,1,6.3,13.07248803827751,baseline_position_role,2023,all,none,,,,
00-0033077,QB,2023,2,19.6,13.069979827617827,baseline_position_role,2023,all,none,,,,
00-0033077,QB,2023,3,14.4,13.078154408405664,baseline_position_role,2023,all,none,,,,
00-0033077,QB,2023,4,14.3,13.07497268754552,baseline_position_role,2023,all,none,,,,
00-0033077,QB,2023,5,4.3,13.071200580340951,baseline_position_role,2023,all,none,,,,
00-0033077,QB,2023,6,24.9,13.069360086767896,baseline_position_role,2023,all,none,,,,
00-0033077,QB,2023,8,28.1,13.068864534674812,baseline_position_role,2023,all,none,,,,
00-0033077,QB,2023,9,28.4,13.073108265424912,baseline_position_role,2023,all,none,,,,
00-0033077,QB,2023,10,37.9,13.075546826176236,baseline_position_role,2023,all,none,,,,
00-0033077,QB,2023,11,16.2,13.07213669128771,baseline_position_role,2023,all,none,,,,
00-0033077,QB,2023,12,32.2,13.071953166577968,baseline_position_role,2023,all,none,,,,
00-0033077,QB,2023,13,28.3,13.072428419936374,baseline_position_role,2023,all,none,,,,
00-0033077,QB,2023,14,17.9,13.069808827416086,baseline_position_role,2023,all,none,,,,
00-0033077,QB,2023,15,6.1,13.069119325665117,baseline_position_role,2023,all,none,,,,
00-0033077,QB,2023,16,18.6,13.066518013291361,baseline_position_role,2023,all,none,,,,
00-0033077,QB,2023,17,20.3,13.06841554819592,baseline_position_role,2023,all,none,,,,
00-0033077,QB,2023,18,25.2,13.06445003906589,baseline_position_role,2023,all,none,,,,
00-0033077,QB,2023,19,30.6,13.060843217037485,baseline_position_role,2023,all,none,,,,
00-0033106,QB,2023,1,14.0,13.071864936976723,baseline_position_role,2023,all,none,,,,
00-0033106,QB,2023,2,22.9,13.070578527551113,baseline_position_role,2023,all,none,,,,
00-0033106,QB,2023,3,18.0,13.07827516901151,baseline_position_role,2023,all,none,,,,
00-0033106,QB,2023,4,11.4,13.075084205735092,baseline_position_role,2023,all,none,,,,
00-0033106,QB,2023,5,27.4,13.070405295131017,baseline_position_role,2023,all,none,,,,
00-0033106,QB,2023,6,22.4,13.0704292815183,baseline_position_role,2023,all,none,,,,
00-0033106,QB,2023,7,9.4,13.066861879448599,baseline_position_role,2023,all,none,,,,
00-0033106,QB,2023,8,12.7,13.070214677086142,baseline_position_role,2023,all,none,,,,
00-0033106,QB,2023,10,21.1,13.077762899482236,baseline_position_role,2023,all,none,,,,
00-0033106,QB,2023,11,13.7,13.072415020466273,baseline_position_role,2023,all,none,,,,
00-0033106,QB,2023,12,18.2,13.073649667405764,baseline_position_role,2023,all,none,,,,
00-0033106,QB,2023,13,16.3,13.073773968366174,baseline_position_role,2023,all,none,,,,
00-0033106,QB,2023,14,4.4,13.070234319943621,baseline_position_role,2023,all,none,,,,
00-0033106,QB,2023,15,31.1,13.068507462686567,baseline_position_role,2023,all,none,,,,
00-0033106,QB,2023,16,14.3,13.067001836145842,baseline_position_role,2023,all,none,,,,
00-0033106,QB,2023,17,10.8,13.069045751633986,baseline_position_role,2023,all,none,,,,
00-0033106,QB,2023,18,20.8,13.065503472222222,baseline_position_role,2023,all,none,,,,
00-0033106,QB,2023,19,14.8,13.062361495844875,baseline_position_role,2023,all,none,,,,
00-0033106,QB,2023,20,20.1,13.06693478636914,baseline_position_role,2023,all,none,,,,
00-0033106,QB,2023,21,14.9,13.07227312013829,baseline_position_role,2023,all,none,,,,
00-0033119,QB,2023,13,0.0,13.074059021028452,baseline_position_role,2023,all,none,,,,
00-0033119,QB,2023,15,13.9,13.07009042226319,baseline_position_role,2023,all,none,,,,
00-0033119,QB,2023,16,9.0,13.067109634551496,baseline_position_role,2023,all,none,,,,
00-0033275,QB,2023,6,3.8,13.07127236580517,baseline_position_role,2023,all,none,,,,
00-0033275,QB,2023,7,5.4,13.066531531531531,baseline_position_role,2023,all,none,,,,
00-0033275,QB,2023,8,10.6,13.0701814262619,baseline_position_role,2023,all,none,,,,
00-0033275,QB,2023,9,0.0,13.074480659025786,baseline_position_role,2023,all,none,,,,
00-0033275,QB,2023,10,0.0,13.078478978844954,baseline_position_role,2023,all,none,,,,
00-0033275,QB,2023,12,0.1,13.074104292302236,baseline_position_role,2023,all,none,,,,
00-0033319,QB,2023,14,3.3,13.069470624504538,baseline_position_role,2023,all,none,,,,
00-0033319,QB,2023,15,17.1,13.070163272471909,baseline_position_role,2023,all,none,,,,
00-0033319,QB,2023,16,16.5,13.066754086895708,baseline_position_role,2023,all,none,,,,
00-0033319,QB,2023,17,9.1,13.068848030672708,baseline_position_role,2023,all,none,,,,
00-0033319,QB,2023,18,20.6,13.066174811214303,baseline_position_role,2023,all,none,,,,
00-0033357,QB,2023,1,0.4,13.07195032198712,baseline_position_role,2023,all,none,,,,
00-0033357,QB,2023,2,8.7,13.071479647964798,baseline_position_role,2023,all,none,,,,
00-0033357,QB,2023,3,3.1,13.078724764775737,baseline_position_role,2023,all,none,,,,
00-0033357,QB,2023,4,3.2,13.074931731294376,baseline_position_role,2023,all,none,,,,
00-0033357,QB,2023,5,3.0,13.071704442429736,baseline_position_role,2023,all,none,,,,
00-0033357,QB,2023,6,12.3,13.070434625463088,baseline_position_role,2023,all,none,,,,
00-0033357,QB,2023,7,16.8,13.065840915232862,baseline_position_role,2023,all,none,,,,
00-0033357,QB,2023,8,22.5,13.06995958688819,baseline_position_role,2023,all,none,,,,
00-0033357,QB,2023,9,20.6,13.073310054615453,baseline_position_role,2023,all,none,,,,
00-0033357,QB,2023,10,4.3,13.077311674402,baseline_position_role,2023,all,none,,,,
00-0033357,QB,2023,12,8.1,13.072953799769444,baseline_position_role,2023,all,none,,,,
00-0033357,QB,2023,13,15.4,13.072903966781519,baseline_position_role,2023,all,none,,,,
00-0033357,QB,2023,15,1.5,13.070516984113052,baseline_position_role,2023,all,none,,,,
00-0033357,QB,2023,16,0.2,13.067054195804197,baseline_position_role,2023,all,none,,,,
00-0033357,QB,2023,17,11.5,13.068502221834976,baseline_position_role,2023,all,none,,,,
00-0033357,QB,2023,18,11.9,13.066828675577156,baseline_position_role,2023,all,none,,,,
00-0033537,QB,2023,1,20.7,13.070784656425351,baseline_position_role,2023,all,none,,,,
00-0033537,QB,2023,2,11.6,13.071078925657714,baseline_position_role,2023,all,none,,,,
00-0033537,QB,2023,3,21.2,13.077813299232735,baseline_position_role,2023,all,none,,,,
00-0033537,QB,2023,7,-1.8,13.066177265357595,baseline_position_role,2023,all,none,,,,
00-0033537,QB,2023,9,19.0,13.07398388540734,baseline_position_role,2023,all,none,,,,
00-0033537,QB,2023,10,16.2,13.07652833556448,baseline_position_role,2023,all,none,,,,
00-0033662,QB,2023,1,0.0,13.071486387049301,baseline_position_role,2023,all,none,,,,
00-0033662,QB,2023,4,0.6,13.074032948029489,baseline_position_role,2023,all,none,,,,
00-0033662,QB,2023,5,0.1,13.07079140603753,baseline_position_role,2023,all,none,,,,
00-0033662,QB,2023,8,-0.2,13.070806393678161,baseline_position_role,2023,all,none,,,,
00-0033662,QB,2023,10,1.2,13.076807067642335,baseline_position_role,2023,all,none,,,,
00-0033662,QB,2023,11,0.3,13.072470860396832,baseline_position_role,2023,all,none,,,,
00-0033662,QB,2023,18,1.2,13.066727414735745,baseline_position_role,2023,all,none,,,,
00-0033869,QB,2023,4,0.7,13.072897706589007,baseline_position_role,2023,all,none,,,,
00-0033869,QB,2023,8,7.3,13.069614797521773,baseline_position_role,2023,all,none,,,,
00-0033869,QB,2023,13,7.2,13.073109540636043,baseline_position_role,2023,all,none,,,,
00-0033869,QB,2023,14,20.6,13.068610181433856,baseline_position_role,2023,all,none,,,,
00-0033869,QB,2023,15,12.9,13.06950149201334,baseline_position_role,2023,all,none,,,,
00-0033873,QB,2023,1,19.5,13.070284190195899,baseline_position_role,2023,all,none,,,,
00-0033873,QB,2023,2,21.2,13.070944087992668,baseline_position_role,2023,all,none,,,,
00-0033873,QB,2023,3,25.7,13.078555119188968,baseline_position_role,2023,all,none,,,,
00-0033873,QB,2023,4,13.2,13.071771771771774,baseline_position_role,2023,all,none,,,,
00-0033873,QB,2023,5,19.2,13.069615663524292,baseline_position_role,2023,all,none,,,,
00-0033873,QB,2023,6,17.3,13.0703650162631,baseline_position_role,2023,all,none,,,,
00-0033873,QB,2023,7,33.9,13.064838331982347,baseline_position_role,2023,all,none,,,,
00-0033873,QB,2023,8,5.6,13.069096785778417,baseline_position_role,2023,all,none,,,,
00-0033873,QB,2023,9,15.8,13.074514367558857,baseline_position_role,2023,all,none,,,,
00-0033873,QB,2023,11,16.9,13.071334519572952,baseline_position_role,2023,all,none,,,,
00-0033873,QB,2023,12,20.8,13.072512856889519,baseline_position_role,2023,all,none,,,,
00-0033873,QB,2023,13,13.0,13.07259076053352,baseline_position_role,2023,all,none,,,,
00-0033873,QB,2023,14,13.6,13.069273447820343,baseline_position_role,2023,all,none,,,,
00-0033873,QB,2023,15,15.7,13.069486616937253,baseline_position_role,2023,all,none,,,,
00-0033873,QB,2023,16,16.7,13.065929551612621,baseline_position_role,2023,all,none,,,,
00-0033873,QB,2023,17,12.0,13.068365568914446,baseline_position_role,2023,all,none,,,,
00-0033873,QB,2023,19,18.6,13.062511901670563,baseline_position_role,2023,all,none,,,,
00-0033873,QB,2023,20,18.5,13.06754302516648,baseline_position_role,2023,all,none,,,,
00-0033873,QB,2023,21,15.1,13.072431077694237,baseline_position_role,2023,all,none,,,,
00-0033873,QB,2023,22,25.9,13.073466390184896,baseline_position_role,2023,all,none,,,,
00-0033936,QB,2023,3,0.4,13.079707762557076,baseline_position_role,2023,all,none,,,,
00-0033936,QB,2023,6,-0.2,13.070747131628874,baseline_position_role,2023,all,none,,,,
00-0033936,QB,2023,10,0.2,13.075747300794147,baseline_position_role,2023,all,none,,,,
00-0033936,QB,2023,11,0.0,13.071675117872076,baseline_position_role,2023,all,none,,,,
00-0033936,QB,2023,13,3.2,13.072584349054937,baseline_position_role,2023,all,none,,,,
00-0033936,QB,2023,16,8.4,13.066247159587485,baseline_position_role,2023,all,none,,,,
00-0033936,QB,2023,17,9.5,13.068272497604323,baseline_position_role,2023,all,none,,,,
00-0033949,QB,2023,1,3.0,13.070875482803018,baseline_position_role,2023,all,none,,,,
00-0033949,QB,2023,2,25.2,13.07168912107048,baseline_position_role,2023,all,none,,,,
00-0033949,QB,2023,3,17.1,13.078549904118347,baseline_position_role,2023,all,none,,,,
00-0033949,QB,2023,4,23.4,13.071783439490446,baseline_position_role,2023,all,none,,,,
00-0033949,QB,2023,5,8.7,13.070171304269012,baseline_position_role,2023,all,none,,,,
00-0033949,QB,2023,6,10.1,13.069548328816621,baseline_position_role,2023,all,none,,,,
00-0033949,QB,2023,7,16.1,13.066714697406338,baseline_position_role,2023,all,none,,,,
00-0033949,QB,2023,8,22.9,13.06842625011222,baseline_position_role,2023,all,none,,,,
00-0033949,QB,2023,9,24.9,13.074758324382385,baseline_position_role,2023,all,none,,,,
00-0033949,QB,2023,10,25.1,13.074598501070664,baseline_position_role,2023,all,none,,,,
00-0033949,QB,2023,11,16.9,13.070512364347982,baseline_position_role,2023,all,none,,,,
00-0033949,QB,2023,12,4.5,13.073197978544197,baseline_position_role,2023,all,none,,,,
00-0033949,QB,2023,14,4.6,13.069320183163086,baseline_position_role,2023,all,none,,,,
00-0033958,QB,2023,7,-0.4,13.066987843313822,baseline_position_role,2023,all,none,,,,
00-0033958,QB,2023,18,0.0,13.065697674418605,baseline_position_role,2023,all,none,,,,
00-0034177,QB,2023,11,-0.6,13.07085297518456,baseline_position_role,2023,all,none,,,,
00-0034177,QB,2023,12,7.4,13.072437943262411,baseline_position_role,2023,all,none,,,,
00-0034177,QB,2023,13,4.1,13.071712443698667,baseline_position_role,2023,all,none,,,,
00-0034401,QB,2023,3,6.6,13.078917092768442,baseline_position_role,2023,all,none,,,,
00-0034401,QB,2023,6,-2.4,13.069280101165207,baseline_position_role,2023,all,none,,,,
00-0034401,QB,2023,12,-0.2,13.07193511213545,baseline_position_role,2023,all,none,,,,
00-0034401,QB,2023,13,0.1,13.070920169551396,baseline_position_role,2023,all,none,,,,
00-0034401,QB,2023,15,0.0,13.069717444717444,baseline_position_role,2023,all,none,,,,
00-0034401,QB,2023,17,-2.0,13.067961672473869,baseline_position_role,2023,all,none,,,,
00-0034438,QB,2023,18,-0.3,13.064563991323212,baseline_position_role,2023,all,none,,,,
00-0034577,QB,2023,2,-0.2,13.072800586510263,baseline_position_role,2023,all,none,,,,
00-0034577,QB,2023,3,-0.2,13.0783255729024,baseline_position_role,2023,all,none,,,,
00-0034577,QB,2023,4,-0.3,13.072723137112181,baseline_position_role,2023,all,none,,,,
00-0034577,QB,2023,6,0.0,13.067882947976878,baseline_position_role,2023,all,none,,,,
00-0034577,QB,2023,11,-0.2,13.069637139807897,baseline_position_role,2023,all,none,,,,
00-0034577,QB,2023,15,-0.2,13.068570676493815,baseline_position_role,2023,all,none,,,,
00-0034577,QB,2023,17,-0.2,13.06664924658131,baseline_position_role,2023,all,none,,,,
00-0034771,QB,2023,15,0.1,13.067406562554833,baseline_position_role,2023,all,none,,,,
00-0034771,QB,2023,16,20.0,13.065839377785545,baseline_position_role,2023,all,none,,,,
00-0034771,QB,2023,17,11.5,13.065493816408292,baseline_position_role,2023,all,none,,,,
00-0034771,QB,2023,18,8.0,13.06340447683498,baseline_position_role,2023,all,none,,,,
00-0034771,QB,2023,19,16.8,13.062991171888523,baseline_position_role,2023,all,none,,,,
00-0034796,QB,2023,1,6.6,13.069949425287357,baseline_position_role,2023,all,none,,,,
00-0034796,QB,2023,2,22.9,13.07158434894163,baseline_position_role,2023,all,none,,,,
00-0034796,QB,2023,3,28.2,13.077113383239,baseline_position_role,2023,all,none,,,,
00-0034796,QB,2023,4,28.1,13.071506550218341,baseline_position_role,2023,all,none,,,,
00-0034796,QB,2023,5,9.9,13.069775240166758,baseline_position_role,2023,all,none,,,,
00-0034796,QB,2023,6,17.1,13.06670279057166,baseline_position_role,2023,all,none,,,,
00-0034796,QB,2023,7,33.9,13.065775256618045,baseline_position_role,2023,all,none,,,,
00-0034796,QB,2023,8,12.0,13.06930879712747,baseline_position_role,2023,all,none,,,,
00-0034796,QB,2023,9,11.5,13.075816700975567,baseline_position_role,2023,all,none,,,,
00-0034796,QB,2023,10,13.0,13.075671335533947,baseline_position_role,2023,all,none,,,,
00-0034796,QB,2023,11,24.0,13.068457092040907,baseline_position_role,2023,all,none,,,,
00-0034796,QB,2023,12,15.0,13.070758730721503,baseline_position_role,2023,all,none,,,,
00-0034796,QB,2023,14,31.6,13.068574447477326,baseline_position_role,2023,all,none,,,,
00-0034796,QB,2023,15,18.5,13.066268970962364,baseline_position_role,2023,all,none,,,,
00-0034796,QB,2023,16,22.6,13.066445298846556,baseline_position_role,2023,all,none,,,,
00-0034796,QB,2023,17,36.3,13.065357484977794,baseline_position_role,2023,all,none,,,,
00-0034796,QB,2023,20,36.1,13.068012798339675,baseline_position_role,2023,all,none,,,,
00-0034796,QB,2023,21,18.6,13.072606291047357,baseline_position_role,2023,all,none,,,,
00-0034855,QB,2023,1,16.0,13.06935454211107,baseline_position_role,2023,all,none,,,,
00-0034855,QB,2023,2,18.4,13.07248488180319,baseline_position_role,2023,all,none,,,,
00-0034855,QB,2023,3,10.0,13.07849383842994,baseline_position_role,2023,all,none,,,,
00-0034855,QB,2023,4,22.9,13.072873646866189,baseline_position_role,2023,all,none,,,,
00-0034855,QB,2023,6,6.8,13.067067003792669,baseline_position_role,2023,all,none,,,,
00-0034855,QB,2023,7,16.2,13.067651030881425,baseline_position_role,2023,all,none,,,,
00-0034855,QB,2023,8,21.4,13.069212817520869,baseline_position_role,2023,all,none,,,,
00-0034855,QB,2023,9,19.0,13.075675675675676,baseline_position_role,2023,all,none,,,,
00-0034855,QB,2023,10,18.3,13.075664585191793,baseline_position_role,2023,all,none,,,,
00-0034855,QB,2023,11,10.3,13.06942913035746,baseline_position_role,2023,all,none,,,,
00-0034855,QB,2023,12,13.4,13.070929717273774,baseline_position_role,2023,all,none,,,,
00-0034855,QB,2023,13,9.9,13.069774834437087,baseline_position_role,2023,all,none,,,,
00-0034855,QB,2023,14,20.1,13.070206022187005,baseline_position_role,2023,all,none,,,,
00-0034855,QB,2023,15,29.0,13.066745614035087,baseline_position_role,2023,all,none,,,,
00-0034855,QB,2023,16,19.8,13.067278287461773,baseline_position_role,2023,all,none,,,,
00-0034855,QB,2023,17,16.3,13.067380703587599,baseline_position_role,2023,all,none,,,,
00-0034855,QB,2023,18,6.2,13.062965212110695,baseline_position_role,2023,all,none,,,,
00-0034855,QB,2023,19,27.1,13.063314582431849,baseline_position_role,2023,all,none,,,,
00-0034855,QB,2023,20,23.5,13.070004323389538,baseline_position_role,2023,all,none,,,,
00-0034857,QB,2023,1,11.0,13.069623977199594,baseline_position_role,2023,all,none,,,,
00-0034857,QB,2023,2,23.7,13.072972972972973,baseline_position_role,2023,all,none,,,,
00-0034857,QB,2023,3,21.3,13.078212851405622,baseline_position_role,2023,all,none,,,,
00-0034857,QB,2023,4,36.5,13.073767509550663,baseline_position_role,2023,all,none,,,,
00-0034857,QB,2023,5,27.8,13.06948799275034,baseline_position_role,2023,all,none,,,,
00-0034857,QB,2023,6,13.9,13.066501128668172,baseline_position_role,2023,all,none,,,,
00-0034857,QB,2023,7,24.3,13.067933021245949,baseline_position_role,2023,all,none,,,,
00-0034857,QB,2023,8,29.1,13.069960509782804,baseline_position_role,2023,all,none,,,,
00-0034857,QB,2023,9,24.7,13.076205816554811,baseline_position_role,2023,all,none,,,,
00-0034857,QB,2023,10,14.4,13.076130586031576,baseline_position_role,2023,all,none,,,,
00-0034857,QB,2023,11,22.5,13.069182893215968,baseline_position_role,2023,all,none,,,,
00-0034857,QB,2023,12,39.7,13.070958879829849,baseline_position_role,2023,all,none,,,,
00-0034857,QB,2023,14,20.5,13.070824896557795,baseline_position_role,2023,all,none,,,,
00-0034857,QB,2023,15,16.2,13.068143145338128,baseline_position_role,2023,all,none,,,,
00-0034857,QB,2023,16,25.0,13.067866503582037,baseline_position_role,2023,all,none,,,,
00-0034857,QB,2023,17,21.2,13.067662168045278,baseline_position_role,2023,all,none,,,,
00-0034857,QB,2023,18,23.1,13.06236988202637,baseline_position_role,2023,all,none,,,,
00-0034857,QB,2023,19,33.5,13.064529248875044,baseline_position_role,2023,all,none,,,,
00-0034857,QB,2023,20,30.6,13.070906104098219,baseline_position_role,2023,all,none,,,,
00-0034869,QB,2023,1,-0.2,13.069433719433718,baseline_position_role,2023,all,none,,,,
00-0034869,QB,2023,3,-0.1,13.078963219859451,baseline_position_role,2023,all,none,,,,
00-0034869,QB,2023,4,-0.1,13.075898135516145,baseline_position_role,2023,all,none,,,,
00-0034869,QB,2023,5,-0.1,13.070822761870243,baseline_position_role,2023,all,none,,,,
00-0034869,QB,2023,10,-0.1,13.076248662147698,baseline_position_role,2023,all,none,,,,
00-0034869,QB,2023,13,-0.1,13.069494967331803,baseline_position_role,2023,all,none,,,,
00-0034869,QB,2023,15,0.6,13.068417821434837,baseline_position_role,2023,all,none,,,,
00-0034869,QB,2023,16,6.1,13.068908884423866,baseline_position_role,2023,all,none,,,,
00-0034869,QB,2023,17,-0.2,13.068370189796273,baseline_position_role,2023,all,none,,,,
00-0034869,QB,2023,18,17.5,13.063240523896262,baseline_position_role,2023,all,none,,,,
00-0034955,QB,2023,8,1.7,13.07139908462712,baseline_position_role,2023,all,none,,,,
00-0034955,QB,2023,9,5.1,13.077245884037222,baseline_position_role,2023,all,none,,,,
00-0035100,QB,2023,1,-0.1,13.068213990256458,baseline_position_role,2023,all,none,,,,
00-0035100,QB,2023,11,10.7,13.070021337126601,baseline_position_role,2023,all,none,,,,
00-0035100,QB,2023,12,12.0,13.073318564466105,baseline_position_role,2023,all,none,,,,
00-0035100,QB,2023,13,26.7,13.068332303345988,baseline_position_role,2023,all,none,,,,
00-0035100,QB,2023,14,23.7,13.071478873239437,baseline_position_role,2023,all,none,,,,
00-0035100,QB,2023,15,19.0,13.067324388318864,baseline_position_role,2023,all,none,,,,
00-0035100,QB,2023,16,13.4,13.068300139762403,baseline_position_role,2023,all,none,,,,
00-0035100,QB,2023,17,21.1,13.067215112736138,baseline_position_role,2023,all,none,,,,
00-0035100,QB,2023,18,18.0,13.063625325238508,baseline_position_role,2023,all,none,,,,
00-0035228,QB,2023,10,17.3,13.075073575314367,baseline_position_role,2023,all,none,,,,
00-0035228,QB,2023,11,21.7,13.06981064983554,baseline_position_role,2023,all,none,,,,
00-0035228,QB,2023,12,20.4,13.073223462697147,baseline_position_role,2023,all,none,,,,
00-0035228,QB,2023,13,11.8,13.069535663841808,baseline_position_role,2023,all,none,,,,
00-0035228,QB,2023,15,13.3,13.067844615924239,baseline_position_role,2023,all,none,,,,
00-0035228,QB,2023,16,20.4,13.068329111712812,baseline_position_role,2023,all,none,,,,
00-0035228,QB,2023,17,23.7,13.067914345403901,baseline_position_role,2023,all,none,,,,
00-0035228,QB,2023,18,17.8,13.064053421212385,baseline_position_role,2023,all,none,,,,
00-0035264,QB,2023,15,0.0,13.067864971503726,baseline_position_role,2023,all,none,,,,
00-0035264,QB,2023,17,13.6,13.068839759770215,baseline_position_role,2023,all,none,,,,
00-0035264,QB,2023,18,13.1,13.064464099895941,baseline_position_role,2023,all,none,,,,
00-0035282,QB,2023,14,5.2,13.072414400140834,baseline_position_role,2023,all,none,,,,
00-0035282,QB,2023,15,17.4,13.066719270559355,baseline_position_role,2023,all,none,,,,
00-0035282,QB,2023,16,17.1,13.068969432314411,baseline_position_role,2023,all,none,,,,
00-0035282,QB,2023,17,11.9,13.068885987815491,baseline_position_role,2023,all,none,,,,
00-0035282,QB,2023,18,16.0,13.064467181132402,baseline_position_role,2023,all,none,,,,
00-0035289,QB,2023,1,0.0,13.067003676470588,baseline_position_role,2023,all,none,,,,
00-0035289,QB,2023,2,11.1,13.073946500549653,baseline_position_role,2023,all,none,,,,
00-0035289,QB,2023,3,13.1,13.07776054024457,baseline_position_role,2023,all,none,,,,
00-0035289,QB,2023,5,6.3,13.069629428286673,baseline_position_role,2023,all,none,,,,
00-0035289,QB,2023,6,9.6,13.066576381365113,baseline_position_role,2023,all,none,,,,
00-0035289,QB,2023,7,27.1,13.068944099378882,baseline_position_role,2023,all,none,,,,
00-0035289,QB,2023,8,14.8,13.070378679109833,baseline_position_role,2023,all,none,,,,
00-0035289,QB,2023,9,9.6,13.076532164265902,baseline_position_role,2023,all,none,,,,
00-0035289,QB,2023,10,5.7,13.075450329944713,baseline_position_role,2023,all,none,,,,
00-0035289,QB,2023,12,14.6,13.07387259679277,baseline_position_role,2023,all,none,,,,
00-0035289,QB,2023,13,18.7,13.069423603142377,baseline_position_role,2023,all,none,,,,
00-0035289,QB,2023,14,14.1,13.071721527900017,baseline_position_role,2023,all,none,,,,
00-0035289,QB,2023,15,20.6,13.067099149644955,baseline_position_role,2023,all,none,,,,
00-0035289,QB,2023,16,9.1,13.06932145664134,baseline_position_role,2023,all,none,,,,
00-0035289,QB,2023,17,13.3,13.068784265947263,baseline_position_role,2023,all,none,,,,
00-0035289,QB,2023,18,8.5,13.064721692387723,baseline_position_role,2023,all,none,,,,
00-0035704,QB,2023,4,3.6,13.074699890869406,baseline_position_role,2023,all,none,,,,
00-0035704,QB,2023,11,-1.9,13.070577777777778,baseline_position_role,2023,all,none,,,,
00-0035704,QB,2023,14,15.3,13.071812021473203,baseline_position_role,2023,all,none,,,,
00-0035704,QB,2023,15,12.1,13.067759467040673,baseline_position_role,2023,all,none,,,,
00-0035710,QB,2023,1,4.5,13.065802775480195,baseline_position_role,2023,all,none,,,,
00-0035710,QB,2023,2,30.7,13.073765686543922,baseline_position_role,2023,all,none,,,,
00-0035710,QB,2023,3,4.0,13.077762569577517,baseline_position_role,2023,all,none,,,,
00-0035710,QB,2023,4,8.7,13.073838319541693,baseline_position_role,2023,all,none,,,,
00-0035710,QB,2023,5,7.2,13.069016126109801,baseline_position_role,2023,all,none,,,,
00-0035710,QB,2023,9,1.9,13.076221148684917,baseline_position_role,2023,all,none,,,,
00-0035993,QB,2023,4,0.8,13.073440625568287,baseline_position_role,2023,all,none,,,,
00-0035993,QB,2023,7,0.0,13.070207020702071,baseline_position_role,2023,all,none,,,,
00-0035993,QB,2023,9,6.3,13.075221397262725,baseline_position_role,2023,all,none,,,,
00-0035993,QB,2023,17,4.7,13.06880438565959,baseline_position_role,2023,all,none,,,,
00-0035993,QB,2023,18,13.8,13.064325964456003,baseline_position_role,2023,all,none,,,,
00-0036212,QB,2023,1,27.1,13.065015622128286,baseline_position_role,2023,all,none,,,,
00-0036212,QB,2023,2,12.3,13.075380106246564,baseline_position_role,2023,all,none,,,,
00-0036212,QB,2023,3,28.4,13.076934306569344,baseline_position_role,2023,all,none,,,,
00-0036212,QB,2023,4,14.0,13.072324756796073,baseline_position_role,2023,all,none,,,,
00-0036212,QB,2023,5,16.9,13.06848446417248,baseline_position_role,2023,all,none,,,,
00-0036212,QB,2023,6,22.5,13.06626342872619,baseline_position_role,2023,all,none,,,,
00-0036212,QB,2023,7,10.3,13.069030690306903,baseline_position_role,2023,all,none,,,,
00-0036212,QB,2023,8,21.8,13.070533871691342,baseline_position_role,2023,all,none,,,,
00-0036212,QB,2023,9,12.4,13.074615384615386,baseline_position_role,2023,all,none,,,,
00-0036212,QB,2023,11,17.6,13.06924717802862,baseline_position_role,2023,all,none,,,,
00-0036212,QB,2023,12,7.8,13.07400779588944,baseline_position_role,2023,all,none,,,,
00-0036212,QB,2023,13,19.2,13.069920564872023,baseline_position_role,2023,all,none,,,,
00-0036212,QB,2023,14,11.1,13.072008095740935,baseline_position_role,2023,all,none,,,,
00-0036212,QB,2023,15,13.0,13.067674642825839,baseline_position_role,2023,all,none,,,,
00-0036212,QB,2023,16,15.5,13.068974851554312,baseline_position_role,2023,all,none,,,,
00-0036212,QB,2023,17,14.9,13.068076220308013,baseline_position_role,2023,all,none,,,,
00-0036212,QB,2023,18,7.6,13.064389736477114,baseline_position_role,2023,all,none,,,,
00-0036212,QB,2023,19,12.5,13.066297482045515,baseline_position_role,2023,all,none,,,,
00-0036264,QB,2023,1,23.0,13.06630524671506,baseline_position_role,2023,all,none,,,,
00-0036264,QB,2023,2,20.3,13.075309094239397,baseline_position_role,2023,all,none,,,,
00-0036264,QB,2023,3,24.3,13.078332268953563,baseline_position_role,2023,all,none,,,,
00-0036264,QB,2023,4,17.6,13.07240909090909,baseline_position_role,2023,all,none,,,,
00-0036264,QB,2023,5,5.0,13.06883152173913,baseline_position_role,2023,all,none,,,,
00-0036264,QB,2023,7,15.3,13.0687814974802,baseline_position_role,2023,all,none,,,,
00-0036264,QB,2023,8,14.6,13.071317064417729,baseline_position_role,2023,all,none,,,,
00-0036264,QB,2023,9,13.8,13.074555048743404,baseline_position_role,2023,all,none,,,,
00-0036264,QB,2023,10,16.7,13.074792688363797,baseline_position_role,2023,all,none,,,,
00-0036264,QB,2023,11,20.9,13.06964984002844,baseline_position_role,2023,all,none,,,,
00-0036264,QB,2023,12,26.6,13.07354061475773,baseline_position_role,2023,all,none,,,,
00-0036264,QB,2023,13,23.7,13.07046156561645,baseline_position_role,2023,all,none,,,,
00-0036264,QB,2023,14,8.9,13.071834579850417,baseline_position_role,2023,all,none,,,,
00-0036264,QB,2023,15,17.5,13.067668711656442,baseline_position_role,2023,all,none,,,,
00-0036264,QB,2023,16,24.0,13.069187112546931,baseline_position_role,2023,all,none,,,,
00-0036264,QB,2023,17,28.4,13.068235601183225,baseline_position_role,2023,all,none,,,,
00-0036264,QB,2023,18,18.5,13.063916096038831,baseline_position_role,2023,all,none,,,,
00-0036264,QB,2023,19,22.8,13.066248485897216,baseline_position_role,2023,all,none,,,,
00-0036264,QB,2023,20,14.1,13.072421544047723,baseline_position_role,2023,all,none,,,,
00-0036355,QB,2023,1,20.9,13.067217934582875,baseline_position_role,2023,all,none,,,,
00-0036355,QB,2023,2,22.2,13.075970695970696,baseline_position_role,2023,all,none,,,,
00-0036355,QB,2023,3,29.3,13.079355956942162,baseline_position_role,2023,all,none,,,,
00-0036355,QB,2023,4,23.4,13.07282065266794,baseline_position_role,2023,all,none,,,,
00-0036355,QB,2023,6,19.1,13.06711500270807,baseline_position_role,2023,all,none,,,,
00-0036355,QB,2023,7,10.9,13.068982273013589,baseline_position_role,2023,all,none,,,,
00-0036355,QB,2023,8,24.0,13.071454202924553,baseline_position_role,2023,all,none,,,,
00-0036355,QB,2023,9,7.1,13.07461992487927,baseline_position_role,2023,all,none,,,,
00-0036355,QB,2023,10,28.4,13.075115905848788,baseline_position_role,2023,all,none,,,,
00-0036355,QB,2023,11,25.7,13.070345685594953,baseline_position_role,2023,all,none,,,,
00-0036355,QB,2023,12,13.4,13.074738706820193,baseline_position_role,2023,all,none,,,,
00-0036355,QB,2023,13,8.0,13.071399576420756,baseline_position_role,2023,all,none,,,,
00-0036355,QB,2023,14,1.8,13.07146753475277,baseline_position_role,2023,all,none,,,,
00-0036389,QB,2023,1,12.5,13.067937528709233,baseline_position_role,2023,all,none,,,,
00-0036389,QB,2023,2,25.2,13.076806153282666,baseline_position_role,2023,all,none,,,,
00-0036389,QB,2023,3,19.9,13.080835537717778,baseline_position_role,2023,all,none,,,,
00-0036389,QB,2023,4,24.2,13.07375931648791,baseline_position_role,2023,all,none,,,,
00-0036389,QB,2023,5,27.3,13.068100715514898,baseline_position_role,2023,all,none,,,,
00-0036389,QB,2023,6,19.9,13.067659536059212,baseline_position_role,2023,all,none,,,,
00-0036389,QB,2023,7,23.3,13.068787115350009,baseline_position_role,2023,all,none,,,,
00-0036389,QB,2023,8,27.4,13.072434517402225,baseline_position_role,2023,all,none,,,,
00-0036389,QB,2023,9,25.9,13.074085665742645,baseline_position_role,2023,all,none,,,,
00-0036389,QB,2023,11,18.9,13.071467922516437,baseline_position_role,2023,all,none,,,,
00-0036389,QB,2023,12,34.5,13.074767513949164,baseline_position_role,2023,all,none,,,,
00-0036389,QB,2023,13,23.9,13.070952086826084,baseline_position_role,2023,all,none,,,,
00-0036389,QB,2023,14,8.9,13.070475939122021,baseline_position_role,2023,all,none,,,,
00-0036389,QB,2023,15,21.9,13.068057137849443,baseline_position_role,2023,all,none,,,,
00-0036389,QB,2023,16,23.4,13.070141435306443,baseline_position_role,2023,all,none,,,,
00-0036389,QB,2023,17,19.2,13.069569377990431,baseline_position_role,2023,all,none,,,,
00-0036389,QB,2023,18,0.6,13.064387242156352,baseline_position_role,2023,all,none,,,,
00-0036389,QB,2023,19,14.5,13.06709057876979,baseline_position_role,2023,all,none,,,,
00-0036442,QB,2023,1,3.2,13.067885357339703,baseline_position_role,2023,all,none,,,,
00-0036442,QB,2023,2,15.4,13.077916132576451,baseline_position_role,2023,all,none,,,,
00-0036442,QB,2023,3,8.2,13.081457497263774,baseline_position_role,2023,all,none,,,,
00-0036442,QB,2023,4,4.7,13.074770517131693,baseline_position_role,2023,all,none,,,,
00-0036442,QB,2023,5,23.4,13.06938960333273,baseline_position_role,2023,all,none,,,,
00-0036442,QB,2023,6,13.8,13.068276173285199,baseline_position_role,2023,all,none,,,,
00-0036442,QB,2023,8,27.6,13.073719616109068,baseline_position_role,2023,all,none,,,,
00-0036442,QB,2023,9,22.3,13.075232474964235,baseline_position_role,2023,all,none,,,,
00-0036442,QB,2023,10,19.9,13.076482125345457,baseline_position_role,2023,all,none,,,,
00-0036442,QB,2023,11,8.7,13.071985784095958,baseline_position_role,2023,all,none,,,,
00-0036879,QB,2023,14,0.0,13.070109078114005,baseline_position_role,2023,all,none,,,,
00-0036898,QB,2023,11,0.1,13.0715973702914,baseline_position_role,2023,all,none,,,,
00-0036898,QB,2023,13,0.7,13.071907534850892,baseline_position_role,2023,all,none,,,,
00-0036898,QB,2023,14,0.2,13.068959451139062,baseline_position_role,2023,all,none,,,,
00-0036898,QB,2023,15,0.0,13.068831055029793,baseline_position_role,2023,all,none,,,,
00-0036898,QB,2023,16,16.9,13.07104321257093,baseline_position_role,2023,all,none,,,,
00-0036898,QB,2023,17,0.0,13.070102644398052,baseline_position_role,2023,all,none,,,,
00-0036898,QB,2023,19,-0.2,13.067214532871972,baseline_position_role,2023,all,none,,,,
00-0036928,QB,2023,10,-0.1,13.077090390443928,baseline_position_role,2023,all,none,,,,
00-0036928,QB,2023,12,0.0,13.07666489550124,baseline_position_role,2023,all,none,,,,
00-0036945,QB,2023,1,14.5,13.066978965738956,baseline_position_role,2023,all,none,,,,
00-0036945,QB,2023,2,14.7,13.078128719216332,baseline_position_role,2023,all,none,,,,
00-0036945,QB,2023,3,10.7,13.081012311901503,baseline_position_role,2023,all,none,,,,
00-0036945,QB,2023,4,27.9,13.074009451108687,baseline_position_role,2023,all,none,,,,
00-0036945,QB,2023,5,33.0,13.070325092818981,baseline_position_role,2023,all,none,,,,
00-0036945,QB,2023,6,4.9,13.068342207382004,baseline_position_role,2023,all,none,,,,
00-0036945,QB,2023,11,21.2,13.070445056409346,baseline_position_role,2023,all,none,,,,
00-0036945,QB,2023,12,10.6,13.075506951208714,baseline_position_role,2023,all,none,,,,
00-0036945,QB,2023,14,24.7,13.067827616534741,baseline_position_role,2023,all,none,,,,
00-0036945,QB,2023,15,9.6,13.067685972137037,baseline_position_role,2023,all,none,,,,
00-0036945,QB,2023,16,24.5,13.071377444134079,baseline_position_role,2023,all,none,,,,
00-0036945,QB,2023,17,25.2,13.068965817169696,baseline_position_role,2023,all,none,,,,
00-0036945,QB,2023,18,8.6,13.063307045671202,baseline_position_role,2023,all,none,,,,
00-0036971,QB,2023,1,17.7,13.067110580455548,baseline_position_role,2023,all,none,,,,
00-0036971,QB,2023,2,9.2,13.078277187843282,baseline_position_role,2023,all,none,,,,
00-0036971,QB,2023,3,14.4,13.080795185117637,baseline_position_role,2023,all,none,,,,
00-0036971,QB,2023,4,16.5,13.075356656065424,baseline_position_role,2023,all,none,,,,
00-0036971,QB,2023,5,15.7,13.072129663165521,baseline_position_role,2023,all,none,,,,
00-0036971,QB,2023,6,14.7,13.067605125428624,baseline_position_role,2023,all,none,,,,
00-0036971,QB,2023,7,18.1,13.06970760233918,baseline_position_role,2023,all,none,,,,
00-0036971,QB,2023,8,14.7,13.075022421524663,baseline_position_role,2023,all,none,,,,
00-0036971,QB,2023,10,2.1,13.075915857028257,baseline_position_role,2023,all,none,,,,
00-0036971,QB,2023,11,32.2,13.071167170012437,baseline_position_role,2023,all,none,,,,
00-0036971,QB,2023,12,24.6,13.0752877634142,baseline_position_role,2023,all,none,,,,
00-0036971,QB,2023,13,25.1,13.070816056462286,baseline_position_role,2023,all,none,,,,
00-0036971,QB,2023,14,17.4,13.068850584821035,baseline_position_role,2023,all,none,,,,
00-0036971,QB,2023,15,14.7,13.067382162256878,baseline_position_role,2023,all,none,,,,
00-0036971,QB,2023,16,9.3,13.07237496726892,baseline_position_role,2023,all,none,,,,
00-0036971,QB,2023,18,16.2,13.06292027729636,baseline_position_role,2023,all,none,,,,
00-0036972,QB,2023,1,24.1,13.067536045550556,baseline_position_role,2023,all,none,,,,
00-0036972,QB,2023,2,13.7,13.077922196796338,baseline_position_role,2023,all,none,,,,
00-0036972,QB,2023,3,13.3,13.080915473693809,baseline_position_role,2023,all,none,,,,
00-0036972,QB,2023,4,0.7,13.075667817554061,baseline_position_role,2023,all,none,,,,
00-0036972,QB,2023,5,-1.6,13.072367587143503,baseline_position_role,2023,all,none,,,,
00-0036972,QB,2023,6,5.9,13.067752413606424,baseline_position_role,2023,all,none,,,,
00-0036972,QB,2023,7,20.0,13.070160129543,baseline_position_role,2023,all,none,,,,
00-0036972,QB,2023,8,12.2,13.075168146354589,baseline_position_role,2023,all,none,,,,
00-0036972,QB,2023,9,11.1,13.07605721949039,baseline_position_role,2023,all,none,,,,
00-0036972,QB,2023,10,7.3,13.074937611408199,baseline_position_role,2023,all,none,,,,
00-0036972,QB,2023,12,-0.4,13.076308100929614,baseline_position_role,2023,all,none,,,,
00-0037013,QB,2023,1,8.2,13.068549127640036,baseline_position_role,2023,all,none,,,,
00-0037013,QB,2023,2,8.4,13.077979132344865,baseline_position_role,2023,all,none,,,,
00-0037013,QB,2023,3,6.4,13.080935448577682,baseline_position_role,2023,all,none,,,,
00-0037013,QB,2023,4,19.2,13.074543472335787,baseline_position_role,2023,all,none,,,,
00-0037013,QB,2023,5,8.6,13.071039290240812,baseline_position_role,2023,all,none,,,,
00-0037013,QB,2023,6,10.9,13.06710573800072,baseline_position_role,2023,all,none,,,,
00-0037013,QB,2023,8,12.1,13.075089670014346,baseline_position_role,2023,all,none,,,,
00-0037013,QB,2023,9,7.2,13.075880564991953,baseline_position_role,2023,all,none,,,,
00-0037013,QB,2023,10,13.9,13.074422956955708,baseline_position_role,2023,all,none,,,,
00-0037013,QB,2023,11,6.7,13.072866151523225,baseline_position_role,2023,all,none,,,,
00-0037013,QB,2023,14,19.2,13.069231445655996,baseline_position_role,2023,all,none,,,,
00-0037013,QB,2023,15,-1.0,13.067525186158562,baseline_position_role,2023,all,none,,,,
00-0037077,QB,2023,1,15.2,13.068102102653569,baseline_position_role,2023,all,none,,,,
00-0037077,QB,2023,2,21.3,13.077551020408162,baseline_position_role,2023,all,none,,,,
00-0037077,QB,2023,3,0.6,13.080326374327651,baseline_position_role,2023,all,none,,,,
00-0037077,QB,2023,4,19.6,13.075099927325583,baseline_position_role,2023,all,none,,,,
00-0037077,QB,2023,5,25.4,13.07063456141939,baseline_position_role,2023,all,none,,,,
00-0037077,QB,2023,6,18.3,13.066910239061796,baseline_position_role,2023,all,none,,,,
00-0037077,QB,2023,7,9.5,13.07078348475308,baseline_position_role,2023,all,none,,,,
00-0037077,QB,2023,8,31.0,13.07500224154936,baseline_position_role,2023,all,none,,,,
00-0037077,QB,2023,9,17.7,13.075355323142933,baseline_position_role,2023,all,none,,,,
00-0037077,QB,2023,10,24.2,13.074496524683656,baseline_position_role,2023,all,none,,,,
00-0037077,QB,2023,11,17.7,13.072300177619894,baseline_position_role,2023,all,none,,,,
00-0037077,QB,2023,12,17.3,13.075115084985836,baseline_position_role,2023,all,none,,,,
00-0037077,QB,2023,13,19.2,13.071877205363442,baseline_position_role,2023,all,none,,,,
00-0037077,QB,2023,15,8.3,13.066292922214435,baseline_position_role,2023,all,none,,,,
00-0037077,QB,2023,16,-1.8,13.072045732239483,baseline_position_role,2023,all,none,,,,
00-0037077,QB,2023,17,6.7,13.07002087319534,baseline_position_role,2023,all,none,,,,
00-0037077,QB,2023,18,7.4,13.063192097738497,baseline_position_role,2023,all,none,,,,
00-0037834,QB,2023,1,16.8,13.068297833272126,baseline_position_role,2023,all,none,,,,
00-0037834,QB,2023,2,14.7,13.078303440702783,baseline_position_role,2023,all,none,,,,
00-0037834,QB,2023,3,20.3,13.07918869644485,baseline_position_role,2023,all,none,,,,
00-0037834,QB,2023,4,21.3,13.075692615133072,baseline_position_role,2023,all,none,,,,
00-0037834,QB,2023,5,26.1,13.071750543084722,baseline_position_role,2023,all,none,,,,
00-0037834,QB,2023,6,7.7,13.067382283961754,baseline_position_role,2023,all,none,,,,
00-0037834,QB,2023,7,12.8,13.070462313365713,baseline_position_role,2023,all,none,,,,
00-0037834,QB,2023,8,18.3,13.07660928814775,baseline_position_role,2023,all,none,,,,
00-0037834,QB,2023,10,23.8,13.075487837476611,baseline_position_role,2023,all,none,,,,
00-0037834,QB,2023,11,26.7,13.072711126898144,baseline_position_role,2023,all,none,,,,
00-0037834,QB,2023,12,10.5,13.07548906789413,baseline_position_role,2023,all,none,,,,
00-0037834,QB,2023,13,29.5,13.072417747199436,baseline_position_role,2023,all,none,,,,
00-0037834,QB,2023,14,21.4,13.0697705091005,baseline_position_role,2023,all,none,,,,
00-0037834,QB,2023,15,25.7,13.065875448892003,baseline_position_role,2023,all,none,,,,
00-0037834,QB,2023,16,2.4,13.070747883759491,baseline_position_role,2023,all,none,,,,
00-0037834,QB,2023,17,17.6,13.069466910166101,baseline_position_role,2023,all,none,,,,
00-0037834,QB,2023,20,15.5,13.072510373443983,baseline_position_role,2023,all,none,,,,
00-0037834,QB,2023,21,17.5,13.073083902186122,baseline_position_role,2023,all,none,,,,
00-0037834,QB,2023,22,15.4,13.074574514038877,baseline_position_role,2023,all,none,,,,
00-0038102,QB,2023,1,9.7,13.068640411273297,baseline_position_role,2023,all,none,,,,
00-0038102,QB,2023,2,10.3,13.078451825418611,baseline_position_role,2023,all,none,,,,
00-0038102,QB,2023,3,18.5,13.07984686901832,baseline_position_role,2023,all,none,,,,
00-0038102,QB,2023,4,3.5,13.076439600363306,baseline_position_role,2023,all,none,,,,
00-0038102,QB,2023,5,12.4,13.072929676893835,baseline_position_role,2023,all,none,,,,
00-0038102,QB,2023,7,15.2,13.070437989027791,baseline_position_role,2023,all,none,,,,
00-0038102,QB,2023,8,3.9,13.077077543702375,baseline_position_role,2023,all,none,,,,
00-0038102,QB,2023,9,10.3,13.075768680729354,baseline_position_role,2023,all,none,,,,
00-0038102,QB,2023,10,6.6,13.076443335709195,baseline_position_role,2023,all,none,,,,
00-0038102,QB,2023,11,5.1,13.07392115077251,baseline_position_role,2023,all,none,,,,
00-0038102,QB,2023,12,11.6,13.075261108160735,baseline_position_role,2023,all,none,,,,
00-0038102,QB,2023,13,3.1,13.073866643146939,baseline_position_role,2023,all,none,,,,
00-0038108,QB,2023,4,2.3,13.075569884660794,baseline_position_role,2023,all,none,,,,
00-0038108,QB,2023,5,0.9,13.072868778280544,baseline_position_role,2023,all,none,,,,
00-0038108,QB,2023,10,-1.0,13.075866369710468,baseline_position_role,2023,all,none,,,,
00-0038108,QB,2023,12,0.2,13.075130542525887,baseline_position_role,2023,all,none,,,,
00-0038108,QB,2023,13,7.2,13.072987035893819,baseline_position_role,2023,all,none,,,,
00-0038108,QB,2023,14,20.9,13.070502901353965,baseline_position_role,2023,all,none,,,,
00-0038108,QB,2023,15,9.4,13.066981958311437,baseline_position_role,2023,all,none,,,,
00-0038108,QB,2023,16,16.4,13.069816753926702,baseline_position_role,2023,all,none,,,,
00-0038108,QB,2023,17,12.1,13.069860869565217,baseline_position_role,2023,all,none,,,,
00-0038108,QB,2023,18,0.8,13.062701438225611,baseline_position_role,2023,all,none,,,,
00-0038122,QB,2023,1,8.9,13.06833119148155,baseline_position_role,2023,all,none,,,,
00-0038122,QB,2023,2,21.4,13.078197621225984,baseline_position_role,2023,all,none,,,,
00-0038122,QB,2023,3,6.3,13.080340867663143,baseline_position_role,2023,all,none,,,,
00-0038122,QB,2023,4,6.2,13.074591354885579,baseline_position_role,2023,all,none,,,,
00-0038122,QB,2023,5,26.2,13.07176726088137,baseline_position_role,2023,all,none,,,,
00-0038122,QB,2023,6,16.1,13.06689816902679,baseline_position_role,2023,all,none,,,,
00-0038122,QB,2023,7,17.8,13.070629496402876,baseline_position_role,2023,all,none,,,,
00-0038122,QB,2023,8,3.4,13.076254930082468,baseline_position_role,2023,all,none,,,,
00-0038122,QB,2023,10,8.7,13.07461250668092,baseline_position_role,2023,all,none,,,,
00-0038122,QB,2023,12,9.7,13.073991150442478,baseline_position_role,2023,all,none,,,,
00-0038122,QB,2023,13,8.8,13.072469135802468,baseline_position_role,2023,all,none,,,,
00-0038122,QB,2023,14,25.4,13.071191208791207,baseline_position_role,2023,all,none,,,,
00-0038122,QB,2023,15,7.9,13.066660828443823,baseline_position_role,2023,all,none,,,,
00-0038122,QB,2023,17,-1.3,13.069776541170333,baseline_position_role,2023,all,none,,,,
00-0038122,QB,2023,18,15.6,13.06163908862514,baseline_position_role,2023,all,none,,,,
00-0038128,QB,2023,3,0.0,13.079722956347396,baseline_position_role,2023,all,none,,,,
00-0038128,QB,2023,6,4.7,13.067171717171716,baseline_position_role,2023,all,none,,,,
00-0038128,QB,2023,8,-1.6,13.07538764900959,baseline_position_role,2023,all,none,,,,
00-0038416,QB,2023,6,5.7,13.066417170168636,baseline_position_role,2023,all,none,,,,
00-0038416,QB,2023,7,12.9,13.071054761262477,baseline_position_role,2023,all,none,,,,
00-0038416,QB,2023,8,11.2,13.074072414411186,baseline_position_role,2023,all,none,,,,
00-0038416,QB,2023,9,15.8,13.075520600589865,baseline_position_role,2023,all,none,,,,
00-0038416,QB,2023,10,7.7,13.074222855615925,baseline_position_role,2023,all,none,,,,
00-0038476,QB,2023,8,7.2,13.073904471726859,baseline_position_role,2023,all,none,,,,
00-0038476,QB,2023,9,8.7,13.075764075067022,baseline_position_role,2023,all,none,,,,
00-0038476,QB,2023,10,13.5,13.073744210901317,baseline_position_role,2023,all,none,,,,
00-0038476,QB,2023,11,22.5,13.073213175885643,baseline_position_role,2023,all,none,,,,
00-0038476,QB,2023,12,10.2,13.073692593575789,baseline_position_role,2023,all,none,,,,
00-0038476,QB,2023,14,17.4,13.072274964838257,baseline_position_role,2023,all,none,,,,
00-0038476,QB,2023,15,10.7,13.06620840630473,baseline_position_role,2023,all,none,,,,
00-0038476,QB,2023,16,2.7,13.070107320478144,baseline_position_role,2023,all,none,,,,
00-0038476,QB,2023,18,0.6,13.061858974358975,baseline_position_role,2023,all,none,,,,
00-0038579,QB,2023,4,9.8,13.073967129755744,baseline_position_role,2023,all,none,,,,
00-0038579,QB,2023,7,5.0,13.071039381406223,baseline_position_role,2023,all,none,,,,
00-0038579,QB,2023,9,8.4,13.075373067643643,baseline_position_role,2023,all,none,,,,
00-0038579,QB,2023,10,8.4,13.07378217116395,baseline_position_role,2023,all,none,,,,
00-0038579,QB,2023,11,9.1,13.074050071022727,baseline_position_role,2023,all,none,,,,
00-0038579,QB,2023,12,13.9,13.073438329499204,baseline_position_role,2023,all,none,,,,
00-0038579,QB,2023,14,5.0,13.072655357299816,baseline_position_role,2023,all,none,,,,
00-0038579,QB,2023,15,25.9,13.0660012258121,baseline_position_role,2023,all,none,,,,
00-0038579,QB,2023,16,2.1,13.069202582446346,baseline_position_role,2023,all,none,,,,
00-0038579,QB,2023,17,20.3,13.068527212658669,baseline_position_role,2023,all,none,,,,
00-0038579,QB,2023,18,17.9,13.060779558250326,baseline_position_role,2023,all,none,,,,
00-0038582,QB,2023,7,0.2,13.07031376427223,baseline_position_role,2023,all,none,,,,
00-0038582,QB,2023,9,-0.9,13.074955325232308,baseline_position_role,2023,all,none,,,,
00-0038582,QB,2023,10,6.1,13.073365983971504,baseline_position_role,2023,all,none,,,,
00-0038582,QB,2023,12,2.0,13.073511457135274,baseline_position_role,2023,all,none,,,,
00-0038582,QB,2023,15,0.0,13.067124846786903,baseline_position_role,2023,all,none,,,,
00-0038582,QB,2023,17,0.0,13.069155872381119,baseline_position_role,2023,all,none,,,,
00-0038582,QB,2023,18,0.1,13.061198683526763,baseline_position_role,2023,all,none,,,,
00-0038583,QB,2023,3,0.0,13.078531073446326,baseline_position_role,2023,all,none,,,,
00-0038583,QB,2023,4,1.2,13.07366987470492,baseline_position_role,2023,all,none,,,,
00-0038583,QB,2023,8,0.4,13.073378136200716,baseline_position_role,2023,all,none,,,,
00-0038583,QB,2023,11,6.6,13.073697292498892,baseline_position_role,2023,all,none,,,,
00-0038583,QB,2023,12,11.5,13.072531847133757,baseline_position_role,2023,all,none,,,,
00-0038583,QB,2023,14,0.5,13.071945860432415,baseline_position_role,2023,all,none,,,,
00-0038583,QB,2023,15,0.2,13.065980915696404,baseline_position_role,2023,all,none,,,,
00-0038583,QB,2023,16,1.7,13.068245659949401,baseline_position_role,2023,all,none,,,,
00-0039150,QB,2023,1,7.5,13.067948600275354,baseline_position_role,2023,all,none,,,,
00-0039150,QB,2023,2,13.5,13.078958924160645,baseline_position_role,2023,all,none,,,,
00-0039150,QB,2023,4,7.2,13.072591920108943,baseline_position_role,2023,all,none,,,,
00-0039150,QB,2023,5,18.3,13.072955121245023,baseline_position_role,2023,all,none,,,,
00-0039150,QB,2023,6,12.7,13.065752930568081,baseline_position_role,2023,all,none,,,,
00-0039150,QB,2023,8,14.5,13.072242630588656,baseline_position_role,2023,all,none,,,,
00-0039150,QB,2023,9,9.0,13.073706781023855,baseline_position_role,2023,all,none,,,,
00-0039150,QB,2023,10,9.2,13.072745080580535,baseline_position_role,2023,all,none,,,,
00-0039150,QB,2023,11,5.2,13.07312266998047,baseline_position_role,2023,all,none,,,,
00-0039150,QB,2023,12,8.1,13.072392746572312,baseline_position_role,2023,all,none,,,,
00-0039150,QB,2023,13,7.1,13.07209240807689,baseline_position_role,2023,all,none,,,,
00-0039150,QB,2023,14,7.5,13.070841022936989,baseline_position_role,2023,all,none,,,,
00-0039150,QB,2023,15,7.6,13.06485469187675,baseline_position_role,2023,all,none,,,,
00-0039150,QB,2023,16,22.2,13.06725401256106,baseline_position_role,2023,all,none,,,,
00-0039150,QB,2023,17,2.7,13.068019819193324,baseline_position_role,2023,all,none,,,,
00-0039150,QB,2023,18,4.2,13.060076210271067,baseline_position_role,2023,all,none,,,,
00-0039152,QB,2023,8,26.6,13.072370542913456,baseline_position_role,2023,all,none,,,,
00-0039152,QB,2023,9,8.7,13.073342862247634,baseline_position_role,2023,all,none,,,,
00-0039152,QB,2023,10,6.0,13.072400284900286,baseline_position_role,2023,all,none,,,,
00-0039152,QB,2023,11,12.5,13.072423892784236,baseline_position_role,2023,all,none,,,,
00-0039152,QB,2023,12,7.1,13.071952945338758,baseline_position_role,2023,all,none,,,,
00-0039152,QB,2023,13,11.5,13.071565861400106,baseline_position_role,2023,all,none,,,,
00-0039152,QB,2023,14,16.6,13.070351493848857,baseline_position_role,2023,all,none,,,,
00-0039152,QB,2023,15,14.5,13.06437636761488,baseline_position_role,2023,all,none,,,,
00-0039152,QB,2023,17,-1.4,13.067118644067797,baseline_position_role,2023,all,none,,,,
00-0039163,QB,2023,1,10.7,13.067437591776798,baseline_position_role,2023,all,none,,,,
00-0039163,QB,2023,2,21.5,13.078997438712038,baseline_position_role,2023,all,none,,,,
00-0039163,QB,2023,3,20.6,13.077339407744873,baseline_position_role,2023,all,none,,,,
00-0039163,QB,2023,4,21.8,13.07205882352941,baseline_position_role,2023,all,none,,,,
00-0039163,QB,2023,5,14.2,13.073428028589523,baseline_position_role,2023,all,none,,,,
00-0039163,QB,2023,6,14.2,13.065719953115138,baseline_position_role,2023,all,none,,,,
00-0039163,QB,2023,8,12.9,13.073582370330556,baseline_position_role,2023,all,none,,,,
00-0039163,QB,2023,9,40.8,13.072952210808397,baseline_position_role,2023,all,none,,,,
00-0039163,QB,2023,10,19.0,13.071770675687707,baseline_position_role,2023,all,none,,,,
00-0039163,QB,2023,11,15.3,13.072373091941783,baseline_position_role,2023,all,none,,,,
00-0039163,QB,2023,12,30.9,13.071424781109048,baseline_position_role,2023,all,none,,,,
00-0039163,QB,2023,13,16.1,13.07142731199859,baseline_position_role,2023,all,none,,,,
00-0039163,QB,2023,14,3.6,13.070661629030841,baseline_position_role,2023,all,none,,,,
00-0039163,QB,2023,17,12.9,13.065861289761862,baseline_position_role,2023,all,none,,,,
00-0039163,QB,2023,18,20.6,13.059308971250433,baseline_position_role,2023,all,none,,,,
00-0039163,QB,2023,19,23.1,13.066066949225844,baseline_position_role,2023,all,none,,,,
00-0039163,QB,2023,20,7.9,13.072720200535914,baseline_position_role,2023,all,none,,,,
00-0039164,QB,2023,1,20.9,13.067220335872259,baseline_position_role,2023,all,none,,,,
00-0039164,QB,2023,2,17.7,13.079767675843776,baseline_position_role,2023,all,none,,,,
00-0039164,QB,2023,4,29.6,13.072851048379777,baseline_position_role,2023,all,none,,,,
00-0039164,QB,2023,5,4.4,13.073529943911705,baseline_position_role,2023,all,none,,,,
00-0023459,QB,2023,1,0.0,15.679466666666666,existing_methodology,2023,all,none,,,,
00-0026158,QB,2023,13,16.2,5.992771084337349,existing_methodology,2023,all,none,,,,
00-0026158,QB,2023,14,20.3,10.595454545454546,existing_methodology,2023,all,none,,,,
00-0026158,QB,2023,15,16.9,12.345669811320752,existing_methodology,2023,all,none,,,,
00-0026158,QB,2023,16,24.8,14.48108108108108,existing_methodology,2023,all,none,,,,
00-0026158,QB,2023,17,22.7,15.231147540983601,existing_methodology,2023,all,none,,,,
00-0026158,QB,2023,19,13.6,14.876561983471069,existing_methodology,2023,all,none,,,,
00-0026498,QB,2023,1,14.5,15.231147540983601,existing_methodology,2023,all,none,,,,
00-0026498,QB,2023,2,14.0,14.876561983471069,existing_methodology,2023,all,none,,,,
00-0026498,QB,2023,3,11.5,15.679466666666666,existing_methodology,2023,all,none,,,,
00-0026498,QB,2023,4,16.2,15.679466666666666,existing_methodology,2023,all,none,,,,
00-0026498,QB,2023,5,16.9,15.679466666666666,existing_methodology,2023,all,none,,,,
00-0026498,QB,2023,6,13.2,14.876561983471069,existing_methodology,2023,all,none,,,,
00-0026498,QB,2023,7,14.0,14.876561983471069,existing_methodology,2023,all,none,,,,
00-0026498,QB,2023,8,11.4,13.985185185185188,existing_methodology,2023,all,none,,,,
00-0026498,QB,2023,11,9.7,13.985185185185188,existing_methodology,2023,all,none,,,,
00-0026498,QB,2023,12,23.4,14.312188405797098,existing_methodology,2023,all,none,,,,
00-0026498,QB,2023,13,23.0,15.231147540983601,existing_methodology,2023,all,none,,,,
00-0026498,QB,2023,14,23.7,15.679466666666666,existing_methodology,2023,all,none,,,,
00-0026498,QB,2023,15,18.5,16.241284403669727,existing_methodology,2023,all,none,,,,
00-0026498,QB,2023,16,20.7,15.679466666666666,existing_methodology,2023,all,none,,,,
00-0026498,QB,2023,17,12.6,16.241284403669727,existing_methodology,2023,all,none,,,,
00-0026498,QB,2023,19,22.7,14.876561983471069,existing_methodology,2023,all,none,,,,
00-0026625,QB,2023,1,0.0,2.9163636363636365,existing_methodology,2023,all,none,,,,
00-0026625,QB,2023,6,3.8,2.9163636363636365,existing_methodology,2023,all,none,,,,
00-0026625,QB,2023,7,1.2,2.9163636363636365,existing_methodology,2023,all,none,,,,
00-0027948,QB,2023,3,-2.9,2.9163636363636365,existing_methodology,2023,all,none,,,,
00-0027948,QB,2023,18,8.8,2.9163636363636365,existing_methodology,2023,all,none,,,,
00-0027973,QB,2023,2,0.0,9.636842105263156,existing_methodology,2023,all,none,,,,
00-0027973,QB,2023,3,23.5,9.591666666666667,existing_methodology,2023,all,none,,,,
00-0027973,QB,2023,5,0.1,10.242857142857144,existing_methodology,2023,all,none,,,,
00-0028118,QB,2023,1,0.2,2.9163636363636365,existing_methodology,2023,all,none,,,,
00-0028118,QB,2023,3,0.2,2.9163636363636365,existing_methodology,2023,all,none,,,,
00-0028118,QB,2023,4,0.0,2.9163636363636365,existing_methodology,2023,all,none,,,,
00-0028118,QB,2023,5,4.8,2.9163636363636365,existing_methodology,2023,all,none,,,,
00-0028118,QB,2023,6,10.4,2.9163636363636365,existing_methodology,2023,all,none,,,,
00-0028118,QB,2023,7,21.7,9.671428571428573,existing_methodology,2023,all,none,,,,
00-0028118,QB,2023,8,3.6,12.345669811320752,existing_methodology,2023,all,none,,,,
00-0028118,QB,2023,15,0.5,10.595454545454546,existing_methodology,2023,all,none,,,,
00-0028118,QB,2023,16,9.4,10.242857142857144,existing_methodology,2023,all,none,,,,
00-0028118,QB,2023,17,18.8,9.636842105263156,existing_methodology,2023,all,none,,,,
00-0028118,QB,2023,18,17.7,12.345669811320752,existing_methodology,2023,all,none,,,,
00-0028986,QB,2023,15,11.3,5.6279999999999974,existing_methodology,2023,all,none,,,,
00-0028986,QB,2023,16,-1.5,5.701344917407842,existing_methodology,2023,all,none,,,,
00-0029263,QB,2023,1,15.2,18.332836555360277,existing_methodology,2023,all,none,,,,
00-0029263,QB,2023,2,25.9,18.332836555360277,existing_methodology,2023,all,none,,,,
00-0029263,QB,2023,3,14.2,18.332836555360277,existing_methodology,2023,all,none,,,,
00-0029263,QB,2023,4,22.2,15.9462,existing_methodology,2023,all,none,,,,
00-0029263,QB,2023,5,18.7,17.73887356321839,existing_methodology,2023,all,none,,,,
00-0029263,QB,2023,6,6.9,16.549240875912407,existing_methodology,2023,all,none,,,,
00-0029263,QB,2023,7,13.9,16.549240875912407,existing_methodology,2023,all,none,,,,
00-0029263,QB,2023,8,17.6,15.679466666666666,existing_methodology,2023,all,none,,,,
00-0029263,QB,2023,10,18.7,14.876561983471069,existing_methodology,2023,all,none,,,,
00-0029263,QB,2023,11,14.5,15.9462,existing_methodology,2023,all,none,,,,
00-0029263,QB,2023,12,16.8,15.9462,existing_methodology,2023,all,none,,,,
00-0029263,QB,2023,13,15.8,17.73887356321839,existing_methodology,2023,all,none,,,,
00-0029263,QB,2023,14,15.5,16.241284403669727,existing_methodology,2023,all,none,,,,
00-0029263,QB,2023,15,17.5,18.332836555360277,existing_methodology,2023,all,none,,,,
00-0029263,QB,2023,16,23.5,16.549240875912407,existing_methodology,2023,all,none,,,,
00-0029604,QB,2023,1,16.5,18.332836555360277,existing_methodology,2023,all,none,,,,
00-0029604,QB,2023,2,28.6,18.332836555360277,existing_methodology,2023,all,none,,,,
00-0029604,QB,2023,3,25.7,18.332836555360277,existing_methodology,2023,all,none,,,,
00-0029604,QB,2023,4,9.6,19.666845070422536,existing_methodology,2023,all,none,,,,
00-0029604,QB,2023,5,19.9,18.332836555360277,existing_methodology,2023,all,none,,,,
00-0029604,QB,2023,6,8.7,18.332836555360277,existing_methodology,2023,all,none,,,,
00-0029604,QB,2023,7,21.0,16.3162493721467,existing_methodology,2023,all,none,,,,
00-0029604,QB,2023,8,19.9,18.332836555360277,existing_methodology,2023,all,none,,,,
00-0029701,QB,2023,1,2.4,15.9462,existing_methodology,2023,all,none,,,,
00-0029701,QB,2023,2,21.0,16.241284403669727,existing_methodology,2023,all,none,,,,
00-0029701,QB,2023,3,4.2,15.9462,existing_methodology,2023,all,none,,,,
00-0029701,QB,2023,4,12.7,14.312188405797098,existing_methodology,2023,all,none,,,,
00-0029701,QB,2023,5,9.8,14.312188405797098,existing_methodology,2023,all,none,,,,
00-0029701,QB,2023,6,1.0,15.231147540983601,existing_methodology,2023,all,none,,,,
00-0029701,QB,2023,16,9.8,14.312188405797098,existing_methodology,2023,all,none,,,,
00-0029701,QB,2023,17,6.7,13.985185185185188,existing_methodology,2023,all,none,,,,
00-0029701,QB,2023,18,12.4,12.345669811320752,existing_methodology,2023,all,none,,,,
00-0030533,QB,2023,17,-0.3,2.9163636363636365,existing_methodology,2023,all,none,,,,
00-0030565,QB,2023,1,9.1,18.332836555360277,existing_methodology,2023,all,none,,,,
00-0030565,QB,2023,2,23.1,16.241284403669727,existing_methodology,2023,all,none,,,,
00-0030565,QB,2023,3,15.4,18.332836555360277,existing_methodology,2023,all,none,,,,
00-0030565,QB,2023,4,9.2,17.73887356321839,existing_methodology,2023,all,none,,,,
00-0030565,QB,2023,6,11.0,18.332836555360277,existing_methodology,2023,all,none,,,,
00-0030565,QB,2023,7,13.8,18.332836555360277,existing_methodology,2023,all,none,,,,
00-0030565,QB,2023,8,13.9,18.332836555360277,existing_methodology,2023,all,none,,,,
00-0030565,QB,2023,9,2.7,18.332836555360277,existing_methodology,2023,all,none,,,,
00-0030565,QB,2023,10,24.1,16.549240875912407,existing_methodology,2023,all,none,,,,
00-0030565,QB,2023,11,13.2,16.241284403669727,existing_methodology,2023,all,none,,,,
00-0030565,QB,2023,12,7.3,16.549240875912407,existing_methodology,2023,all,none,,,,
00-0030565,QB,2023,13,30.0,16.241284403669727,existing_methodology,2023,all,none,,,,
00-0030565,QB,2023,16,17.3,15.9462,existing_methodology,2023,all,none,,,,
00-0030565,QB,2023,17,16.9,16.28582422127875,existing_methodology,2023,all,none,,,,
00-0030565,QB,2023,18,20.4,17.73887356321839,existing_methodology,2023,all,none,,,,
00-0031237,QB,2023,5,-0.2,5.992771084337349,existing_methodology,2023,all,none,,,,
00-0031280,QB,2023,1,14.6,15.679466666666666,existing_methodology,2023,all,none,,,,
00-0031280,QB,2023,2,6.7,15.9462,existing_methodology,2023,all,none,,,,
00-0031280,QB,2023,3,8.1,15.679466666666666,existing_methodology,2023,all,none,,,,
00-0031280,QB,2023,4,3.2,14.312188405797098,existing_methodology,2023,all,none,,,,
00-0031280,QB,2023,5,15.7,13.985185185185188,existing_methodology,2023,all,none,,,,
00-0031280,QB,2023,6,16.3,13.985185185185188,existing_methodology,2023,all,none,,,,
00-0031280,QB,2023,7,17.4,15.679466666666666,existing_methodology,2023,all,none,,,,
00-0031280,QB,2023,8,18.3,15.9462,existing_methodology,2023,all,none,,,,
00-0031280,QB,2023,9,16.7,15.679466666666666,existing_methodology,2023,all,none,,,,
00-0031280,QB,2023,10,5.4,15.679466666666666,existing_methodology,2023,all,none,,,,
00-0031280,QB,2023,12,10.9,14.312188405797098,existing_methodology,2023,all,none,,,,
00-0031280,QB,2023,13,8.9,14.876561983471069,existing_methodology,2023,all,none,,,,
00-0031280,QB,2023,14,10.8,14.312188405797098,existing_methodology,2023,all,none,,,,
00-0031280,QB,2023,15,20.3,14.48108108108108,existing_methodology,2023,all,none,,,,
00-0031280,QB,2023,16,25.0,15.9462,existing_methodology,2023,all,none,,,,
00-0031280,QB,2023,17,15.6,15.9462,existing_methodology,2023,all,none,,,,
00-0031280,QB,2023,18,27.2,15.9462,existing_methodology,2023,all,none,,,,
00-0031288,QB,2023,14,0.0,5.992771084337349,existing_methodology,2023,all,none,,,,
00-0031288,QB,2023,18,0.8,2.9163636363636365,existing_methodology,2023,all,none,,,,
00-0031345,QB,2023,1,15.1,14.312188405797098,existing_methodology,2023,all,none,,,,
00-0031345,QB,2023,2,7.5,15.9462,existing_methodology,2023,all,none,,,,
00-0031345,QB,2023,3,17.7,15.9462,existing_methodology,2023,all,none,,,,
00-0031345,QB,2023,5,10.7,15.9462,existing_methodology,2023,all,none,,,,
00-0031345,QB,2023,6,8.9,15.679466666666666,existing_methodology,2023,all,none,,,,
00-0031345,QB,2023,8,4.2,15.679466666666666,existing_methodology,2023,all,none,,,,
00-0031345,QB,2023,18,0.0,12.345669811320752,existing_methodology,2023,all,none,,,,
00-0031503,QB,2023,3,4.0,14.876561983471069,existing_methodology,2023,all,none,,,,
00-0031503,QB,2023,4,-2.0,12.345669811320752,existing_methodology,2023,all,none,,,,
00-0031503,QB,2023,5,-0.4,5.992771084337349,existing_methodology,2023,all,none,,,,
00-0031503,QB,2023,10,8.9,5.173076923076923,existing_methodology,2023,all,none,,,,
00-0031503,QB,2023,13,1.6,5.992771084337349,existing_methodology,2023,all,none,,,,
00-0031503,QB,2023,14,-0.2,5.992771084337349,existing_methodology,2023,all,none,,,,
00-0031503,QB,2023,18,0.0,5.992771084337349,existing_methodology,2023,all,none,,,,
00-0031800,QB,2023,8,12.4,12.345669811320752,existing_methodology,2023,all,none,,,,
00-0031800,QB,2023,9,14.7,14.312188405797098,existing_methodology,2023,all,none,,,,
00-0031800,QB,2023,10,9.6,13.985185185185188,existing_methodology,2023,all,none,,,,
00-0031800,QB,2023,16,14.2,12.345669811320752,existing_methodology,2023,all,none,,,,
00-0031800,QB,2023,17,15.1,13.985185185185188,existing_methodology,2023,all,none,,,,
00-0032156,QB,2023,13,1.4,5.992771084337349,existing_methodology,2023,all,none,,,,
00-0032156,QB,2023,15,-1.6,5.992771084337349,existing_methodology,2023,all,none,,,,
00-0032156,QB,2023,16,10.5,5.6279999999999974,existing_methodology,2023,all,none,,,,
00-0032156,QB,2023,17,13.7,5.6279999999999974,existing_methodology,2023,all,none,,,,
00-0032156,QB,2023,18,2.9,9.636842105263156,existing_methodology,2023,all,none,,,,
00-0032268,QB,2023,13,1.2,14.876561983471069,existing_methodology,2023,all,none,,,,
00-0032268,QB,2023,14,0.0,12.345669811320752,existing_methodology,2023,all,none,,,,
00-0032268,QB,2023,18,10.5,5.992771084337349,existing_methodology,2023,all,none,,,,
00-0032436,QB,2023,18,13.9,2.9163636363636365,existing_methodology,2023,all,none,,,,
00-0032950,QB,2023,12,0.0,5.992771084337349,existing_methodology,2023,all,none,,,,
00-0032950,QB,2023,18,26.1,5.992771084337349,existing_methodology,2023,all,none,,,,
00-0033077,QB,2023,1,6.3,18.332836555360277,existing_methodology,2023,all,none,,,,
00-0033077,QB,2023,2,19.6,17.73887356321839,existing_methodology,2023,all,none,,,,
00-0033077,QB,2023,3,14.4,16.549240875912407,existing_methodology,2023,all,none,,,,
00-0033077,QB,2023,4,14.3,18.332836555360277,existing_methodology,2023,all,none,,,,
00-0033077,QB,2023,5,4.3,18.332836555360277,existing_methodology,2023,all,none,,,,
00-0033077,QB,2023,6,24.9,15.679466666666666,existing_methodology,2023,all,none,,,,
00-0033077,QB,2023,8,28.1,17.73887356321839,existing_methodology,2023,all,none,,,,
00-0033077,QB,2023,9,28.4,18.332836555360277,existing_methodology,2023,all,none,,,,
00-0033077,QB,2023,10,37.9,20.513428571428573,existing_methodology,2023,all,none,,,,
00-0033077,QB,2023,11,16.2,20.513428571428573,existing_methodology,2023,all,none,,,,
00-0033077,QB,2023,12,32.2,19.666845070422536,existing_methodology,2023,all,none,,,,
00-0033077,QB,2023,13,28.3,19.666845070422536,existing_methodology,2023,all,none,,,,
00-0033077,QB,2023,14,17.9,19.666845070422536,existing_methodology,2023,all,none,,,,
00-0033077,QB,2023,15,6.1,20.761052435687855,existing_methodology,2023,all,none,,,,
00-0033077,QB,2023,16,18.6,18.332836555360277,existing_methodology,2023,all,none,,,,
00-0033077,QB,2023,17,20.3,18.332836555360277,existing_methodology,2023,all,none,,,,
00-0033077,QB,2023,18,25.2,18.332836555360277,existing_methodology,2023,all,none,,,,
00-0033077,QB,2023,19,30.6,18.332836555360277,existing_methodology,2023,all,none,,,,
00-0033106,QB,2023,1,14.0,18.332836555360277,existing_methodology,2023,all,none,,,,
00-0033106,QB,2023,2,22.9,16.549240875912407,existing_methodology,2023,all,none,,,,
00-0033106,QB,2023,3,18.0,16.549240875912407,existing_methodology,2023,all,none,,,,
00-0033106,QB,2023,4,11.4,18.332836555360277,existing_methodology,2023,all,none,,,,
00-0033106,QB,2023,5,27.4,16.549240875912407,existing_methodology,2023,all,none,,,,
00-0033106,QB,2023,6,22.4,17.42,existing_methodology,2023,all,none,,,,
00-0033106,QB,2023,7,9.4,17.73887356321839,existing_methodology,2023,all,none,,,,
00-0033106,QB,2023,8,12.7,18.332836555360277,existing_methodology,2023,all,none,,,,
00-0033106,QB,2023,10,21.1,16.241284403669727,existing_methodology,2023,all,none,,,,
00-0033106,QB,2023,11,13.7,17.73887356321839,existing_methodology,2023,all,none,,,,
00-0033106,QB,2023,12,18.2,17.563636363636363,existing_methodology,2023,all,none,,,,
00-0033106,QB,2023,13,16.3,18.332836555360277,existing_methodology,2023,all,none,,,,
00-0033106,QB,2023,14,4.4,16.549240875912407,existing_methodology,2023,all,none,,,,
00-0033106,QB,2023,15,31.1,15.9462,existing_methodology,2023,all,none,,,,
00-0033106,QB,2023,16,14.3,16.241284403669727,existing_methodology,2023,all,none,,,,
00-0033106,QB,2023,17,10.8,16.549240875912407,existing_methodology,2023,all,none,,,,
00-0033106,QB,2023,18,20.8,18.332836555360277,existing_methodology,2023,all,none,,,,
00-0033106,QB,2023,19,14.8,16.549240875912407,existing_methodology,2023,all,none,,,,
00-0033106,QB,2023,20,20.1,15.9462,existing_methodology,2023,all,none,,,,
00-0033106,QB,2023,21,14.9,16.549240875912407,existing_methodology,2023,all,none,,,,
00-0033119,QB,2023,13,0.0,2.9163636363636365,existing_methodology,2023,all,none,,,,
00-0033119,QB,2023,15,13.9,2.9163636363636365,existing_methodology,2023,all,none,,,,
00-0033119,QB,2023,16,9.0,2.9163636363636365,existing_methodology,2023,all,none,,,,
00-0033275,QB,2023,6,3.8,5.6279999999999974,existing_methodology,2023,all,none,,,,
00-0033275,QB,2023,7,5.4,5.6279999999999974,existing_methodology,2023,all,none,,,,
00-0033275,QB,2023,8,10.6,5.992771084337349,existing_methodology,2023,all,none,,,,
00-0033275,QB,2023,9,0.0,7.222222222222224,existing_methodology,2023,all,none,,,,
00-0033275,QB,2023,10,0.0,7.222222222222224,existing_methodology,2023,all,none,,,,
00-0033275,QB,2023,12,0.1,5.6279999999999974,existing_methodology,2023,all,none,,,,
00-0033319,QB,2023,14,3.3,2.9163636363636365,existing_methodology,2023,all,none,,,,
00-0033319,QB,2023,15,17.1,2.9163636363636365,existing_methodology,2023,all,none,,,,
00-0033319,QB,2023,16,16.5,12.345669811320752,existing_methodology,2023,all,none,,,,
00-0033319,QB,2023,17,9.1,14.312188405797098,existing_methodology,2023,all,none,,,,
00-0033319,QB,2023,18,20.6,14.312188405797098,existing_methodology,2023,all,none,,,,
00-0033357,QB,2023,1,0.4,4.2,existing_methodology,2023,all,none,,,,
00-0033357,QB,2023,2,8.7,2.9163636363636365,existing_methodology,2023,all,none,,,,
00-0033357,QB,2023,3,3.1,2.9163636363636365,existing_methodology,2023,all,none,,,,
00-0033357,QB,2023,4,3.2,2.9163636363636365,existing_methodology,2023,all,none,,,,
00-0033357,QB,2023,5,3.0,2.9163636363636365,existing_methodology,2023,all,none,,,,
00-0033357,QB,2023,6,12.3,2.9163636363636365,existing_methodology,2023,all,none,,,,
00-0033357,QB,2023,7,16.8,2.9163636363636365,existing_methodology,2023,all,none,,,,
00-0033357,QB,2023,8,22.5,2.9163636363636365,existing_methodology,2023,all,none,,,,
00-0033357,QB,2023,9,20.6,5.173076923076923,existing_methodology,2023,all,none,,,,
00-0033357,QB,2023,10,4.3,5.992771084337349,existing_methodology,2023,all,none,,,,
00-0033357,QB,2023,12,8.1,5.6279999999999974,existing_methodology,2023,all,none,,,,
00-0033357,QB,2023,13,15.4,2.9163636363636365,existing_methodology,2023,all,none,,,,
00-0033357,QB,2023,15,1.5,2.9163636363636365,existing_methodology,2023,all,none,,,,
00-0033357,QB,2023,16,0.2,2.9163636363636365,existing_methodology,2023,all,none,,,,
00-0033357,QB,2023,17,11.5,2.9163636363636365,existing_methodology,2023,all,none,,,,
00-0033357,QB,2023,18,11.9,2.9163636363636365,existing_methodology,2023,all,none,,,,
00-0033537,QB,2023,1,20.7,19.666845070422536,existing_methodology,2023,all,none,,,,
00-0033537,QB,2023,2,11.6,18.332836555360277,existing_methodology,2023,all,none,,,,
00-0033537,QB,2023,3,21.2,18.332836555360277,existing_methodology,2023,all,none,,,,
00-0033537,QB,2023,7,-1.8,18.332836555360277,existing_methodology,2023,all,none,,,,
00-0033537,QB,2023,9,19.0,15.679466666666666,existing_methodology,2023,all,none,,,,
00-0033537,QB,2023,10,16.2,15.9462,existing_methodology,2023,all,none,,,,
00-0033662,QB,2023,1,0.0,2.9163636363636365,existing_methodology,2023,all,none,,,,
00-0033662,QB,2023,4,0.6,2.9163636363636365,existing_methodology,2023,all,none,,,,
00-0033662,QB,2023,5,0.1,2.9163636363636365,existing_methodology,2023,all,none,,,,
00-0033662,QB,2023,8,-0.2,2.9163636363636365,existing_methodology,2023,all,none,,,,
00-0033662,QB,2023,10,1.2,2.9163636363636365,existing_methodology,2023,all,none,,,,
00-0033662,QB,2023,11,0.3,2.9163636363636365,existing_methodology,2023,all,none,,,,
00-0033662,QB,2023,18,1.2,2.9163636363636365,existing_methodology,2023,all,none,,,,
00-0033869,QB,2023,4,0.7,15.679466666666666,existing_methodology,2023,all,none,,,,
00-0033869,QB,2023,8,7.3,12.345669811320752,existing_methodology,2023,all,none,,,,
00-0033869,QB,2023,13,7.2,12.14404761904762,existing_methodology,2023,all,none,,,,
00-0033869,QB,2023,14,20.6,12.14404761904762,existing_methodology,2023,all,none,,,,
00-0033869,QB,2023,15,12.9,14.312188405797098,existing_methodology,2023,all,none,,,,
00-0033873,QB,2023,1,19.5,21.119999999999997,existing_methodology,2023,all,none,,,,
00-0033873,QB,2023,2,21.2,22.48033333333333,existing_methodology,2023,all,none,,,,
00-0033873,QB,2023,3,25.7,22.48033333333333,existing_methodology,2023,all,none,,,,
00-0033873,QB,2023,4,13.2,21.119999999999997,existing_methodology,2023,all,none,,,,
00-0033873,QB,2023,5,19.2,21.119999999999997,existing_methodology,2023,all,none,,,,
00-0033873,QB,2023,6,17.3,20.513428571428573,existing_methodology,2023,all,none,,,,
00-0033873,QB,2023,7,33.9,19.666845070422536,existing_methodology,2023,all,none,,,,
00-0033873,QB,2023,8,5.6,21.119999999999997,existing_methodology,2023,all,none,,,,
00-0033873,QB,2023,9,15.8,22.48033333333333,existing_methodology,2023,all,none,,,,
00-0033873,QB,2023,11,16.9,20.513428571428573,existing_methodology,2023,all,none,,,,
00-0033873,QB,2023,12,20.8,21.119999999999997,existing_methodology,2023,all,none,,,,
00-0033873,QB,2023,13,13.0,20.513428571428573,existing_methodology,2023,all,none,,,,
00-0033873,QB,2023,14,13.6,21.119999999999997,existing_methodology,2023,all,none,,,,
00-0033873,QB,2023,15,15.7,19.666845070422536,existing_methodology,2023,all,none,,,,
00-0033873,QB,2023,16,16.7,18.332836555360277,existing_methodology,2023,all,none,,,,
00-0033873,QB,2023,17,12.0,21.119999999999997,existing_methodology,2023,all,none,,,,
00-0033873,QB,2023,19,18.6,20.513428571428573,existing_methodology,2023,all,none,,,,
00-0033873,QB,2023,20,18.5,20.513428571428573,existing_methodology,2023,all,none,,,,
00-0033873,QB,2023,21,15.1,18.332836555360277,existing_methodology,2023,all,none,,,,
00-0033873,QB,2023,22,25.9,19.666845070422536,existing_methodology,2023,all,none,,,,
00-0033936,QB,2023,3,0.4,2.9163636363636365,existing_methodology,2023,all,none,,,,
00-0033936,QB,2023,6,-0.2,2.9163636363636365,existing_methodology,2023,all,none,,,,
00-0033936,QB,2023,10,0.2,2.9163636363636365,existing_methodology,2023,all,none,,,,
00-0033936,QB,2023,11,0.0,2.9163636363636365,existing_methodology,2023,all,none,,,,
00-0033936,QB,2023,13,3.2,2.9163636363636365,existing_methodology,2023,all,none,,,,
00-0033936,QB,2023,16,8.4,2.9163636363636365,existing_methodology,2023,all,none,,,,
00-0033936,QB,2023,17,9.5,5.6279999999999974,existing_methodology,2023,all,none,,,,
00-0033949,QB,2023,1,3.0,9.591666666666667,existing_methodology,2023,all,none,,,,
00-0033949,QB,2023,2,25.2,12.345669811320752,existing_methodology,2023,all,none,,,,
00-0033949,QB,2023,3,17.1,14.312188405797098,existing_methodology,2023,all,none,,,,
00-0033949,QB,2023,4,23.4,14.312188405797098,existing_methodology,2023,all,none,,,,
00-0033949,QB,2023,5,8.7,15.679466666666666,existing_methodology,2023,all,none,,,,
00-0033949,QB,2023,6,10.1,14.312188405797098,existing_methodology,2023,all,none,,,,
00-0033949,QB,2023,7,16.1,14.876561983471069,existing_methodology,2023,all,none,,,,
00-0033949,QB,2023,8,22.9,13.985185185185188,existing_methodology,2023,all,none,,,,
00-0033949,QB,2023,9,24.9,13.366666666666667,existing_methodology,2023,all,none,,,,
00-0033949,QB,2023,10,25.1,15.679466666666666,existing_methodology,2023,all,none,,,,
00-0033949,QB,2023,11,16.9,18.332836555360277,existing_methodology,2023,all,none,,,,
00-0033949,QB,2023,12,4.5,18.332836555360277,existing_methodology,2023,all,none,,,,
00-0033949,QB,2023,14,4.6,15.9462,existing_methodology,2023,all,none,,,,
00-0033958,QB,2023,7,-0.4,5.6279999999999974,existing_methodology,2023,all,none,,,,
00-0033958,QB,2023,18,0.0,5.6279999999999974,existing_methodology,2023,all,none,,,,
00-0034177,QB,2023,11,-0.6,5.6279999999999974,existing_methodology,2023,all,none,,,,
00-0034177,QB,2023,12,7.4,2.9163636363636365,existing_methodology,2023,all,none,,,,
00-0034177,QB,2023,13,4.1,5.6279999999999974,existing_methodology,2023,all,none,,,,
00-0034401,QB,2023,3,6.6,12.345669811320752,existing_methodology,2023,all,none,,,,
00-0034401,QB,2023,6,-2.4,14.876561983471069,existing_methodology,2023,all,none,,,,
00-0034401,QB,2023,12,-0.2,9.636842105263156,existing_methodology,2023,all,none,,,,
00-0034401,QB,2023,13,0.1,2.9163636363636365,existing_methodology,2023,all,none,,,,
00-0034401,QB,2023,15,0.0,2.9163636363636365,existing_methodology,2023,all,none,,,,
00-0034401,QB,2023,17,-2.0,2.9163636363636365,existing_methodology,2023,all,none,,,,
00-0034438,QB,2023,18,-0.3,2.9163636363636365,existing_methodology,2023,all,none,,,,
00-0034577,QB,2023,2,-0.2,5.992771084337349,existing_methodology,2023,all,none,,,,
00-0034577,QB,2023,3,-0.2,9.591666666666667,existing_methodology,2023,all,none,,,,
00-0034577,QB,2023,4,-0.3,5.6279999999999974,existing_methodology,2023,all,none,,,,
00-0034577,QB,2023,6,0.0,2.9163636363636365,existing_methodology,2023,all,none,,,,
00-0034577,QB,2023,11,-0.2,2.9163636363636365,existing_methodology,2023,all,none,,,,
00-0034577,QB,2023,15,-0.2,2.9163636363636365,existing_methodology,2023,all,none,,,,
00-0034577,QB,2023,17,-0.2,2.9163636363636365,existing_methodology,2023,all,none,,,,
00-0034771,QB,2023,15,0.1,10.595454545454546,existing_methodology,2023,all,none,,,,
00-0034771,QB,2023,16,20.0,5.992771084337349,existing_methodology,2023,all,none,,,,
00-0034771,QB,2023,17,11.5,5.992771084337349,existing_methodology,2023,all,none,,,,
00-0034771,QB,2023,18,8.0,10.242857142857144,existing_methodology,2023,all,none,,,,
00-0034771,QB,2023,19,16.8,12.345669811320752,existing_methodology,2023,all,none,,,,
00-0034796,QB,2023,1,6.6,20.513428571428573,existing_methodology,2023,all,none,,,,
00-0034796,QB,2023,2,22.9,18.332836555360277,existing_methodology,2023,all,none,,,,
00-0034796,QB,2023,3,28.2,18.332836555360277,existing_methodology,2023,all,none,,,,
00-0034796,QB,2023,4,28.1,21.56641173236254,existing_methodology,2023,all,none,,,,
00-0034796,QB,2023,5,9.9,22.48033333333333,existing_methodology,2023,all,none,,,,
00-0034796,QB,2023,6,17.1,22.48033333333333,existing_methodology,2023,all,none,,,,
00-0034796,QB,2023,7,33.9,22.48033333333333,existing_methodology,2023,all,none,,,,
00-0034796,QB,2023,8,12.0,22.48033333333333,existing_methodology,2023,all,none,,,,
00-0034796,QB,2023,9,11.5,22.48033333333333,existing_methodology,2023,all,none,,,,
00-0034796,QB,2023,10,13.0,22.48033333333333,existing_methodology,2023,all,none,,,,
00-0034796,QB,2023,11,24.0,19.666845070422536,existing_methodology,2023,all,none,,,,
00-0034796,QB,2023,12,15.0,22.48033333333333,existing_methodology,2023,all,none,,,,
00-0034796,QB,2023,14,31.6,21.119999999999997,existing_methodology,2023,all,none,,,,
00-0034796,QB,2023,15,18.5,22.48033333333333,existing_methodology,2023,all,none,,,,
00-0034796,QB,2023,16,22.6,22.48033333333333,existing_methodology,2023,all,none,,,,
00-0034796,QB,2023,17,36.3,22.48033333333333,existing_methodology,2023,all,none,,,,
00-0034796,QB,2023,20,36.1,22.48033333333333,existing_methodology,2023,all,none,,,,
00-0034796,QB,2023,21,18.6,22.48033333333333,existing_methodology,2023,all,none,,,,
00-0034855,QB,2023,1,16.0,12.345669811320752,existing_methodology,2023,all,none,,,,
00-0034855,QB,2023,2,18.4,13.366666666666667,existing_methodology,2023,all,none,,,,
00-0034855,QB,2023,3,10.0,14.876561983471069,existing_methodology,2023,all,none,,,,
00-0034855,QB,2023,4,22.9,13.985185185185188,existing_methodology,2023,all,none,,,,
00-0034855,QB,2023,6,6.8,14.48108108108108,existing_methodology,2023,all,none,,,,
00-0034855,QB,2023,7,16.2,13.985185185185188,existing_methodology,2023,all,none,,,,
00-0034855,QB,2023,8,21.4,14.312188405797098,existing_methodology,2023,all,none,,,,
00-0034855,QB,2023,9,19.0,14.312188405797098,existing_methodology,2023,all,none,,,,
00-0034855,QB,2023,10,18.3,15.231147540983601,existing_methodology,2023,all,none,,,,
00-0034855,QB,2023,11,10.3,14.48108108108108,existing_methodology,2023,all,none,,,,
00-0034855,QB,2023,12,13.4,14.876561983471069,existing_methodology,2023,all,none,,,,
00-0034855,QB,2023,13,9.9,14.312188405797098,existing_methodology,2023,all,none,,,,
00-0034855,QB,2023,14,20.1,13.985185185185188,existing_methodology,2023,all,none,,,,
00-0034855,QB,2023,15,29.0,12.345669811320752,existing_methodology,2023,all,none,,,,
00-0034855,QB,2023,16,19.8,14.48108108108108,existing_methodology,2023,all,none,,,,
00-0034855,QB,2023,17,16.3,15.9462,existing_methodology,2023,all,none,,,,
00-0034855,QB,2023,18,6.2,14.876561983471069,existing_methodology,2023,all,none,,,,
00-0034855,QB,2023,19,27.1,15.231147540983601,existing_methodology,2023,all,none,,,,
00-0034855,QB,2023,20,23.5,14.420586361908166,existing_methodology,2023,all,none,,,,
00-0034857,QB,2023,1,11.0,22.48033333333333,existing_methodology,2023,all,none,,,,
00-0034857,QB,2023,2,23.7,20.513428571428573,existing_methodology,2023,all,none,,,,
00-0034857,QB,2023,3,21.3,21.119999999999997,existing_methodology,2023,all,none,,,,
00-0034857,QB,2023,4,36.5,20.513428571428573,existing_methodology,2023,all,none,,,,
00-0034857,QB,2023,5,27.8,21.119999999999997,existing_methodology,2023,all,none,,,,
00-0034857,QB,2023,6,13.9,21.119999999999997,existing_methodology,2023,all,none,,,,
00-0034857,QB,2023,7,24.3,19.666845070422536,existing_methodology,2023,all,none,,,,
00-0034857,QB,2023,8,29.1,20.513428571428573,existing_methodology,2023,all,none,,,,
00-0034857,QB,2023,9,24.7,20.513428571428573,existing_methodology,2023,all,none,,,,
00-0034857,QB,2023,10,14.4,22.48033333333333,existing_methodology,2023,all,none,,,,
00-0034857,QB,2023,11,22.5,21.119999999999997,existing_methodology,2023,all,none,,,,
00-0034857,QB,2023,12,39.7,20.513428571428573,existing_methodology,2023,all,none,,,,
00-0034857,QB,2023,14,20.5,20.513428571428573,existing_methodology,2023,all,none,,,,
00-0034857,QB,2023,15,16.2,22.48033333333333,existing_methodology,2023,all,none,,,,
00-0034857,QB,2023,16,25.0,22.48033333333333,existing_methodology,2023,all,none,,,,
00-0034857,QB,2023,17,21.2,22.48033333333333,existing_methodology,2023,all,none,,,,
00-0034857,QB,2023,18,23.1,21.119999999999997,existing_methodology,2023,all,none,,,,
00-0034857,QB,2023,19,33.5,22.48033333333333,existing_methodology,2023,all,none,,,,
00-0034857,QB,2023,20,30.6,22.48033333333333,existing_methodology,2023,all,none,,,,
00-0034869,QB,2023,1,-0.2,16.241284403669727,existing_methodology,2023,all,none,,,,
00-0034869,QB,2023,3,-0.1,12.345669811320752,existing_methodology,2023,all,none,,,,
00-0034869,QB,2023,4,-0.1,10.595454545454546,existing_methodology,2023,all,none,,,,
00-0034869,QB,2023,5,-0.1,2.9163636363636365,existing_methodology,2023,all,none,,,,
00-0034869,QB,2023,10,-0.1,2.9163636363636365,existing_methodology,2023,all,none,,,,
00-0034869,QB,2023,13,-0.1,2.9163636363636365,existing_methodology,2023,all,none,,,,
00-0034869,QB,2023,15,0.6,2.9163636363636365,existing_methodology,2023,all,none,,,,
00-0034869,QB,2023,16,6.1,2.9163636363636365,existing_methodology,2023,all,none,,,,
00-0034869,QB,2023,17,-0.2,2.9163636363636365,existing_methodology,2023,all,none,,,,
00-0034869,QB,2023,18,17.5,2.9163636363636365,existing_methodology,2023,all,none,,,,
00-0034955,QB,2023,8,1.7,5.6279999999999974,existing_methodology,2023,all,none,,,,
00-0034955,QB,2023,9,5.1,5.6279999999999974,existing_methodology,2023,all,none,,,,
00-0035100,QB,2023,1,-0.1,2.9163636363636365,existing_methodology,2023,all,none,,,,
00-0035100,QB,2023,11,10.7,2.9163636363636365,existing_methodology,2023,all,none,,,,
00-0035100,QB,2023,12,12.0,2.9163636363636365,existing_methodology,2023,all,none,,,,
00-0035100,QB,2023,13,26.7,5.6279999999999974,existing_methodology,2023,all,none,,,,
00-0035100,QB,2023,14,23.7,12.266666666666666,existing_methodology,2023,all,none,,,,
00-0035100,QB,2023,15,19.0,12.345669811320752,existing_methodology,2023,all,none,,,,
00-0035100,QB,2023,16,13.4,14.312188405797098,existing_methodology,2023,all,none,,,,
00-0035100,QB,2023,17,21.1,13.985185185185188,existing_methodology,2023,all,none,,,,
00-0035100,QB,2023,18,18.0,12.345669811320752,existing_methodology,2023,all,none,,,,
00-0035228,QB,2023,10,17.3,18.332836555360277,existing_methodology,2023,all,none,,,,
00-0035228,QB,2023,11,21.7,19.666845070422536,existing_methodology,2023,all,none,,,,
00-0035228,QB,2023,12,20.4,18.332836555360277,existing_methodology,2023,all,none,,,,
00-0035228,QB,2023,13,11.8,18.332836555360277,existing_methodology,2023,all,none,,,,
00-0035228,QB,2023,15,13.3,18.332836555360277,existing_methodology,2023,all,none,,,,
00-0035228,QB,2023,16,20.4,18.332836555360277,existing_methodology,2023,all,none,,,,
00-0035228,QB,2023,17,23.7,18.332836555360277,existing_methodology,2023,all,none,,,,
00-0035228,QB,2023,18,17.8,18.332836555360277,existing_methodology,2023,all,none,,,,
00-0035264,QB,2023,15,0.0,12.345669811320752,existing_methodology,2023,all,none,,,,
00-0035264,QB,2023,17,13.6,12.345669811320752,existing_methodology,2023,all,none,,,,
00-0035264,QB,2023,18,13.1,12.345669811320752,existing_methodology,2023,all,none,,,,
00-0035282,QB,2023,14,5.2,2.9163636363636365,existing_methodology,2023,all,none,,,,
00-0035282,QB,2023,15,17.4,5.992771084337349,existing_methodology,2023,all,none,,,,
00-0035282,QB,2023,16,17.1,12.14404761904762,existing_methodology,2023,all,none,,,,
00-0035282,QB,2023,17,11.9,14.312188405797098,existing_methodology,2023,all,none,,,,
00-0035282,QB,2023,18,16.0,14.312188405797098,existing_methodology,2023,all,none,,,,
00-0035289,QB,2023,1,0.0,12.14404761904762,existing_methodology,2023,all,none,,,,
00-0035289,QB,2023,2,11.1,5.992771084337349,existing_methodology,2023,all,none,,,,
00-0035289,QB,2023,3,13.1,5.6279999999999974,existing_methodology,2023,all,none,,,,
00-0035289,QB,2023,5,6.3,5.992771084337349,existing_methodology,2023,all,none,,,,
00-0035289,QB,2023,6,9.6,12.14404761904762,existing_methodology,2023,all,none,,,,
00-0035289,QB,2023,7,27.1,12.14404761904762,existing_methodology,2023,all,none,,,,
00-0035289,QB,2023,8,14.8,14.48108108108108,existing_methodology,2023,all,none,,,,
00-0035289,QB,2023,9,9.6,14.876561983471069,existing_methodology,2023,all,none,,,,
00-0035289,QB,2023,10,5.7,14.48108108108108,existing_methodology,2023,all,none,,,,
00-0035289,QB,2023,12,14.6,12.345669811320752,existing_methodology,2023,all,none,,,,
00-0035289,QB,2023,13,18.7,12.833333333333334,existing_methodology,2023,all,none,,,,
00-0035289,QB,2023,14,14.1,14.312188405797098,existing_methodology,2023,all,none,,,,
00-0035289,QB,2023,15,20.6,13.985185185185188,existing_methodology,2023,all,none,,,,
00-0035289,QB,2023,16,9.1,13.985185185185188,existing_methodology,2023,all,none,,,,
00-0035289,QB,2023,17,13.3,13.366666666666667,existing_methodology,2023,all,none,,,,
00-0035289,QB,2023,18,8.5,13.366666666666667,existing_methodology,2023,all,none,,,,
00-0035704,QB,2023,4,3.6,12.345669811320752,existing_methodology,2023,all,none,,,,
00-0035704,QB,2023,11,-1.9,14.312188405797098,existing_methodology,2023,all,none,,,,
00-0035704,QB,2023,14,15.3,9.671428571428573,existing_methodology,2023,all,none,,,,
00-0035704,QB,2023,15,12.1,5.992771084337349,existing_methodology,2023,all,none,,,,
00-0035710,QB,2023,1,4.5,22.48033333333333,existing_methodology,2023,all,none,,,,
00-0035710,QB,2023,2,30.7,20.513428571428573,existing_methodology,2023,all,none,,,,
00-0035710,QB,2023,3,4.0,19.666845070422536,existing_methodology,2023,all,none,,,,
00-0035710,QB,2023,4,8.7,18.332836555360277,existing_methodology,2023,all,none,,,,
00-0035710,QB,2023,5,7.2,18.332836555360277,existing_methodology,2023,all,none,,,,
00-0035710,QB,2023,9,1.9,15.679466666666666,existing_methodology,2023,all,none,,,,
00-0035993,QB,2023,4,0.8,18.332836555360277,existing_methodology,2023,all,none,,,,
00-0035993,QB,2023,7,0.0,12.345669811320752,existing_methodology,2023,all,none,,,,
00-0035993,QB,2023,9,6.3,10.595454545454546,existing_methodology,2023,all,none,,,,
00-0035993,QB,2023,17,4.7,2.9163636363636365,existing_methodology,2023,all,none,,,,
00-0035993,QB,2023,18,13.8,2.9163636363636365,existing_methodology,2023,all,none,,,,
00-0036212,QB,2023,1,27.1,15.679466666666666,existing_methodology,2023,all,none,,,,
00-0036212,QB,2023,2,12.3,16.241284403669727,existing_methodology,2023,all,none,,,,
00-0036212,QB,2023,3,28.4,15.9462,existing_methodology,2023,all,none,,,,
00-0036212,QB,2023,4,14.0,16.241284403669727,existing_methodology,2023,all,none,,,,
00-0036212,QB,2023,5,16.9,14.876561983471069,existing_methodology,2023,all,none,,,,
00-0036212,QB,2023,6,22.5,15.231147540983601,existing_methodology,2023,all,none,,,,
00-0036212,QB,2023,7,10.3,18.332836555360277,existing_methodology,2023,all,none,,,,
00-0036212,QB,2023,8,21.8,15.679466666666666,existing_methodology,2023,all,none,,,,
00-0036212,QB,2023,9,12.4,15.9462,existing_methodology,2023,all,none,,,,
00-0036212,QB,2023,11,17.6,15.9462,existing_methodology,2023,all,none,,,,
00-0036212,QB,2023,12,7.8,16.241284403669727,existing_methodology,2023,all,none,,,,
00-0036212,QB,2023,13,19.2,14.876561983471069,existing_methodology,2023,all,none,,,,
00-0036212,QB,2023,14,11.1,15.9462,existing_methodology,2023,all,none,,,,
00-0036212,QB,2023,15,13.0,16.549240875912407,existing_methodology,2023,all,none,,,,
00-0036212,QB,2023,16,15.5,15.679466666666666,existing_methodology,2023,all,none,,,,
00-0036212,QB,2023,17,14.9,14.48108108108108,existing_methodology,2023,all,none,,,,
00-0036212,QB,2023,18,7.6,14.312188405797098,existing_methodology,2023,all,none,,,,
00-0036212,QB,2023,19,12.5,14.876561983471069,existing_methodology,2023,all,none,,,,
00-0036264,QB,2023,1,23.0,2.9163636363636365,existing_methodology,2023,all,none,,,,
00-0036264,QB,2023,2,20.3,12.345669811320752,existing_methodology,2023,all,none,,,,
00-0036264,QB,2023,3,24.3,12.345669811320752,existing_methodology,2023,all,none,,,,
00-0036264,QB,2023,4,17.6,15.679466666666666,existing_methodology,2023,all,none,,,,
00-0036264,QB,2023,5,5.0,16.241284403669727,existing_methodology,2023,all,none,,,,
00-0036264,QB,2023,7,15.3,15.9462,existing_methodology,2023,all,none,,,,
00-0036264,QB,2023,8,14.6,15.231147540983601,existing_methodology,2023,all,none,,,,
00-0036264,QB,2023,9,13.8,14.48108108108108,existing_methodology,2023,all,none,,,,
00-0036264,QB,2023,10,16.7,14.48108108108108,existing_methodology,2023,all,none,,,,
00-0036264,QB,2023,11,20.9,14.876561983471069,existing_methodology,2023,all,none,,,,
00-0036264,QB,2023,12,26.6,14.876561983471069,existing_methodology,2023,all,none,,,,
00-0036264,QB,2023,13,23.7,15.679466666666666,existing_methodology,2023,all,none,,,,
00-0036264,QB,2023,14,8.9,15.231147540983601,existing_methodology,2023,all,none,,,,
00-0036264,QB,2023,15,17.5,15.679466666666666,existing_methodology,2023,all,none,,,,
00-0036264,QB,2023,16,24.0,14.312188405797098,existing_methodology,2023,all,none,,,,
00-0036264,QB,2023,17,28.4,14.876561983471069,existing_methodology,2023,all,none,,,,
00-0036264,QB,2023,18,18.5,15.679466666666666,existing_methodology,2023,all,none,,,,
00-0036264,QB,2023,19,22.8,16.549240875912407,existing_methodology,2023,all,none,,,,
00-0036264,QB,2023,20,14.1,15.679466666666666,existing_methodology,2023,all,none,,,,
00-0036355,QB,2023,1,20.9,18.332836555360277,existing_methodology,2023,all,none,,,,
00-0036355,QB,2023,2,22.2,18.332836555360277,existing_methodology,2023,all,none,,,,
00-0036355,QB,2023,3,29.3,18.332836555360277,existing_methodology,2023,all,none,,,,
00-0036355,QB,2023,4,23.4,17.73887356321839,existing_methodology,2023,all,none,,,,
00-0036355,QB,2023,6,19.1,18.332836555360277,existing_methodology,2023,all,none,,,,
00-0036355,QB,2023,7,10.9,19.666845070422536,existing_methodology,2023,all,none,,,,
00-0036355,QB,2023,8,24.0,19.666845070422536,existing_methodology,2023,all,none,,,,
00-0036355,QB,2023,9,7.1,17.73887356321839,existing_methodology,2023,all,none,,,,
00-0036355,QB,2023,10,28.4,15.9462,existing_methodology,2023,all,none,,,,
00-0036355,QB,2023,11,25.7,17.73887356321839,existing_methodology,2023,all,none,,,,
00-0036355,QB,2023,12,13.4,18.332836555360277,existing_methodology,2023,all,none,,,,
00-0036355,QB,2023,13,8.0,18.332836555360277,existing_methodology,2023,all,none,,,,
00-0036355,QB,2023,14,1.8,18.332836555360277,existing_methodology,2023,all,none,,,,
00-0036389,QB,2023,1,12.5,22.48033333333333,existing_methodology,2023,all,none,,,,
00-0036389,QB,2023,2,25.2,22.48033333333333,existing_methodology,2023,all,none,,,,
00-0036389,QB,2023,3,19.9,22.48033333333333,existing_methodology,2023,all,none,,,,
00-0036389,QB,2023,4,24.2,21.119999999999997,existing_methodology,2023,all,none,,,,
00-0036389,QB,2023,5,27.3,20.95535263817274,existing_methodology,2023,all,none,,,,
00-0036389,QB,2023,6,19.9,21.119999999999997,existing_methodology,2023,all,none,,,,
00-0036389,QB,2023,7,23.3,22.48033333333333,existing_methodology,2023,all,none,,,,
00-0036389,QB,2023,8,27.4,22.48033333333333,existing_methodology,2023,all,none,,,,
00-0036389,QB,2023,9,25.9,22.48033333333333,existing_methodology,2023,all,none,,,,
00-0036389,QB,2023,11,18.9,22.48033333333333,existing_methodology,2023,all,none,,,,
00-0036389,QB,2023,12,34.5,20.513428571428573,existing_methodology,2023,all,none,,,,
00-0036389,QB,2023,13,23.9,22.48033333333333,existing_methodology,2023,all,none,,,,
00-0036389,QB,2023,14,8.9,22.48033333333333,existing_methodology,2023,all,none,,,,
00-0036389,QB,2023,15,21.9,22.48033333333333,existing_methodology,2023,all,none,,,,
00-0036389,QB,2023,16,23.4,22.48033333333333,existing_methodology,2023,all,none,,,,
00-0036389,QB,2023,17,19.2,22.13348185333198,existing_methodology,2023,all,none,,,,
00-0036389,QB,2023,18,0.6,21.119999999999997,existing_methodology,2023,all,none,,,,
00-0036389,QB,2023,19,14.5,18.332836555360277,existing_methodology,2023,all,none,,,,
00-0036442,QB,2023,1,3.2,19.666845070422536,existing_methodology,2023,all,none,,,,
00-0036442,QB,2023,2,15.4,18.332836555360277,existing_methodology,2023,all,none,,,,
00-0036442,QB,2023,3,8.2,17.73887356321839,existing_methodology,2023,all,none,,,,
00-0036442,QB,2023,4,4.7,15.9462,existing_methodology,2023,all,none,,,,
00-0036442,QB,2023,5,23.4,17.73887356321839,existing_methodology,2023,all,none,,,,
00-0036442,QB,2023,6,13.8,18.332836555360277,existing_methodology,2023,all,none,,,,
00-0036442,QB,2023,8,27.6,18.332836555360277,existing_methodology,2023,all,none,,,,
00-0036442,QB,2023,9,22.3,20.513428571428573,existing_methodology,2023,all,none,,,,
00-0036442,QB,2023,10,19.9,19.666845070422536,existing_methodology,2023,all,none,,,,
00-0036442,QB,2023,11,8.7,20.513428571428573,existing_methodology,2023,all,none,,,,
00-0036879,QB,2023,14,0.0,12.14404761904762,existing_methodology,2023,all,none,,,,
00-0036898,QB,2023,11,0.1,14.312188405797098,existing_methodology,2023,all,none,,,,
00-0036898,QB,2023,13,0.7,12.345669811320752,existing_methodology,2023,all,none,,,,
00-0036898,QB,2023,14,0.2,12.14404761904762,existing_methodology,2023,all,none,,,,
00-0036898,QB,2023,15,0.0,2.9163636363636365,existing_methodology,2023,all,none,,,,
00-0036898,QB,2023,16,16.9,2.9163636363636365,existing_methodology,2023,all,none,,,,
00-0036898,QB,2023,17,0.0,5.6279999999999974,existing_methodology,2023,all,none,,,,
00-0036898,QB,2023,19,-0.2,5.992771084337349,existing_methodology,2023,all,none,,,,
00-0036928,QB,2023,10,-0.1,2.9163636363636365,existing_methodology,2023,all,none,,,,
00-0036928,QB,2023,12,0.0,2.9163636363636365,existing_methodology,2023,all,none,,,,
00-0036945,QB,2023,1,14.5,18.332836555360277,existing_methodology,2023,all,none,,,,
00-0036945,QB,2023,2,14.7,16.241284403669727,existing_methodology,2023,all,none,,,,
00-0036945,QB,2023,3,10.7,16.549240875912407,existing_methodology,2023,all,none,,,,
00-0036945,QB,2023,4,27.9,18.332836555360277,existing_methodology,2023,all,none,,,,
00-0036945,QB,2023,5,33.0,18.332836555360277,existing_methodology,2023,all,none,,,,
00-0036945,QB,2023,6,4.9,19.666845070422536,existing_methodology,2023,all,none,,,,
00-0036945,QB,2023,11,21.2,18.332836555360277,existing_methodology,2023,all,none,,,,
00-0036945,QB,2023,12,10.6,20.513428571428573,existing_methodology,2023,all,none,,,,
00-0036945,QB,2023,14,24.7,19.666845070422536,existing_methodology,2023,all,none,,,,
00-0036945,QB,2023,15,9.6,22.48033333333333,existing_methodology,2023,all,none,,,,
00-0036945,QB,2023,16,24.5,20.513428571428573,existing_methodology,2023,all,none,,,,
00-0036945,QB,2023,17,25.2,20.513428571428573,existing_methodology,2023,all,none,,,,
00-0036945,QB,2023,18,8.6,20.513428571428573,existing_methodology,2023,all,none,,,,
00-0036971,QB,2023,1,17.7,18.332836555360277,existing_methodology,2023,all,none,,,,
00-0036971,QB,2023,2,9.2,18.332836555360277,existing_methodology,2023,all,none,,,,
00-0036971,QB,2023,3,14.4,16.549240875912407,existing_methodology,2023,all,none,,,,
00-0036971,QB,2023,4,16.5,15.9462,existing_methodology,2023,all,none,,,,
00-0036971,QB,2023,5,15.7,15.679466666666666,existing_methodology,2023,all,none,,,,
00-0036971,QB,2023,6,14.7,15.9462,existing_methodology,2023,all,none,,,,
00-0036971,QB,2023,7,18.1,15.31199007256018,existing_methodology,2023,all,none,,,,
00-0036971,QB,2023,8,14.7,14.876561983471069,existing_methodology,2023,all,none,,,,
00-0036971,QB,2023,10,2.1,14.876561983471069,existing_methodology,2023,all,none,,,,
00-0036971,QB,2023,11,32.2,14.876561983471069,existing_methodology,2023,all,none,,,,
00-0036971,QB,2023,12,24.6,16.549240875912407,existing_methodology,2023,all,none,,,,
00-0036971,QB,2023,13,25.1,18.332836555360277,existing_methodology,2023,all,none,,,,
00-0036971,QB,2023,14,17.4,18.332836555360277,existing_methodology,2023,all,none,,,,
00-0036971,QB,2023,15,14.7,18.332836555360277,existing_methodology,2023,all,none,,,,
00-0036971,QB,2023,16,9.3,18.332836555360277,existing_methodology,2023,all,none,,,,
00-0036971,QB,2023,18,16.2,16.549240875912407,existing_methodology,2023,all,none,,,,
00-0036972,QB,2023,1,24.1,15.679466666666666,existing_methodology,2023,all,none,,,,
00-0036972,QB,2023,2,13.7,14.48108108108108,existing_methodology,2023,all,none,,,,
00-0036972,QB,2023,3,13.3,15.679466666666666,existing_methodology,2023,all,none,,,,
00-0036972,QB,2023,4,0.7,14.48108108108108,existing_methodology,2023,all,none,,,,
00-0036972,QB,2023,5,-1.6,15.231147540983601,existing_methodology,2023,all,none,,,,
00-0036972,QB,2023,6,5.9,12.345669811320752,existing_methodology,2023,all,none,,,,
00-0036972,QB,2023,7,20.0,12.345669811320752,existing_methodology,2023,all,none,,,,
00-0036972,QB,2023,8,12.2,12.345669811320752,existing_methodology,2023,all,none,,,,
00-0036972,QB,2023,9,11.1,12.345669811320752,existing_methodology,2023,all,none,,,,
00-0036972,QB,2023,10,7.3,14.312188405797098,existing_methodology,2023,all,none,,,,
00-0036972,QB,2023,12,-0.4,12.345669811320752,existing_methodology,2023,all,none,,,,
00-0037013,QB,2023,1,8.2,14.876561983471069,existing_methodology,2023,all,none,,,,
00-0037013,QB,2023,2,8.4,15.679466666666666,existing_methodology,2023,all,none,,,,
00-0037013,QB,2023,3,6.4,14.48108108108108,existing_methodology,2023,all,none,,,,
00-0037013,QB,2023,4,19.2,15.231147540983601,existing_methodology,2023,all,none,,,,
00-0037013,QB,2023,5,8.6,15.679466666666666,existing_methodology,2023,all,none,,,,
00-0037013,QB,2023,6,10.9,14.876561983471069,existing_methodology,2023,all,none,,,,
00-0037013,QB,2023,8,12.1,14.876561983471069,existing_methodology,2023,all,none,,,,
00-0037013,QB,2023,9,7.2,14.876561983471069,existing_methodology,2023,all,none,,,,
00-0037013,QB,2023,10,13.9,15.679466666666666,existing_methodology,2023,all,none,,,,
00-0037013,QB,2023,11,6.7,15.9462,existing_methodology,2023,all,none,,,,
00-0037013,QB,2023,14,19.2,12.345669811320752,existing_methodology,2023,all,none,,,,
00-0037013,QB,2023,15,-1.0,14.591950313574939,existing_methodology,2023,all,none,,,,
00-0037077,QB,2023,1,15.2,14.876561983471069,existing_methodology,2023,all,none,,,,
00-0037077,QB,2023,2,21.3,14.876561983471069,existing_methodology,2023,all,none,,,,
00-0037077,QB,2023,3,0.6,15.679466666666666,existing_methodology,2023,all,none,,,,
00-0037077,QB,2023,4,19.6,14.876561983471069,existing_methodology,2023,all,none,,,,
00-0037077,QB,2023,5,25.4,15.679466666666666,existing_methodology,2023,all,none,,,,
00-0037077,QB,2023,6,18.3,15.679466666666666,existing_methodology,2023,all,none,,,,
00-0037077,QB,2023,7,9.5,15.679466666666666,existing_methodology,2023,all,none,,,,
00-0037077,QB,2023,8,31.0,15.231147540983601,existing_methodology,2023,all,none,,,,
00-0037077,QB,2023,9,17.7,15.9462,existing_methodology,2023,all,none,,,,
00-0037077,QB,2023,10,24.2,18.332836555360277,existing_methodology,2023,all,none,,,,
00-0037077,QB,2023,11,17.7,18.332836555360277,existing_methodology,2023,all,none,,,,
00-0037077,QB,2023,12,17.3,18.332836555360277,existing_methodology,2023,all,none,,,,
00-0037077,QB,2023,13,19.2,18.332836555360277,existing_methodology,2023,all,none,,,,
00-0037077,QB,2023,15,8.3,18.332836555360277,existing_methodology,2023,all,none,,,,
00-0037077,QB,2023,16,-1.8,15.9462,existing_methodology,2023,all,none,,,,
00-0037077,QB,2023,17,6.7,15.231147540983601,existing_methodology,2023,all,none,,,,
00-0037077,QB,2023,18,7.4,14.876561983471069,existing_methodology,2023,all,none,,,,
00-0037834,QB,2023,1,16.8,15.679466666666666,existing_methodology,2023,all,none,,,,
00-0037834,QB,2023,2,14.7,10.595454545454546,existing_methodology,2023,all,none,,,,
00-0037834,QB,2023,3,20.3,12.14404761904762,existing_methodology,2023,all,none,,,,
00-0037834,QB,2023,4,21.3,12.345669811320752,existing_methodology,2023,all,none,,,,
00-0037834,QB,2023,5,26.1,14.48108108108108,existing_methodology,2023,all,none,,,,
00-0037834,QB,2023,6,7.7,13.985185185185188,existing_methodology,2023,all,none,,,,
00-0037834,QB,2023,7,12.8,12.833333333333334,existing_methodology,2023,all,none,,,,
00-0037834,QB,2023,8,18.3,12.345669811320752,existing_methodology,2023,all,none,,,,
00-0037834,QB,2023,10,23.8,14.312188405797098,existing_methodology,2023,all,none,,,,
00-0037834,QB,2023,11,26.7,14.312188405797098,existing_methodology,2023,all,none,,,,
00-0037834,QB,2023,12,10.5,15.9462,existing_methodology,2023,all,none,,,,
00-0037834,QB,2023,13,29.5,16.241284403669727,existing_methodology,2023,all,none,,,,
00-0037834,QB,2023,14,21.4,16.241284403669727,existing_methodology,2023,all,none,,,,
00-0037834,QB,2023,15,25.7,15.9462,existing_methodology,2023,all,none,,,,
00-0037834,QB,2023,16,2.4,15.9462,existing_methodology,2023,all,none,,,,
00-0037834,QB,2023,17,17.6,15.679466666666666,existing_methodology,2023,all,none,,,,
00-0037834,QB,2023,20,15.5,15.679466666666666,existing_methodology,2023,all,none,,,,
00-0037834,QB,2023,21,17.5,14.876561983471069,existing_methodology,2023,all,none,,,,
00-0037834,QB,2023,22,15.4,15.679466666666666,existing_methodology,2023,all,none,,,,
00-0038102,QB,2023,1,9.7,17.73887356321839,existing_methodology,2023,all,none,,,,
00-0038102,QB,2023,2,10.3,16.241284403669727,existing_methodology,2023,all,none,,,,
00-0038102,QB,2023,3,18.5,14.876561983471069,existing_methodology,2023,all,none,,,,
00-0038102,QB,2023,4,3.5,15.679466666666666,existing_methodology,2023,all,none,,,,
00-0038102,QB,2023,5,12.4,14.876561983471069,existing_methodology,2023,all,none,,,,
00-0038102,QB,2023,7,15.2,15.679466666666666,existing_methodology,2023,all,none,,,,
00-0038102,QB,2023,8,3.9,14.876561983471069,existing_methodology,2023,all,none,,,,
00-0038102,QB,2023,9,10.3,14.312188405797098,existing_methodology,2023,all,none,,,,
00-0038102,QB,2023,10,6.6,12.345669811320752,existing_methodology,2023,all,none,,,,
00-0038102,QB,2023,11,5.1,12.345669811320752,existing_methodology,2023,all,none,,,,
00-0038102,QB,2023,12,11.6,12.345669811320752,existing_methodology,2023,all,none,,,,
00-0038102,QB,2023,13,3.1,12.345669811320752,existing_methodology,2023,all,none,,,,
00-0038108,QB,2023,4,2.3,14.312188405797098,existing_methodology,2023,all,none,,,,
00-0038108,QB,2023,5,0.9,10.242857142857144,existing_methodology,2023,all,none,,,,
00-0038108,QB,2023,10,-1.0,5.6279999999999974,existing_methodology,2023,all,none,,,,
00-0038108,QB,2023,12,0.2,2.9163636363636365,existing_methodology,2023,all,none,,,,
00-0038108,QB,2023,13,7.2,2.9163636363636365,existing_methodology,2023,all,none,,,,
00-0038108,QB,2023,14,20.9,5.992771084337349,existing_methodology,2023,all,none,,,,
00-0038108,QB,2023,15,9.4,12.345669811320752,existing_methodology,2023,all,none,,,,
00-0038108,QB,2023,16,16.4,12.345669811320752,existing_methodology,2023,all,none,,,,
00-0038108,QB,2023,17,12.1,13.985185185185188,existing_methodology,2023,all,none,,,,
00-0038108,QB,2023,18,0.8,12.345669811320752,existing_methodology,2023,all,none,,,,
00-0038122,QB,2023,1,8.9,14.312188405797098,existing_methodology,2023,all,none,,,,
00-0038122,QB,2023,2,21.4,12.345669811320752,existing_methodology,2023,all,none,,,,
00-0038122,QB,2023,3,6.3,14.876561983471069,existing_methodology,2023,all,none,,,,
00-0038122,QB,2023,4,6.2,13.985185185185188,existing_methodology,2023,all,none,,,,
00-0038122,QB,2023,5,26.2,14.312188405797098,existing_methodology,2023,all,none,,,,
00-0038122,QB,2023,6,16.1,12.345669811320752,existing_methodology,2023,all,none,,,,
00-0038122,QB,2023,7,17.8,14.312188405797098,existing_methodology,2023,all,none,,,,
00-0038122,QB,2023,8,3.4,15.679466666666666,existing_methodology,2023,all,none,,,,
00-0038122,QB,2023,10,8.7,14.312188405797098,existing_methodology,2023,all,none,,,,
00-0038122,QB,2023,12,9.7,12.345669811320752,existing_methodology,2023,all,none,,,,
00-0038122,QB,2023,13,8.8,12.345669811320752,existing_methodology,2023,all,none,,,,
00-0038122,QB,2023,14,25.4,13.985185185185188,existing_methodology,2023,all,none,,,,
00-0038122,QB,2023,15,7.9,14.312188405797098,existing_methodology,2023,all,none,,,,
00-0038122,QB,2023,17,-1.3,14.312188405797098,existing_methodology,2023,all,none,,,,
00-0038122,QB,2023,18,15.6,14.312188405797098,existing_methodology,2023,all,none,,,,
00-0038128,QB,2023,3,0.0,13.985185185185188,existing_methodology,2023,all,none,,,,
00-0038128,QB,2023,6,4.7,12.345669811320752,existing_methodology,2023,all,none,,,,
00-0038128,QB,2023,8,-1.6,12.345669811320752,existing_methodology,2023,all,none,,,,
00-0038416,QB,2023,6,5.7,2.9163636363636365,existing_methodology,2023,all,none,,,,
00-0038416,QB,2023,7,12.9,2.9163636363636365,existing_methodology,2023,all,none,,,,
00-0038416,QB,2023,8,11.2,12.345669811320752,existing_methodology,2023,all,none,,,,
00-0038416,QB,2023,9,15.8,12.345669811320752,existing_methodology,2023,all,none,,,,
00-0038416,QB,2023,10,7.7,12.345669811320752,existing_methodology,2023,all,none,,,,
00-0038476,QB,2023,8,7.2,2.9163636363636365,existing_methodology,2023,all,none,,,,
00-0038476,QB,2023,9,8.7,2.9163636363636365,existing_methodology,2023,all,none,,,,
00-0038476,QB,2023,10,13.5,8.120000000000001,existing_methodology,2023,all,none,,,,
00-0038476,QB,2023,11,22.5,7.222222222222224,existing_methodology,2023,all,none,,,,
00-0038476,QB,2023,12,10.2,12.345669811320752,existing_methodology,2023,all,none,,,,
00-0038476,QB,2023,14,17.4,12.345669811320752,existing_methodology,2023,all,none,,,,
00-0038476,QB,2023,15,10.7,12.345669811320752,existing_methodology,2023,all,none,,,,
00-0038476,QB,2023,16,2.7,12.345669811320752,existing_methodology,2023,all,none,,,,
00-0038476,QB,2023,18,0.6,10.242857142857144,existing_methodology,2023,all,none,,,,
00-0038579,QB,2023,4,9.8,2.9163636363636365,existing_methodology,2023,all,none,,,,
00-0038579,QB,2023,7,5.0,12.345669811320752,existing_methodology,2023,all,none,,,,
00-0038579,QB,2023,9,8.4,12.14404761904762,existing_methodology,2023,all,none,,,,
00-0038579,QB,2023,10,8.4,10.242857142857144,existing_methodology,2023,all,none,,,,
00-0038579,QB,2023,11,9.1,5.992771084337349,existing_methodology,2023,all,none,,,,
00-0038579,QB,2023,12,13.9,9.671428571428573,existing_methodology,2023,all,none,,,,
00-0038579,QB,2023,14,5.0,10.595454545454546,existing_methodology,2023,all,none,,,,
00-0038579,QB,2023,15,25.9,12.14404761904762,existing_methodology,2023,all,none,,,,
00-0038579,QB,2023,16,2.1,12.345669811320752,existing_methodology,2023,all,none,,,,
00-0038579,QB,2023,17,20.3,12.345669811320752,existing_methodology,2023,all,none,,,,
00-0038579,QB,2023,18,17.9,12.345669811320752,existing_methodology,2023,all,none,,,,
00-0038582,QB,2023,7,0.2,2.9163636363636365,existing_methodology,2023,all,none,,,,
00-0038582,QB,2023,9,-0.9,2.9163636363636365,existing_methodology,2023,all,none,,,,
00-0038582,QB,2023,10,6.1,5.992771084337349,existing_methodology,2023,all,none,,,,
00-0038582,QB,2023,12,2.0,5.6279999999999974,existing_methodology,2023,all,none,,,,
00-0038582,QB,2023,15,0.0,5.6279999999999974,existing_methodology,2023,all,none,,,,
00-0038582,QB,2023,17,0.0,2.9163636363636365,existing_methodology,2023,all,none,,,,
00-0038582,QB,2023,18,0.1,2.9163636363636365,existing_methodology,2023,all,none,,,,
00-0038583,QB,2023,3,0.0,2.9163636363636365,existing_methodology,2023,all,none,,,,
00-0038583,QB,2023,4,1.2,2.9163636363636365,existing_methodology,2023,all,none,,,,
00-0038583,QB,2023,8,0.4,5.992771084337349,existing_methodology,2023,all,none,,,,
00-0038583,QB,2023,11,6.6,5.6279999999999974,existing_methodology,2023,all,none,,,,
00-0038583,QB,2023,12,11.5,9.671428571428573,existing_methodology,2023,all,none,,,,
00-0038583,QB,2023,14,0.5,10.595454545454546,existing_methodology,2023,all,none,,,,
00-0038583,QB,2023,15,0.2,7.222222222222224,existing_methodology,2023,all,none,,,,
00-0038583,QB,2023,16,1.7,5.992771084337349,existing_methodology,2023,all,none,,,,
00-0039150,QB,2023,1,7.5,2.9163636363636365,existing_methodology,2023,all,none,,,,
00-0039150,QB,2023,2,13.5,12.345669811320752,existing_methodology,2023,all,none,,,,
00-0039150,QB,2023,4,7.2,14.876561983471069,existing_methodology,2023,all,none,,,,
00-0039150,QB,2023,5,18.3,14.876561983471069,existing_methodology,2023,all,none,,,,
00-0039150,QB,2023,6,12.7,15.679466666666666,existing_methodology,2023,all,none,,,,
00-0039150,QB,2023,8,14.5,14.312188405797098,existing_methodology,2023,all,none,,,,
00-0039150,QB,2023,9,9.0,14.48108108108108,existing_methodology,2023,all,none,,,,
00-0039150,QB,2023,10,9.2,14.876561983471069,existing_methodology,2023,all,none,,,,
00-0039150,QB,2023,11,5.2,15.231147540983601,existing_methodology,2023,all,none,,,,
00-0039150,QB,2023,12,8.1,14.876561983471069,existing_methodology,2023,all,none,,,,
00-0039150,QB,2023,13,7.1,14.876561983471069,existing_methodology,2023,all,none,,,,
00-0039150,QB,2023,14,7.5,13.985185185185188,existing_methodology,2023,all,none,,,,
00-0039150,QB,2023,15,7.6,14.312188405797098,existing_methodology,2023,all,none,,,,
00-0039150,QB,2023,16,22.2,13.985185185185188,existing_methodology,2023,all,none,,,,
00-0039150,QB,2023,17,2.7,15.679466666666666,existing_methodology,2023,all,none,,,,
00-0039150,QB,2023,18,4.2,14.312188405797098,existing_methodology,2023,all,none,,,,
00-0039152,QB,2023,8,26.6,2.9163636363636365,existing_methodology,2023,all,none,,,,
00-0039152,QB,2023,9,8.7,12.345669811320752,existing_methodology,2023,all,none,,,,
00-0039152,QB,2023,10,6.0,14.312188405797098,existing_methodology,2023,all,none,,,,
00-0039152,QB,2023,11,12.5,13.985185185185188,existing_methodology,2023,all,none,,,,
00-0039152,QB,2023,12,7.1,12.345669811320752,existing_methodology,2023,all,none,,,,
00-0039152,QB,2023,13,11.5,12.345669811320752,existing_methodology,2023,all,none,,,,
00-0039152,QB,2023,14,16.6,12.345669811320752,existing_methodology,2023,all,none,,,,
00-0039152,QB,2023,15,14.5,14.312188405797098,existing_methodology,2023,all,none,,,,
00-0039152,QB,2023,17,-1.4,15.231147540983601,existing_methodology,2023,all,none,,,,
00-0039163,QB,2023,1,10.7,2.9163636363636365,existing_methodology,2023,all,none,,,,
00-0039163,QB,2023,2,21.5,12.345669811320752,existing_methodology,2023,all,none,,,,
00-0039163,QB,2023,3,20.6,15.9462,existing_methodology,2023,all,none,,,,
00-0039163,QB,2023,4,21.8,16.241284403669727,existing_methodology,2023,all,none,,,,
00-0039163,QB,2023,5,14.2,18.332836555360277,existing_methodology,2023,all,none,,,,
00-0039163,QB,2023,6,14.2,16.241284403669727,existing_methodology,2023,all,none,,,,
00-0039163,QB,2023,8,12.9,16.241284403669727,existing_methodology,2023,all,none,,,,
00-0039163,QB,2023,9,40.8,14.48108108108108,existing_methodology,2023,all,none,,,,
00-0039163,QB,2023,10,19.0,18.332836555360277,existing_methodology,2023,all,none,,,,
00-0039163,QB,2023,11,15.3,18.332836555360277,existing_methodology,2023,all,none,,,,
00-0039163,QB,2023,12,30.9,18.332836555360277,existing_methodology,2023,all,none,,,,
00-0039163,QB,2023,13,16.1,18.332836555360277,existing_methodology,2023,all,none,,,,
00-0039163,QB,2023,14,3.6,18.332836555360277,existing_methodology,2023,all,none,,,,
00-0039163,QB,2023,17,12.9,16.549240875912407,existing_methodology,2023,all,none,,,,
00-0039163,QB,2023,18,20.6,13.985185185185188,existing_methodology,2023,all,none,,,,
00-0039163,QB,2023,19,23.1,13.985185185185188,existing_methodology,2023,all,none,,,,
00-0039163,QB,2023,20,7.9,15.9462,existing_methodology,2023,all,none,,,,
00-0039164,QB,2023,1,20.9,2.9163636363636365,existing_methodology,2023,all,none,,,,
00-0039164,QB,2023,2,17.7,14.876561983471069,existing_methodology,2023,all,none,,,,
00-0039164,QB,2023,4,29.6,14.48108108108108,existing_methodology,2023,all,none,,,,
00-0039164,QB,2023,5,4.4,16.549240875912407,existing_methodology,2023,all,none,,,,
00-0023459,QB,2023,1,0.0,14.074641691054117,F_yeojohnson_huber,2023,all,none,,,,
00-0026158,QB,2023,13,16.2,5.179940429922539,F_yeojohnson_huber,2023,all,none,,,,
00-0026158,QB,2023,14,20.3,6.394469071745767,F_yeojohnson_huber,2023,all,none,,,,
00-0026158,QB,2023,15,16.9,9.660306066038402,F_yeojohnson_huber,2023,all,none,,,,
00-0026158,QB,2023,16,24.8,12.481128011158573,F_yeojohnson_huber,2023,all,none,,,,
00-0026158,QB,2023,17,22.7,12.163074800031149,F_yeojohnson_huber,2023,all,none,,,,
00-0026158,QB,2023,19,13.6,15.672796173517906,F_yeojohnson_huber,2023,all,none,,,,
00-0026498,QB,2023,1,14.5,13.377254356631793,F_yeojohnson_huber,2023,all,none,,,,
00-0026498,QB,2023,2,14.0,12.44304660022252,F_yeojohnson_huber,2023,all,none,,,,
00-0026498,QB,2023,3,11.5,15.54342867589617,F_yeojohnson_huber,2023,all,none,,,,
00-0026498,QB,2023,4,16.2,15.46612871258769,F_yeojohnson_huber,2023,all,none,,,,
00-0026498,QB,2023,5,16.9,14.90568280993001,F_yeojohnson_huber,2023,all,none,,,,
00-0026498,QB,2023,6,13.2,16.460004389516826,F_yeojohnson_huber,2023,all,none,,,,
00-0026498,QB,2023,7,14.0,15.134353353660838,F_yeojohnson_huber,2023,all,none,,,,
00-0026498,QB,2023,8,11.4,12.290863210116516,F_yeojohnson_huber,2023,all,none,,,,
00-0026498,QB,2023,11,9.7,13.19329229599359,F_yeojohnson_huber,2023,all,none,,,,
00-0026498,QB,2023,12,23.4,16.307694513575456,F_yeojohnson_huber,2023,all,none,,,,
00-0026498,QB,2023,13,23.0,14.318150599144253,F_yeojohnson_huber,2023,all,none,,,,
00-0026498,QB,2023,14,23.7,11.597639813508936,F_yeojohnson_huber,2023,all,none,,,,
00-0026498,QB,2023,15,18.5,17.685581554332703,F_yeojohnson_huber,2023,all,none,,,,
00-0026498,QB,2023,16,20.7,16.018404832490045,F_yeojohnson_huber,2023,all,none,,,,
00-0026498,QB,2023,17,12.6,16.353118770645445,F_yeojohnson_huber,2023,all,none,,,,
00-0026498,QB,2023,19,22.7,15.645885794133143,F_yeojohnson_huber,2023,all,none,,,,
00-0026625,QB,2023,1,0.0,4.397478739959897,F_yeojohnson_huber,2023,all,none,,,,
00-0026625,QB,2023,6,3.8,6.171018992744199,F_yeojohnson_huber,2023,all,none,,,,
00-0026625,QB,2023,7,1.2,6.139401072224099,F_yeojohnson_huber,2023,all,none,,,,
00-0027948,QB,2023,3,-2.9,0.8600147297155114,F_yeojohnson_huber,2023,all,none,,,,
00-0027948,QB,2023,18,8.8,6.879021987859434,F_yeojohnson_huber,2023,all,none,,,,
00-0027973,QB,2023,2,0.0,5.390128968294183,F_yeojohnson_huber,2023,all,none,,,,
00-0027973,QB,2023,3,23.5,6.545457246129327,F_yeojohnson_huber,2023,all,none,,,,
00-0027973,QB,2023,5,0.1,8.423956127212623,F_yeojohnson_huber,2023,all,none,,,,
00-0028118,QB,2023,1,0.2,6.013529959279822,F_yeojohnson_huber,2023,all,none,,,,
00-0028118,QB,2023,3,0.2,7.931799799423551,F_yeojohnson_huber,2023,all,none,,,,
00-0028118,QB,2023,4,0.0,5.117263503504483,F_yeojohnson_huber,2023,all,none,,,,
00-0028118,QB,2023,5,4.8,7.476684400045588,F_yeojohnson_huber,2023,all,none,,,,
00-0028118,QB,2023,6,10.4,7.2045918594223135,F_yeojohnson_huber,2023,all,none,,,,
00-0028118,QB,2023,7,21.7,8.688900340083089,F_yeojohnson_huber,2023,all,none,,,,
00-0028118,QB,2023,8,3.6,6.668205868682484,F_yeojohnson_huber,2023,all,none,,,,
00-0028118,QB,2023,15,0.5,7.005939461061661,F_yeojohnson_huber,2023,all,none,,,,
00-0028118,QB,2023,16,9.4,6.973374266751124,F_yeojohnson_huber,2023,all,none,,,,
00-0028118,QB,2023,17,18.8,8.139874057044437,F_yeojohnson_huber,2023,all,none,,,,
00-0028118,QB,2023,18,17.7,11.916846136488095,F_yeojohnson_huber,2023,all,none,,,,
00-0028986,QB,2023,15,11.3,5.56215319885009,F_yeojohnson_huber,2023,all,none,,,,
00-0028986,QB,2023,16,-1.5,4.7118862490269775,F_yeojohnson_huber,2023,all,none,,,,
00-0029263,QB,2023,1,15.2,15.527342925445225,F_yeojohnson_huber,2023,all,none,,,,
00-0029263,QB,2023,2,25.9,16.050265912469882,F_yeojohnson_huber,2023,all,none,,,,
00-0029263,QB,2023,3,14.2,15.214902449880732,F_yeojohnson_huber,2023,all,none,,,,
00-0029263,QB,2023,4,22.2,17.334036249297533,F_yeojohnson_huber,2023,all,none,,,,
00-0029263,QB,2023,5,18.7,15.250926222832618,F_yeojohnson_huber,2023,all,none,,,,
00-0029263,QB,2023,6,6.9,11.737154727064876,F_yeojohnson_huber,2023,all,none,,,,
00-0029263,QB,2023,7,13.9,16.13502382511482,F_yeojohnson_huber,2023,all,none,,,,
00-0029263,QB,2023,8,17.6,14.068185193010738,F_yeojohnson_huber,2023,all,none,,,,
00-0029263,QB,2023,10,18.7,12.489110361417382,F_yeojohnson_huber,2023,all,none,,,,
00-0029263,QB,2023,11,14.5,15.788034297677658,F_yeojohnson_huber,2023,all,none,,,,
00-0029263,QB,2023,12,16.8,14.285467834675226,F_yeojohnson_huber,2023,all,none,,,,
00-0029263,QB,2023,13,15.8,17.94085797354115,F_yeojohnson_huber,2023,all,none,,,,
00-0029263,QB,2023,14,15.5,15.209642343034819,F_yeojohnson_huber,2023,all,none,,,,
00-0029263,QB,2023,15,17.5,16.520035399468597,F_yeojohnson_huber,2023,all,none,,,,
00-0029263,QB,2023,16,23.5,14.53992606253208,F_yeojohnson_huber,2023,all,none,,,,
00-0029604,QB,2023,1,16.5,16.75136091108733,F_yeojohnson_huber,2023,all,none,,,,
00-0029604,QB,2023,2,28.6,15.264085980297676,F_yeojohnson_huber,2023,all,none,,,,
00-0029604,QB,2023,3,25.7,19.305840233099918,F_yeojohnson_huber,2023,all,none,,,,
00-0029604,QB,2023,4,9.6,17.201904747917396,F_yeojohnson_huber,2023,all,none,,,,
00-0029604,QB,2023,5,19.9,17.73777753319662,F_yeojohnson_huber,2023,all,none,,,,
00-0029604,QB,2023,6,8.7,15.30232278036722,F_yeojohnson_huber,2023,all,none,,,,
00-0029604,QB,2023,7,21.0,12.001122714387494,F_yeojohnson_huber,2023,all,none,,,,
00-0029604,QB,2023,8,19.9,15.368785952380087,F_yeojohnson_huber,2023,all,none,,,,
00-0029701,QB,2023,1,2.4,12.45679826229093,F_yeojohnson_huber,2023,all,none,,,,
00-0029701,QB,2023,2,21.0,14.159061524410022,F_yeojohnson_huber,2023,all,none,,,,
00-0029701,QB,2023,3,4.2,10.57831304798115,F_yeojohnson_huber,2023,all,none,,,,
00-0029701,QB,2023,4,12.7,11.443093523526185,F_yeojohnson_huber,2023,all,none,,,,
00-0029701,QB,2023,5,9.8,14.733954404322226,F_yeojohnson_huber,2023,all,none,,,,
00-0029701,QB,2023,6,1.0,13.403613316937538,F_yeojohnson_huber,2023,all,none,,,,
00-0029701,QB,2023,16,9.8,12.590085593962181,F_yeojohnson_huber,2023,all,none,,,,
00-0029701,QB,2023,17,6.7,12.500137887599546,F_yeojohnson_huber,2023,all,none,,,,
00-0029701,QB,2023,18,12.4,10.421715085482925,F_yeojohnson_huber,2023,all,none,,,,
00-0030533,QB,2023,17,-0.3,4.990825576405981,F_yeojohnson_huber,2023,all,none,,,,
00-0030565,QB,2023,1,9.1,18.29911608474844,F_yeojohnson_huber,2023,all,none,,,,
00-0030565,QB,2023,2,23.1,14.969071717961357,F_yeojohnson_huber,2023,all,none,,,,
00-0030565,QB,2023,3,15.4,17.37223051973501,F_yeojohnson_huber,2023,all,none,,,,
00-0030565,QB,2023,4,9.2,19.000478323077676,F_yeojohnson_huber,2023,all,none,,,,
00-0030565,QB,2023,6,11.0,15.833772983324252,F_yeojohnson_huber,2023,all,none,,,,
00-0030565,QB,2023,7,13.8,16.657261983362478,F_yeojohnson_huber,2023,all,none,,,,
00-0030565,QB,2023,8,13.9,15.299388750313017,F_yeojohnson_huber,2023,all,none,,,,
00-0030565,QB,2023,9,2.7,12.471138819838137,F_yeojohnson_huber,2023,all,none,,,,
00-0030565,QB,2023,10,24.1,16.795864011028375,F_yeojohnson_huber,2023,all,none,,,,
00-0030565,QB,2023,11,13.2,15.454625001803699,F_yeojohnson_huber,2023,all,none,,,,
00-0030565,QB,2023,12,7.3,12.114827194863773,F_yeojohnson_huber,2023,all,none,,,,
00-0030565,QB,2023,13,30.0,14.040907876096254,F_yeojohnson_huber,2023,all,none,,,,
00-0030565,QB,2023,16,17.3,15.900597107323133,F_yeojohnson_huber,2023,all,none,,,,
00-0030565,QB,2023,17,16.9,15.686835879935195,F_yeojohnson_huber,2023,all,none,,,,
00-0030565,QB,2023,18,20.4,19.71874316215956,F_yeojohnson_huber,2023,all,none,,,,
00-0031237,QB,2023,5,-0.2,1.5310176817233936,F_yeojohnson_huber,2023,all,none,,,,
00-0031280,QB,2023,1,14.6,14.42973887135575,F_yeojohnson_huber,2023,all,none,,,,
00-0031280,QB,2023,2,6.7,14.44977391518046,F_yeojohnson_huber,2023,all,none,,,,
00-0031280,QB,2023,3,8.1,14.924485608453498,F_yeojohnson_huber,2023,all,none,,,,
00-0031280,QB,2023,4,3.2,14.683449343419099,F_yeojohnson_huber,2023,all,none,,,,
00-0031280,QB,2023,5,15.7,9.452330602664738,F_yeojohnson_huber,2023,all,none,,,,
00-0031280,QB,2023,6,16.3,14.971610323138032,F_yeojohnson_huber,2023,all,none,,,,
00-0031280,QB,2023,7,17.4,15.477888751745201,F_yeojohnson_huber,2023,all,none,,,,
00-0031280,QB,2023,8,18.3,15.360154046276715,F_yeojohnson_huber,2023,all,none,,,,
00-0031280,QB,2023,9,16.7,16.00276910468628,F_yeojohnson_huber,2023,all,none,,,,
00-0031280,QB,2023,10,5.4,15.200660786638938,F_yeojohnson_huber,2023,all,none,,,,
00-0031280,QB,2023,12,10.9,13.692095571492226,F_yeojohnson_huber,2023,all,none,,,,
00-0031280,QB,2023,13,8.9,14.986616829401962,F_yeojohnson_huber,2023,all,none,,,,
00-0031280,QB,2023,14,10.8,14.128227753384795,F_yeojohnson_huber,2023,all,none,,,,
00-0031280,QB,2023,15,20.3,14.348216791296164,F_yeojohnson_huber,2023,all,none,,,,
00-0031280,QB,2023,16,25.0,14.745163935586195,F_yeojohnson_huber,2023,all,none,,,,
00-0031280,QB,2023,17,15.6,15.160171572939422,F_yeojohnson_huber,2023,all,none,,,,
00-0031280,QB,2023,18,27.2,15.059720576131213,F_yeojohnson_huber,2023,all,none,,,,
00-0031288,QB,2023,14,0.0,4.147693539669667,F_yeojohnson_huber,2023,all,none,,,,
00-0031288,QB,2023,18,0.8,3.477563879663954,F_yeojohnson_huber,2023,all,none,,,,
00-0031345,QB,2023,1,15.1,11.837813015990408,F_yeojohnson_huber,2023,all,none,,,,
00-0031345,QB,2023,2,7.5,11.453308611053204,F_yeojohnson_huber,2023,all,none,,,,
00-0031345,QB,2023,3,17.7,13.508186706798446,F_yeojohnson_huber,2023,all,none,,,,
00-0031345,QB,2023,5,10.7,16.244928396588065,F_yeojohnson_huber,2023,all,none,,,,
00-0031345,QB,2023,6,8.9,13.347908926790701,F_yeojohnson_huber,2023,all,none,,,,
00-0031345,QB,2023,8,4.2,14.424352448263718,F_yeojohnson_huber,2023,all,none,,,,
00-0031345,QB,2023,18,0.0,10.725330501615245,F_yeojohnson_huber,2023,all,none,,,,
00-0031503,QB,2023,3,4.0,8.476759989912132,F_yeojohnson_huber,2023,all,none,,,,
00-0031503,QB,2023,4,-2.0,8.494863005903527,F_yeojohnson_huber,2023,all,none,,,,
00-0031503,QB,2023,5,-0.4,7.098848356317895,F_yeojohnson_huber,2023,all,none,,,,
00-0031503,QB,2023,10,8.9,2.458025943349331,F_yeojohnson_huber,2023,all,none,,,,
00-0031503,QB,2023,13,1.6,4.1252057224401915,F_yeojohnson_huber,2023,all,none,,,,
00-0031503,QB,2023,14,-0.2,7.02203446517769,F_yeojohnson_huber,2023,all,none,,,,
00-0031503,QB,2023,18,0.0,5.502114298062784,F_yeojohnson_huber,2023,all,none,,,,
00-0031800,QB,2023,8,12.4,6.889536873371258,F_yeojohnson_huber,2023,all,none,,,,
00-0031800,QB,2023,9,14.7,8.703591475570034,F_yeojohnson_huber,2023,all,none,,,,
00-0031800,QB,2023,10,9.6,8.686050580289933,F_yeojohnson_huber,2023,all,none,,,,
00-0031800,QB,2023,16,14.2,7.732612948511912,F_yeojohnson_huber,2023,all,none,,,,
00-0031800,QB,2023,17,15.1,10.834106368556448,F_yeojohnson_huber,2023,all,none,,,,
00-0032156,QB,2023,13,1.4,5.255270929879297,F_yeojohnson_huber,2023,all,none,,,,
00-0032156,QB,2023,15,-1.6,5.150701815728586,F_yeojohnson_huber,2023,all,none,,,,
00-0032156,QB,2023,16,10.5,5.882555975880931,F_yeojohnson_huber,2023,all,none,,,,
00-0032156,QB,2023,17,13.7,6.342630210622833,F_yeojohnson_huber,2023,all,none,,,,
00-0032156,QB,2023,18,2.9,6.434947232441626,F_yeojohnson_huber,2023,all,none,,,,
00-0032268,QB,2023,13,1.2,6.496379567077639,F_yeojohnson_huber,2023,all,none,,,,
00-0032268,QB,2023,14,0.0,6.892174887194072,F_yeojohnson_huber,2023,all,none,,,,
00-0032268,QB,2023,18,10.5,4.691140901045988,F_yeojohnson_huber,2023,all,none,,,,
00-0032436,QB,2023,18,13.9,4.832285081248644,F_yeojohnson_huber,2023,all,none,,,,
00-0032950,QB,2023,12,0.0,2.729858600305952,F_yeojohnson_huber,2023,all,none,,,,
00-0032950,QB,2023,18,26.1,7.336442715497551,F_yeojohnson_huber,2023,all,none,,,,
00-0033077,QB,2023,1,6.3,16.98050492097685,F_yeojohnson_huber,2023,all,none,,,,
00-0033077,QB,2023,2,19.6,16.035144337224327,F_yeojohnson_huber,2023,all,none,,,,
00-0033077,QB,2023,3,14.4,21.68142785328081,F_yeojohnson_huber,2023,all,none,,,,
00-0033077,QB,2023,4,14.3,18.973206789619834,F_yeojohnson_huber,2023,all,none,,,,
00-0033077,QB,2023,5,4.3,15.527751532924338,F_yeojohnson_huber,2023,all,none,,,,
00-0033077,QB,2023,6,24.9,17.41928333666731,F_yeojohnson_huber,2023,all,none,,,,
00-0033077,QB,2023,8,28.1,19.056894454622782,F_yeojohnson_huber,2023,all,none,,,,
00-0033077,QB,2023,9,28.4,16.900733122262494,F_yeojohnson_huber,2023,all,none,,,,
00-0033077,QB,2023,10,37.9,21.734044374359904,F_yeojohnson_huber,2023,all,none,,,,
00-0033077,QB,2023,11,16.2,19.242173619572252,F_yeojohnson_huber,2023,all,none,,,,
00-0033077,QB,2023,12,32.2,20.047574160431324,F_yeojohnson_huber,2023,all,none,,,,
00-0033077,QB,2023,13,28.3,18.81088895196478,F_yeojohnson_huber,2023,all,none,,,,
00-0033077,QB,2023,14,17.9,19.463297705805484,F_yeojohnson_huber,2023,all,none,,,,
00-0033077,QB,2023,15,6.1,15.009731921784596,F_yeojohnson_huber,2023,all,none,,,,
00-0033077,QB,2023,16,18.6,15.307033598803908,F_yeojohnson_huber,2023,all,none,,,,
00-0033077,QB,2023,17,20.3,18.951736569441543,F_yeojohnson_huber,2023,all,none,,,,
00-0033077,QB,2023,18,25.2,18.98057641616915,F_yeojohnson_huber,2023,all,none,,,,
00-0033077,QB,2023,19,30.6,19.80397871205006,F_yeojohnson_huber,2023,all,none,,,,
00-0033106,QB,2023,1,14.0,17.452379984408008,F_yeojohnson_huber,2023,all,none,,,,
00-0033106,QB,2023,2,22.9,17.18074437182583,F_yeojohnson_huber,2023,all,none,,,,
00-0033106,QB,2023,3,18.0,17.49617049295186,F_yeojohnson_huber,2023,all,none,,,,
00-0033106,QB,2023,4,11.4,16.291513192641837,F_yeojohnson_huber,2023,all,none,,,,
00-0033106,QB,2023,5,27.4,16.871040564912928,F_yeojohnson_huber,2023,all,none,,,,
00-0033106,QB,2023,6,22.4,14.613204497836449,F_yeojohnson_huber,2023,all,none,,,,
00-0033106,QB,2023,7,9.4,12.15104094543488,F_yeojohnson_huber,2023,all,none,,,,
00-0033106,QB,2023,8,12.7,17.351517435945876,F_yeojohnson_huber,2023,all,none,,,,
00-0033106,QB,2023,10,21.1,17.72916465434193,F_yeojohnson_huber,2023,all,none,,,,
00-0033106,QB,2023,11,13.7,18.20506460618592,F_yeojohnson_huber,2023,all,none,,,,
00-0033106,QB,2023,12,18.2,18.14930107987266,F_yeojohnson_huber,2023,all,none,,,,
00-0033106,QB,2023,13,16.3,17.593202405453944,F_yeojohnson_huber,2023,all,none,,,,
00-0033106,QB,2023,14,4.4,16.355613141397036,F_yeojohnson_huber,2023,all,none,,,,
00-0033106,QB,2023,15,31.1,18.52203489978578,F_yeojohnson_huber,2023,all,none,,,,
00-0033106,QB,2023,16,14.3,17.04177839600011,F_yeojohnson_huber,2023,all,none,,,,
00-0033106,QB,2023,17,10.8,16.325516080727905,F_yeojohnson_huber,2023,all,none,,,,
00-0033106,QB,2023,18,20.8,17.565248842824843,F_yeojohnson_huber,2023,all,none,,,,
00-0033106,QB,2023,19,14.8,18.788522340724235,F_yeojohnson_huber,2023,all,none,,,,
00-0033106,QB,2023,20,20.1,17.773092097262783,F_yeojohnson_huber,2023,all,none,,,,
00-0033106,QB,2023,21,14.9,15.198963596489257,F_yeojohnson_huber,2023,all,none,,,,
00-0033119,QB,2023,13,0.0,4.261271529971073,F_yeojohnson_huber,2023,all,none,,,,
00-0033119,QB,2023,15,13.9,4.67495107805534,F_yeojohnson_huber,2023,all,none,,,,
00-0033119,QB,2023,16,9.0,7.0622948226898,F_yeojohnson_huber,2023,all,none,,,,
00-0033275,QB,2023,6,3.8,3.7778728761543308,F_yeojohnson_huber,2023,all,none,,,,
00-0033275,QB,2023,7,5.4,4.4128643390971085,F_yeojohnson_huber,2023,all,none,,,,
00-0033275,QB,2023,8,10.6,7.565453176531124,F_yeojohnson_huber,2023,all,none,,,,
00-0033275,QB,2023,9,0.0,3.0812108065757107,F_yeojohnson_huber,2023,all,none,,,,
00-0033275,QB,2023,10,0.0,5.3196933455144535,F_yeojohnson_huber,2023,all,none,,,,
00-0033275,QB,2023,12,0.1,3.4330062770123293,F_yeojohnson_huber,2023,all,none,,,,
00-0033319,QB,2023,14,3.3,4.944167901860735,F_yeojohnson_huber,2023,all,none,,,,
00-0033319,QB,2023,15,17.1,6.347981812392078,F_yeojohnson_huber,2023,all,none,,,,
00-0033319,QB,2023,16,16.5,14.13001647556691,F_yeojohnson_huber,2023,all,none,,,,
00-0033319,QB,2023,17,9.1,12.146543740824475,F_yeojohnson_huber,2023,all,none,,,,
00-0033319,QB,2023,18,20.6,10.382630891034964,F_yeojohnson_huber,2023,all,none,,,,
00-0033357,QB,2023,1,0.4,10.103812331358647,F_yeojohnson_huber,2023,all,none,,,,
00-0033357,QB,2023,2,8.7,9.895016100289705,F_yeojohnson_huber,2023,all,none,,,,
00-0033357,QB,2023,3,3.1,6.78896470304655,F_yeojohnson_huber,2023,all,none,,,,
00-0033357,QB,2023,4,3.2,7.24432285266437,F_yeojohnson_huber,2023,all,none,,,,
00-0033357,QB,2023,5,3.0,8.17115774464552,F_yeojohnson_huber,2023,all,none,,,,
00-0033357,QB,2023,6,12.3,8.210415275861736,F_yeojohnson_huber,2023,all,none,,,,
00-0033357,QB,2023,7,16.8,7.839171744361799,F_yeojohnson_huber,2023,all,none,,,,
00-0033357,QB,2023,8,22.5,4.894552415809032,F_yeojohnson_huber,2023,all,none,,,,
00-0033357,QB,2023,9,20.6,5.056648343844513,F_yeojohnson_huber,2023,all,none,,,,
00-0033357,QB,2023,10,4.3,8.45810870441581,F_yeojohnson_huber,2023,all,none,,,,
00-0033357,QB,2023,12,8.1,9.157680715032376,F_yeojohnson_huber,2023,all,none,,,,
00-0033357,QB,2023,13,15.4,6.234382408440427,F_yeojohnson_huber,2023,all,none,,,,
00-0033357,QB,2023,15,1.5,7.500625979991959,F_yeojohnson_huber,2023,all,none,,,,
00-0033357,QB,2023,16,0.2,5.568764207480172,F_yeojohnson_huber,2023,all,none,,,,
00-0033357,QB,2023,17,11.5,5.0819058657697225,F_yeojohnson_huber,2023,all,none,,,,
00-0033357,QB,2023,18,11.9,5.028901082430636,F_yeojohnson_huber,2023,all,none,,,,
00-0033537,QB,2023,1,20.7,16.01252230249195,F_yeojohnson_huber,2023,all,none,,,,
00-0033537,QB,2023,2,11.6,14.903553464459165,F_yeojohnson_huber,2023,all,none,,,,
00-0033537,QB,2023,3,21.2,14.019584532476612,F_yeojohnson_huber,2023,all,none,,,,
00-0033537,QB,2023,7,-1.8,15.372422324450763,F_yeojohnson_huber,2023,all,none,,,,
00-0033537,QB,2023,9,19.0,15.008581198502167,F_yeojohnson_huber,2023,all,none,,,,
00-0033537,QB,2023,10,16.2,11.081403273482554,F_yeojohnson_huber,2023,all,none,,,,
00-0033662,QB,2023,1,0.0,1.3833784962404612,F_yeojohnson_huber,2023,all,none,,,,
00-0033662,QB,2023,4,0.6,0.42710069270937834,F_yeojohnson_huber,2023,all,none,,,,
00-0033662,QB,2023,5,0.1,2.3169983249558825,F_yeojohnson_huber,2023,all,none,,,,
00-0033662,QB,2023,8,-0.2,0.7652987909933648,F_yeojohnson_huber,2023,all,none,,,,
00-0033662,QB,2023,10,1.2,0.1554016687446227,F_yeojohnson_huber,2023,all,none,,,,
00-0033662,QB,2023,11,0.3,0.10134077768808436,F_yeojohnson_huber,2023,all,none,,,,
00-0033662,QB,2023,18,1.2,-0.059673703074828666,F_yeojohnson_huber,2023,all,none,,,,
00-0033869,QB,2023,4,0.7,8.129035297880543,F_yeojohnson_huber,2023,all,none,,,,
00-0033869,QB,2023,8,7.3,7.760635862686161,F_yeojohnson_huber,2023,all,none,,,,
00-0033869,QB,2023,13,7.2,4.917242049089559,F_yeojohnson_huber,2023,all,none,,,,
00-0033869,QB,2023,14,20.6,8.252789123299806,F_yeojohnson_huber,2023,all,none,,,,
00-0033869,QB,2023,15,12.9,8.617644223898145,F_yeojohnson_huber,2023,all,none,,,,
00-0033873,QB,2023,1,19.5,22.657155248697705,F_yeojohnson_huber,2023,all,none,,,,
00-0033873,QB,2023,2,21.2,21.28539264968563,F_yeojohnson_huber,2023,all,none,,,,
00-0033873,QB,2023,3,25.7,22.03938134677202,F_yeojohnson_huber,2023,all,none,,,,
00-0033873,QB,2023,4,13.2,21.273115019236435,F_yeojohnson_huber,2023,all,none,,,,
00-0033873,QB,2023,5,19.2,23.232964657267267,F_yeojohnson_huber,2023,all,none,,,,
00-0033873,QB,2023,6,17.3,21.998772427648554,F_yeojohnson_huber,2023,all,none,,,,
00-0033873,QB,2023,7,33.9,20.874005922038464,F_yeojohnson_huber,2023,all,none,,,,
00-0033873,QB,2023,8,5.6,20.796363523826297,F_yeojohnson_huber,2023,all,none,,,,
00-0033873,QB,2023,9,15.8,21.65347662991259,F_yeojohnson_huber,2023,all,none,,,,
00-0033873,QB,2023,11,16.9,18.356521029168714,F_yeojohnson_huber,2023,all,none,,,,
00-0033873,QB,2023,12,20.8,20.924420079601173,F_yeojohnson_huber,2023,all,none,,,,
00-0033873,QB,2023,13,13.0,19.5533043938327,F_yeojohnson_huber,2023,all,none,,,,
00-0033873,QB,2023,14,13.6,21.4436574206522,F_yeojohnson_huber,2023,all,none,,,,
00-0033873,QB,2023,15,15.7,19.24559396679596,F_yeojohnson_huber,2023,all,none,,,,
00-0033873,QB,2023,16,16.7,17.27523369571643,F_yeojohnson_huber,2023,all,none,,,,
00-0033873,QB,2023,17,12.0,19.893412080310707,F_yeojohnson_huber,2023,all,none,,,,
00-0033873,QB,2023,19,18.6,16.918883756063053,F_yeojohnson_huber,2023,all,none,,,,
00-0033873,QB,2023,20,18.5,19.032323307845363,F_yeojohnson_huber,2023,all,none,,,,
00-0033873,QB,2023,21,15.1,16.63773689785774,F_yeojohnson_huber,2023,all,none,,,,
00-0033873,QB,2023,22,25.9,18.567971097923913,F_yeojohnson_huber,2023,all,none,,,,
00-0033936,QB,2023,3,0.4,1.1029817951564667,F_yeojohnson_huber,2023,all,none,,,,
00-0033936,QB,2023,6,-0.2,0.881739564174675,F_yeojohnson_huber,2023,all,none,,,,
00-0033936,QB,2023,10,0.2,1.6965877135758491,F_yeojohnson_huber,2023,all,none,,,,
00-0033936,QB,2023,11,0.0,2.0112652853672075,F_yeojohnson_huber,2023,all,none,,,,
00-0033936,QB,2023,13,3.2,0.7660091947182059,F_yeojohnson_huber,2023,all,none,,,,
00-0033936,QB,2023,16,8.4,1.424254666779353,F_yeojohnson_huber,2023,all,none,,,,
00-0033936,QB,2023,17,9.5,4.855803992856932,F_yeojohnson_huber,2023,all,none,,,,
00-0033949,QB,2023,1,3.0,11.899459004038166,F_yeojohnson_huber,2023,all,none,,,,
00-0033949,QB,2023,2,25.2,10.293363081148161,F_yeojohnson_huber,2023,all,none,,,,
00-0033949,QB,2023,3,17.1,11.03990201576777,F_yeojohnson_huber,2023,all,none,,,,
00-0033949,QB,2023,4,23.4,10.568177871794786,F_yeojohnson_huber,2023,all,none,,,,
00-0033949,QB,2023,5,8.7,14.700022899841835,F_yeojohnson_huber,2023,all,none,,,,
00-0033949,QB,2023,6,10.1,13.846175777790654,F_yeojohnson_huber,2023,all,none,,,,
00-0033949,QB,2023,7,16.1,13.597331231242396,F_yeojohnson_huber,2023,all,none,,,,
00-0033949,QB,2023,8,22.9,12.849391336577948,F_yeojohnson_huber,2023,all,none,,,,
00-0033949,QB,2023,9,24.9,12.50119616418169,F_yeojohnson_huber,2023,all,none,,,,
00-0033949,QB,2023,10,25.1,10.124845149415146,F_yeojohnson_huber,2023,all,none,,,,
00-0033949,QB,2023,11,16.9,15.419744163688062,F_yeojohnson_huber,2023,all,none,,,,
00-0033949,QB,2023,12,4.5,17.395264511359148,F_yeojohnson_huber,2023,all,none,,,,
00-0033949,QB,2023,14,4.6,16.15990905654359,F_yeojohnson_huber,2023,all,none,,,,
00-0033958,QB,2023,7,-0.4,4.423588500472986,F_yeojohnson_huber,2023,all,none,,,,
00-0033958,QB,2023,18,0.0,2.2137124141418942,F_yeojohnson_huber,2023,all,none,,,,
00-0034177,QB,2023,11,-0.6,4.172474669121938,F_yeojohnson_huber,2023,all,none,,,,
00-0034177,QB,2023,12,7.4,3.8173404277073892,F_yeojohnson_huber,2023,all,none,,,,
00-0034177,QB,2023,13,4.1,9.735794712627834,F_yeojohnson_huber,2023,all,none,,,,
00-0034401,QB,2023,3,6.6,3.2190903040180103,F_yeojohnson_huber,2023,all,none,,,,
00-0034401,QB,2023,6,-2.4,7.6666256152196794,F_yeojohnson_huber,2023,all,none,,,,
00-0034401,QB,2023,12,-0.2,1.1851129571284966,F_yeojohnson_huber,2023,all,none,,,,
00-0034401,QB,2023,13,0.1,-0.4219741524461498,F_yeojohnson_huber,2023,all,none,,,,
00-0034401,QB,2023,15,0.0,1.6308220197759447,F_yeojohnson_huber,2023,all,none,,,,
00-0034401,QB,2023,17,-2.0,1.8394206487343423,F_yeojohnson_huber,2023,all,none,,,,
00-0034438,QB,2023,18,-0.3,1.9013186933457549,F_yeojohnson_huber,2023,all,none,,,,
00-0034577,QB,2023,2,-0.2,1.7309359137335862,F_yeojohnson_huber,2023,all,none,,,,
00-0034577,QB,2023,3,-0.2,4.991441610065849,F_yeojohnson_huber,2023,all,none,,,,
00-0034577,QB,2023,4,-0.3,0.8345564569482795,F_yeojohnson_huber,2023,all,none,,,,
00-0034577,QB,2023,6,0.0,0.9881309447765099,F_yeojohnson_huber,2023,all,none,,,,
00-0034577,QB,2023,11,-0.2,1.1063928339597275,F_yeojohnson_huber,2023,all,none,,,,
00-0034577,QB,2023,15,-0.2,0.7333612417224777,F_yeojohnson_huber,2023,all,none,,,,
00-0034577,QB,2023,17,-0.2,0.7783533239521516,F_yeojohnson_huber,2023,all,none,,,,
00-0034771,QB,2023,15,0.1,7.155931775917374,F_yeojohnson_huber,2023,all,none,,,,
00-0034771,QB,2023,16,20.0,6.074744430226341,F_yeojohnson_huber,2023,all,none,,,,
00-0034771,QB,2023,17,11.5,10.790533769453546,F_yeojohnson_huber,2023,all,none,,,,
00-0034771,QB,2023,18,8.0,6.577160582720742,F_yeojohnson_huber,2023,all,none,,,,
00-0034771,QB,2023,19,16.8,7.990384028749832,F_yeojohnson_huber,2023,all,none,,,,
00-0034796,QB,2023,1,6.6,20.99426899702135,F_yeojohnson_huber,2023,all,none,,,,
00-0034796,QB,2023,2,22.9,20.21930555844579,F_yeojohnson_huber,2023,all,none,,,,
00-0034796,QB,2023,3,28.2,18.20012913671849,F_yeojohnson_huber,2023,all,none,,,,
00-0034796,QB,2023,4,28.1,13.735806769671095,F_yeojohnson_huber,2023,all,none,,,,
00-0034796,QB,2023,5,9.9,16.771884978728338,F_yeojohnson_huber,2023,all,none,,,,
00-0034796,QB,2023,6,17.1,15.306984086102915,F_yeojohnson_huber,2023,all,none,,,,
00-0034796,QB,2023,7,33.9,16.29937402236676,F_yeojohnson_huber,2023,all,none,,,,
00-0034796,QB,2023,8,12.0,18.857154230103685,F_yeojohnson_huber,2023,all,none,,,,
00-0034796,QB,2023,9,11.5,18.211477658186592,F_yeojohnson_huber,2023,all,none,,,,
00-0034796,QB,2023,10,13.0,15.987647331784828,F_yeojohnson_huber,2023,all,none,,,,
00-0034796,QB,2023,11,24.0,18.944073318022248,F_yeojohnson_huber,2023,all,none,,,,
00-0034796,QB,2023,12,15.0,19.87587815222556,F_yeojohnson_huber,2023,all,none,,,,
00-0034796,QB,2023,14,31.6,16.874515223219316,F_yeojohnson_huber,2023,all,none,,,,
00-0034796,QB,2023,15,18.5,16.54059340084806,F_yeojohnson_huber,2023,all,none,,,,
00-0034796,QB,2023,16,22.6,17.915333828937623,F_yeojohnson_huber,2023,all,none,,,,
00-0034796,QB,2023,17,36.3,18.03369924340205,F_yeojohnson_huber,2023,all,none,,,,
00-0034796,QB,2023,20,36.1,19.62279921321826,F_yeojohnson_huber,2023,all,none,,,,
00-0034796,QB,2023,21,18.6,16.179969717556183,F_yeojohnson_huber,2023,all,none,,,,
00-0034855,QB,2023,1,16.0,11.709746539329558,F_yeojohnson_huber,2023,all,none,,,,
00-0034855,QB,2023,2,18.4,14.156591149979826,F_yeojohnson_huber,2023,all,none,,,,
00-0034855,QB,2023,3,10.0,15.147798366061178,F_yeojohnson_huber,2023,all,none,,,,
00-0034855,QB,2023,4,22.9,11.863324696140225,F_yeojohnson_huber,2023,all,none,,,,
00-0034855,QB,2023,6,6.8,12.503091175532472,F_yeojohnson_huber,2023,all,none,,,,
00-0034855,QB,2023,7,16.2,12.523626406263219,F_yeojohnson_huber,2023,all,none,,,,
00-0034855,QB,2023,8,21.4,9.938105351832297,F_yeojohnson_huber,2023,all,none,,,,
00-0034855,QB,2023,9,19.0,11.842210243001121,F_yeojohnson_huber,2023,all,none,,,,
00-0034855,QB,2023,10,18.3,13.06113599102595,F_yeojohnson_huber,2023,all,none,,,,
00-0034855,QB,2023,11,10.3,10.135270175171877,F_yeojohnson_huber,2023,all,none,,,,
00-0034855,QB,2023,12,13.4,14.863650660265177,F_yeojohnson_huber,2023,all,none,,,,
00-0034855,QB,2023,13,9.9,11.179893465953118,F_yeojohnson_huber,2023,all,none,,,,
00-0034855,QB,2023,14,20.1,11.835408555823765,F_yeojohnson_huber,2023,all,none,,,,
00-0034855,QB,2023,15,29.0,9.497593725910932,F_yeojohnson_huber,2023,all,none,,,,
00-0034855,QB,2023,16,19.8,11.117453095066747,F_yeojohnson_huber,2023,all,none,,,,
00-0034855,QB,2023,17,16.3,12.997990676926257,F_yeojohnson_huber,2023,all,none,,,,
00-0034855,QB,2023,18,6.2,10.431531792518598,F_yeojohnson_huber,2023,all,none,,,,
00-0034855,QB,2023,19,27.1,12.406433096579553,F_yeojohnson_huber,2023,all,none,,,,
00-0034855,QB,2023,20,23.5,14.68409342158211,F_yeojohnson_huber,2023,all,none,,,,
00-0034857,QB,2023,1,11.0,22.209739300230673,F_yeojohnson_huber,2023,all,none,,,,
00-0034857,QB,2023,2,23.7,22.679759517072586,F_yeojohnson_huber,2023,all,none,,,,
00-0034857,QB,2023,3,21.3,21.75346490572317,F_yeojohnson_huber,2023,all,none,,,,
00-0034857,QB,2023,4,36.5,24.075530574870978,F_yeojohnson_huber,2023,all,none,,,,
00-0034857,QB,2023,5,27.8,17.635168765838706,F_yeojohnson_huber,2023,all,none,,,,
00-0034857,QB,2023,6,13.9,22.003454400854697,F_yeojohnson_huber,2023,all,none,,,,
00-0034857,QB,2023,7,24.3,20.051971455662706,F_yeojohnson_huber,2023,all,none,,,,
00-0034857,QB,2023,8,29.1,22.156325286247135,F_yeojohnson_huber,2023,all,none,,,,
00-0034857,QB,2023,9,24.7,22.654053820335495,F_yeojohnson_huber,2023,all,none,,,,
00-0034857,QB,2023,10,14.4,20.9979581649608,F_yeojohnson_huber,2023,all,none,,,,
00-0034857,QB,2023,11,22.5,18.910265953737714,F_yeojohnson_huber,2023,all,none,,,,
00-0034857,QB,2023,12,39.7,20.790631218922663,F_yeojohnson_huber,2023,all,none,,,,
00-0034857,QB,2023,14,20.5,21.831739960436828,F_yeojohnson_huber,2023,all,none,,,,
00-0034857,QB,2023,15,16.2,22.607114949023558,F_yeojohnson_huber,2023,all,none,,,,
00-0034857,QB,2023,16,25.0,23.02155035485751,F_yeojohnson_huber,2023,all,none,,,,
00-0034857,QB,2023,17,21.2,22.035829831807973,F_yeojohnson_huber,2023,all,none,,,,
00-0034857,QB,2023,18,23.1,21.908120822168186,F_yeojohnson_huber,2023,all,none,,,,
00-0034857,QB,2023,19,33.5,21.182699128814257,F_yeojohnson_huber,2023,all,none,,,,
00-0034857,QB,2023,20,30.6,22.159269682466466,F_yeojohnson_huber,2023,all,none,,,,
00-0034869,QB,2023,1,-0.2,5.667661300702285,F_yeojohnson_huber,2023,all,none,,,,
00-0034869,QB,2023,3,-0.1,5.010406496133114,F_yeojohnson_huber,2023,all,none,,,,
00-0034869,QB,2023,4,-0.1,0.74654211804451,F_yeojohnson_huber,2023,all,none,,,,
00-0034869,QB,2023,5,-0.1,1.314125583485544,F_yeojohnson_huber,2023,all,none,,,,
00-0034869,QB,2023,10,-0.1,2.0305350671737545,F_yeojohnson_huber,2023,all,none,,,,
00-0034869,QB,2023,13,-0.1,1.5947824345347983,F_yeojohnson_huber,2023,all,none,,,,
00-0034869,QB,2023,15,0.6,0.9853723497299243,F_yeojohnson_huber,2023,all,none,,,,
00-0034869,QB,2023,16,6.1,1.1130441432551756,F_yeojohnson_huber,2023,all,none,,,,
00-0034869,QB,2023,17,-0.2,0.730179745878264,F_yeojohnson_huber,2023,all,none,,,,
00-0034869,QB,2023,18,17.5,2.0002022687429033,F_yeojohnson_huber,2023,all,none,,,,
00-0034955,QB,2023,8,1.7,3.284001079076342,F_yeojohnson_huber,2023,all,none,,,,
00-0034955,QB,2023,9,5.1,4.4114409746564895,F_yeojohnson_huber,2023,all,none,,,,
00-0035100,QB,2023,1,-0.1,2.4586445220312267,F_yeojohnson_huber,2023,all,none,,,,
00-0035100,QB,2023,11,10.7,2.0244784186548563,F_yeojohnson_huber,2023,all,none,,,,
00-0035100,QB,2023,12,12.0,5.291423006261017,F_yeojohnson_huber,2023,all,none,,,,
00-0035100,QB,2023,13,26.7,7.162610765115538,F_yeojohnson_huber,2023,all,none,,,,
00-0035100,QB,2023,14,23.7,12.621280919532765,F_yeojohnson_huber,2023,all,none,,,,
00-0035100,QB,2023,15,19.0,14.266348558331428,F_yeojohnson_huber,2023,all,none,,,,
00-0035100,QB,2023,16,13.4,12.849812231926398,F_yeojohnson_huber,2023,all,none,,,,
00-0035100,QB,2023,17,21.1,13.036932353511883,F_yeojohnson_huber,2023,all,none,,,,
00-0035100,QB,2023,18,18.0,11.891758119807353,F_yeojohnson_huber,2023,all,none,,,,
00-0035228,QB,2023,10,17.3,15.31404164523688,F_yeojohnson_huber,2023,all,none,,,,
00-0035228,QB,2023,11,21.7,17.234428780905336,F_yeojohnson_huber,2023,all,none,,,,
00-0035228,QB,2023,12,20.4,15.998429954197839,F_yeojohnson_huber,2023,all,none,,,,
00-0035228,QB,2023,13,11.8,14.00483928207769,F_yeojohnson_huber,2023,all,none,,,,
00-0035228,QB,2023,15,13.3,13.077012383168555,F_yeojohnson_huber,2023,all,none,,,,
00-0035228,QB,2023,16,20.4,12.858083229506798,F_yeojohnson_huber,2023,all,none,,,,
00-0035228,QB,2023,17,23.7,12.906783196087003,F_yeojohnson_huber,2023,all,none,,,,
00-0035228,QB,2023,18,17.8,15.910279613547843,F_yeojohnson_huber,2023,all,none,,,,
00-0035264,QB,2023,15,0.0,4.800903839309466,F_yeojohnson_huber,2023,all,none,,,,
00-0035264,QB,2023,17,13.6,8.061068633649107,F_yeojohnson_huber,2023,all,none,,,,
00-0035264,QB,2023,18,13.1,10.54180106379368,F_yeojohnson_huber,2023,all,none,,,,
00-0035282,QB,2023,14,5.2,2.5509101436090607,F_yeojohnson_huber,2023,all,none,,,,
00-0035282,QB,2023,15,17.4,7.63194622562623,F_yeojohnson_huber,2023,all,none,,,,
00-0035282,QB,2023,16,17.1,11.512045409633663,F_yeojohnson_huber,2023,all,none,,,,
00-0035282,QB,2023,17,11.9,13.822874932278058,F_yeojohnson_huber,2023,all,none,,,,
00-0035282,QB,2023,18,16.0,14.359010581471061,F_yeojohnson_huber,2023,all,none,,,,
00-0035289,QB,2023,1,0.0,4.075261892720938,F_yeojohnson_huber,2023,all,none,,,,
00-0035289,QB,2023,2,11.1,1.7172374089745435,F_yeojohnson_huber,2023,all,none,,,,
00-0035289,QB,2023,3,13.1,2.5029644067354364,F_yeojohnson_huber,2023,all,none,,,,
00-0035289,QB,2023,5,6.3,5.548398814476519,F_yeojohnson_huber,2023,all,none,,,,
00-0035289,QB,2023,6,9.6,7.825663962962215,F_yeojohnson_huber,2023,all,none,,,,
00-0035289,QB,2023,7,27.1,9.275083220402037,F_yeojohnson_huber,2023,all,none,,,,
00-0035289,QB,2023,8,14.8,13.197705743976286,F_yeojohnson_huber,2023,all,none,,,,
00-0035289,QB,2023,9,9.6,13.26127821521369,F_yeojohnson_huber,2023,all,none,,,,
00-0035289,QB,2023,10,5.7,13.24234725454758,F_yeojohnson_huber,2023,all,none,,,,
00-0035289,QB,2023,12,14.6,14.575210641018403,F_yeojohnson_huber,2023,all,none,,,,
00-0035289,QB,2023,13,18.7,12.642617329729699,F_yeojohnson_huber,2023,all,none,,,,
00-0035289,QB,2023,14,14.1,13.362145836201117,F_yeojohnson_huber,2023,all,none,,,,
00-0035289,QB,2023,15,20.6,14.650274482808527,F_yeojohnson_huber,2023,all,none,,,,
00-0035289,QB,2023,16,9.1,13.697599068360832,F_yeojohnson_huber,2023,all,none,,,,
00-0035289,QB,2023,17,13.3,13.594248317115495,F_yeojohnson_huber,2023,all,none,,,,
00-0035289,QB,2023,18,8.5,13.469246105930353,F_yeojohnson_huber,2023,all,none,,,,
00-0035704,QB,2023,4,3.6,5.539732609302093,F_yeojohnson_huber,2023,all,none,,,,
00-0035704,QB,2023,11,-1.9,7.87038457168569,F_yeojohnson_huber,2023,all,none,,,,
00-0035704,QB,2023,14,15.3,8.477382363950516,F_yeojohnson_huber,2023,all,none,,,,
00-0035704,QB,2023,15,12.1,7.539733316305144,F_yeojohnson_huber,2023,all,none,,,,
00-0035710,QB,2023,1,4.5,17.39326571942008,F_yeojohnson_huber,2023,all,none,,,,
00-0035710,QB,2023,2,30.7,17.95247781696333,F_yeojohnson_huber,2023,all,none,,,,
00-0035710,QB,2023,3,4.0,14.163849180297296,F_yeojohnson_huber,2023,all,none,,,,
00-0035710,QB,2023,4,8.7,16.942158661363248,F_yeojohnson_huber,2023,all,none,,,,
00-0035710,QB,2023,5,7.2,12.835408975047809,F_yeojohnson_huber,2023,all,none,,,,
00-0035710,QB,2023,9,1.9,12.41838512375387,F_yeojohnson_huber,2023,all,none,,,,
00-0035993,QB,2023,4,0.8,11.772848240034088,F_yeojohnson_huber,2023,all,none,,,,
00-0035993,QB,2023,7,0.0,6.625316621098361,F_yeojohnson_huber,2023,all,none,,,,
00-0035993,QB,2023,9,6.3,3.3110443209358014,F_yeojohnson_huber,2023,all,none,,,,
00-0035993,QB,2023,17,4.7,1.337420993649126,F_yeojohnson_huber,2023,all,none,,,,
00-0035993,QB,2023,18,13.8,4.951402495707475,F_yeojohnson_huber,2023,all,none,,,,
00-0036212,QB,2023,1,27.1,16.226661623618703,F_yeojohnson_huber,2023,all,none,,,,
00-0036212,QB,2023,2,12.3,15.607619433518082,F_yeojohnson_huber,2023,all,none,,,,
00-0036212,QB,2023,3,28.4,16.685344248982247,F_yeojohnson_huber,2023,all,none,,,,
00-0036212,QB,2023,4,14.0,14.857490310851263,F_yeojohnson_huber,2023,all,none,,,,
00-0036212,QB,2023,5,16.9,18.237088851848085,F_yeojohnson_huber,2023,all,none,,,,
00-0036212,QB,2023,6,22.5,18.348264134213665,F_yeojohnson_huber,2023,all,none,,,,
00-0036212,QB,2023,7,10.3,14.772889746612986,F_yeojohnson_huber,2023,all,none,,,,
00-0036212,QB,2023,8,21.8,14.300486439231653,F_yeojohnson_huber,2023,all,none,,,,
00-0036212,QB,2023,9,12.4,16.154847429714835,F_yeojohnson_huber,2023,all,none,,,,
00-0036212,QB,2023,11,17.6,16.9310835398312,F_yeojohnson_huber,2023,all,none,,,,
00-0036212,QB,2023,12,7.8,16.336370726911046,F_yeojohnson_huber,2023,all,none,,,,
00-0036212,QB,2023,13,19.2,17.233342869180348,F_yeojohnson_huber,2023,all,none,,,,
00-0036212,QB,2023,14,11.1,17.074118435822992,F_yeojohnson_huber,2023,all,none,,,,
00-0036212,QB,2023,15,13.0,12.370904672503848,F_yeojohnson_huber,2023,all,none,,,,
00-0036212,QB,2023,16,15.5,13.648515186084058,F_yeojohnson_huber,2023,all,none,,,,
00-0036212,QB,2023,17,14.9,13.274998111174334,F_yeojohnson_huber,2023,all,none,,,,
00-0036212,QB,2023,18,7.6,12.703208971763349,F_yeojohnson_huber,2023,all,none,,,,
00-0036212,QB,2023,19,12.5,10.512938718484106,F_yeojohnson_huber,2023,all,none,,,,
00-0036264,QB,2023,1,23.0,12.0761921620557,F_yeojohnson_huber,2023,all,none,,,,
00-0036264,QB,2023,2,20.3,11.08501285988694,F_yeojohnson_huber,2023,all,none,,,,
00-0036264,QB,2023,3,24.3,11.434587795532533,F_yeojohnson_huber,2023,all,none,,,,
00-0036264,QB,2023,4,17.6,15.944106178867223,F_yeojohnson_huber,2023,all,none,,,,
00-0036264,QB,2023,5,5.0,11.663220228083246,F_yeojohnson_huber,2023,all,none,,,,
00-0036264,QB,2023,7,15.3,14.929084748722753,F_yeojohnson_huber,2023,all,none,,,,
00-0036264,QB,2023,8,14.6,12.126673317520098,F_yeojohnson_huber,2023,all,none,,,,
00-0036264,QB,2023,9,13.8,14.0251488861587,F_yeojohnson_huber,2023,all,none,,,,
00-0036264,QB,2023,10,16.7,11.497015808981974,F_yeojohnson_huber,2023,all,none,,,,
00-0036264,QB,2023,11,20.9,13.89880350332794,F_yeojohnson_huber,2023,all,none,,,,
00-0036264,QB,2023,12,26.6,13.607657870042663,F_yeojohnson_huber,2023,all,none,,,,
00-0036264,QB,2023,13,23.7,10.895511165159542,F_yeojohnson_huber,2023,all,none,,,,
00-0036264,QB,2023,14,8.9,14.926699053710816,F_yeojohnson_huber,2023,all,none,,,,
00-0036264,QB,2023,15,17.5,14.885135407451425,F_yeojohnson_huber,2023,all,none,,,,
00-0036264,QB,2023,16,24.0,13.703812528773273,F_yeojohnson_huber,2023,all,none,,,,
00-0036264,QB,2023,17,28.4,15.00551156525368,F_yeojohnson_huber,2023,all,none,,,,
00-0036264,QB,2023,18,18.5,15.550070000844194,F_yeojohnson_huber,2023,all,none,,,,
00-0036264,QB,2023,19,22.8,13.59296520329932,F_yeojohnson_huber,2023,all,none,,,,
00-0036264,QB,2023,20,14.1,10.82469414825987,F_yeojohnson_huber,2023,all,none,,,,
00-0036355,QB,2023,1,20.9,17.783657366324984,F_yeojohnson_huber,2023,all,none,,,,
00-0036355,QB,2023,2,22.2,17.499783132580937,F_yeojohnson_huber,2023,all,none,,,,
00-0036355,QB,2023,3,29.3,18.484958565995594,F_yeojohnson_huber,2023,all,none,,,,
00-0036355,QB,2023,4,23.4,18.423718364548343,F_yeojohnson_huber,2023,all,none,,,,
00-0036355,QB,2023,6,19.1,17.541949074391756,F_yeojohnson_huber,2023,all,none,,,,
00-0036355,QB,2023,7,10.9,16.88588132581284,F_yeojohnson_huber,2023,all,none,,,,
00-0036355,QB,2023,8,24.0,20.90884884166596,F_yeojohnson_huber,2023,all,none,,,,
00-0036355,QB,2023,9,7.1,16.38831402410727,F_yeojohnson_huber,2023,all,none,,,,
00-0036355,QB,2023,10,28.4,16.060739203035613,F_yeojohnson_huber,2023,all,none,,,,
00-0036355,QB,2023,11,25.7,16.946050493456163,F_yeojohnson_huber,2023,all,none,,,,
00-0036355,QB,2023,12,13.4,17.768223027592384,F_yeojohnson_huber,2023,all,none,,,,
00-0036355,QB,2023,13,8.0,16.0845271244657,F_yeojohnson_huber,2023,all,none,,,,
00-0036355,QB,2023,14,1.8,17.920900495590253,F_yeojohnson_huber,2023,all,none,,,,
00-0036389,QB,2023,1,12.5,19.014649311478163,F_yeojohnson_huber,2023,all,none,,,,
00-0036389,QB,2023,2,25.2,20.154724694097336,F_yeojohnson_huber,2023,all,none,,,,
00-0036389,QB,2023,3,19.9,19.93904088001524,F_yeojohnson_huber,2023,all,none,,,,
00-0036389,QB,2023,4,24.2,19.763358984937273,F_yeojohnson_huber,2023,all,none,,,,
00-0036389,QB,2023,5,27.3,21.306577370746087,F_yeojohnson_huber,2023,all,none,,,,
00-0036389,QB,2023,6,19.9,20.295252954582107,F_yeojohnson_huber,2023,all,none,,,,
00-0036389,QB,2023,7,23.3,21.59692482450619,F_yeojohnson_huber,2023,all,none,,,,
00-0036389,QB,2023,8,27.4,22.242631531015224,F_yeojohnson_huber,2023,all,none,,,,
00-0036389,QB,2023,9,25.9,20.747654240553317,F_yeojohnson_huber,2023,all,none,,,,
00-0036389,QB,2023,11,18.9,16.973405874578578,F_yeojohnson_huber,2023,all,none,,,,
00-0036389,QB,2023,12,34.5,21.384797853403725,F_yeojohnson_huber,2023,all,none,,,,
00-0036389,QB,2023,13,23.9,19.130224969106628,F_yeojohnson_huber,2023,all,none,,,,
00-0036389,QB,2023,14,8.9,22.96966708493017,F_yeojohnson_huber,2023,all,none,,,,
00-0036389,QB,2023,15,21.9,22.71653114767509,F_yeojohnson_huber,2023,all,none,,,,
00-0036389,QB,2023,16,23.4,20.44785820512617,F_yeojohnson_huber,2023,all,none,,,,
00-0036389,QB,2023,17,19.2,21.21728724408372,F_yeojohnson_huber,2023,all,none,,,,
00-0036389,QB,2023,18,0.6,20.0531911376606,F_yeojohnson_huber,2023,all,none,,,,
00-0036389,QB,2023,19,14.5,17.216724616383445,F_yeojohnson_huber,2023,all,none,,,,
00-0036442,QB,2023,1,3.2,18.223285068403186,F_yeojohnson_huber,2023,all,none,,,,
00-0036442,QB,2023,2,15.4,18.67915625651876,F_yeojohnson_huber,2023,all,none,,,,
00-0036442,QB,2023,3,8.2,17.204929471037072,F_yeojohnson_huber,2023,all,none,,,,
00-0036442,QB,2023,4,4.7,16.353823342357703,F_yeojohnson_huber,2023,all,none,,,,
00-0036442,QB,2023,5,23.4,17.5121410834712,F_yeojohnson_huber,2023,all,none,,,,
00-0036442,QB,2023,6,13.8,17.173025242715426,F_yeojohnson_huber,2023,all,none,,,,
00-0036442,QB,2023,8,27.6,15.31649795728202,F_yeojohnson_huber,2023,all,none,,,,
00-0036442,QB,2023,9,22.3,19.88779779524877,F_yeojohnson_huber,2023,all,none,,,,
00-0036442,QB,2023,10,19.9,20.44794160429047,F_yeojohnson_huber,2023,all,none,,,,
00-0036442,QB,2023,11,8.7,17.080446261355213,F_yeojohnson_huber,2023,all,none,,,,
00-0036879,QB,2023,14,0.0,7.370179317481684,F_yeojohnson_huber,2023,all,none,,,,
00-0036898,QB,2023,11,0.1,6.683713908019625,F_yeojohnson_huber,2023,all,none,,,,
00-0036898,QB,2023,13,0.7,5.5099669070092165,F_yeojohnson_huber,2023,all,none,,,,
00-0036898,QB,2023,14,0.2,8.522318932879841,F_yeojohnson_huber,2023,all,none,,,,
00-0036898,QB,2023,15,0.0,6.311978552870733,F_yeojohnson_huber,2023,all,none,,,,
00-0036898,QB,2023,16,16.9,6.436701388291694,F_yeojohnson_huber,2023,all,none,,,,
00-0036898,QB,2023,17,0.0,4.380134979415772,F_yeojohnson_huber,2023,all,none,,,,
00-0036898,QB,2023,19,-0.2,4.945345532763407,F_yeojohnson_huber,2023,all,none,,,,
00-0036928,QB,2023,10,-0.1,2.030731545308903,F_yeojohnson_huber,2023,all,none,,,,
00-0036928,QB,2023,12,0.0,2.367713490831029,F_yeojohnson_huber,2023,all,none,,,,
00-0036945,QB,2023,1,14.5,16.27568881952018,F_yeojohnson_huber,2023,all,none,,,,
00-0036945,QB,2023,2,14.7,14.866148560599612,F_yeojohnson_huber,2023,all,none,,,,
00-0036945,QB,2023,3,10.7,14.54110691180366,F_yeojohnson_huber,2023,all,none,,,,
00-0036945,QB,2023,4,27.9,19.55987478827037,F_yeojohnson_huber,2023,all,none,,,,
00-0036945,QB,2023,5,33.0,16.084946266951505,F_yeojohnson_huber,2023,all,none,,,,
00-0036945,QB,2023,6,4.9,17.07901530366914,F_yeojohnson_huber,2023,all,none,,,,
00-0036945,QB,2023,11,21.2,17.37589746528353,F_yeojohnson_huber,2023,all,none,,,,
00-0036945,QB,2023,12,10.6,17.24959330608275,F_yeojohnson_huber,2023,all,none,,,,
00-0036945,QB,2023,14,24.7,17.401267941045827,F_yeojohnson_huber,2023,all,none,,,,
00-0036945,QB,2023,15,9.6,14.899532473129417,F_yeojohnson_huber,2023,all,none,,,,
00-0036945,QB,2023,16,24.5,20.33581432960431,F_yeojohnson_huber,2023,all,none,,,,
00-0036945,QB,2023,17,25.2,16.252508243732354,F_yeojohnson_huber,2023,all,none,,,,
00-0036945,QB,2023,18,8.6,19.43123504864085,F_yeojohnson_huber,2023,all,none,,,,
00-0036971,QB,2023,1,17.7,17.639007594884085,F_yeojohnson_huber,2023,all,none,,,,
00-0036971,QB,2023,2,9.2,16.333615983169427,F_yeojohnson_huber,2023,all,none,,,,
00-0036971,QB,2023,3,14.4,19.315865165929733,F_yeojohnson_huber,2023,all,none,,,,
00-0036971,QB,2023,4,16.5,16.008840628101247,F_yeojohnson_huber,2023,all,none,,,,
00-0036971,QB,2023,5,15.7,13.753392667921823,F_yeojohnson_huber,2023,all,none,,,,
00-0036971,QB,2023,6,14.7,15.792650364410946,F_yeojohnson_huber,2023,all,none,,,,
00-0036971,QB,2023,7,18.1,12.662865505625202,F_yeojohnson_huber,2023,all,none,,,,
00-0036971,QB,2023,8,14.7,14.242379627278867,F_yeojohnson_huber,2023,all,none,,,,
00-0036971,QB,2023,10,2.1,12.756249093214839,F_yeojohnson_huber,2023,all,none,,,,
00-0036971,QB,2023,11,32.2,14.933503235976364,F_yeojohnson_huber,2023,all,none,,,,
00-0036971,QB,2023,12,24.6,17.653635373847496,F_yeojohnson_huber,2023,all,none,,,,
00-0036971,QB,2023,13,25.1,17.3041883062407,F_yeojohnson_huber,2023,all,none,,,,
00-0036971,QB,2023,14,17.4,10.287179188595184,F_yeojohnson_huber,2023,all,none,,,,
00-0036971,QB,2023,15,14.7,13.196661549654117,F_yeojohnson_huber,2023,all,none,,,,
00-0036971,QB,2023,16,9.3,14.740759542794825,F_yeojohnson_huber,2023,all,none,,,,
00-0036971,QB,2023,18,16.2,14.84746201713945,F_yeojohnson_huber,2023,all,none,,,,
00-0036972,QB,2023,1,24.1,12.97642197007866,F_yeojohnson_huber,2023,all,none,,,,
00-0036972,QB,2023,2,13.7,13.732589704877807,F_yeojohnson_huber,2023,all,none,,,,
00-0036972,QB,2023,3,13.3,11.30605582020838,F_yeojohnson_huber,2023,all,none,,,,
00-0036972,QB,2023,4,0.7,11.560490485540234,F_yeojohnson_huber,2023,all,none,,,,
00-0036972,QB,2023,5,-1.6,12.474889495215358,F_yeojohnson_huber,2023,all,none,,,,
00-0036972,QB,2023,6,5.9,11.993286285586413,F_yeojohnson_huber,2023,all,none,,,,
00-0036972,QB,2023,7,20.0,8.984251054356365,F_yeojohnson_huber,2023,all,none,,,,
00-0036972,QB,2023,8,12.2,10.780981929728313,F_yeojohnson_huber,2023,all,none,,,,
00-0036972,QB,2023,9,11.1,13.414924210522534,F_yeojohnson_huber,2023,all,none,,,,
00-0036972,QB,2023,10,7.3,12.84444011680841,F_yeojohnson_huber,2023,all,none,,,,
00-0036972,QB,2023,12,-0.4,13.036664128198533,F_yeojohnson_huber,2023,all,none,,,,
00-0037013,QB,2023,1,8.2,10.095567389225462,F_yeojohnson_huber,2023,all,none,,,,
00-0037013,QB,2023,2,8.4,8.350934504985576,F_yeojohnson_huber,2023,all,none,,,,
00-0037013,QB,2023,3,6.4,10.73442255540422,F_yeojohnson_huber,2023,all,none,,,,
00-0037013,QB,2023,4,19.2,10.636393668500519,F_yeojohnson_huber,2023,all,none,,,,
00-0037013,QB,2023,5,8.6,12.080144050466867,F_yeojohnson_huber,2023,all,none,,,,
00-0037013,QB,2023,6,10.9,11.578811055510899,F_yeojohnson_huber,2023,all,none,,,,
00-0037013,QB,2023,8,12.1,11.744427365357282,F_yeojohnson_huber,2023,all,none,,,,
00-0037013,QB,2023,9,7.2,10.814204702497221,F_yeojohnson_huber,2023,all,none,,,,
00-0037013,QB,2023,10,13.9,11.43263863332659,F_yeojohnson_huber,2023,all,none,,,,
00-0037013,QB,2023,11,6.7,9.870538406500405,F_yeojohnson_huber,2023,all,none,,,,
00-0037013,QB,2023,14,19.2,7.597038533451183,F_yeojohnson_huber,2023,all,none,,,,
00-0037013,QB,2023,15,-1.0,9.411553642731995,F_yeojohnson_huber,2023,all,none,,,,
00-0037077,QB,2023,1,15.2,14.38883333703594,F_yeojohnson_huber,2023,all,none,,,,
00-0037077,QB,2023,2,21.3,12.202970465182727,F_yeojohnson_huber,2023,all,none,,,,
00-0037077,QB,2023,3,0.6,11.244215464805727,F_yeojohnson_huber,2023,all,none,,,,
00-0037077,QB,2023,4,19.6,12.300617905730425,F_yeojohnson_huber,2023,all,none,,,,
00-0037077,QB,2023,5,25.4,16.33355796533802,F_yeojohnson_huber,2023,all,none,,,,
00-0037077,QB,2023,6,18.3,12.394442039377713,F_yeojohnson_huber,2023,all,none,,,,
00-0037077,QB,2023,7,9.5,14.577644853038162,F_yeojohnson_huber,2023,all,none,,,,
00-0037077,QB,2023,8,31.0,13.264938929800376,F_yeojohnson_huber,2023,all,none,,,,
00-0037077,QB,2023,9,17.7,13.968707743771908,F_yeojohnson_huber,2023,all,none,,,,
00-0037077,QB,2023,10,24.2,14.504476033615072,F_yeojohnson_huber,2023,all,none,,,,
00-0037077,QB,2023,11,17.7,16.565363989232765,F_yeojohnson_huber,2023,all,none,,,,
00-0037077,QB,2023,12,17.3,15.935615340703592,F_yeojohnson_huber,2023,all,none,,,,
00-0037077,QB,2023,13,19.2,13.432836338772397,F_yeojohnson_huber,2023,all,none,,,,
00-0037077,QB,2023,15,8.3,12.954767034284982,F_yeojohnson_huber,2023,all,none,,,,
00-0037077,QB,2023,16,-1.8,10.896826578158135,F_yeojohnson_huber,2023,all,none,,,,
00-0037077,QB,2023,17,6.7,11.551191902230814,F_yeojohnson_huber,2023,all,none,,,,
00-0037077,QB,2023,18,7.4,10.383441616275105,F_yeojohnson_huber,2023,all,none,,,,
00-0037834,QB,2023,1,16.8,13.110701209153337,F_yeojohnson_huber,2023,all,none,,,,
00-0037834,QB,2023,2,14.7,11.236498079415044,F_yeojohnson_huber,2023,all,none,,,,
00-0037834,QB,2023,3,20.3,11.522884762459976,F_yeojohnson_huber,2023,all,none,,,,
00-0037834,QB,2023,4,21.3,13.50428630936894,F_yeojohnson_huber,2023,all,none,,,,
00-0037834,QB,2023,5,26.1,12.73051452103273,F_yeojohnson_huber,2023,all,none,,,,
00-0037834,QB,2023,6,7.7,10.586886863134271,F_yeojohnson_huber,2023,all,none,,,,
00-0037834,QB,2023,7,12.8,13.098237354873891,F_yeojohnson_huber,2023,all,none,,,,
00-0037834,QB,2023,8,18.3,13.714670508044575,F_yeojohnson_huber,2023,all,none,,,,
00-0037834,QB,2023,10,23.8,14.239912949347117,F_yeojohnson_huber,2023,all,none,,,,
00-0037834,QB,2023,11,26.7,17.164550655070244,F_yeojohnson_huber,2023,all,none,,,,
00-0037834,QB,2023,12,10.5,16.61608977269573,F_yeojohnson_huber,2023,all,none,,,,
00-0037834,QB,2023,13,29.5,14.25922042800844,F_yeojohnson_huber,2023,all,none,,,,
00-0037834,QB,2023,14,21.4,18.698333656422587,F_yeojohnson_huber,2023,all,none,,,,
00-0037834,QB,2023,15,25.7,17.896319365495476,F_yeojohnson_huber,2023,all,none,,,,
00-0037834,QB,2023,16,2.4,15.750938680779068,F_yeojohnson_huber,2023,all,none,,,,
00-0037834,QB,2023,17,17.6,17.917832160926288,F_yeojohnson_huber,2023,all,none,,,,
00-0037834,QB,2023,20,15.5,14.419740576068842,F_yeojohnson_huber,2023,all,none,,,,
00-0037834,QB,2023,21,17.5,16.19839727919067,F_yeojohnson_huber,2023,all,none,,,,
00-0037834,QB,2023,22,15.4,14.911063085007967,F_yeojohnson_huber,2023,all,none,,,,
00-0038102,QB,2023,1,9.7,14.064129368448189,F_yeojohnson_huber,2023,all,none,,,,
00-0038102,QB,2023,2,10.3,11.64186653748214,F_yeojohnson_huber,2023,all,none,,,,
00-0038102,QB,2023,3,18.5,12.152464934678688,F_yeojohnson_huber,2023,all,none,,,,
00-0038102,QB,2023,4,3.5,13.678242942868328,F_yeojohnson_huber,2023,all,none,,,,
00-0038102,QB,2023,5,12.4,10.800298726381135,F_yeojohnson_huber,2023,all,none,,,,
00-0038102,QB,2023,7,15.2,12.14121661551889,F_yeojohnson_huber,2023,all,none,,,,
00-0038102,QB,2023,8,3.9,9.104271074709613,F_yeojohnson_huber,2023,all,none,,,,
00-0038102,QB,2023,9,10.3,12.181804442635135,F_yeojohnson_huber,2023,all,none,,,,
00-0038102,QB,2023,10,6.6,12.6783443311891,F_yeojohnson_huber,2023,all,none,,,,
00-0038102,QB,2023,11,5.1,9.251164228940421,F_yeojohnson_huber,2023,all,none,,,,
00-0038102,QB,2023,12,11.6,9.866430482211404,F_yeojohnson_huber,2023,all,none,,,,
00-0038102,QB,2023,13,3.1,13.315732615648916,F_yeojohnson_huber,2023,all,none,,,,
00-0038108,QB,2023,4,2.3,9.904777103396395,F_yeojohnson_huber,2023,all,none,,,,
00-0038108,QB,2023,5,0.9,7.939610167871775,F_yeojohnson_huber,2023,all,none,,,,
00-0038108,QB,2023,10,-1.0,5.860352119769669,F_yeojohnson_huber,2023,all,none,,,,
00-0038108,QB,2023,12,0.2,4.763326587694847,F_yeojohnson_huber,2023,all,none,,,,
00-0038108,QB,2023,13,7.2,5.418827570341696,F_yeojohnson_huber,2023,all,none,,,,
00-0038108,QB,2023,14,20.9,6.4023865730917375,F_yeojohnson_huber,2023,all,none,,,,
00-0038108,QB,2023,15,9.4,8.335986101126524,F_yeojohnson_huber,2023,all,none,,,,
00-0038108,QB,2023,16,16.4,9.70246607568378,F_yeojohnson_huber,2023,all,none,,,,
00-0038108,QB,2023,17,12.1,9.697816240940442,F_yeojohnson_huber,2023,all,none,,,,
00-0038108,QB,2023,18,0.8,9.77998948750513,F_yeojohnson_huber,2023,all,none,,,,
00-0038122,QB,2023,1,8.9,13.979069933011885,F_yeojohnson_huber,2023,all,none,,,,
00-0038122,QB,2023,2,21.4,12.683898100096878,F_yeojohnson_huber,2023,all,none,,,,
00-0038122,QB,2023,3,6.3,14.018461791264174,F_yeojohnson_huber,2023,all,none,,,,
00-0038122,QB,2023,4,6.2,11.996275008929029,F_yeojohnson_huber,2023,all,none,,,,
00-0038122,QB,2023,5,26.2,14.057548149679867,F_yeojohnson_huber,2023,all,none,,,,
00-0038122,QB,2023,6,16.1,13.68977039685189,F_yeojohnson_huber,2023,all,none,,,,
00-0038122,QB,2023,7,17.8,12.35379913312426,F_yeojohnson_huber,2023,all,none,,,,
00-0038122,QB,2023,8,3.4,11.492877984179797,F_yeojohnson_huber,2023,all,none,,,,
00-0038122,QB,2023,10,8.7,13.326875920878203,F_yeojohnson_huber,2023,all,none,,,,
00-0038122,QB,2023,12,9.7,13.433130059932122,F_yeojohnson_huber,2023,all,none,,,,
00-0038122,QB,2023,13,8.8,11.955060160867204,F_yeojohnson_huber,2023,all,none,,,,
00-0038122,QB,2023,14,25.4,14.162224901884052,F_yeojohnson_huber,2023,all,none,,,,
00-0038122,QB,2023,15,7.9,10.14170933494046,F_yeojohnson_huber,2023,all,none,,,,
00-0038122,QB,2023,17,-1.3,8.652151399958335,F_yeojohnson_huber,2023,all,none,,,,
00-0038122,QB,2023,18,15.6,8.343750268354611,F_yeojohnson_huber,2023,all,none,,,,
00-0038128,QB,2023,3,0.0,7.406086702836987,F_yeojohnson_huber,2023,all,none,,,,
00-0038128,QB,2023,6,4.7,6.122957593075029,F_yeojohnson_huber,2023,all,none,,,,
00-0038128,QB,2023,8,-1.6,8.298005876250764,F_yeojohnson_huber,2023,all,none,,,,
00-0038416,QB,2023,6,5.7,3.2507121876078555,F_yeojohnson_huber,2023,all,none,,,,
00-0038416,QB,2023,7,12.9,7.457027524586959,F_yeojohnson_huber,2023,all,none,,,,
00-0038416,QB,2023,8,11.2,12.734364143008015,F_yeojohnson_huber,2023,all,none,,,,
00-0038416,QB,2023,9,15.8,12.081905036731271,F_yeojohnson_huber,2023,all,none,,,,
00-0038416,QB,2023,10,7.7,14.460015711527218,F_yeojohnson_huber,2023,all,none,,,,
00-0038476,QB,2023,8,7.2,4.137329585485985,F_yeojohnson_huber,2023,all,none,,,,
00-0038476,QB,2023,9,8.7,3.590820027895659,F_yeojohnson_huber,2023,all,none,,,,
00-0038476,QB,2023,10,13.5,7.248764043396099,F_yeojohnson_huber,2023,all,none,,,,
00-0038476,QB,2023,11,22.5,8.632821200832744,F_yeojohnson_huber,2023,all,none,,,,
00-0038476,QB,2023,12,10.2,11.311486591796019,F_yeojohnson_huber,2023,all,none,,,,
00-0038476,QB,2023,14,17.4,11.691275921385703,F_yeojohnson_huber,2023,all,none,,,,
00-0038476,QB,2023,15,10.7,10.696284994528558,F_yeojohnson_huber,2023,all,none,,,,
00-0038476,QB,2023,16,2.7,13.496530408793367,F_yeojohnson_huber,2023,all,none,,,,
00-0038476,QB,2023,18,0.6,10.16201592771906,F_yeojohnson_huber,2023,all,none,,,,
00-0038579,QB,2023,4,9.8,3.7745073659605612,F_yeojohnson_huber,2023,all,none,,,,
00-0038579,QB,2023,7,5.0,10.03771077380306,F_yeojohnson_huber,2023,all,none,,,,
00-0038579,QB,2023,9,8.4,10.550164890899065,F_yeojohnson_huber,2023,all,none,,,,
00-0038579,QB,2023,10,8.4,9.01249905890811,F_yeojohnson_huber,2023,all,none,,,,
00-0038579,QB,2023,11,9.1,7.79076101278657,F_yeojohnson_huber,2023,all,none,,,,
00-0038579,QB,2023,12,13.9,11.172596142083915,F_yeojohnson_huber,2023,all,none,,,,
00-0038579,QB,2023,14,5.0,11.557031572306276,F_yeojohnson_huber,2023,all,none,,,,
00-0038579,QB,2023,15,25.9,11.995012686003466,F_yeojohnson_huber,2023,all,none,,,,
00-0038579,QB,2023,16,2.1,9.65672288945797,F_yeojohnson_huber,2023,all,none,,,,
00-0038579,QB,2023,17,20.3,11.823839956541034,F_yeojohnson_huber,2023,all,none,,,,
00-0038579,QB,2023,18,17.9,12.762611199102356,F_yeojohnson_huber,2023,all,none,,,,
00-0038582,QB,2023,7,0.2,4.81339310689066,F_yeojohnson_huber,2023,all,none,,,,
00-0038582,QB,2023,9,-0.9,6.212352802898568,F_yeojohnson_huber,2023,all,none,,,,
00-0038582,QB,2023,10,6.1,5.219909609206899,F_yeojohnson_huber,2023,all,none,,,,
00-0038582,QB,2023,12,2.0,4.336541177712383,F_yeojohnson_huber,2023,all,none,,,,
00-0038582,QB,2023,15,0.0,5.264779252364028,F_yeojohnson_huber,2023,all,none,,,,
00-0038582,QB,2023,17,0.0,4.75511135957899,F_yeojohnson_huber,2023,all,none,,,,
00-0038582,QB,2023,18,0.1,2.028411278674981,F_yeojohnson_huber,2023,all,none,,,,
00-0038583,QB,2023,3,0.0,3.1441018648127033,F_yeojohnson_huber,2023,all,none,,,,
00-0038583,QB,2023,4,1.2,4.677734823081216,F_yeojohnson_huber,2023,all,none,,,,
00-0038583,QB,2023,8,0.4,7.363278178803281,F_yeojohnson_huber,2023,all,none,,,,
00-0038583,QB,2023,11,6.6,6.525225276826357,F_yeojohnson_huber,2023,all,none,,,,
00-0038583,QB,2023,12,11.5,10.82933413536147,F_yeojohnson_huber,2023,all,none,,,,
00-0038583,QB,2023,14,0.5,10.933906907281825,F_yeojohnson_huber,2023,all,none,,,,
00-0038583,QB,2023,15,0.2,9.674101215576677,F_yeojohnson_huber,2023,all,none,,,,
00-0038583,QB,2023,16,1.7,8.533824953890237,F_yeojohnson_huber,2023,all,none,,,,
00-0039150,QB,2023,1,7.5,17.33185441723501,F_yeojohnson_huber,2023,all,none,,,,
00-0039150,QB,2023,2,13.5,12.048275639411196,F_yeojohnson_huber,2023,all,none,,,,
00-0039150,QB,2023,4,7.2,16.658258245222545,F_yeojohnson_huber,2023,all,none,,,,
00-0039150,QB,2023,5,18.3,13.926555205240675,F_yeojohnson_huber,2023,all,none,,,,
00-0039150,QB,2023,6,12.7,12.787941063063489,F_yeojohnson_huber,2023,all,none,,,,
00-0039150,QB,2023,8,14.5,12.304133826030771,F_yeojohnson_huber,2023,all,none,,,,
00-0039150,QB,2023,9,9.0,14.254169624389299,F_yeojohnson_huber,2023,all,none,,,,
00-0039150,QB,2023,10,9.2,11.967971233797677,F_yeojohnson_huber,2023,all,none,,,,
00-0039150,QB,2023,11,5.2,13.48214576770252,F_yeojohnson_huber,2023,all,none,,,,
00-0039150,QB,2023,12,8.1,10.98030774755045,F_yeojohnson_huber,2023,all,none,,,,
00-0039150,QB,2023,13,7.1,10.31343626031478,F_yeojohnson_huber,2023,all,none,,,,
00-0039150,QB,2023,14,7.5,9.084200321709156,F_yeojohnson_huber,2023,all,none,,,,
00-0039150,QB,2023,15,7.6,6.467221026777731,F_yeojohnson_huber,2023,all,none,,,,
00-0039150,QB,2023,16,22.2,11.022327243860252,F_yeojohnson_huber,2023,all,none,,,,
00-0039150,QB,2023,17,2.7,12.00791311593354,F_yeojohnson_huber,2023,all,none,,,,
00-0039150,QB,2023,18,4.2,11.010904020980702,F_yeojohnson_huber,2023,all,none,,,,
00-0039152,QB,2023,8,26.6,5.676397901600187,F_yeojohnson_huber,2023,all,none,,,,
00-0039152,QB,2023,9,8.7,14.214797937760737,F_yeojohnson_huber,2023,all,none,,,,
00-0039152,QB,2023,10,6.0,10.85833494961798,F_yeojohnson_huber,2023,all,none,,,,
00-0039152,QB,2023,11,12.5,10.383188516501423,F_yeojohnson_huber,2023,all,none,,,,
00-0039152,QB,2023,12,7.1,9.662914680885976,F_yeojohnson_huber,2023,all,none,,,,
00-0039152,QB,2023,13,11.5,11.264742349590897,F_yeojohnson_huber,2023,all,none,,,,
00-0039152,QB,2023,14,16.6,11.437129142475406,F_yeojohnson_huber,2023,all,none,,,,
00-0039152,QB,2023,15,14.5,13.677733503866305,F_yeojohnson_huber,2023,all,none,,,,
00-0039152,QB,2023,17,-1.4,12.418018517350054,F_yeojohnson_huber,2023,all,none,,,,
00-0039163,QB,2023,1,10.7,16.46387848383404,F_yeojohnson_huber,2023,all,none,,,,
00-0039163,QB,2023,2,21.5,11.380665978746807,F_yeojohnson_huber,2023,all,none,,,,
00-0039163,QB,2023,3,20.6,12.408518532665083,F_yeojohnson_huber,2023,all,none,,,,
00-0039163,QB,2023,4,21.8,13.842964663745523,F_yeojohnson_huber,2023,all,none,,,,
00-0039163,QB,2023,5,14.2,12.611853756097842,F_yeojohnson_huber,2023,all,none,,,,
00-0039163,QB,2023,6,14.2,10.241504723838098,F_yeojohnson_huber,2023,all,none,,,,
00-0039163,QB,2023,8,12.9,14.489135802663629,F_yeojohnson_huber,2023,all,none,,,,
00-0039163,QB,2023,9,40.8,13.855765115911414,F_yeojohnson_huber,2023,all,none,,,,
00-0039163,QB,2023,10,19.0,14.132457733361287,F_yeojohnson_huber,2023,all,none,,,,
00-0039163,QB,2023,11,15.3,17.319946176239934,F_yeojohnson_huber,2023,all,none,,,,
00-0039163,QB,2023,12,30.9,14.968710944811301,F_yeojohnson_huber,2023,all,none,,,,
00-0039163,QB,2023,13,16.1,18.4844433780777,F_yeojohnson_huber,2023,all,none,,,,
00-0039163,QB,2023,14,3.6,14.97452670091297,F_yeojohnson_huber,2023,all,none,,,,
00-0039163,QB,2023,17,12.9,17.41345586360587,F_yeojohnson_huber,2023,all,none,,,,
00-0039163,QB,2023,18,20.6,15.93243220554142,F_yeojohnson_huber,2023,all,none,,,,
00-0039163,QB,2023,19,23.1,14.200715975437209,F_yeojohnson_huber,2023,all,none,,,,
00-0039163,QB,2023,20,7.9,9.956183288684272,F_yeojohnson_huber,2023,all,none,,,,
00-0039164,QB,2023,1,20.9,18.672883246481142,F_yeojohnson_huber,2023,all,none,,,,
00-0039164,QB,2023,2,17.7,17.40473611303091,F_yeojohnson_huber,2023,all,none,,,,
00-0039164,QB,2023,4,29.6,14.638544385517704,F_yeojohnson_huber,2023,all,none,,,,
00-0039164,QB,2023,5,4.4,16.338089718944783,F_yeojohnson_huber,2023,all,none,,,,
00-0023459,QB,2023,1,0.0,14.749259407912223,E_quantile_gbm,2023,all,none,9.342263519257072,14.749259407912223,18.787073224951754,23.48633271490003
00-0026158,QB,2023,13,16.2,4.460554518253992,E_quantile_gbm,2023,all,none,2.319720056378843,4.460554518253992,11.636782874027498,16.23545222409568
00-0026158,QB,2023,14,20.3,7.678626715062168,E_quantile_gbm,2023,all,none,3.688049493528548,7.678626715062168,12.990133934461278,17.807518998081427
00-0026158,QB,2023,15,16.9,10.956844655168288,E_quantile_gbm,2023,all,none,4.677612853652067,10.956844655168288,15.71296432999492,19.74226774454961
00-0026158,QB,2023,16,24.8,11.761053551392639,E_quantile_gbm,2023,all,none,6.2764002893265065,11.761053551392639,16.913282025032217,23.30027384642019
00-0026158,QB,2023,17,22.7,12.461358789933826,E_quantile_gbm,2023,all,none,6.656037867494443,12.461358789933826,15.907623612061546,20.936539433236877
00-0026158,QB,2023,19,13.6,15.11699459974407,E_quantile_gbm,2023,all,none,7.618769407994563,15.11699459974407,19.366119130679703,25.088464110524207
00-0026498,QB,2023,1,14.5,13.163802907471581,E_quantile_gbm,2023,all,none,9.06268352546108,13.163802907471581,18.270838507111122,22.894222982088934
00-0026498,QB,2023,2,14.0,12.670431649183936,E_quantile_gbm,2023,all,none,8.488804756759194,12.670431649183936,17.349361489050622,22.114321178703072
00-0026498,QB,2023,3,11.5,15.515774217989653,E_quantile_gbm,2023,all,none,11.07738556163518,15.515774217989653,19.53439058211776,24.23158915355472
00-0026498,QB,2023,4,16.2,15.492179349409282,E_quantile_gbm,2023,all,none,11.087451373361699,15.492179349409282,18.833943899941794,24.733872764566396
00-0026498,QB,2023,5,16.9,14.901880866604897,E_quantile_gbm,2023,all,none,10.92897974942142,14.901880866604897,19.96923427335893,25.67091899739325
00-0026498,QB,2023,6,13.2,15.954917385028335,E_quantile_gbm,2023,all,none,11.910784139201807,15.954917385028335,22.314886311554417,25.713050861875402
00-0026498,QB,2023,7,14.0,14.287904755925636,E_quantile_gbm,2023,all,none,10.309079271990655,14.287904755925636,19.56811574232849,24.56208819345549
00-0026498,QB,2023,8,11.4,12.201586570141151,E_quantile_gbm,2023,all,none,7.882187936515745,12.201586570141151,16.544270290250605,21.67492891229853
00-0026498,QB,2023,11,9.7,13.464939530899066,E_quantile_gbm,2023,all,none,10.121262253783389,13.464939530899066,18.855792751064392,23.06649229818041
00-0026498,QB,2023,12,23.4,13.920573134469771,E_quantile_gbm,2023,all,none,10.496527302763953,13.920573134469771,21.33256078500448,24.237343667293164
00-0026498,QB,2023,13,23.0,13.513555471665207,E_quantile_gbm,2023,all,none,8.814190732701828,13.513555471665207,19.27539580155501,23.469228242724082
00-0026498,QB,2023,14,23.7,11.873452335133544,E_quantile_gbm,2023,all,none,6.787051194070397,11.873452335133544,16.046896800390797,21.25281376159631
00-0026498,QB,2023,15,18.5,17.544920585605812,E_quantile_gbm,2023,all,none,12.94637479879259,17.544920585605812,21.383242884382337,27.097551370265617
00-0026498,QB,2023,16,20.7,16.851211790438576,E_quantile_gbm,2023,all,none,11.22971566988085,16.851211790438576,20.79167942838999,25.745646392794264
00-0026498,QB,2023,17,12.6,16.573387654937065,E_quantile_gbm,2023,all,none,11.373909665122055,16.573387654937065,20.808583987078205,25.98873765715602
00-0026498,QB,2023,19,22.7,15.991326993825549,E_quantile_gbm,2023,all,none,11.421197935898245,15.991326993825549,19.870065356321707,25.028357613964193
00-0026625,QB,2023,1,0.0,3.9466611879794375,E_quantile_gbm,2023,all,none,1.5696427475321864,3.9466611879794375,11.012876710975128,14.989771634053628
00-0026625,QB,2023,6,3.8,4.129640390048235,E_quantile_gbm,2023,all,none,1.1342332981053422,4.129640390048235,11.12880470869541,14.526678455462726
00-0026625,QB,2023,7,1.2,4.950393357967262,E_quantile_gbm,2023,all,none,2.049298631662005,4.950393357967262,10.871376016234153,13.45544027542888
00-0027948,QB,2023,3,-2.9,0.5814329985601914,E_quantile_gbm,2023,all,none,0.025726740837174224,0.5814329985601914,3.8567234292414256,5.5993744818861835
00-0027948,QB,2023,18,8.8,8.453265391727541,E_quantile_gbm,2023,all,none,3.4245089194071405,8.453265391727541,12.392986015920924,13.649774239308215
00-0027973,QB,2023,2,0.0,8.109791020327275,E_quantile_gbm,2023,all,none,3.37349084660824,8.109791020327275,13.23470676718912,17.094010649397614
00-0027973,QB,2023,3,23.5,7.090247513697878,E_quantile_gbm,2023,all,none,3.580856524765828,7.090247513697878,12.419275653705451,15.635943443763185
00-0027973,QB,2023,5,0.1,9.042060635274128,E_quantile_gbm,2023,all,none,2.970464166272137,9.042060635274128,14.011144283814568,17.817937600326
00-0028118,QB,2023,1,0.2,4.585076071946467,E_quantile_gbm,2023,all,none,2.231114402243919,4.585076071946467,12.327182894735863,18.89666103370639
00-0028118,QB,2023,3,0.2,6.9707915153236994,E_quantile_gbm,2023,all,none,2.291458047978514,6.9707915153236994,13.665477186831689,17.671353667616593
00-0028118,QB,2023,4,0.0,4.6760498105675605,E_quantile_gbm,2023,all,none,-0.2615204696978133,4.6760498105675605,11.604598479318144,16.16357689214666
00-0028118,QB,2023,5,4.8,7.382162850803112,E_quantile_gbm,2023,all,none,0.9643593841827559,7.382162850803112,13.838470098715515,19.124612600417812
00-0028118,QB,2023,6,10.4,6.325155556033967,E_quantile_gbm,2023,all,none,1.9315841812991354,6.325155556033967,11.69357530644724,15.53816718591557
00-0028118,QB,2023,7,21.7,10.521953028711264,E_quantile_gbm,2023,all,none,5.685850703122176,10.521953028711264,14.763167505248152,21.2055989662539
00-0028118,QB,2023,8,3.6,8.643209205926194,E_quantile_gbm,2023,all,none,5.628449050280197,8.643209205926194,16.02618206456399,19.130562992761543
00-0028118,QB,2023,15,0.5,8.885753135967473,E_quantile_gbm,2023,all,none,3.098637541102445,8.885753135967473,16.406935091371512,19.201131400904934
00-0028118,QB,2023,16,9.4,7.748179640046554,E_quantile_gbm,2023,all,none,3.486120909168111,7.748179640046554,13.137758292109007,14.469915844369917
00-0028118,QB,2023,17,18.8,8.88235977068151,E_quantile_gbm,2023,all,none,5.156109642551883,8.88235977068151,14.534477613765299,17.698512739584118
00-0028118,QB,2023,18,17.7,12.996113518458891,E_quantile_gbm,2023,all,none,7.80038462263566,12.996113518458891,18.84534674121302,22.133647100012652
00-0028986,QB,2023,15,11.3,5.997861024564444,E_quantile_gbm,2023,all,none,1.8276631674982695,5.997861024564444,12.739024592073893,14.080161125545162
00-0028986,QB,2023,16,-1.5,4.305715847192372,E_quantile_gbm,2023,all,none,1.7134841037924067,4.305715847192372,10.483340440605263,14.640441201463574
00-0029263,QB,2023,1,15.2,14.434830056541953,E_quantile_gbm,2023,all,none,10.822953182231327,14.434830056541953,20.990005880627308,26.34145171494625
00-0029263,QB,2023,2,25.9,14.281937160663585,E_quantile_gbm,2023,all,none,9.934222139217495,14.281937160663585,20.475878094108605,24.915338282526875
00-0029263,QB,2023,3,14.2,15.03453479566249,E_quantile_gbm,2023,all,none,10.365377461372699,15.03453479566249,19.82790016955419,24.451236669699938
00-0029263,QB,2023,4,22.2,16.47261308862175,E_quantile_gbm,2023,all,none,12.466688656617869,16.47261308862175,21.7650806041831,25.165941816683667
00-0029263,QB,2023,5,18.7,14.821947058116328,E_quantile_gbm,2023,all,none,10.332094503935805,14.821947058116328,19.215300052474905,24.673145243029374
00-0029263,QB,2023,6,6.9,11.812574345293342,E_quantile_gbm,2023,all,none,7.8329139169822835,11.812574345293342,17.386728688822483,21.133766110233584
00-0029263,QB,2023,7,13.9,15.243283534133658,E_quantile_gbm,2023,all,none,11.741063908145355,15.243283534133658,22.33089314482775,25.33494367820389
00-0029263,QB,2023,8,17.6,13.761664766578631,E_quantile_gbm,2023,all,none,9.303267495834818,13.761664766578631,19.199059277164178,23.25272157860437
00-0029263,QB,2023,10,18.7,11.834649790638476,E_quantile_gbm,2023,all,none,8.796841267972098,11.834649790638476,18.64031571889063,22.156542011154258
00-0029263,QB,2023,11,14.5,14.623971454080289,E_quantile_gbm,2023,all,none,11.479692562109218,14.623971454080289,20.614011750869697,25.827845580456284
00-0029263,QB,2023,12,16.8,13.263983250941601,E_quantile_gbm,2023,all,none,10.523292610692906,13.263983250941601,19.10691968868897,22.563357861026173
00-0029263,QB,2023,13,15.8,16.183608851401065,E_quantile_gbm,2023,all,none,12.816291107970175,16.183608851401065,21.45758026136158,25.5905395079391
00-0029263,QB,2023,14,15.5,14.745922515176341,E_quantile_gbm,2023,all,none,10.880097010397822,14.745922515176341,20.69955540934936,25.71293250724969
00-0029263,QB,2023,15,17.5,15.356244865649625,E_quantile_gbm,2023,all,none,11.811426567181405,15.356244865649625,22.41790507154359,26.96571079655143
00-0029263,QB,2023,16,23.5,13.834972866834956,E_quantile_gbm,2023,all,none,10.289424437371608,13.834972866834956,20.374266891844247,25.7150307522548
00-0029604,QB,2023,1,16.5,16.19278614592084,E_quantile_gbm,2023,all,none,12.069254864144805,16.19278614592084,23.098323558515926,25.623631603617927
00-0029604,QB,2023,2,28.6,15.765446643684891,E_quantile_gbm,2023,all,none,11.049646517513674,15.765446643684891,21.13910697646164,24.575351195889365
00-0029604,QB,2023,3,25.7,20.229018019488233,E_quantile_gbm,2023,all,none,14.136733280593727,20.229018019488233,24.527702464574343,28.373441134035804
00-0029604,QB,2023,4,9.6,16.887665907603623,E_quantile_gbm,2023,all,none,12.819546397431013,16.887665907603623,22.992654739455944,26.43648245930944
00-0029604,QB,2023,5,19.9,17.263316456106207,E_quantile_gbm,2023,all,none,12.688409822898516,17.263316456106207,23.085174211844944,27.032917494134143
00-0029604,QB,2023,6,8.7,15.106067552762395,E_quantile_gbm,2023,all,none,10.632265233555582,15.106067552762395,19.766642976604942,25.00132673083596
00-0029604,QB,2023,7,21.0,13.185366661715065,E_quantile_gbm,2023,all,none,9.026611129725989,13.185366661715065,17.50677182016467,21.85398218876284
00-0029604,QB,2023,8,19.9,14.294350637087826,E_quantile_gbm,2023,all,none,11.282586024262182,14.294350637087826,21.221111745970013,24.403180831374446
00-0029701,QB,2023,1,2.4,13.348125240942828,E_quantile_gbm,2023,all,none,8.969152172979353,13.348125240942828,17.2256689707595,22.247757248309338
00-0029701,QB,2023,2,21.0,13.33705960833464,E_quantile_gbm,2023,all,none,10.872568146245172,13.33705960833464,17.406613188971903,23.176834301273647
00-0029701,QB,2023,3,4.2,11.303925314836004,E_quantile_gbm,2023,all,none,6.780605786203811,11.303925314836004,16.736172639732796,19.50452010391789
00-0029701,QB,2023,4,12.7,12.460203767174994,E_quantile_gbm,2023,all,none,8.749068399731462,12.460203767174994,17.5725776743523,20.238896329797004
00-0029701,QB,2023,5,9.8,14.26189900866164,E_quantile_gbm,2023,all,none,10.483214057049702,14.26189900866164,19.46947054763863,23.637380330139667
00-0029701,QB,2023,6,1.0,12.588426981797127,E_quantile_gbm,2023,all,none,8.120367014795436,12.588426981797127,18.191461805832073,21.790709139898176
00-0029701,QB,2023,16,9.8,12.860198546520099,E_quantile_gbm,2023,all,none,9.059034576202096,12.860198546520099,17.66966140377619,21.092395215268894
00-0029701,QB,2023,17,6.7,12.334517205898594,E_quantile_gbm,2023,all,none,8.422180594039624,12.334517205898594,17.75580467032085,19.554334819283135
00-0029701,QB,2023,18,12.4,12.923476203446482,E_quantile_gbm,2023,all,none,7.767651155432527,12.923476203446482,16.119553918400527,18.24566035566351
00-0030533,QB,2023,17,-0.3,6.415755173434931,E_quantile_gbm,2023,all,none,1.0207739162706262,6.415755173434931,8.977249859983546,13.794770717294345
00-0030565,QB,2023,1,9.1,17.757444174601062,E_quantile_gbm,2023,all,none,12.99912171912522,17.757444174601062,20.429581847690795,25.450168260054095
00-0030565,QB,2023,2,23.1,15.691563581106653,E_quantile_gbm,2023,all,none,11.144878473054002,15.691563581106653,19.811976219897755,22.366134666110607
00-0030565,QB,2023,3,15.4,16.86860368517761,E_quantile_gbm,2023,all,none,12.079034517081194,16.86860368517761,18.888262316722006,25.02285799430612
00-0030565,QB,2023,4,9.2,18.89349900620877,E_quantile_gbm,2023,all,none,13.182281968439842,18.89349900620877,20.73305237719877,27.99719105321717
00-0030565,QB,2023,6,11.0,15.635494210032471,E_quantile_gbm,2023,all,none,11.408171193739213,15.635494210032471,18.7264618358022,23.763308901746534
00-0030565,QB,2023,7,13.8,17.3709393227607,E_quantile_gbm,2023,all,none,12.84127156224715,17.3709393227607,20.570747015031728,24.646096547910474
00-0030565,QB,2023,8,13.9,16.56252151375216,E_quantile_gbm,2023,all,none,10.815124508172607,16.56252151375216,19.62945327058359,23.220363524229032
00-0030565,QB,2023,9,2.7,15.059956411947471,E_quantile_gbm,2023,all,none,9.329916785532332,15.059956411947471,17.3538100157616,22.503296454484563
00-0030565,QB,2023,10,24.1,16.696714022107077,E_quantile_gbm,2023,all,none,12.73172046096916,16.696714022107077,20.4103336490786,26.779998770516123
00-0030565,QB,2023,11,13.2,15.639608926671547,E_quantile_gbm,2023,all,none,10.961624215248387,15.639608926671547,19.895228193357998,23.43722734986875
00-0030565,QB,2023,12,7.3,13.191285713751244,E_quantile_gbm,2023,all,none,7.468839182359418,13.191285713751244,16.900012633380477,21.36910249042216
00-0030565,QB,2023,13,30.0,15.28582052884669,E_quantile_gbm,2023,all,none,9.416068208695433,15.28582052884669,17.58691861782826,22.744933470320483
00-0030565,QB,2023,16,17.3,15.5480606173141,E_quantile_gbm,2023,all,none,12.128005595327728,15.5480606173141,19.241555093399498,23.637567909039973
00-0030565,QB,2023,17,16.9,15.48711970659904,E_quantile_gbm,2023,all,none,11.594559079035736,15.48711970659904,19.38303052278109,23.847090120266284
00-0030565,QB,2023,18,20.4,17.851229694697015,E_quantile_gbm,2023,all,none,13.797992321714464,17.851229694697015,20.24164994807631,26.500198610748598
00-0031237,QB,2023,5,-0.2,2.5641023699926047,E_quantile_gbm,2023,all,none,0.04239178539362608,2.5641023699926047,5.486259748468763,13.846303170805975
00-0031280,QB,2023,1,14.6,14.571272115585963,E_quantile_gbm,2023,all,none,9.941043008354216,14.571272115585963,18.47397723820746,23.11078414196854
00-0031280,QB,2023,2,6.7,14.24053160913312,E_quantile_gbm,2023,all,none,10.067664977021058,14.24053160913312,19.146750187789674,23.442088508940643
00-0031280,QB,2023,3,8.1,14.18012195989813,E_quantile_gbm,2023,all,none,10.99940753165235,14.18012195989813,19.30412092651174,23.630406189611985
00-0031280,QB,2023,4,3.2,14.816681769310089,E_quantile_gbm,2023,all,none,10.167104281113678,14.816681769310089,19.29178715748864,24.16294124496715
00-0031280,QB,2023,5,15.7,10.844297950936992,E_quantile_gbm,2023,all,none,5.7976716789886416,10.844297950936992,16.337287136098915,19.386458463524775
00-0031280,QB,2023,6,16.3,14.068570398842391,E_quantile_gbm,2023,all,none,9.777457035720893,14.068570398842391,20.514298254069775,20.774275714169516
00-0031280,QB,2023,7,17.4,13.914022969759554,E_quantile_gbm,2023,all,none,10.245167008531618,13.914022969759554,20.21694444958008,22.9578241437997
00-0031280,QB,2023,8,18.3,14.519035719466434,E_quantile_gbm,2023,all,none,10.65437452984417,14.519035719466434,21.02060296404031,23.941523326182008
00-0031280,QB,2023,9,16.7,16.535488814536716,E_quantile_gbm,2023,all,none,11.448105543914965,16.535488814536716,22.70037164370282,24.385271052305445
00-0031280,QB,2023,10,5.4,15.001737847678875,E_quantile_gbm,2023,all,none,10.54399805549903,15.001737847678875,20.381485528967563,25.407599942986767
00-0031280,QB,2023,12,10.9,14.199411651375575,E_quantile_gbm,2023,all,none,9.171849922464812,14.199411651375575,18.807767820288987,22.842147696052464
00-0031280,QB,2023,13,8.9,14.212413885665672,E_quantile_gbm,2023,all,none,10.566046981821598,14.212413885665672,19.8614273741215,23.86925614780494
00-0031280,QB,2023,14,10.8,14.259234082226062,E_quantile_gbm,2023,all,none,9.88263162742237,14.259234082226062,19.059825743790245,22.896813059866577
00-0031280,QB,2023,15,20.3,13.849038660697397,E_quantile_gbm,2023,all,none,9.451484300118176,13.849038660697397,20.52177046861552,21.931277434955387
00-0031280,QB,2023,16,25.0,14.264208365198732,E_quantile_gbm,2023,all,none,9.82613448732142,14.264208365198732,18.996451257236735,23.467881216771108
00-0031280,QB,2023,17,15.6,14.324566970186735,E_quantile_gbm,2023,all,none,9.390294784772204,14.324566970186735,19.20706819060737,23.278035345513388
00-0031280,QB,2023,18,27.2,15.616482244001888,E_quantile_gbm,2023,all,none,11.050612187523036,15.616482244001888,19.279240874820673,23.653683738709972
00-0031288,QB,2023,14,0.0,3.8687251720895754,E_quantile_gbm,2023,all,none,0.5338809618534062,3.8687251720895754,5.963038816071737,15.54547793778871
00-0031288,QB,2023,18,0.8,2.5257398706095158,E_quantile_gbm,2023,all,none,0.9398840365635969,2.5257398706095158,7.3497100394386115,13.533284079051594
00-0031345,QB,2023,1,15.1,13.655544517720237,E_quantile_gbm,2023,all,none,9.401887333231443,13.655544517720237,16.644592312435943,19.53255179660277
00-0031345,QB,2023,2,7.5,12.99015554069557,E_quantile_gbm,2023,all,none,8.321888921995866,12.99015554069557,17.444484036732458,20.52689965809001
00-0031345,QB,2023,3,17.7,13.960558517324856,E_quantile_gbm,2023,all,none,9.677497784090502,13.960558517324856,18.495034270470303,20.799375319673555
00-0031345,QB,2023,5,10.7,14.93768303415192,E_quantile_gbm,2023,all,none,9.865275533935042,14.93768303415192,20.493843392689644,22.86166725765384
00-0031345,QB,2023,6,8.9,12.9643218755661,E_quantile_gbm,2023,all,none,9.590431182097168,12.9643218755661,18.774555516014846,21.979909737342883
00-0031345,QB,2023,8,4.2,13.158608869982599,E_quantile_gbm,2023,all,none,9.297914909257535,13.158608869982599,18.379246058556387,21.565154096835787
00-0031345,QB,2023,18,0.0,9.67723605424318,E_quantile_gbm,2023,all,none,3.6706824923623116,9.67723605424318,16.744622759967058,18.811008884781135
00-0031503,QB,2023,3,4.0,10.396182135381062,E_quantile_gbm,2023,all,none,4.178471859511355,10.396182135381062,16.37296925041117,21.94696589916621
00-0031503,QB,2023,4,-2.0,9.488274522379658,E_quantile_gbm,2023,all,none,3.69616466095458,9.488274522379658,17.03716594587297,20.678994450700923
00-0031503,QB,2023,5,-0.4,5.6497386803679515,E_quantile_gbm,2023,all,none,3.6797004448735344,5.6497386803679515,11.469732817712142,15.57010420204171
00-0031503,QB,2023,10,8.9,2.492958479054321,E_quantile_gbm,2023,all,none,-0.4966989707126658,2.492958479054321,6.751911484730042,11.756815502097991
00-0031503,QB,2023,13,1.6,3.3604169975238096,E_quantile_gbm,2023,all,none,1.6791226055897117,3.3604169975238096,7.5720908330368895,14.760980534026151
00-0031503,QB,2023,14,-0.2,6.964306648279353,E_quantile_gbm,2023,all,none,3.0095196222350404,6.964306648279353,8.99585404944475,13.819382618657297
00-0031503,QB,2023,18,0.0,5.6306397691939924,E_quantile_gbm,2023,all,none,2.8462802100779,5.6306397691939924,8.395534745907268,14.175288654345845
00-0031800,QB,2023,8,12.4,8.555020543516306,E_quantile_gbm,2023,all,none,3.6432741810685667,8.555020543516306,14.60133400281316,19.461234951144476
00-0031800,QB,2023,9,14.7,11.86386768147783,E_quantile_gbm,2023,all,none,4.1699744823197875,11.86386768147783,16.290950158922268,19.959861841167097
00-0031800,QB,2023,10,9.6,9.770982823695553,E_quantile_gbm,2023,all,none,3.8373247257040686,9.770982823695553,15.172200271598841,21.43466257496079
00-0031800,QB,2023,16,14.2,8.663340253089865,E_quantile_gbm,2023,all,none,2.833222035041576,8.663340253089865,14.90881642138276,21.793788045369546
00-0031800,QB,2023,17,15.1,11.254356577805513,E_quantile_gbm,2023,all,none,4.88884764369868,11.254356577805513,16.48355433294503,21.286971747587376
00-0032156,QB,2023,13,1.4,5.167258118048673,E_quantile_gbm,2023,all,none,3.6020117645102308,5.167258118048673,13.53415332952341,14.731616789204095
00-0032156,QB,2023,15,-1.6,4.424141125606989,E_quantile_gbm,2023,all,none,1.8289752022376633,4.424141125606989,10.487752650559285,11.96995691858886
00-0032156,QB,2023,16,10.5,5.573477754568966,E_quantile_gbm,2023,all,none,1.55157740708498,5.573477754568966,11.01184109352183,16.6721763339925
00-0032156,QB,2023,17,13.7,5.876462243771536,E_quantile_gbm,2023,all,none,3.159948664438053,5.876462243771536,10.100596761581388,15.073697107339896
00-0032156,QB,2023,18,2.9,8.517614291348236,E_quantile_gbm,2023,all,none,3.628823497521045,8.517614291348236,13.703873372341226,15.984059205101628
00-0032268,QB,2023,13,1.2,8.978902347300258,E_quantile_gbm,2023,all,none,0.716769907345661,8.978902347300258,14.350215439323815,24.564528710061072
00-0032268,QB,2023,14,0.0,5.169445121417052,E_quantile_gbm,2023,all,none,1.2173977043555577,5.169445121417052,14.574290675033716,18.335246866672232
00-0032268,QB,2023,18,10.5,4.749997244866443,E_quantile_gbm,2023,all,none,2.4336998484005212,4.749997244866443,8.736592086216266,14.079383758515673
00-0032436,QB,2023,18,13.9,5.894067373698021,E_quantile_gbm,2023,all,none,0.8155861081134413,5.894067373698021,10.569711270478349,13.998177279301617
00-0032950,QB,2023,12,0.0,5.6864671361093295,E_quantile_gbm,2023,all,none,0.018810499853840774,5.6864671361093295,9.97982969674078,14.221395502335335
00-0032950,QB,2023,18,26.1,6.684633446413719,E_quantile_gbm,2023,all,none,3.3830426332275216,6.684633446413719,12.235992282508075,15.537956282260621
00-0033077,QB,2023,1,6.3,17.542885309612185,E_quantile_gbm,2023,all,none,11.141109983829098,17.542885309612185,22.121116054417588,27.29854362002668
00-0033077,QB,2023,2,19.6,16.11210152670034,E_quantile_gbm,2023,all,none,10.61975544025543,16.11210152670034,18.945094551084985,24.135155499989036
00-0033077,QB,2023,3,14.4,19.646887911888896,E_quantile_gbm,2023,all,none,15.823322958316025,19.646887911888896,22.95331138478009,26.515667863092663
00-0033077,QB,2023,4,14.3,17.441003540367838,E_quantile_gbm,2023,all,none,13.802423061118724,17.441003540367838,21.08841837172838,27.21527204231906
00-0033077,QB,2023,5,4.3,15.096352361944389,E_quantile_gbm,2023,all,none,10.895754769823462,15.096352361944389,19.50757691725878,25.99125116627754
00-0033077,QB,2023,6,24.9,17.008580268295766,E_quantile_gbm,2023,all,none,11.729303879177577,17.008580268295766,21.521737588767223,26.41437586539615
00-0033077,QB,2023,8,28.1,17.60004317704358,E_quantile_gbm,2023,all,none,13.401552402616504,17.60004317704358,23.006404020603277,27.187753235934558
00-0033077,QB,2023,9,28.4,15.6562420436208,E_quantile_gbm,2023,all,none,12.194421645992563,15.6562420436208,21.698968633574694,25.78671939412005
00-0033077,QB,2023,10,37.9,19.571111338453928,E_quantile_gbm,2023,all,none,15.584625513482814,19.571111338453928,24.677511544643544,27.93562538316047
00-0033077,QB,2023,11,16.2,18.59499842179792,E_quantile_gbm,2023,all,none,15.12383162031848,18.59499842179792,22.127368842904616,28.85614780203141
00-0033077,QB,2023,12,32.2,20.228062902883618,E_quantile_gbm,2023,all,none,16.472465444808567,20.228062902883618,23.984054689086648,30.278813857159243
00-0033077,QB,2023,13,28.3,19.579161766252426,E_quantile_gbm,2023,all,none,14.567856729658574,19.579161766252426,21.773264013673852,27.466911137231698
00-0033077,QB,2023,14,17.9,19.609995815618152,E_quantile_gbm,2023,all,none,15.010413500507106,19.609995815618152,23.824191102529802,28.485868797101872
00-0033077,QB,2023,15,6.1,15.556006637494164,E_quantile_gbm,2023,all,none,12.55476745542161,15.556006637494164,19.312770673834144,23.639921966742705
00-0033077,QB,2023,16,18.6,15.34472397754864,E_quantile_gbm,2023,all,none,11.789553716105592,15.34472397754864,20.70123522709541,24.70627411097332
00-0033077,QB,2023,17,20.3,17.268209598112847,E_quantile_gbm,2023,all,none,13.960751031603058,17.268209598112847,23.68781205352762,27.955871659827462
00-0033077,QB,2023,18,25.2,18.315810286072526,E_quantile_gbm,2023,all,none,15.268444446429342,18.315810286072526,23.592562503301888,26.554758309711108
00-0033077,QB,2023,19,30.6,20.121527068204024,E_quantile_gbm,2023,all,none,15.94404047263757,20.121527068204024,23.991115635497643,29.24716312178038
00-0033106,QB,2023,1,14.0,17.2797641652848,E_quantile_gbm,2023,all,none,12.823983609478217,17.2797641652848,21.309383272340483,25.643236703156624
00-0033106,QB,2023,2,22.9,17.682150748182142,E_quantile_gbm,2023,all,none,13.12957596294806,17.682150748182142,20.28931215312147,25.024640634513208
00-0033106,QB,2023,3,18.0,17.540213623331514,E_quantile_gbm,2023,all,none,13.032820785635238,17.540213623331514,20.844745501775606,25.444951029502892
00-0033106,QB,2023,4,11.4,16.183377794347518,E_quantile_gbm,2023,all,none,11.718726237545498,16.183377794347518,19.859807917582078,25.86703140976959
00-0033106,QB,2023,5,27.4,17.24679618699009,E_quantile_gbm,2023,all,none,12.526968955828336,17.24679618699009,21.064668518148643,24.164065898958057
00-0033106,QB,2023,6,22.4,14.942633475784714,E_quantile_gbm,2023,all,none,10.588085759641098,14.942633475784714,18.25691962007258,22.511972285207612
00-0033106,QB,2023,7,9.4,12.331765639465118,E_quantile_gbm,2023,all,none,10.177062743034476,12.331765639465118,16.19929352898931,20.843005451717758
00-0033106,QB,2023,8,12.7,17.225801977228837,E_quantile_gbm,2023,all,none,12.24543389920506,17.225801977228837,21.790264257614663,24.243690092617744
00-0033106,QB,2023,10,21.1,17.15592315174509,E_quantile_gbm,2023,all,none,12.551830134507586,17.15592315174509,21.363009970659075,23.989523520397693
00-0033106,QB,2023,11,13.7,17.920688794452044,E_quantile_gbm,2023,all,none,13.643995321843484,17.920688794452044,21.403916705683276,25.96098020725683
00-0033106,QB,2023,12,18.2,18.18417609087071,E_quantile_gbm,2023,all,none,14.456166078754629,18.18417609087071,21.143583139952355,26.74428969192623
00-0033106,QB,2023,13,16.3,18.699979935229532,E_quantile_gbm,2023,all,none,13.190876124664046,18.699979935229532,22.060734246127716,26.315767048387464
00-0033106,QB,2023,14,4.4,15.665362914019466,E_quantile_gbm,2023,all,none,10.741244068575512,15.665362914019466,19.712047422808265,26.109769657998402
00-0033106,QB,2023,15,31.1,17.824067894396684,E_quantile_gbm,2023,all,none,13.26390187968485,17.824067894396684,23.11474555432196,28.053286927876428
00-0033106,QB,2023,16,14.3,17.232687805862632,E_quantile_gbm,2023,all,none,12.198591419741621,17.232687805862632,20.640870282032026,25.575584929505997
00-0033106,QB,2023,17,10.8,15.900849499344105,E_quantile_gbm,2023,all,none,11.934434435237229,15.900849499344105,19.740688763059183,25.845694935122626
00-0033106,QB,2023,18,20.8,18.019839313432616,E_quantile_gbm,2023,all,none,13.168454796317024,18.019839313432616,21.521583708884513,26.63468716457793
00-0033106,QB,2023,19,14.8,18.557596187436193,E_quantile_gbm,2023,all,none,13.874452620303519,18.557596187436193,22.111292722743883,26.545145848302646
00-0033106,QB,2023,20,20.1,18.18030974889093,E_quantile_gbm,2023,all,none,13.103128788543573,18.18030974889093,20.262192993067774,26.258907580512087
00-0033106,QB,2023,21,14.9,15.322402056977094,E_quantile_gbm,2023,all,none,10.833444105465553,15.322402056977094,18.291134835286552,23.042462424854204
00-0033119,QB,2023,13,0.0,5.1119797340515305,E_quantile_gbm,2023,all,none,0.5409681325866654,5.1119797340515305,12.417077317608435,15.065092801185271
00-0033119,QB,2023,15,13.9,4.926754374962708,E_quantile_gbm,2023,all,none,1.0874195763128285,4.926754374962708,12.750526672877543,14.60007664074341
00-0033119,QB,2023,16,9.0,7.336608138612379,E_quantile_gbm,2023,all,none,3.4770134863026168,7.336608138612379,11.57777740521148,15.904958732010519
00-0033275,QB,2023,6,3.8,3.3549194328333667,E_quantile_gbm,2023,all,none,-0.3621035370998858,3.3549194328333667,7.445327129592661,12.284386007401993
00-0033275,QB,2023,7,5.4,5.221422588103611,E_quantile_gbm,2023,all,none,0.5025573359325866,5.221422588103611,10.375799856795478,15.887930716683162
00-0033275,QB,2023,8,10.6,6.803859745445625,E_quantile_gbm,2023,all,none,2.0025194494264364,6.803859745445625,14.244475372177702,18.644566925701316
00-0033275,QB,2023,9,0.0,4.3974672483173585,E_quantile_gbm,2023,all,none,1.2799951041719417,4.3974672483173585,12.047271637772699,19.960579284231706
00-0033275,QB,2023,10,0.0,2.4150092219696986,E_quantile_gbm,2023,all,none,0.9618469388691236,2.4150092219696986,9.27070052107068,15.296468747263015
00-0033275,QB,2023,12,0.1,1.5717284012176698,E_quantile_gbm,2023,all,none,0.5678635894386029,1.5717284012176698,8.621327145314336,12.913629225659164
00-0033319,QB,2023,14,3.3,7.804876089625619,E_quantile_gbm,2023,all,none,1.2089823232175552,7.804876089625619,9.893623010182015,17.801264674880855
00-0033319,QB,2023,15,17.1,8.191392325070412,E_quantile_gbm,2023,all,none,1.3930812551981222,8.191392325070412,10.677238918222633,17.579178444114334
00-0033319,QB,2023,16,16.5,12.254956689397298,E_quantile_gbm,2023,all,none,6.671395903471951,12.254956689397298,18.40372358902888,21.710434659208975
00-0033319,QB,2023,17,9.1,13.124543861954441,E_quantile_gbm,2023,all,none,6.547980977771289,13.124543861954441,18.204520146373554,21.384946787222862
00-0033319,QB,2023,18,20.6,10.21405050777757,E_quantile_gbm,2023,all,none,5.843713024652833,10.21405050777757,16.897978446220417,21.05810909449395
00-0033357,QB,2023,1,0.4,4.897415371434551,E_quantile_gbm,2023,all,none,2.6924293593633317,4.897415371434551,15.533840540567962,21.646886276948322
00-0033357,QB,2023,2,8.7,6.1539335972307185,E_quantile_gbm,2023,all,none,2.367126898278876,6.1539335972307185,12.454192101469445,19.764667917650943
00-0033357,QB,2023,3,3.1,5.6096958059167,E_quantile_gbm,2023,all,none,1.1305356121221004,5.6096958059167,13.182819588342694,18.597283355744622
00-0033357,QB,2023,4,3.2,4.0252644892582765,E_quantile_gbm,2023,all,none,1.5275887700694184,4.0252644892582765,13.345102751281106,19.52881160430364
00-0033357,QB,2023,5,3.0,4.668873866305602,E_quantile_gbm,2023,all,none,2.136903811587998,4.668873866305602,11.64241363840095,22.6706541001548
00-0033357,QB,2023,6,12.3,4.5705176636721525,E_quantile_gbm,2023,all,none,1.756028597223577,4.5705176636721525,13.355463386097668,17.9429218243708
00-0033357,QB,2023,7,16.8,5.882505273507356,E_quantile_gbm,2023,all,none,2.961833165318883,5.882505273507356,13.3611134177766,17.209636672158087
00-0033357,QB,2023,8,22.5,4.8901336285808945,E_quantile_gbm,2023,all,none,1.3947937823049734,4.8901336285808945,12.010115107633743,15.21145284255116
00-0033357,QB,2023,9,20.6,5.0790460087223295,E_quantile_gbm,2023,all,none,2.7367466406823313,5.0790460087223295,14.869323141567456,23.594964346034352
00-0033357,QB,2023,10,4.3,7.09269706302429,E_quantile_gbm,2023,all,none,2.1216613756852576,7.09269706302429,15.747885882600375,27.282538226526846
00-0033357,QB,2023,12,8.1,6.740399267422633,E_quantile_gbm,2023,all,none,1.7870965944529085,6.740399267422633,15.841558963376109,25.382065935968043
00-0033357,QB,2023,13,15.4,6.673927536085742,E_quantile_gbm,2023,all,none,0.9852200947423244,6.673927536085742,13.86758974610901,19.37687193352236
00-0033357,QB,2023,15,1.5,8.730741243340121,E_quantile_gbm,2023,all,none,1.2658433647019696,8.730741243340121,13.90134558865696,19.46919358796255
00-0033357,QB,2023,16,0.2,6.822298497885171,E_quantile_gbm,2023,all,none,1.3651493521985534,6.822298497885171,13.466642802252608,18.719372947887365
00-0033357,QB,2023,17,11.5,6.799617252131635,E_quantile_gbm,2023,all,none,1.7926891310463042,6.799617252131635,13.240473777955485,17.61136184159908
00-0033357,QB,2023,18,11.9,4.446186910009643,E_quantile_gbm,2023,all,none,1.6323295799759314,4.446186910009643,12.65540867497963,15.741162400007163
00-0033537,QB,2023,1,20.7,16.353348368524152,E_quantile_gbm,2023,all,none,10.573743825072874,16.353348368524152,20.84493957096335,25.534382170106525
00-0033537,QB,2023,2,11.6,13.805192898056902,E_quantile_gbm,2023,all,none,10.210015787219946,13.805192898056902,19.975098072704277,24.79564602388447
00-0033537,QB,2023,3,21.2,14.452651860071255,E_quantile_gbm,2023,all,none,9.993337803063579,14.452651860071255,20.0225148677349,24.70229927500818
00-0033537,QB,2023,7,-1.8,14.788535562676714,E_quantile_gbm,2023,all,none,9.929176113705369,14.788535562676714,20.645689403021386,23.860877946631753
00-0033537,QB,2023,9,19.0,12.806344534280473,E_quantile_gbm,2023,all,none,11.474310190816462,12.806344534280473,18.277825013541516,20.91643423286308
00-0033537,QB,2023,10,16.2,11.328723989591674,E_quantile_gbm,2023,all,none,8.643624670139838,11.328723989591674,16.366781962014464,19.25100296947603
00-0033662,QB,2023,1,0.0,-0.9330150399347981,E_quantile_gbm,2023,all,none,-0.2685770665164873,-0.9330150399347981,3.2238421020156385,5.897301620170598
00-0033662,QB,2023,4,0.6,-0.38769378706216506,E_quantile_gbm,2023,all,none,-0.22808294964824605,-0.38769378706216506,0.9212603955800228,5.98219000250076
00-0033662,QB,2023,5,0.1,1.138511063969092,E_quantile_gbm,2023,all,none,0.05197560340744733,1.138511063969092,7.725256753478612,13.443901041715145
00-0033662,QB,2023,8,-0.2,0.02857022840293718,E_quantile_gbm,2023,all,none,-0.32868678512143357,0.02857022840293718,2.729361081045355,10.494936955046695
00-0033662,QB,2023,10,1.2,0.0329962661733367,E_quantile_gbm,2023,all,none,-0.4748092277404653,0.0329962661733367,1.605467181302522,8.994443920631584
00-0033662,QB,2023,11,0.3,-0.32538243822753027,E_quantile_gbm,2023,all,none,-0.217454576320265,-0.32538243822753027,1.704072504901446,12.779723900299874
00-0033662,QB,2023,18,1.2,-0.5406614288345803,E_quantile_gbm,2023,all,none,-0.4507723116554203,-0.5406614288345803,0.3201414262487783,11.034899768757954
00-0033869,QB,2023,4,0.7,10.956807716030873,E_quantile_gbm,2023,all,none,3.073930736481842,10.956807716030873,16.34886623439511,20.616808895928195
00-0033869,QB,2023,8,7.3,8.286030404108821,E_quantile_gbm,2023,all,none,4.590397473131893,8.286030404108821,14.226629077472902,19.79569130746942
00-0033869,QB,2023,13,7.2,6.806179182825792,E_quantile_gbm,2023,all,none,2.1187280443758945,6.806179182825792,14.748964560075347,17.172768289191907
00-0033869,QB,2023,14,20.6,8.369005831684198,E_quantile_gbm,2023,all,none,4.713301113821043,8.369005831684198,13.978280969344828,16.860908342727523
00-0033869,QB,2023,15,12.9,9.977697404630488,E_quantile_gbm,2023,all,none,3.5637046232549703,9.977697404630488,16.076597696904997,19.792181111256767
00-0033873,QB,2023,1,19.5,20.46055515656188,E_quantile_gbm,2023,all,none,15.376801083010264,20.46055515656188,26.08725601241544,32.9066996045684
00-0033873,QB,2023,2,21.2,21.312178246889076,E_quantile_gbm,2023,all,none,16.442939955183505,21.312178246889076,25.942704045457106,31.248036626120662
00-0033873,QB,2023,3,25.7,21.97926353702364,E_quantile_gbm,2023,all,none,18.010521515192053,21.97926353702364,27.510335791118663,32.36638431032054
00-0033873,QB,2023,4,13.2,21.238368199651095,E_quantile_gbm,2023,all,none,15.97947987051277,21.238368199651095,26.00140593925661,31.06157320858926
00-0033873,QB,2023,5,19.2,21.54332854136075,E_quantile_gbm,2023,all,none,15.86534651780626,21.54332854136075,27.360759607654952,32.02971763148024
00-0033873,QB,2023,6,17.3,21.206073633109774,E_quantile_gbm,2023,all,none,15.622228211465503,21.206073633109774,25.293307320227424,30.821579797558346
00-0033873,QB,2023,7,33.9,20.656431882840835,E_quantile_gbm,2023,all,none,15.21809623721513,20.656431882840835,26.245108325866855,31.813289771004413
00-0033873,QB,2023,8,5.6,20.34594076384708,E_quantile_gbm,2023,all,none,15.942503074810132,20.34594076384708,26.569639516473746,29.091777242802454
00-0033873,QB,2023,9,15.8,20.70647635761786,E_quantile_gbm,2023,all,none,15.570159631149034,20.70647635761786,26.31991716896461,30.889410248243678
00-0033873,QB,2023,11,16.9,18.74751302372216,E_quantile_gbm,2023,all,none,14.187624697081139,18.74751302372216,24.030150096970306,29.325366771850888
00-0033873,QB,2023,12,20.8,20.22491397929444,E_quantile_gbm,2023,all,none,14.614590507767497,20.22491397929444,24.789824514179944,29.351894591716313
00-0033873,QB,2023,13,13.0,18.615530926057986,E_quantile_gbm,2023,all,none,15.365642412403895,18.615530926057986,24.83617667568583,30.17331588037825
00-0033873,QB,2023,14,13.6,19.698936539665166,E_quantile_gbm,2023,all,none,15.132935673805825,19.698936539665166,27.795789069049384,31.362668283249977
00-0033873,QB,2023,15,15.7,19.412502277398175,E_quantile_gbm,2023,all,none,14.352570524038471,19.412502277398175,24.57917062695087,28.77190122506957
00-0033873,QB,2023,16,16.7,18.30453488774839,E_quantile_gbm,2023,all,none,13.478933690604855,18.30453488774839,24.450827090298535,28.05075415297149
00-0033873,QB,2023,17,12.0,20.163038514267452,E_quantile_gbm,2023,all,none,14.693661031557752,20.163038514267452,26.079724857329015,29.406808798941746
00-0033873,QB,2023,19,18.6,17.51298788833976,E_quantile_gbm,2023,all,none,12.327788098369432,17.51298788833976,22.02945140407338,27.908324825289604
00-0033873,QB,2023,20,18.5,18.347847566772533,E_quantile_gbm,2023,all,none,14.499590199275184,18.347847566772533,23.40062417642162,25.5730645029013
00-0033873,QB,2023,21,15.1,15.298211277879483,E_quantile_gbm,2023,all,none,11.982382014340434,15.298211277879483,19.935966644790156,24.661810118740718
00-0033873,QB,2023,22,25.9,17.992027612869993,E_quantile_gbm,2023,all,none,13.743767831040564,17.992027612869993,22.049328946336352,27.64012643675214
00-0033936,QB,2023,3,0.4,-0.20017582951887536,E_quantile_gbm,2023,all,none,-0.24819387474323923,-0.20017582951887536,1.8634500690312932,6.4103993692120005
00-0033936,QB,2023,6,-0.2,-0.20641435445027956,E_quantile_gbm,2023,all,none,-0.12163123524882208,-0.20641435445027956,1.6769381238544079,7.440036417460073
00-0033936,QB,2023,10,0.2,1.0189877423711184,E_quantile_gbm,2023,all,none,0.27709422278861034,1.0189877423711184,6.123108802671786,10.680788528952224
00-0033936,QB,2023,11,0.0,-0.13986520254801932,E_quantile_gbm,2023,all,none,-0.26782158806214057,-0.13986520254801932,3.9747899307859558,8.22086785166913
00-0033936,QB,2023,13,3.2,0.13317747780652311,E_quantile_gbm,2023,all,none,-0.26084990332077557,0.13317747780652311,1.8819791984365177,6.2012917536597065
00-0033936,QB,2023,16,8.4,2.154986300890393,E_quantile_gbm,2023,all,none,-0.06852630698629325,2.154986300890393,6.031466388455857,9.594953862633705
00-0033936,QB,2023,17,9.5,5.154606159355747,E_quantile_gbm,2023,all,none,1.7017916894605232,5.154606159355747,8.935206320539294,13.679980322665807
00-0033949,QB,2023,1,3.0,8.712060891476328,E_quantile_gbm,2023,all,none,4.090904736088322,8.712060891476328,15.147590068063366,19.459899563685877
00-0033949,QB,2023,2,25.2,10.553039400881925,E_quantile_gbm,2023,all,none,5.79841004399479,10.553039400881925,17.50197782960991,20.6978103419348
00-0033949,QB,2023,3,17.1,10.269569191943537,E_quantile_gbm,2023,all,none,6.53893378129631,10.269569191943537,18.270560982805137,20.725821646454524
00-0033949,QB,2023,4,23.4,9.475070992972336,E_quantile_gbm,2023,all,none,6.873202200489042,9.475070992972336,17.959854439591464,21.374439755138198
00-0033949,QB,2023,5,8.7,14.228838034484784,E_quantile_gbm,2023,all,none,8.627010426577916,14.228838034484784,21.48542937100994,25.58828000303213
00-0033949,QB,2023,6,10.1,14.03354539128721,E_quantile_gbm,2023,all,none,8.181585018331663,14.03354539128721,20.641836234658278,25.71182867764685
00-0033949,QB,2023,7,16.1,12.049949709756062,E_quantile_gbm,2023,all,none,7.846760838995347,12.049949709756062,19.533936984800103,22.57264981628013
00-0033949,QB,2023,8,22.9,10.847741525094266,E_quantile_gbm,2023,all,none,6.470313473208895,10.847741525094266,20.307284780835243,22.3838639959188
00-0033949,QB,2023,9,24.9,11.018024296617241,E_quantile_gbm,2023,all,none,5.952538601121009,11.018024296617241,17.107323416601833,21.992034367055656
00-0033949,QB,2023,10,25.1,9.500341235209424,E_quantile_gbm,2023,all,none,2.842486537086895,9.500341235209424,16.535456632654356,22.34821308576164
00-0033949,QB,2023,11,16.9,15.42608861574698,E_quantile_gbm,2023,all,none,9.967223086421336,15.42608861574698,21.491652323066727,26.529554683661054
00-0033949,QB,2023,12,4.5,15.769630127229524,E_quantile_gbm,2023,all,none,12.305925039065247,15.769630127229524,22.518669987951903,28.29251693351459
00-0033949,QB,2023,14,4.6,11.632558731346206,E_quantile_gbm,2023,all,none,8.149688638715459,11.632558731346206,21.67584586741579,25.43167273965389
00-0033958,QB,2023,7,-0.4,3.865776617348131,E_quantile_gbm,2023,all,none,1.7376645339740882,3.865776617348131,8.597994358991437,14.096365521458035
00-0033958,QB,2023,18,0.0,2.972507244723528,E_quantile_gbm,2023,all,none,0.6550962285726687,2.972507244723528,5.5129626398987455,13.08334559621358
00-0034177,QB,2023,11,-0.6,2.912209157554764,E_quantile_gbm,2023,all,none,0.7459187808907948,2.912209157554764,7.351228956007342,12.397152575006817
00-0034177,QB,2023,12,7.4,4.3244334626709415,E_quantile_gbm,2023,all,none,0.5464980106804648,4.3244334626709415,10.254598874865676,12.135253553049614
00-0034177,QB,2023,13,4.1,8.014466732038777,E_quantile_gbm,2023,all,none,3.489655962979783,8.014466732038777,13.698581153416155,20.546193146633396
00-0034401,QB,2023,3,6.6,4.288412868346419,E_quantile_gbm,2023,all,none,0.8443762897873912,4.288412868346419,10.579008880485118,18.785392159137768
00-0034401,QB,2023,6,-2.4,8.77591773679504,E_quantile_gbm,2023,all,none,3.2117827407637183,8.77591773679504,17.258879740870263,21.932698353623046
00-0034401,QB,2023,12,-0.2,3.6429067471956604,E_quantile_gbm,2023,all,none,0.016368816479939624,3.6429067471956604,9.666339144304727,17.043691038405317
00-0034401,QB,2023,13,0.1,0.119157848472807,E_quantile_gbm,2023,all,none,-0.08589443246110103,0.119157848472807,4.717639157355659,16.885266566364276
00-0034401,QB,2023,15,0.0,1.5201766430765364,E_quantile_gbm,2023,all,none,-0.17918817446553012,1.5201766430765364,4.719210675677874,10.906916082310135
00-0034401,QB,2023,17,-2.0,1.2697585540222973,E_quantile_gbm,2023,all,none,0.5833842026298451,1.2697585540222973,7.939785763562056,13.195302196094138
00-0034438,QB,2023,18,-0.3,2.3060288731004333,E_quantile_gbm,2023,all,none,0.2240063992812355,2.3060288731004333,5.900080014249095,12.311025867306144
00-0034577,QB,2023,2,-0.2,1.7984671678489557,E_quantile_gbm,2023,all,none,1.0825717759677855,1.7984671678489557,9.294898698998509,16.489013262220187
00-0034577,QB,2023,3,-0.2,4.593382287837555,E_quantile_gbm,2023,all,none,1.4216511705690849,4.593382287837555,7.790541104534269,15.424899992535993
00-0034577,QB,2023,4,-0.3,-0.09406074996584417,E_quantile_gbm,2023,all,none,0.33685244364773126,-0.09406074996584417,1.099426528187861,5.779279544298008
00-0034577,QB,2023,6,0.0,1.0929186601625123,E_quantile_gbm,2023,all,none,0.30469769022707155,1.0929186601625123,1.062087171915514,5.750947595859205
00-0034577,QB,2023,11,-0.2,0.09152457334387168,E_quantile_gbm,2023,all,none,-0.002221239480840805,0.09152457334387168,1.1446366961872796,6.292746879974297
00-0034577,QB,2023,15,-0.2,0.38584831379925405,E_quantile_gbm,2023,all,none,0.47001302159331143,0.38584831379925405,0.0075176191705326155,5.753029109953291
00-0034577,QB,2023,17,-0.2,0.2564172743170428,E_quantile_gbm,2023,all,none,0.26495012697835696,0.2564172743170428,0.6184827049581162,4.406628482680831
00-0034771,QB,2023,15,0.1,7.62132685614388,E_quantile_gbm,2023,all,none,2.7778714189322735,7.62132685614388,14.65063590418494,19.314690014622034
00-0034771,QB,2023,16,20.0,4.459246884179721,E_quantile_gbm,2023,all,none,1.45243755453934,4.459246884179721,11.728694191436203,16.360440633395207
00-0034771,QB,2023,17,11.5,11.699806914685638,E_quantile_gbm,2023,all,none,7.721605027961677,11.699806914685638,15.086438679459642,16.37196226825465
00-0034771,QB,2023,18,8.0,6.585888197532842,E_quantile_gbm,2023,all,none,2.4768749978889173,6.585888197532842,10.629363339523554,16.370733056640688
00-0034771,QB,2023,19,16.8,7.414077525173174,E_quantile_gbm,2023,all,none,2.60035573217441,7.414077525173174,9.99024604916791,15.582636391246604
00-0034796,QB,2023,1,6.6,18.845576529248028,E_quantile_gbm,2023,all,none,15.002876864201944,18.845576529248028,21.44156972785091,26.22115299662499
00-0034796,QB,2023,2,22.9,17.763169527134515,E_quantile_gbm,2023,all,none,13.627909931646078,17.763169527134515,23.583923326723724,24.601709841592122
00-0034796,QB,2023,3,28.2,17.41595114527698,E_quantile_gbm,2023,all,none,11.946398864118075,17.41595114527698,22.372987130401974,26.509480552776136
00-0034796,QB,2023,4,28.1,15.944717431732098,E_quantile_gbm,2023,all,none,12.105086320120897,15.944717431732098,20.17160975263218,23.895321058857924
00-0034796,QB,2023,5,9.9,17.724515099871052,E_quantile_gbm,2023,all,none,13.185906444498881,17.724515099871052,21.015219880166228,25.194330648109446
00-0034796,QB,2023,6,17.1,16.729321821019994,E_quantile_gbm,2023,all,none,11.662018333646404,16.729321821019994,21.398213303716272,26.36996260494972
00-0034796,QB,2023,7,33.9,15.79545448670696,E_quantile_gbm,2023,all,none,13.168368458230669,15.79545448670696,21.458025192057278,25.319812527785206
00-0034796,QB,2023,8,12.0,18.352912251845865,E_quantile_gbm,2023,all,none,14.849379907049544,18.352912251845865,24.99051141641402,27.02094805722461
00-0034796,QB,2023,9,11.5,18.066363160299893,E_quantile_gbm,2023,all,none,13.497483250648962,18.066363160299893,22.973592020828413,26.95034881488809
00-0034796,QB,2023,10,13.0,17.427465116498393,E_quantile_gbm,2023,all,none,12.768664744063319,17.427465116498393,22.41545379446411,24.808285514987336
00-0034796,QB,2023,11,24.0,17.819162033282748,E_quantile_gbm,2023,all,none,12.508626574291922,17.819162033282748,22.421900937534744,27.439880743953974
00-0034796,QB,2023,12,15.0,18.522189862770404,E_quantile_gbm,2023,all,none,14.567436437626903,18.522189862770404,25.211317806512437,29.40526855528741
00-0034796,QB,2023,14,31.6,17.18952537405303,E_quantile_gbm,2023,all,none,12.737032274263768,17.18952537405303,22.4190756968416,26.535843283343524
00-0034796,QB,2023,15,18.5,17.98892480289405,E_quantile_gbm,2023,all,none,13.459619646118872,17.98892480289405,23.39120237445521,27.902741683035025
00-0034796,QB,2023,16,22.6,18.114028434482748,E_quantile_gbm,2023,all,none,14.091683087754259,18.114028434482748,24.687709457743203,25.627168578217955
00-0034796,QB,2023,17,36.3,19.595041219606966,E_quantile_gbm,2023,all,none,14.206602757031407,19.595041219606966,25.75727367276895,28.46622071244523
00-0034796,QB,2023,20,36.1,21.658034132438594,E_quantile_gbm,2023,all,none,15.653956534140583,21.658034132438594,26.129726872645325,29.97355655270587
00-0034796,QB,2023,21,18.6,17.9462280447894,E_quantile_gbm,2023,all,none,13.28750589184371,17.9462280447894,22.298672526465477,26.14987821834701
00-0034855,QB,2023,1,16.0,10.29716388830912,E_quantile_gbm,2023,all,none,6.993980436269859,10.29716388830912,14.363398893799344,20.809717001258427
00-0034855,QB,2023,2,18.4,14.027918510162534,E_quantile_gbm,2023,all,none,10.285106117265306,14.027918510162534,17.163667530362925,21.840656903068588
00-0034855,QB,2023,3,10.0,13.289952148567869,E_quantile_gbm,2023,all,none,9.513831751515406,13.289952148567869,17.98400506644568,23.251580116663664
00-0034855,QB,2023,4,22.9,12.131196686692544,E_quantile_gbm,2023,all,none,7.066754729405183,12.131196686692544,16.187261901791132,23.527860523366954
00-0034855,QB,2023,6,6.8,12.880095151554942,E_quantile_gbm,2023,all,none,8.410979190610385,12.880095151554942,17.02664115932906,22.93395403970915
00-0034855,QB,2023,7,16.2,12.630772635272397,E_quantile_gbm,2023,all,none,8.482121220889997,12.630772635272397,17.061880293948022,22.136740085927393
00-0034855,QB,2023,8,21.4,11.20219187587633,E_quantile_gbm,2023,all,none,6.834453204150544,11.20219187587633,17.364030097797343,21.932453235818436
00-0034855,QB,2023,9,19.0,12.151074384191993,E_quantile_gbm,2023,all,none,7.165465313781095,12.151074384191993,16.96872884812474,22.02107167471582
00-0034855,QB,2023,10,18.3,13.284328094432025,E_quantile_gbm,2023,all,none,8.811453020523675,13.284328094432025,18.15588721031125,24.396510563992372
00-0034855,QB,2023,11,10.3,8.835146618798802,E_quantile_gbm,2023,all,none,7.400721699803926,8.835146618798802,13.2600802943519,18.10771784340164
00-0034855,QB,2023,12,13.4,14.370388114628552,E_quantile_gbm,2023,all,none,9.740066194563218,14.370388114628552,18.174881266499828,24.10896114283026
00-0034855,QB,2023,13,9.9,12.417898199007055,E_quantile_gbm,2023,all,none,7.524277237346684,12.417898199007055,17.357942953051513,22.350521890298
00-0034855,QB,2023,14,20.1,12.47736611822865,E_quantile_gbm,2023,all,none,8.271300487373253,12.47736611822865,16.935219953938667,21.7639121226031
00-0034855,QB,2023,15,29.0,11.270498549129941,E_quantile_gbm,2023,all,none,6.391031402817237,11.270498549129941,14.606215796184932,19.155130126757605
00-0034855,QB,2023,16,19.8,12.793813916572788,E_quantile_gbm,2023,all,none,8.16385893647378,12.793813916572788,16.464398461697492,21.041379589086976
00-0034855,QB,2023,17,16.3,13.45242420772516,E_quantile_gbm,2023,all,none,8.837767820476573,13.45242420772516,17.53380472726795,22.441235972154264
00-0034855,QB,2023,18,6.2,12.015220938751545,E_quantile_gbm,2023,all,none,7.099459721928223,12.015220938751545,16.777584674112347,21.789754144734008
00-0034855,QB,2023,19,27.1,13.284857267963229,E_quantile_gbm,2023,all,none,8.453134958185602,13.284857267963229,17.587255842021055,22.253289336114076
00-0034855,QB,2023,20,23.5,14.028611564351646,E_quantile_gbm,2023,all,none,9.867185084665325,14.028611564351646,18.73439200869811,25.16696886646256
00-0034857,QB,2023,1,11.0,19.894873639539647,E_quantile_gbm,2023,all,none,14.554718108554495,19.894873639539647,27.971285043978586,30.229326350284552
00-0034857,QB,2023,2,23.7,20.91319124845571,E_quantile_gbm,2023,all,none,15.058126991583775,20.91319124845571,28.69855472828934,31.398805681828893
00-0034857,QB,2023,3,21.3,19.4337774439922,E_quantile_gbm,2023,all,none,14.420628845474086,19.4337774439922,26.969872502369764,32.12043547686024
00-0034857,QB,2023,4,36.5,21.83463464050552,E_quantile_gbm,2023,all,none,15.88200212768806,21.83463464050552,30.039080209750665,31.61151544142304
00-0034857,QB,2023,5,27.8,18.823357778931452,E_quantile_gbm,2023,all,none,13.157808448393522,18.823357778931452,22.291260031596952,28.199011621104965
00-0034857,QB,2023,6,13.9,21.423320530318502,E_quantile_gbm,2023,all,none,15.630394697473243,21.423320530318502,23.16098438733085,27.68200392515747
00-0034857,QB,2023,7,24.3,19.348691953964988,E_quantile_gbm,2023,all,none,13.95992682604668,19.348691953964988,25.0596334373597,26.549081552362605
00-0034857,QB,2023,8,29.1,21.175628792533438,E_quantile_gbm,2023,all,none,16.051884431574926,21.175628792533438,27.71706077289724,31.379894110434606
00-0034857,QB,2023,9,24.7,20.140313062438207,E_quantile_gbm,2023,all,none,15.513068357172463,20.140313062438207,30.67011192414773,32.454903500478274
00-0034857,QB,2023,10,14.4,21.702379991151115,E_quantile_gbm,2023,all,none,15.387777126203902,21.702379991151115,26.90533751763564,32.38618733750892
00-0034857,QB,2023,11,22.5,17.401132946825683,E_quantile_gbm,2023,all,none,12.408068923131658,17.401132946825683,25.02872854537832,29.575584959855856
00-0034857,QB,2023,12,39.7,17.842000218381624,E_quantile_gbm,2023,all,none,13.35411071350451,17.842000218381624,24.969014836857816,30.09847930069924
00-0034857,QB,2023,14,20.5,19.492679055571067,E_quantile_gbm,2023,all,none,14.67722148729088,19.492679055571067,26.125149954449522,31.851108922903357
00-0034857,QB,2023,15,16.2,21.311709385449895,E_quantile_gbm,2023,all,none,16.832095762765874,21.311709385449895,24.730048950615434,33.05857845899446
00-0034857,QB,2023,16,25.0,21.370209254322962,E_quantile_gbm,2023,all,none,17.400524378715218,21.370209254322962,27.57219208509041,32.54460623281229
00-0034857,QB,2023,17,21.2,20.340675111009745,E_quantile_gbm,2023,all,none,16.003040396484625,20.340675111009745,24.61989258633286,30.57853570242657
00-0034857,QB,2023,18,23.1,19.205631441495978,E_quantile_gbm,2023,all,none,14.466317396073759,19.205631441495978,20.30164036179822,31.345873887843233
00-0034857,QB,2023,19,33.5,19.73728619744255,E_quantile_gbm,2023,all,none,14.823303948593562,19.73728619744255,25.997927506195637,30.9808663611636
00-0034857,QB,2023,20,30.6,20.804810071583244,E_quantile_gbm,2023,all,none,16.121904895758043,20.804810071583244,26.32008138664973,30.001636144498605
00-0034869,QB,2023,1,-0.2,7.244677793335023,E_quantile_gbm,2023,all,none,1.5821572496302505,7.244677793335023,13.952603500181262,22.56186981206405
00-0034869,QB,2023,3,-0.1,4.0319559663427,E_quantile_gbm,2023,all,none,2.0009247988473304,4.0319559663427,9.006134125453439,15.060458833277314
00-0034869,QB,2023,4,-0.1,0.10262713167851166,E_quantile_gbm,2023,all,none,1.4946737852146448,0.10262713167851166,4.372415300694665,12.544979786007225
00-0034869,QB,2023,5,-0.1,0.8475177264881356,E_quantile_gbm,2023,all,none,-0.11134706904948763,0.8475177264881356,2.8535375885442016,10.29793557443472
00-0034869,QB,2023,10,-0.1,0.6385572341776273,E_quantile_gbm,2023,all,none,-0.0004043199571156025,0.6385572341776273,3.2383787010026412,12.044661289624056
00-0034869,QB,2023,13,-0.1,1.0613189578800606,E_quantile_gbm,2023,all,none,-0.16480721018401184,1.0613189578800606,4.265419780441307,11.691052066556912
00-0034869,QB,2023,15,0.6,0.9641920200144458,E_quantile_gbm,2023,all,none,0.06074697403591592,0.9641920200144458,5.1596169918238415,12.806907599176082
00-0034869,QB,2023,16,6.1,0.35218209515498095,E_quantile_gbm,2023,all,none,0.03462263354878264,0.35218209515498095,5.25207700557999,12.834142074278724
00-0034869,QB,2023,17,-0.2,-0.3576347749241301,E_quantile_gbm,2023,all,none,0.24155904089710992,-0.3576347749241301,4.766914610467809,12.894997441242717
00-0034869,QB,2023,18,17.5,3.275790700512291,E_quantile_gbm,2023,all,none,0.48847437863934057,3.275790700512291,7.289462766957145,15.474068330043735
00-0034955,QB,2023,8,1.7,4.739661574675078,E_quantile_gbm,2023,all,none,3.3182142446931935,4.739661574675078,9.812812112844473,13.60304630166114
00-0034955,QB,2023,9,5.1,4.408429664338918,E_quantile_gbm,2023,all,none,2.0754761615549717,4.408429664338918,12.861538511269083,15.088640185468456
00-0035100,QB,2023,1,-0.1,1.8965250683393904,E_quantile_gbm,2023,all,none,0.3118550911349819,1.8965250683393904,4.688437172704065,10.962410902529289
00-0035100,QB,2023,11,10.7,0.9595801965971109,E_quantile_gbm,2023,all,none,-0.002484238001749377,0.9595801965971109,4.375723653383945,11.390738989532261
00-0035100,QB,2023,12,12.0,2.8282604953921027,E_quantile_gbm,2023,all,none,2.254430908887239,2.8282604953921027,8.760504836426497,13.79768451450313
00-0035100,QB,2023,13,26.7,6.9862839454488785,E_quantile_gbm,2023,all,none,3.7535101382803773,6.9862839454488785,10.481840360912418,16.524429796475218
00-0035100,QB,2023,14,23.7,13.841426055815539,E_quantile_gbm,2023,all,none,9.569345716886554,13.841426055815539,18.289780593391555,22.073598922882905
00-0035100,QB,2023,15,19.0,13.93632863665026,E_quantile_gbm,2023,all,none,9.015389878519564,13.93632863665026,17.06742348270616,22.95660139532479
00-0035100,QB,2023,16,13.4,12.388315992409202,E_quantile_gbm,2023,all,none,9.531231344550838,12.388315992409202,16.150025921017082,21.388620904711853
00-0035100,QB,2023,17,21.1,12.144317716309983,E_quantile_gbm,2023,all,none,8.194233253035543,12.144317716309983,16.02295622364724,21.50401912399036
00-0035100,QB,2023,18,18.0,11.018668621808978,E_quantile_gbm,2023,all,none,8.120579388242472,11.018668621808978,16.98887476522601,20.998833025099685
00-0035228,QB,2023,10,17.3,15.885021144569755,E_quantile_gbm,2023,all,none,10.845577520557345,15.885021144569755,19.354397448340194,24.489244563078007
00-0035228,QB,2023,11,21.7,15.917492945955752,E_quantile_gbm,2023,all,none,10.893056059206577,15.917492945955752,22.65466774331812,24.332668115808783
00-0035228,QB,2023,12,20.4,15.987733481851453,E_quantile_gbm,2023,all,none,10.353871846993199,15.987733481851453,21.355109709709165,26.316183180091386
00-0035228,QB,2023,13,11.8,12.970914279322162,E_quantile_gbm,2023,all,none,8.945535315003944,12.970914279322162,18.397069782229313,24.23116707276941
00-0035228,QB,2023,15,13.3,12.6982991562994,E_quantile_gbm,2023,all,none,8.857607414152158,12.6982991562994,19.287244232190634,21.682947783918063
00-0035228,QB,2023,16,20.4,13.002430444606269,E_quantile_gbm,2023,all,none,9.05943011699935,13.002430444606269,19.243852494116574,21.921198970384562
00-0035228,QB,2023,17,23.7,12.98497903378485,E_quantile_gbm,2023,all,none,7.582148581164473,12.98497903378485,19.597559556943732,22.170107781183447
00-0035228,QB,2023,18,17.8,16.585535943325468,E_quantile_gbm,2023,all,none,9.583222608208779,16.585535943325468,24.02308437983508,25.303654951511763
00-0035264,QB,2023,15,0.0,8.949004623019874,E_quantile_gbm,2023,all,none,0.35518337652244725,8.949004623019874,13.714574056995321,19.59553716426862
00-0035264,QB,2023,17,13.6,11.092563911074368,E_quantile_gbm,2023,all,none,0.48209331803787897,11.092563911074368,15.462011175325745,20.63096819654095
00-0035264,QB,2023,18,13.1,12.217411838591211,E_quantile_gbm,2023,all,none,5.843003589799439,12.217411838591211,15.614118943216834,20.927478510464216
00-0035282,QB,2023,14,5.2,0.5999787216963335,E_quantile_gbm,2023,all,none,1.2055707940536549,0.5999787216963335,6.3180717127907595,14.019173637579227
00-0035282,QB,2023,15,17.4,7.932281366653468,E_quantile_gbm,2023,all,none,2.9828544390009135,7.932281366653468,11.539946557113673,16.369552218651943
00-0035282,QB,2023,16,17.1,11.355078810550406,E_quantile_gbm,2023,all,none,6.4311829806995835,11.355078810550406,16.536896483663067,20.940121912640034
00-0035282,QB,2023,17,11.9,11.729582762605183,E_quantile_gbm,2023,all,none,7.190327052102663,11.729582762605183,17.208109448685075,22.30111873686259
00-0035282,QB,2023,18,16.0,12.875199668582132,E_quantile_gbm,2023,all,none,7.524730663213442,12.875199668582132,17.247231769743212,23.943527261895714
00-0035289,QB,2023,1,0.0,7.162151007674378,E_quantile_gbm,2023,all,none,-0.7809545166289369,7.162151007674378,9.51053956923109,18.869920543449926
00-0035289,QB,2023,2,11.1,-0.27695730403040586,E_quantile_gbm,2023,all,none,0.28422813893667953,-0.27695730403040586,6.631193328888147,13.73634751261621
00-0035289,QB,2023,3,13.1,1.5729414120800536,E_quantile_gbm,2023,all,none,0.58080593564051,1.5729414120800536,8.249377170017842,14.480365431930535
00-0035289,QB,2023,5,6.3,7.0335502984614156,E_quantile_gbm,2023,all,none,-0.13073283475489286,7.0335502984614156,11.800784554332047,18.196572953767234
00-0035289,QB,2023,6,9.6,10.191012517237539,E_quantile_gbm,2023,all,none,2.9210128418430994,10.191012517237539,13.3363020698258,19.358540559474655
00-0035289,QB,2023,7,27.1,10.092241275344108,E_quantile_gbm,2023,all,none,3.8994011783715643,10.092241275344108,15.718064685581092,19.1638870806803
00-0035289,QB,2023,8,14.8,14.132249436052023,E_quantile_gbm,2023,all,none,7.713926082546382,14.132249436052023,17.00815112853981,24.071216437152838
00-0035289,QB,2023,9,9.6,12.999416611134249,E_quantile_gbm,2023,all,none,8.480125098945285,12.999416611134249,18.52951244219979,24.40408842604461
00-0035289,QB,2023,10,5.7,13.23954060868273,E_quantile_gbm,2023,all,none,8.07537882155516,13.23954060868273,18.024713776630897,23.658570335855398
00-0035289,QB,2023,12,14.6,13.747526195972231,E_quantile_gbm,2023,all,none,8.40830997644752,13.747526195972231,19.08675290610186,21.437152842269242
00-0035289,QB,2023,13,18.7,13.233270726604262,E_quantile_gbm,2023,all,none,8.227762787203549,13.233270726604262,17.665595510890675,20.412737233255214
00-0035289,QB,2023,14,14.1,13.80257191071049,E_quantile_gbm,2023,all,none,7.952890144081732,13.80257191071049,17.982926822230237,22.292141004055065
00-0035289,QB,2023,15,20.6,14.23440371604796,E_quantile_gbm,2023,all,none,8.884905110642292,14.23440371604796,17.585399490058915,23.101786014563597
00-0035289,QB,2023,16,9.1,14.15188272554605,E_quantile_gbm,2023,all,none,7.939560577409105,14.15188272554605,18.22901098301407,23.988792516665864
00-0035289,QB,2023,17,13.3,13.142745548102955,E_quantile_gbm,2023,all,none,8.490813536284934,13.142745548102955,18.087717750824975,23.482688476368914
00-0035289,QB,2023,18,8.5,13.82273235200192,E_quantile_gbm,2023,all,none,8.799251529249332,13.82273235200192,17.645012246555464,23.58480566639151
00-0035704,QB,2023,4,3.6,8.396910917009123,E_quantile_gbm,2023,all,none,3.545806878725363,8.396910917009123,12.745559815496588,19.625910349360822
00-0035704,QB,2023,11,-1.9,8.694753806060717,E_quantile_gbm,2023,all,none,4.38240758653501,8.694753806060717,14.146336112294188,22.015627482268293
00-0035704,QB,2023,14,15.3,8.588328001386536,E_quantile_gbm,2023,all,none,3.6321573563577068,8.588328001386536,12.915059351179284,18.31539738834063
00-0035704,QB,2023,15,12.1,7.901204281506001,E_quantile_gbm,2023,all,none,3.553312730148439,7.901204281506001,14.052276768345672,18.976154526692216
00-0035710,QB,2023,1,4.5,18.72133867184522,E_quantile_gbm,2023,all,none,14.777054652294291,18.72133867184522,24.331705935876187,27.783588898689324
00-0035710,QB,2023,2,30.7,18.66107831537288,E_quantile_gbm,2023,all,none,14.308169991988466,18.66107831537288,23.518300413343542,24.407920607193223
00-0035710,QB,2023,3,4.0,12.902652795053362,E_quantile_gbm,2023,all,none,9.98460991006889,12.902652795053362,18.914226202917064,20.501244609717656
00-0035710,QB,2023,4,8.7,15.90189317009813,E_quantile_gbm,2023,all,none,11.73933218777964,15.90189317009813,22.214202866651302,22.93907345423571
00-0035710,QB,2023,5,7.2,14.964406477375002,E_quantile_gbm,2023,all,none,9.622294268372514,14.964406477375002,20.075412937126064,22.482273090783636
00-0035710,QB,2023,9,1.9,14.207189781599826,E_quantile_gbm,2023,all,none,9.266743323655238,14.207189781599826,20.527541848755725,22.067981223285287
00-0035993,QB,2023,4,0.8,8.19992660053699,E_quantile_gbm,2023,all,none,4.596290222000106,8.19992660053699,15.266870670393464,22.05662627388887
00-0035993,QB,2023,7,0.0,8.340815678549161,E_quantile_gbm,2023,all,none,2.235912436571289,8.340815678549161,10.029410223774066,15.514073062254528
00-0035993,QB,2023,9,6.3,1.4653774489686868,E_quantile_gbm,2023,all,none,1.8568405363296805,1.4653774489686868,3.052690823286525,8.477132930149166
00-0035993,QB,2023,17,4.7,-0.10343650272868832,E_quantile_gbm,2023,all,none,0.4854849916777099,-0.10343650272868832,2.597093781768429,7.158663918110602
00-0035993,QB,2023,18,13.8,3.9482641893628876,E_quantile_gbm,2023,all,none,2.209517708245448,3.9482641893628876,6.314978317398822,13.226402847219973
00-0036212,QB,2023,1,27.1,15.849482511528292,E_quantile_gbm,2023,all,none,11.166434468791245,15.849482511528292,20.088109381665927,26.110712652007702
00-0036212,QB,2023,2,12.3,15.73512233115073,E_quantile_gbm,2023,all,none,11.794041485728146,15.73512233115073,20.336242768426708,25.028511697419297
00-0036212,QB,2023,3,28.4,17.987932626147693,E_quantile_gbm,2023,all,none,13.160564382572009,17.987932626147693,20.463106202477007,25.220873531680944
00-0036212,QB,2023,4,14.0,16.189464698275703,E_quantile_gbm,2023,all,none,12.080785454160418,16.189464698275703,19.67382348140425,23.24289656440857
00-0036212,QB,2023,5,16.9,17.19133118231279,E_quantile_gbm,2023,all,none,14.617339582542371,17.19133118231279,21.992505743620274,26.4091107795524
00-0036212,QB,2023,6,22.5,17.681753282351412,E_quantile_gbm,2023,all,none,14.647983705523645,17.681753282351412,21.4154623857488,25.323381711317985
00-0036212,QB,2023,7,10.3,15.850780230488564,E_quantile_gbm,2023,all,none,11.533035665997112,15.850780230488564,19.428896182421436,22.907591801830165
00-0036212,QB,2023,8,21.8,15.609741427049524,E_quantile_gbm,2023,all,none,11.336071550509494,15.609741427049524,20.26285658181298,23.001129157547638
00-0036212,QB,2023,9,12.4,16.13032391866393,E_quantile_gbm,2023,all,none,12.447745654140743,16.13032391866393,20.66264965981051,24.608141728944858
00-0036212,QB,2023,11,17.6,17.36968082412978,E_quantile_gbm,2023,all,none,12.966658611840817,17.36968082412978,21.002686202779696,22.928611295744926
00-0036212,QB,2023,12,7.8,15.894354208271595,E_quantile_gbm,2023,all,none,12.527192628077168,15.894354208271595,21.66314396470707,23.506966390940697
00-0036212,QB,2023,13,19.2,17.740835805304776,E_quantile_gbm,2023,all,none,14.451828771515556,17.740835805304776,21.38779782263168,23.616580696238312
00-0036212,QB,2023,14,11.1,18.25461626100628,E_quantile_gbm,2023,all,none,12.718398408524017,18.25461626100628,21.16149993748059,24.272094865714926
00-0036212,QB,2023,15,13.0,14.403795956333623,E_quantile_gbm,2023,all,none,10.13717171497417,14.403795956333623,17.837586578100098,22.19161028527457
00-0036212,QB,2023,16,15.5,15.806967429466784,E_quantile_gbm,2023,all,none,11.335446628080303,15.806967429466784,18.268842703966868,20.971990745275395
00-0036212,QB,2023,17,14.9,14.66991634804858,E_quantile_gbm,2023,all,none,9.80279953772076,14.66991634804858,18.491541390186963,21.057560100593104
00-0036212,QB,2023,18,7.6,14.19309756059236,E_quantile_gbm,2023,all,none,8.710498955167386,14.19309756059236,17.369279203681145,22.347659798219308
00-0036212,QB,2023,19,12.5,12.355242919684782,E_quantile_gbm,2023,all,none,8.868743279649712,12.355242919684782,16.718708462290515,20.812206101179953
00-0036264,QB,2023,1,23.0,11.414556782437764,E_quantile_gbm,2023,all,none,7.0814541174231795,11.414556782437764,14.626323989240076,18.02316175018516
00-0036264,QB,2023,2,20.3,12.92670869272324,E_quantile_gbm,2023,all,none,8.335602724010547,12.92670869272324,15.78210854138926,18.785501456435586
00-0036264,QB,2023,3,24.3,12.466565035023189,E_quantile_gbm,2023,all,none,8.500325651229153,12.466565035023189,16.25605256349676,20.387649575303378
00-0036264,QB,2023,4,17.6,14.13102595189656,E_quantile_gbm,2023,all,none,9.711030339665616,14.13102595189656,19.330806378512886,22.246616297524522
00-0036264,QB,2023,5,5.0,12.42195294048353,E_quantile_gbm,2023,all,none,9.543025760194263,12.42195294048353,17.478611829155547,23.184965049790467
00-0036264,QB,2023,7,15.3,14.3329864707304,E_quantile_gbm,2023,all,none,10.08989303918783,14.3329864707304,20.1361075326819,24.573613733106832
00-0036264,QB,2023,8,14.6,12.262486086006744,E_quantile_gbm,2023,all,none,8.672035369717266,12.262486086006744,17.977058824979,22.33211382137441
00-0036264,QB,2023,9,13.8,13.261399355905688,E_quantile_gbm,2023,all,none,8.817004698976616,13.261399355905688,19.04518043419561,22.335639173734315
00-0036264,QB,2023,10,16.7,12.54667964420549,E_quantile_gbm,2023,all,none,7.650089404779855,12.54667964420549,16.630214672949993,23.261992138550838
00-0036264,QB,2023,11,20.9,14.051577072493206,E_quantile_gbm,2023,all,none,9.289144153924296,14.051577072493206,17.50725797793981,23.276052564993687
00-0036264,QB,2023,12,26.6,13.003433095680865,E_quantile_gbm,2023,all,none,7.979585163052817,13.003433095680865,17.1086191250788,22.78628982675889
00-0036264,QB,2023,13,23.7,12.41798865927673,E_quantile_gbm,2023,all,none,7.401677429863719,12.41798865927673,14.821322179694764,19.153235508528933
00-0036264,QB,2023,14,8.9,14.429598775096428,E_quantile_gbm,2023,all,none,10.70987056603693,14.429598775096428,18.08789948704906,22.296043743238393
00-0036264,QB,2023,15,17.5,14.217960380543833,E_quantile_gbm,2023,all,none,10.884087300480408,14.217960380543833,17.102606746634866,21.75031789584806
00-0036264,QB,2023,16,24.0,13.717216755987112,E_quantile_gbm,2023,all,none,10.14939861795328,13.717216755987112,17.99615876055499,24.318255987855434
00-0036264,QB,2023,17,28.4,14.121908776810722,E_quantile_gbm,2023,all,none,9.642040367655621,14.121908776810722,17.306591133257886,24.163648035498706
00-0036264,QB,2023,18,18.5,14.948939034203109,E_quantile_gbm,2023,all,none,10.955867130862245,14.948939034203109,19.270726159867078,23.26268406924816
00-0036264,QB,2023,19,22.8,12.341581387601437,E_quantile_gbm,2023,all,none,9.659636852843706,12.341581387601437,15.933042752308687,20.771641393218847
00-0036264,QB,2023,20,14.1,10.90175240136931,E_quantile_gbm,2023,all,none,7.72803415218349,10.90175240136931,13.43155475749673,18.168844098219857
00-0036355,QB,2023,1,20.9,17.00813882437628,E_quantile_gbm,2023,all,none,13.278156738290841,17.00813882437628,21.662603310578614,25.81505561851837
00-0036355,QB,2023,2,22.2,17.003238420860296,E_quantile_gbm,2023,all,none,11.822171288463464,17.003238420860296,21.14250088087949,26.328307831983025
00-0036355,QB,2023,3,29.3,18.457296127490263,E_quantile_gbm,2023,all,none,14.129469256222059,18.457296127490263,22.07690100108909,25.88189109612718
00-0036355,QB,2023,4,23.4,18.450239664142867,E_quantile_gbm,2023,all,none,14.376347802770843,18.450239664142867,21.334801973044083,28.68122995975327
00-0036355,QB,2023,6,19.1,17.41085755149446,E_quantile_gbm,2023,all,none,12.016720776697724,17.41085755149446,23.6540673466755,27.079673992686345
00-0036355,QB,2023,7,10.9,16.039158180277845,E_quantile_gbm,2023,all,none,12.300222835019685,16.039158180277845,21.644230081445677,26.90679805878719
00-0036355,QB,2023,8,24.0,18.733466418797974,E_quantile_gbm,2023,all,none,14.569658764487144,18.733466418797974,23.820092748137828,26.5113929364757
00-0036355,QB,2023,9,7.1,15.296325768781408,E_quantile_gbm,2023,all,none,11.431040076600054,15.296325768781408,20.16459550255048,24.27400285726154
00-0036355,QB,2023,10,28.4,15.581402008782485,E_quantile_gbm,2023,all,none,10.69322699010108,15.581402008782485,19.147946210325852,23.743034053260562
00-0036355,QB,2023,11,25.7,15.722975916017061,E_quantile_gbm,2023,all,none,12.716669918783085,15.722975916017061,19.907788693103196,24.546658934148
00-0036355,QB,2023,12,13.4,17.428714394624276,E_quantile_gbm,2023,all,none,12.296180453799327,17.428714394624276,23.11265012038529,25.700207179908816
00-0036355,QB,2023,13,8.0,15.689824246117356,E_quantile_gbm,2023,all,none,12.06075410862679,15.689824246117356,21.65804943952706,24.89696021490072
00-0036355,QB,2023,14,1.8,17.591227301863295,E_quantile_gbm,2023,all,none,12.19016747514167,17.591227301863295,24.232344908993213,26.420223523357027
00-0036389,QB,2023,1,12.5,18.556666742361433,E_quantile_gbm,2023,all,none,14.993755174786699,18.556666742361433,22.166646426967308,29.60337424915977
00-0036389,QB,2023,2,25.2,19.895140218325484,E_quantile_gbm,2023,all,none,17.19451781590373,19.895140218325484,24.395420879250928,28.67601114658226
00-0036389,QB,2023,3,19.9,18.20050854812262,E_quantile_gbm,2023,all,none,15.433747023895377,18.20050854812262,23.224965861136937,29.4485091227681
00-0036389,QB,2023,4,24.2,19.127111976962823,E_quantile_gbm,2023,all,none,15.277736144783901,19.127111976962823,25.857811393800148,29.247112387522655
00-0036389,QB,2023,5,27.3,20.15625479154382,E_quantile_gbm,2023,all,none,16.191520566314622,20.15625479154382,25.43846578913233,30.52099873092948
00-0036389,QB,2023,6,19.9,19.954886695766575,E_quantile_gbm,2023,all,none,14.978846516123486,19.954886695766575,26.032544190594493,31.450221440247805
00-0036389,QB,2023,7,23.3,21.48666809340615,E_quantile_gbm,2023,all,none,16.614993870471903,21.48666809340615,27.307970028834905,32.656912225732924
00-0036389,QB,2023,8,27.4,21.238112540463117,E_quantile_gbm,2023,all,none,16.390364639398292,21.238112540463117,27.635500246202923,32.80933371188539
00-0036389,QB,2023,9,25.9,18.43659457221858,E_quantile_gbm,2023,all,none,15.161856369667694,18.43659457221858,24.923463433951508,29.68418219927755
00-0036389,QB,2023,11,18.9,16.878920835830098,E_quantile_gbm,2023,all,none,14.443266644917989,16.878920835830098,19.837698666755742,25.056044717889584
00-0036389,QB,2023,12,34.5,19.340818713561497,E_quantile_gbm,2023,all,none,15.411471999337323,19.340818713561497,26.08524421877188,29.653769685114604
00-0036389,QB,2023,13,23.9,19.01977256168604,E_quantile_gbm,2023,all,none,15.30947794222632,19.01977256168604,22.023371185496664,26.457263391914715
00-0036389,QB,2023,14,8.9,20.400794727195724,E_quantile_gbm,2023,all,none,16.425647487976413,20.400794727195724,24.000249311510576,30.63713156580885
00-0036389,QB,2023,15,21.9,21.253863291023908,E_quantile_gbm,2023,all,none,16.616967536484292,21.253863291023908,28.4273335276359,32.27441158263176
00-0036389,QB,2023,16,23.4,20.212050848393915,E_quantile_gbm,2023,all,none,16.092346229507204,20.212050848393915,26.144681759865602,29.253567761128355
00-0036389,QB,2023,17,19.2,20.83811189604955,E_quantile_gbm,2023,all,none,17.223575262064912,20.83811189604955,26.706701035565718,30.025251723119244
00-0036389,QB,2023,18,0.6,20.03149509016658,E_quantile_gbm,2023,all,none,15.479939343888304,20.03149509016658,22.64271630628138,29.04827412850286
00-0036389,QB,2023,19,14.5,17.246599104669986,E_quantile_gbm,2023,all,none,12.695398957806562,17.246599104669986,21.808839541795383,26.238241442872926
00-0036442,QB,2023,1,3.2,17.274752542789713,E_quantile_gbm,2023,all,none,13.002117550439419,17.274752542789713,21.41146077002894,26.74638589933607
00-0036442,QB,2023,2,15.4,17.40493836077055,E_quantile_gbm,2023,all,none,12.853869248671131,17.40493836077055,22.015755392944794,25.986748486264066
00-0036442,QB,2023,3,8.2,16.160498691611213,E_quantile_gbm,2023,all,none,12.28739215847405,16.160498691611213,20.5044284535649,24.92476928635946
00-0036442,QB,2023,4,4.7,16.329576919099395,E_quantile_gbm,2023,all,none,11.69781177671531,16.329576919099395,19.489154916867523,23.35782439593974
00-0036442,QB,2023,5,23.4,16.835886165385844,E_quantile_gbm,2023,all,none,11.940275816408207,16.835886165385844,20.630769642308504,24.010630979047125
00-0036442,QB,2023,6,13.8,16.742819075766523,E_quantile_gbm,2023,all,none,12.677855374046327,16.742819075766523,21.15229359288287,22.996325471598706
00-0036442,QB,2023,8,27.6,15.339002206302933,E_quantile_gbm,2023,all,none,11.381101641749225,15.339002206302933,18.677560202359988,21.40552811742093
00-0036442,QB,2023,9,22.3,18.49611019776433,E_quantile_gbm,2023,all,none,15.143943322281626,18.49611019776433,23.13138602780762,24.76387494965372
00-0036442,QB,2023,10,19.9,19.647647492731227,E_quantile_gbm,2023,all,none,14.874544006211432,19.647647492731227,23.0220341340339,26.88391942595577
00-0036442,QB,2023,11,8.7,15.735940634989399,E_quantile_gbm,2023,all,none,12.902292389157983,15.735940634989399,21.093473327168173,25.319056519156824
00-0036879,QB,2023,14,0.0,8.2697520852283,E_quantile_gbm,2023,all,none,1.3935229091447154,8.2697520852283,15.23891734613381,19.56816140040518
00-0036898,QB,2023,11,0.1,9.005653277697176,E_quantile_gbm,2023,all,none,4.681307533291724,9.005653277697176,15.36033720474645,21.549879331536264
00-0036898,QB,2023,13,0.7,7.466676246244841,E_quantile_gbm,2023,all,none,2.997908996799698,7.466676246244841,12.427298972187264,19.367446877502204
00-0036898,QB,2023,14,0.2,8.682870897120178,E_quantile_gbm,2023,all,none,3.9383117264774055,8.682870897120178,14.976245883325358,18.224445668440755
00-0036898,QB,2023,15,0.0,5.873915487017357,E_quantile_gbm,2023,all,none,2.3495426097322674,5.873915487017357,15.211545716769221,17.63489881273475
00-0036898,QB,2023,16,16.9,6.4560346175698555,E_quantile_gbm,2023,all,none,2.7025197555755387,6.4560346175698555,12.282356074441813,15.815571035086574
00-0036898,QB,2023,17,0.0,2.472898246633983,E_quantile_gbm,2023,all,none,1.0689185659108347,2.472898246633983,6.3786505816910735,9.405972299515978
00-0036898,QB,2023,19,-0.2,5.024315893369768,E_quantile_gbm,2023,all,none,0.523592011588113,5.024315893369768,9.08037479946967,12.525227989375205
00-0036928,QB,2023,10,-0.1,2.888292889659695,E_quantile_gbm,2023,all,none,-0.37922305291966846,2.888292889659695,7.1840419448390005,13.641621370096756
00-0036928,QB,2023,12,0.0,2.9515717431775217,E_quantile_gbm,2023,all,none,-0.2349259618527863,2.9515717431775217,7.351325924835009,14.131409431779378
00-0036945,QB,2023,1,14.5,15.52602820984421,E_quantile_gbm,2023,all,none,14.481025507193895,15.52602820984421,22.196807122140775,27.11540474501186
00-0036945,QB,2023,2,14.7,15.002215499204116,E_quantile_gbm,2023,all,none,13.0762476780735,15.002215499204116,20.496888693990478,23.460517460155245
00-0036945,QB,2023,3,10.7,14.114533112796366,E_quantile_gbm,2023,all,none,12.12112847736417,14.114533112796366,18.627828708581337,23.984685724988317
00-0036945,QB,2023,4,27.9,17.657738377149084,E_quantile_gbm,2023,all,none,15.500697041494108,17.657738377149084,23.224726193440997,27.153847517004454
00-0036945,QB,2023,5,33.0,13.039008709252421,E_quantile_gbm,2023,all,none,11.3076827950761,13.039008709252421,21.00257614537533,25.590992194128738
00-0036945,QB,2023,6,4.9,16.886090996885642,E_quantile_gbm,2023,all,none,13.07366236308428,16.886090996885642,22.64929438492778,26.70054771686166
00-0036945,QB,2023,11,21.2,16.031571010510774,E_quantile_gbm,2023,all,none,12.601069194739571,16.031571010510774,23.017101396929114,27.083881723325618
00-0036945,QB,2023,12,10.6,19.06157550066845,E_quantile_gbm,2023,all,none,14.462391906829907,19.06157550066845,24.020364170943783,26.9746697207349
00-0036945,QB,2023,14,24.7,17.149916910105812,E_quantile_gbm,2023,all,none,13.965596942341865,17.149916910105812,23.463682822135144,27.125837326904577
00-0036945,QB,2023,15,9.6,14.868554601802757,E_quantile_gbm,2023,all,none,10.639793753204803,14.868554601802757,19.331119860479884,23.650785154054855
00-0036945,QB,2023,16,24.5,19.607756043875042,E_quantile_gbm,2023,all,none,14.350471544441008,19.607756043875042,24.12479096710023,28.317878217397
00-0036945,QB,2023,17,25.2,16.74964675574204,E_quantile_gbm,2023,all,none,13.504160251103057,16.74964675574204,21.590929996076436,25.673362560670846
00-0036945,QB,2023,18,8.6,17.270524697016114,E_quantile_gbm,2023,all,none,14.666768839481504,17.270524697016114,24.99118915134119,25.833523231417985
00-0036971,QB,2023,1,17.7,17.749483279701646,E_quantile_gbm,2023,all,none,12.862030176719047,17.749483279701646,22.14024782787167,26.27287153317816
00-0036971,QB,2023,2,9.2,15.832807118493813,E_quantile_gbm,2023,all,none,11.983892314163093,15.832807118493813,19.785019931264152,25.21722601690455
00-0036971,QB,2023,3,14.4,18.10620517760944,E_quantile_gbm,2023,all,none,13.547100235348998,18.10620517760944,23.46663725930001,28.009747928404376
00-0036971,QB,2023,4,16.5,14.553256388245796,E_quantile_gbm,2023,all,none,11.13257029227249,14.553256388245796,20.94644443826026,25.10158923167075
00-0036971,QB,2023,5,15.7,11.636481606435428,E_quantile_gbm,2023,all,none,8.883315353746124,11.636481606435428,16.342107407068465,24.988438642987532
00-0036971,QB,2023,6,14.7,16.160352358384273,E_quantile_gbm,2023,all,none,11.253964607471817,16.160352358384273,20.54708791149815,26.18813548595599
00-0036971,QB,2023,7,18.1,13.837113503869046,E_quantile_gbm,2023,all,none,8.753550222680623,13.837113503869046,18.333452036950113,22.660373751089327
00-0036971,QB,2023,8,14.7,13.283290018341392,E_quantile_gbm,2023,all,none,10.185888512176282,13.283290018341392,20.211347513115403,26.246797706085605
00-0036971,QB,2023,10,2.1,12.94409752493545,E_quantile_gbm,2023,all,none,9.478369391769343,12.94409752493545,20.271064714244144,24.38106967584643
00-0036971,QB,2023,11,32.2,13.306009864427093,E_quantile_gbm,2023,all,none,11.222320242301196,13.306009864427093,19.949564740534047,25.634280771352778
00-0036971,QB,2023,12,24.6,16.415530767940602,E_quantile_gbm,2023,all,none,13.107175051449673,16.415530767940602,21.615799780887695,25.191782969683207
00-0036971,QB,2023,13,25.1,17.21955054515105,E_quantile_gbm,2023,all,none,13.984377099078364,17.21955054515105,21.324057233813498,23.947102872492877
00-0036971,QB,2023,14,17.4,13.359213044641153,E_quantile_gbm,2023,all,none,9.455078582209861,13.359213044641153,15.6198229655189,19.534412702530425
00-0036971,QB,2023,15,14.7,13.226840779701648,E_quantile_gbm,2023,all,none,9.62424953305102,13.226840779701648,15.86694373964599,20.337277174443617
00-0036971,QB,2023,16,9.3,14.69700200227047,E_quantile_gbm,2023,all,none,11.831738126958097,14.69700200227047,21.00110801284006,24.42727298081307
00-0036971,QB,2023,18,16.2,15.230997394420612,E_quantile_gbm,2023,all,none,10.607236771104207,15.230997394420612,18.873682045209325,23.460826850452868
00-0036972,QB,2023,1,24.1,12.983562045374041,E_quantile_gbm,2023,all,none,9.242131575456932,12.983562045374041,16.98491855440636,21.946393026015024
00-0036972,QB,2023,2,13.7,13.506455908592965,E_quantile_gbm,2023,all,none,9.620899602902693,13.506455908592965,17.617634548821687,23.003392994323885
00-0036972,QB,2023,3,13.3,12.273342529390428,E_quantile_gbm,2023,all,none,8.711713931545534,12.273342529390428,17.00642113788012,21.372051003637
00-0036972,QB,2023,4,0.7,12.869216702286193,E_quantile_gbm,2023,all,none,7.706697173228157,12.869216702286193,16.490666589747175,18.995994080695425
00-0036972,QB,2023,5,-1.6,13.09635977783084,E_quantile_gbm,2023,all,none,9.417866515639886,13.09635977783084,18.480443265875426,19.9393851655419
00-0036972,QB,2023,6,5.9,12.519894066217036,E_quantile_gbm,2023,all,none,7.791932486914105,12.519894066217036,16.60808414721184,18.1297768344106
00-0036972,QB,2023,7,20.0,10.230652193373908,E_quantile_gbm,2023,all,none,5.57723519704325,10.230652193373908,15.407869802843564,17.105842703486406
00-0036972,QB,2023,8,12.2,10.501293949516258,E_quantile_gbm,2023,all,none,8.53995639198257,10.501293949516258,15.875386504122881,17.249113664509373
00-0036972,QB,2023,9,11.1,13.03715529538261,E_quantile_gbm,2023,all,none,9.89973929263409,13.03715529538261,17.800435710100615,21.88671173030165
00-0036972,QB,2023,10,7.3,12.925515275233847,E_quantile_gbm,2023,all,none,9.22907134666229,12.925515275233847,17.569393937574908,21.855707909381167
00-0036972,QB,2023,12,-0.4,12.77772865871383,E_quantile_gbm,2023,all,none,9.459159938108893,12.77772865871383,16.945323683266626,20.680114117579883
00-0037013,QB,2023,1,8.2,8.538945500114561,E_quantile_gbm,2023,all,none,1.4899377385937622,8.538945500114561,16.421646596076997,22.054627580703354
00-0037013,QB,2023,2,8.4,6.286975476446789,E_quantile_gbm,2023,all,none,4.456004229836652,6.286975476446789,13.102365047213498,18.9040275013842
00-0037013,QB,2023,3,6.4,8.865748276041149,E_quantile_gbm,2023,all,none,4.902689796958442,8.865748276041149,16.063925333758977,20.866936763018867
00-0037013,QB,2023,4,19.2,9.436029136845285,E_quantile_gbm,2023,all,none,7.434342931357848,9.436029136845285,17.120391549080363,20.93341976521911
00-0037013,QB,2023,5,8.6,11.810558733235904,E_quantile_gbm,2023,all,none,10.102138883835702,11.810558733235904,17.205057309857477,22.40159551575054
00-0037013,QB,2023,6,10.9,11.69123928111682,E_quantile_gbm,2023,all,none,7.770709165618995,11.69123928111682,18.441237052957856,21.72374678968582
00-0037013,QB,2023,8,12.1,12.018232920169718,E_quantile_gbm,2023,all,none,7.419089565720784,12.018232920169718,18.43321211618626,21.861718097129547
00-0037013,QB,2023,9,7.2,11.745371675714646,E_quantile_gbm,2023,all,none,7.168937214828647,11.745371675714646,17.732358035206165,21.722250350800156
00-0037013,QB,2023,10,13.9,11.108952835385553,E_quantile_gbm,2023,all,none,7.044194506941182,11.108952835385553,17.295752322516993,21.466343269968302
00-0037013,QB,2023,11,6.7,9.697265233615807,E_quantile_gbm,2023,all,none,6.2474579396138115,9.697265233615807,13.907153646536537,21.112567022730158
00-0037013,QB,2023,14,19.2,7.909399442628185,E_quantile_gbm,2023,all,none,2.4000546557759446,7.909399442628185,14.212430729967467,18.217308591607175
00-0037013,QB,2023,15,-1.0,7.7784335950418395,E_quantile_gbm,2023,all,none,6.357220101744329,7.7784335950418395,15.578646915744388,19.157516451182044
00-0037077,QB,2023,1,15.2,12.62237702783596,E_quantile_gbm,2023,all,none,8.70670102418157,12.62237702783596,19.46883827546008,24.980664988148703
00-0037077,QB,2023,2,21.3,11.201558270007949,E_quantile_gbm,2023,all,none,7.653698070405543,11.201558270007949,18.641595149864873,23.412390196495448
00-0037077,QB,2023,3,0.6,12.826561870559727,E_quantile_gbm,2023,all,none,8.280708309199428,12.826561870559727,17.5151774904347,23.74264390317428
00-0037077,QB,2023,4,19.6,13.227355912761478,E_quantile_gbm,2023,all,none,8.20531810320063,13.227355912761478,19.027200149951923,24.223049727245893
00-0037077,QB,2023,5,25.4,16.524864221234324,E_quantile_gbm,2023,all,none,10.808889204884048,16.524864221234324,22.319845419966217,27.459622135656183
00-0037077,QB,2023,6,18.3,13.898960129910433,E_quantile_gbm,2023,all,none,8.647654381070504,13.898960129910433,19.947715814366177,25.386055598343695
00-0037077,QB,2023,7,9.5,13.549599772347149,E_quantile_gbm,2023,all,none,9.05111000372983,13.549599772347149,19.354680522789177,24.42259321182154
00-0037077,QB,2023,8,31.0,11.865886188947227,E_quantile_gbm,2023,all,none,7.606834131612487,11.865886188947227,18.72958053595166,23.713265582748893
00-0037077,QB,2023,9,17.7,13.299793462375275,E_quantile_gbm,2023,all,none,9.024090451363275,13.299793462375275,19.41043317319068,22.72530332221482
00-0037077,QB,2023,10,24.2,13.364868280038728,E_quantile_gbm,2023,all,none,10.108658274635545,13.364868280038728,19.236745141933408,23.691864727534245
00-0037077,QB,2023,11,17.7,15.590981023222318,E_quantile_gbm,2023,all,none,11.738390684683244,15.590981023222318,20.637980497077052,24.908686373748697
00-0037077,QB,2023,12,17.3,14.234828566194638,E_quantile_gbm,2023,all,none,9.400477284217814,14.234828566194638,20.3009837353728,23.992274407609056
00-0037077,QB,2023,13,19.2,14.639813739744898,E_quantile_gbm,2023,all,none,9.90731895506732,14.639813739744898,20.016156880867864,24.017034716220167
00-0037077,QB,2023,15,8.3,14.62398666754431,E_quantile_gbm,2023,all,none,9.357538262942517,14.62398666754431,18.729924710654526,23.12452825931419
00-0037077,QB,2023,16,-1.8,11.27485219344468,E_quantile_gbm,2023,all,none,7.412295421614249,11.27485219344468,16.841257231049532,22.301850745261845
00-0037077,QB,2023,17,6.7,11.9681661586343,E_quantile_gbm,2023,all,none,8.02421667871682,11.9681661586343,14.926462028536136,21.951813063108414
00-0037077,QB,2023,18,7.4,10.991063568996992,E_quantile_gbm,2023,all,none,6.834257115781167,10.991063568996992,14.641598666286077,20.06021728713678
00-0037834,QB,2023,1,16.8,13.252224542259741,E_quantile_gbm,2023,all,none,8.285247778495323,13.252224542259741,19.048098311428657,21.533130877211356
00-0037834,QB,2023,2,14.7,12.8135088400805,E_quantile_gbm,2023,all,none,9.442386512255851,12.8135088400805,17.788710613691983,20.63827146593185
00-0037834,QB,2023,3,20.3,13.427920430331312,E_quantile_gbm,2023,all,none,11.04017786245445,13.427920430331312,14.968265920126859,19.25513873723223
00-0037834,QB,2023,4,21.3,14.528674675625346,E_quantile_gbm,2023,all,none,10.924744697695338,14.528674675625346,19.80815839652323,22.01976806664174
00-0037834,QB,2023,5,26.1,13.603290402471957,E_quantile_gbm,2023,all,none,7.877161209629984,13.603290402471957,18.445134966848904,22.657855432785798
00-0037834,QB,2023,6,7.7,11.909724580407916,E_quantile_gbm,2023,all,none,7.529623849479715,11.909724580407916,14.89509030761918,19.123881474601582
00-0037834,QB,2023,7,12.8,14.430392746534688,E_quantile_gbm,2023,all,none,9.987059658239277,14.430392746534688,18.20862113191245,21.003474063621148
00-0037834,QB,2023,8,18.3,13.76380392695613,E_quantile_gbm,2023,all,none,9.375894856440228,13.76380392695613,17.560010678115965,22.14550569607992
00-0037834,QB,2023,10,23.8,13.633513412275965,E_quantile_gbm,2023,all,none,8.934049139202292,13.633513412275965,19.629446902477923,22.757440250295122
00-0037834,QB,2023,11,26.7,14.885182425321137,E_quantile_gbm,2023,all,none,11.755340734540518,14.885182425321137,23.362292073892146,21.689700001684415
00-0037834,QB,2023,12,10.5,15.555829418323524,E_quantile_gbm,2023,all,none,11.73862508191866,15.555829418323524,21.628179158875476,22.532805804173528
00-0037834,QB,2023,13,29.5,16.07824360234954,E_quantile_gbm,2023,all,none,10.857266794121673,16.07824360234954,18.33353511067933,23.279819521514423
00-0037834,QB,2023,14,21.4,16.721258762371015,E_quantile_gbm,2023,all,none,11.95990203819825,16.721258762371015,22.324711967385678,23.698237169723857
00-0037834,QB,2023,15,25.7,15.473874786514921,E_quantile_gbm,2023,all,none,13.190202352175469,15.473874786514921,22.370567500796813,25.074392715136895
00-0037834,QB,2023,16,2.4,14.068964668853258,E_quantile_gbm,2023,all,none,10.680174966256919,14.068964668853258,19.664526159690798,22.30232961092319
00-0037834,QB,2023,17,17.6,15.970203493422252,E_quantile_gbm,2023,all,none,12.923966436902367,15.970203493422252,22.51090870882054,23.28333588416574
00-0037834,QB,2023,20,15.5,12.922975641576333,E_quantile_gbm,2023,all,none,12.173091541771628,12.922975641576333,20.425486084948712,22.78422696179095
00-0037834,QB,2023,21,17.5,15.206359146689616,E_quantile_gbm,2023,all,none,13.228813706032195,15.206359146689616,22.18918822068337,23.931167940340426
00-0037834,QB,2023,22,15.4,14.646252890649027,E_quantile_gbm,2023,all,none,9.802879661201839,14.646252890649027,21.383383602489957,22.80357663572653
00-0038102,QB,2023,1,9.7,12.912234425498326,E_quantile_gbm,2023,all,none,9.207165512474807,12.912234425498326,17.010851313453884,20.323200771713804
00-0038102,QB,2023,2,10.3,11.77196311320611,E_quantile_gbm,2023,all,none,7.726107253144946,11.77196311320611,17.006850621039668,18.986999287409507
00-0038102,QB,2023,3,18.5,13.254647612604058,E_quantile_gbm,2023,all,none,10.010975935379305,13.254647612604058,18.003100985913306,21.090488780688265
00-0038102,QB,2023,4,3.5,13.53324251919898,E_quantile_gbm,2023,all,none,10.26924907552751,13.53324251919898,19.65695593235049,23.362310780921646
00-0038102,QB,2023,5,12.4,10.379930349382954,E_quantile_gbm,2023,all,none,7.495357220450854,10.379930349382954,15.68178188496988,19.224182484341704
00-0038102,QB,2023,7,15.2,12.700311041557764,E_quantile_gbm,2023,all,none,9.295831127577044,12.700311041557764,16.151572873307142,20.510116077132192
00-0038102,QB,2023,8,3.9,10.921656924187744,E_quantile_gbm,2023,all,none,7.837623185083184,10.921656924187744,15.70105868284828,19.745188226534857
00-0038102,QB,2023,9,10.3,12.168277038919074,E_quantile_gbm,2023,all,none,9.278042408303055,12.168277038919074,17.075156636861664,19.889682642208914
00-0038102,QB,2023,10,6.6,13.214542750465204,E_quantile_gbm,2023,all,none,9.404732772739584,13.214542750465204,17.60424480533436,21.532232171897505
00-0038102,QB,2023,11,5.1,8.908021830358324,E_quantile_gbm,2023,all,none,7.0542693461392085,8.908021830358324,13.838330263993628,16.760648021114196
00-0038102,QB,2023,12,11.6,11.437525064095707,E_quantile_gbm,2023,all,none,8.237638263390885,11.437525064095707,14.692424693861676,16.195466773158547
00-0038102,QB,2023,13,3.1,12.978296963881185,E_quantile_gbm,2023,all,none,9.93368856505061,12.978296963881185,18.875864508249855,21.408692205177946
00-0038108,QB,2023,4,2.3,10.158513932162858,E_quantile_gbm,2023,all,none,3.0095983844371528,10.158513932162858,14.290173056534641,17.9514662720699
00-0038108,QB,2023,5,0.9,8.73153671019457,E_quantile_gbm,2023,all,none,3.286925023254063,8.73153671019457,12.62087145240374,15.823117289684905
00-0038108,QB,2023,10,-1.0,5.261836717551689,E_quantile_gbm,2023,all,none,3.7730266297776764,5.261836717551689,12.558398202842534,13.739524121165791
00-0038108,QB,2023,12,0.2,6.3208351510488585,E_quantile_gbm,2023,all,none,2.3159847269049534,6.3208351510488585,8.53247990657479,13.359616230472824
00-0038108,QB,2023,13,7.2,5.046364764803079,E_quantile_gbm,2023,all,none,1.871861615855154,5.046364764803079,10.465019799666331,16.67118494518217
00-0038108,QB,2023,14,20.9,5.746455724179553,E_quantile_gbm,2023,all,none,2.9249434633534364,5.746455724179553,10.646752457953644,13.550045066030226
00-0038108,QB,2023,15,9.4,7.764846190393533,E_quantile_gbm,2023,all,none,3.4520276851916205,7.764846190393533,12.122711951092219,14.045469931653301
00-0038108,QB,2023,16,16.4,8.801983723485682,E_quantile_gbm,2023,all,none,4.1131857244993215,8.801983723485682,13.391054657420224,16.21277418409383
00-0038108,QB,2023,17,12.1,10.358477519741113,E_quantile_gbm,2023,all,none,6.66448273652829,10.358477519741113,12.846239792867026,16.831954511373617
00-0038108,QB,2023,18,0.8,9.984986309277764,E_quantile_gbm,2023,all,none,7.154851058914153,9.984986309277764,12.937374131687287,19.051523865527127
00-0038122,QB,2023,1,8.9,13.404558470150523,E_quantile_gbm,2023,all,none,8.555988204893458,13.404558470150523,18.539941992712926,22.761823173582584
00-0038122,QB,2023,2,21.4,12.012003897347016,E_quantile_gbm,2023,all,none,8.390490768184819,12.012003897347016,17.201668488179934,22.04212398830627
00-0038122,QB,2023,3,6.3,13.466612897800655,E_quantile_gbm,2023,all,none,8.276955425862191,13.466612897800655,19.172295746820005,23.59957024115845
00-0038122,QB,2023,4,6.2,11.414902071851609,E_quantile_gbm,2023,all,none,8.071247995256984,11.414902071851609,17.11693281771455,20.476960205775185
00-0038122,QB,2023,5,26.2,12.86761679072774,E_quantile_gbm,2023,all,none,8.766902362087727,12.86761679072774,17.888748871870153,23.36932572314057
00-0038122,QB,2023,6,16.1,13.368743507294218,E_quantile_gbm,2023,all,none,8.288706318159601,13.368743507294218,18.257060819369553,23.712577936709327
00-0038122,QB,2023,7,17.8,11.694446252680205,E_quantile_gbm,2023,all,none,7.152871549947893,11.694446252680205,17.732652975994462,22.138859686991662
00-0038122,QB,2023,8,3.4,12.932222152174973,E_quantile_gbm,2023,all,none,8.385063514959388,12.932222152174973,17.01982303091365,21.28847274612635
00-0038122,QB,2023,10,8.7,12.788814140605226,E_quantile_gbm,2023,all,none,7.887995122181866,12.788814140605226,19.22208045698441,23.191511773963978
00-0038122,QB,2023,12,9.7,13.767930555111061,E_quantile_gbm,2023,all,none,7.049314545108628,13.767930555111061,17.323519572379936,21.980532307549637
00-0038122,QB,2023,13,8.8,12.681512744090176,E_quantile_gbm,2023,all,none,6.45401952025756,12.681512744090176,15.571806895607809,21.833194931245476
00-0038122,QB,2023,14,25.4,12.37580695319208,E_quantile_gbm,2023,all,none,8.298452603031915,12.37580695319208,17.641284048755477,22.966809838289546
00-0038122,QB,2023,15,7.9,9.37180770176819,E_quantile_gbm,2023,all,none,6.1834436874451315,9.37180770176819,16.37290740891238,19.63007185201856
00-0038122,QB,2023,17,-1.3,8.228234933776985,E_quantile_gbm,2023,all,none,3.521725179960454,8.228234933776985,14.8843001863925,19.360530637280824
00-0038122,QB,2023,18,15.6,6.613297007022627,E_quantile_gbm,2023,all,none,3.5446800125058866,6.613297007022627,15.450779638265312,19.86691114792292
00-0038128,QB,2023,3,0.0,7.806606178815113,E_quantile_gbm,2023,all,none,3.0396348288129293,7.806606178815113,11.610023132217203,15.098883837451217
00-0038128,QB,2023,6,4.7,5.75046606072633,E_quantile_gbm,2023,all,none,2.6721554985987863,5.75046606072633,10.168514149290813,16.197338972050307
00-0038128,QB,2023,8,-1.6,7.613810057982372,E_quantile_gbm,2023,all,none,2.7720114068711723,7.613810057982372,12.241296988532035,18.470149982716944
00-0038416,QB,2023,6,5.7,3.757830604643683,E_quantile_gbm,2023,all,none,0.4479533472655279,3.757830604643683,8.901783851010425,13.178907946000093
00-0038416,QB,2023,7,12.9,8.019339294628987,E_quantile_gbm,2023,all,none,2.7195007636621917,8.019339294628987,12.27970249549461,19.09969739631425
00-0038416,QB,2023,8,11.2,12.641701135600947,E_quantile_gbm,2023,all,none,10.840232906580413,12.641701135600947,17.332442941614556,21.614104030294136
00-0038416,QB,2023,9,15.8,11.549092232015168,E_quantile_gbm,2023,all,none,7.517943012131761,11.549092232015168,16.773081784084777,21.35035959952755
00-0038416,QB,2023,10,7.7,12.048781914340333,E_quantile_gbm,2023,all,none,8.98739265048588,12.048781914340333,20.081275073147403,23.209270369624836
00-0038476,QB,2023,8,7.2,4.0830089258165465,E_quantile_gbm,2023,all,none,0.21501405584231875,4.0830089258165465,10.739464235880394,16.848341222055495
00-0038476,QB,2023,9,8.7,2.137273672030119,E_quantile_gbm,2023,all,none,1.8589225050526568,2.137273672030119,7.474500574079004,13.759984729544874
00-0038476,QB,2023,10,13.5,6.845382831296888,E_quantile_gbm,2023,all,none,3.9567635164508466,6.845382831296888,13.010232094044344,13.39157708765645
00-0038476,QB,2023,11,22.5,7.353359112089679,E_quantile_gbm,2023,all,none,3.581585643658688,7.353359112089679,13.43620735617381,18.305116493417035
00-0038476,QB,2023,12,10.2,9.264117777108556,E_quantile_gbm,2023,all,none,7.468719433209494,9.264117777108556,16.934422986625563,21.121070676239864
00-0038476,QB,2023,14,17.4,9.91167950445736,E_quantile_gbm,2023,all,none,8.537569394474046,9.91167950445736,14.75970785764256,21.803265179023395
00-0038476,QB,2023,15,10.7,12.456447262892167,E_quantile_gbm,2023,all,none,6.8876044126745875,12.456447262892167,16.6524733186278,23.06674043744276
00-0038476,QB,2023,16,2.7,12.315100680388788,E_quantile_gbm,2023,all,none,7.773404518896857,12.315100680388788,19.393397209398948,21.917733573933358
00-0038476,QB,2023,18,0.6,10.901233971574266,E_quantile_gbm,2023,all,none,3.7849964618301795,10.901233971574266,17.635333843832893,20.484545256761564
00-0038579,QB,2023,4,9.8,4.047103079914383,E_quantile_gbm,2023,all,none,0.6922267542094882,4.047103079914383,8.845037489042472,15.002745111384856
00-0038579,QB,2023,7,5.0,10.101567270811286,E_quantile_gbm,2023,all,none,5.0534803380860405,10.101567270811286,17.61466328496774,21.23733311533226
00-0038579,QB,2023,9,8.4,9.310768742318846,E_quantile_gbm,2023,all,none,6.338080770828577,9.310768742318846,14.04560350208738,18.782873585420266
00-0038579,QB,2023,10,8.4,9.84235778170106,E_quantile_gbm,2023,all,none,6.96461241908621,9.84235778170106,12.656982142086761,19.504030087073033
00-0038579,QB,2023,11,9.1,8.148060542750097,E_quantile_gbm,2023,all,none,4.271940787815029,8.148060542750097,14.290132661705028,16.413991713438378
00-0038579,QB,2023,12,13.9,10.284978319162978,E_quantile_gbm,2023,all,none,5.336666250569244,10.284978319162978,17.548661919709115,19.44951907404093
00-0038579,QB,2023,14,5.0,10.861872635558798,E_quantile_gbm,2023,all,none,6.855236181459801,10.861872635558798,17.495820704177007,20.72185624267464
00-0038579,QB,2023,15,25.9,11.48611205685759,E_quantile_gbm,2023,all,none,6.958237385339475,11.48611205685759,18.109590218453924,20.385444329901457
00-0038579,QB,2023,16,2.1,10.17669650274048,E_quantile_gbm,2023,all,none,5.847305327063205,10.17669650274048,16.310684981673734,16.740581122357028
00-0038579,QB,2023,17,20.3,11.260916326288518,E_quantile_gbm,2023,all,none,6.800910532940335,11.260916326288518,16.46548662108965,19.852368650069806
00-0038579,QB,2023,18,17.9,12.835878884806524,E_quantile_gbm,2023,all,none,8.430254400766673,12.835878884806524,17.17079257947989,21.786293860429712
00-0038582,QB,2023,7,0.2,4.928072412296164,E_quantile_gbm,2023,all,none,0.7523323459544127,4.928072412296164,11.051141666434429,15.890819641533776
00-0038582,QB,2023,9,-0.9,9.397823564144142,E_quantile_gbm,2023,all,none,1.0646338421701111,9.397823564144142,11.001523833317759,16.1332690350135
00-0038582,QB,2023,10,6.1,6.636729124284141,E_quantile_gbm,2023,all,none,0.7333796741259765,6.636729124284141,11.001450233519549,15.253217826240983
00-0038582,QB,2023,12,2.0,4.346327799455967,E_quantile_gbm,2023,all,none,1.1355821140595528,4.346327799455967,6.937533760417715,11.911782126852593
00-0038582,QB,2023,15,0.0,3.618553441624389,E_quantile_gbm,2023,all,none,3.399922468553804,3.618553441624389,9.855526928162575,13.239977838875628
00-0038582,QB,2023,17,0.0,5.359790294925138,E_quantile_gbm,2023,all,none,2.9207478793983443,5.359790294925138,8.827883410176744,13.916247380234793
00-0038582,QB,2023,18,0.1,0.588583482555562,E_quantile_gbm,2023,all,none,-0.08311471561569525,0.588583482555562,5.2967356411285085,9.892200347857292
00-0038583,QB,2023,3,0.0,3.596257185480906,E_quantile_gbm,2023,all,none,1.0094215666049986,3.596257185480906,7.975126711526193,11.93239932432428
00-0038583,QB,2023,4,1.2,4.830562716612907,E_quantile_gbm,2023,all,none,1.0234455658640988,4.830562716612907,9.516146691272148,11.884262904573669
00-0038583,QB,2023,8,0.4,6.671072538459463,E_quantile_gbm,2023,all,none,2.769719887353838,6.671072538459463,12.472835374862177,15.670303432515214
00-0038583,QB,2023,11,6.6,8.78729921226441,E_quantile_gbm,2023,all,none,3.170464109799647,8.78729921226441,10.86047186302748,14.361810211450411
00-0038583,QB,2023,12,11.5,11.220028395701574,E_quantile_gbm,2023,all,none,3.822409761913635,11.220028395701574,15.649122525785089,18.392287394239602
00-0038583,QB,2023,14,0.5,12.02316620989429,E_quantile_gbm,2023,all,none,7.720367548373977,12.02316620989429,15.885464297181397,18.3822630981091
00-0038583,QB,2023,15,0.2,10.513796450256288,E_quantile_gbm,2023,all,none,6.597425521419158,10.513796450256288,12.513138119583667,14.706482354087433
00-0038583,QB,2023,16,1.7,10.00285392351447,E_quantile_gbm,2023,all,none,4.957166542119975,10.00285392351447,13.945272513630728,16.55972602787327
00-0039150,QB,2023,1,7.5,16.94312338903524,E_quantile_gbm,2023,all,none,15.243746418209247,16.94312338903524,19.17018919781378,20.606512069166303
00-0039150,QB,2023,2,13.5,13.173181497302734,E_quantile_gbm,2023,all,none,10.343826002916812,13.173181497302734,17.816591676252013,23.60003258085185
00-0039150,QB,2023,4,7.2,13.190621437726229,E_quantile_gbm,2023,all,none,11.533869366236036,13.190621437726229,19.426728478257225,22.945439250526817
00-0039150,QB,2023,5,18.3,12.960655763181327,E_quantile_gbm,2023,all,none,9.285097024419247,12.960655763181327,18.020847965804826,20.6916991668334
00-0039150,QB,2023,6,12.7,12.317593650515905,E_quantile_gbm,2023,all,none,6.6903236625396065,12.317593650515905,18.19909386501702,19.093058216084707
00-0039150,QB,2023,8,14.5,13.250991159514516,E_quantile_gbm,2023,all,none,8.916790916164349,13.250991159514516,17.92403584612783,21.008450909172257
00-0039150,QB,2023,9,9.0,13.025210268774297,E_quantile_gbm,2023,all,none,9.651212763274147,13.025210268774297,19.636758396695882,24.656250579166517
00-0039150,QB,2023,10,9.2,12.433743056987048,E_quantile_gbm,2023,all,none,9.427113765743952,12.433743056987048,17.507739998795692,21.451610323438853
00-0039150,QB,2023,11,5.2,11.615987399757968,E_quantile_gbm,2023,all,none,9.125188602756523,11.615987399757968,17.596102550538678,21.70686239318953
00-0039150,QB,2023,12,8.1,11.933892591630574,E_quantile_gbm,2023,all,none,8.12351178113569,11.933892591630574,15.705160807100167,19.291586772508474
00-0039150,QB,2023,13,7.1,12.013688787730661,E_quantile_gbm,2023,all,none,8.587204980313553,12.013688787730661,15.222865157550412,19.991282755041983
00-0039150,QB,2023,14,7.5,11.15777818420873,E_quantile_gbm,2023,all,none,6.680971570428921,11.15777818420873,16.883397877220734,21.608823457767198
00-0039150,QB,2023,15,7.6,8.211889834759331,E_quantile_gbm,2023,all,none,5.160578783055996,8.211889834759331,12.232347520193862,17.88359525119145
00-0039150,QB,2023,16,22.2,12.703983461372298,E_quantile_gbm,2023,all,none,7.579740680112483,12.703983461372298,16.19491859321681,21.033985047604503
00-0039150,QB,2023,17,2.7,11.99929201452665,E_quantile_gbm,2023,all,none,8.860866437066361,11.99929201452665,16.493602687096566,21.605668358149504
00-0039150,QB,2023,18,4.2,9.734461663942499,E_quantile_gbm,2023,all,none,8.206762002596392,9.734461663942499,16.035714702336833,20.11434019506117
00-0039152,QB,2023,8,26.6,5.14908765590188,E_quantile_gbm,2023,all,none,1.4527237817493142,5.14908765590188,10.052370414083882,15.69437769160669
00-0039152,QB,2023,9,8.7,14.24580817370697,E_quantile_gbm,2023,all,none,10.07096617173927,14.24580817370697,19.0400306180013,23.52533721915176
00-0039152,QB,2023,10,6.0,10.984547111701506,E_quantile_gbm,2023,all,none,8.076356271562995,10.984547111701506,16.355512906376518,20.000421480776875
00-0039152,QB,2023,11,12.5,10.270281534590303,E_quantile_gbm,2023,all,none,7.505281049393975,10.270281534590303,15.549775845587433,19.788529983537877
00-0039152,QB,2023,12,7.1,10.042690563146943,E_quantile_gbm,2023,all,none,6.684716964298953,10.042690563146943,15.635133257404721,18.319236282785024
00-0039152,QB,2023,13,11.5,10.839458940288544,E_quantile_gbm,2023,all,none,7.495799543538491,10.839458940288544,15.91820922573051,20.012493292426687
00-0039152,QB,2023,14,16.6,9.41473438166589,E_quantile_gbm,2023,all,none,6.920937839159412,9.41473438166589,14.4670399883867,20.32958209053485
00-0039152,QB,2023,15,14.5,13.342432165436632,E_quantile_gbm,2023,all,none,8.48149903367478,13.342432165436632,16.76630537974967,21.966215866544182
00-0039152,QB,2023,17,-1.4,12.063637858571468,E_quantile_gbm,2023,all,none,7.887451066433719,12.063637858571468,17.26636965163327,20.784680007844084
00-0039163,QB,2023,1,10.7,16.416799189432655,E_quantile_gbm,2023,all,none,13.502831843339255,16.416799189432655,18.03264125763922,20.352776646728593
00-0039163,QB,2023,2,21.5,12.29187174920329,E_quantile_gbm,2023,all,none,8.845873230688719,12.29187174920329,18.122216324344866,22.637980138169002
00-0039163,QB,2023,3,20.6,11.965331857151247,E_quantile_gbm,2023,all,none,8.320726651709801,11.965331857151247,17.07313103462078,21.76798067720128
00-0039163,QB,2023,4,21.8,13.662596373793383,E_quantile_gbm,2023,all,none,9.179769043311207,13.662596373793383,17.881598990304145,21.947212639603116
00-0039163,QB,2023,5,14.2,12.936196645103921,E_quantile_gbm,2023,all,none,10.426815787444527,12.936196645103921,17.569195959931005,21.673686906719208
00-0039163,QB,2023,6,14.2,11.86475911765956,E_quantile_gbm,2023,all,none,9.639622593325523,11.86475911765956,16.26811042537458,20.139157666649172
00-0039163,QB,2023,8,12.9,13.062927706554737,E_quantile_gbm,2023,all,none,10.554463866815544,13.062927706554737,17.242536535309725,24.585123492987822
00-0039163,QB,2023,9,40.8,12.744882267727053,E_quantile_gbm,2023,all,none,9.704127763752489,12.744882267727053,18.6322815605295,23.99029341669209
00-0039163,QB,2023,10,19.0,13.670862267625695,E_quantile_gbm,2023,all,none,9.243529245252637,13.670862267625695,18.636186925876505,22.685753808602733
00-0039163,QB,2023,11,15.3,16.115907006637087,E_quantile_gbm,2023,all,none,12.106914187939903,16.115907006637087,20.28639931293145,25.5266888668566
00-0039163,QB,2023,12,30.9,15.270787021558133,E_quantile_gbm,2023,all,none,11.079459961300294,15.270787021558133,20.414356511808638,24.033791054111408
00-0039163,QB,2023,13,16.1,16.89592348517383,E_quantile_gbm,2023,all,none,12.743882890668473,16.89592348517383,23.25369740007865,27.06192562530331
00-0039163,QB,2023,14,3.6,13.66615946016265,E_quantile_gbm,2023,all,none,8.974355819712034,13.66615946016265,18.938546656026364,24.122952731528873
00-0039163,QB,2023,17,12.9,15.45703051404456,E_quantile_gbm,2023,all,none,11.725974253417288,15.45703051404456,21.46946113094217,25.66843833240178
00-0039163,QB,2023,18,20.6,14.734879562345283,E_quantile_gbm,2023,all,none,10.678248274048023,14.734879562345283,20.087025992507368,24.665829494184468
00-0039163,QB,2023,19,23.1,12.777601986109085,E_quantile_gbm,2023,all,none,8.982714783594933,12.777601986109085,18.9919111819942,23.074820273391953
00-0039163,QB,2023,20,7.9,9.415174718474074,E_quantile_gbm,2023,all,none,6.696856964408779,9.415174718474074,15.079771711026524,19.448168217947586
00-0039164,QB,2023,1,20.9,17.323639234041103,E_quantile_gbm,2023,all,none,13.683554265907478,17.323639234041103,21.834077562596953,23.865930718634058
00-0039164,QB,2023,2,17.7,17.627852073024314,E_quantile_gbm,2023,all,none,11.67980336724511,17.627852073024314,25.877227474444634,27.83526506579078
00-0039164,QB,2023,4,29.6,12.111120756966738,E_quantile_gbm,2023,all,none,3.666423423295302,12.111120756966738,18.674141540042942,24.7660880479517
00-0039164,QB,2023,5,4.4,16.549175300533292,E_quantile_gbm,2023,all,none,11.98999454941966,16.549175300533292,22.390674129512895,27.922420902148577
